ISO-10303-21;
HEADER;
FILE_DESCRIPTION (( 'STEP AP214' ),
    '1' );
FILE_NAME ('User Library-PTS645SL43SMTR92-LFS.STEP',
    '2026-07-12T16:20:02',
    ( '' ),
    ( '' ),
    'SwSTEP 2.0',
    'SolidWorks 2022',
    '' );
FILE_SCHEMA (( 'AUTOMOTIVE_DESIGN' ));
ENDSEC;

DATA;
#1 = PLANE ( 'NONE',  #4413 ) ;
#2 = DIRECTION ( 'NONE',  ( 0.0000000000000000000, 0.0000000000000000000, 1.000000000000000000 ) ) ;
#3 = CARTESIAN_POINT ( 'NONE',  ( 0.0000000000000000000, -3.000000000000000000, 0.2999999999999999889 ) ) ;
#4 = AXIS2_PLACEMENT_3D ( 'NONE', #2861, #4797, #2408 ) ;
#5 = STYLED_ITEM ( 'NONE', ( #200 ), #4269 ) ;
#6 = DIRECTION ( 'NONE',  ( 3.231085104332679983E-15, 1.000000000000000000, 0.0000000000000000000 ) ) ;
#7 = UNCERTAINTY_MEASURE_WITH_UNIT (LENGTH_MEASURE( 1.000000000000000082E-05 ), #1088, 'distance_accuracy_value', 'NONE');
#8 = FILL_AREA_STYLE_COLOUR ( '', #3546 ) ;
#9 = ORIENTED_EDGE ( 'NONE', *, *, #4896, .T. ) ;
#10 = VERTEX_POINT ( 'NONE', #3904 ) ;
#11 = DIRECTION ( 'NONE',  ( 0.0000000000000000000, 1.000000000000000000, 0.0000000000000000000 ) ) ;
#12 =( LENGTH_UNIT ( ) NAMED_UNIT ( * ) SI_UNIT ( .MILLI., .METRE. ) );
#13 = AXIS2_PLACEMENT_3D ( 'NONE', #892, #3289, #2893 ) ;
#14 = PLANE ( 'NONE',  #3973 ) ;
#15 = CARTESIAN_POINT ( 'NONE',  ( 3.750000000000002665, 3.362671756250250166, 0.3000000000000000444 ) ) ;
#16 = EDGE_CURVE ( 'NONE', #2726, #1299, #1875, .T. ) ;
#17 = EDGE_LOOP ( 'NONE', ( #4696, #4691, #4770, #1404 ) ) ;
#18 = AXIS2_PLACEMENT_3D ( 'NONE', #2724, #724, #4371 ) ;
#19 = CARTESIAN_POINT ( 'NONE',  ( -2.000000000000000000, 2.041742430504419392, 3.750000000000000000 ) ) ;
#20 = VECTOR ( 'NONE', #5202, 1000.000000000000000 ) ;
#21 = EDGE_CURVE ( 'NONE', #3043, #1014, #3366, .T. ) ;
#22 = ORIENTED_EDGE ( 'NONE', *, *, #4178, .F. ) ;
#23 = PRODUCT_RELATED_PRODUCT_CATEGORY ( 'part', '', ( #2751 ) ) ;
#24 = VECTOR ( 'NONE', #2398, 1000.000000000000000 ) ;
#25 = DIRECTION ( 'NONE',  ( 1.000000000000000000, 0.0000000000000000000, 0.0000000000000000000 ) ) ;
#26 = CIRCLE ( 'NONE', #4840, 0.1499999999999999667 ) ;
#27 = SURFACE_STYLE_FILL_AREA ( #2232 ) ;
#28 =( NAMED_UNIT ( * ) PLANE_ANGLE_UNIT ( ) SI_UNIT ( $, .RADIAN. ) );
#29 = SURFACE_SIDE_STYLE ('',( #1256 ) ) ;
#30 = CARTESIAN_POINT ( 'NONE',  ( -1.749999999999998890, -3.499999999999999112, 4.199999999999999289 ) ) ;
#31 = CARTESIAN_POINT ( 'NONE',  ( -1.999999999999995337, -2.499999999999999556, 3.449999999999999734 ) ) ;
#32 = SURFACE_STYLE_FILL_AREA ( #2382 ) ;
#33 = MANIFOLD_SOLID_BREP ( 'Imported1', #1009 ) ;
#34 = ORIENTED_EDGE ( 'NONE', *, *, #177, .T. ) ;
#35 = LINE ( 'NONE', #3241, #1941 ) ;
#36 = PRESENTATION_STYLE_ASSIGNMENT (( #4480 ) ) ;
#37 = DIRECTION ( 'NONE',  ( 1.000000000000000000, -3.231085104332679983E-15, 0.0000000000000000000 ) ) ;
#38 = CARTESIAN_POINT ( 'NONE',  ( 3.749999999999998668, -1.908218829166500319, 0.0000000000000000000 ) ) ;
#39 = CARTESIAN_POINT ( 'NONE',  ( -1.000000000000000000, -3.000000000000000444, 0.0000000000000000000 ) ) ;
#40 =( NAMED_UNIT ( * ) SI_UNIT ( $, .STERADIAN. ) SOLID_ANGLE_UNIT ( ) );
#41 = ORIENTED_EDGE ( 'NONE', *, *, #1815, .T. ) ;
#42 = VERTEX_POINT ( 'NONE', #1621 ) ;
#43 = DIRECTION ( 'NONE',  ( 1.000000000000000000, 0.0000000000000000000, 0.0000000000000000000 ) ) ;
#44 = LINE ( 'NONE', #2102, #4129 ) ;
#45 =( NAMED_UNIT ( * ) PLANE_ANGLE_UNIT ( ) SI_UNIT ( $, .RADIAN. ) );
#46 = EDGE_CURVE ( 'NONE', #232, #675, #2613, .T. ) ;
#47 = EDGE_CURVE ( 'NONE', #2463, #1993, #2322, .T. ) ;
#48 = UNCERTAINTY_MEASURE_WITH_UNIT (LENGTH_MEASURE( 1.000000000000000082E-05 ), #4893, 'distance_accuracy_value', 'NONE');
#49 = DIRECTION ( 'NONE',  ( -1.000000000000000000, 0.0000000000000000000, -0.0000000000000000000 ) ) ;
#50 = FILL_AREA_STYLE ('',( #4495 ) ) ;
#51 = CARTESIAN_POINT ( 'NONE',  ( -2.000000000000000000, -1.500000000000000000, 3.449999999999999734 ) ) ;
#52 = CARTESIAN_POINT ( 'NONE',  ( -1.649999999999999911, 3.299999999999999378, 4.299999999999999822 ) ) ;
#53 =( LENGTH_UNIT ( ) NAMED_UNIT ( * ) SI_UNIT ( .MILLI., .METRE. ) );
#54 = DIRECTION ( 'NONE',  ( -0.0000000000000000000, -0.0000000000000000000, -1.000000000000000000 ) ) ;
#55 = FILL_AREA_STYLE_COLOUR ( '', #3418 ) ;
#56 =( GEOMETRIC_REPRESENTATION_CONTEXT ( 3 ) GLOBAL_UNCERTAINTY_ASSIGNED_CONTEXT ( ( #2104 ) ) GLOBAL_UNIT_ASSIGNED_CONTEXT ( ( #699, #3154, #2354 ) ) REPRESENTATION_CONTEXT ( 'NONE', 'WORKASPACE' ) );
#57 = UNCERTAINTY_MEASURE_WITH_UNIT (LENGTH_MEASURE( 1.000000000000000082E-05 ), #1089, 'distance_accuracy_value', 'NONE');
#58 = DIRECTION ( 'NONE',  ( -0.0000000000000000000, -0.0000000000000000000, -1.000000000000000000 ) ) ;
#59 =( NAMED_UNIT ( * ) SI_UNIT ( $, .STERADIAN. ) SOLID_ANGLE_UNIT ( ) );
#60 =( GEOMETRIC_REPRESENTATION_CONTEXT ( 3 ) GLOBAL_UNCERTAINTY_ASSIGNED_CONTEXT ( ( #857 ) ) GLOBAL_UNIT_ASSIGNED_CONTEXT ( ( #4912, #1997, #4491 ) ) REPRESENTATION_CONTEXT ( 'NONE', 'WORKASPACE' ) );
#61 = ORIENTED_EDGE ( 'NONE', *, *, #2756, .F. ) ;
#62 = DIRECTION ( 'NONE',  ( -0.0000000000000000000, 1.000000000000000000, -0.0000000000000000000 ) ) ;
#63 = CARTESIAN_POINT ( 'NONE',  ( 2.999999999999999112, -2.608218829166496722, 1.300000000000000044 ) ) ;
#64 = MECHANICAL_DESIGN_GEOMETRIC_PRESENTATION_REPRESENTATION (  '', ( #1161 ), #501 ) ;
#65 = DIRECTION ( 'NONE',  ( 0.0000000000000000000, -1.000000000000000000, 0.0000000000000000000 ) ) ;
#66 = APPLICATION_CONTEXT ( 'automotive_design' ) ;
#67 =( GEOMETRIC_REPRESENTATION_CONTEXT ( 3 ) GLOBAL_UNCERTAINTY_ASSIGNED_CONTEXT ( ( #4503 ) ) GLOBAL_UNIT_ASSIGNED_CONTEXT ( ( #1060, #231, #1869 ) ) REPRESENTATION_CONTEXT ( 'NONE', 'WORKASPACE' ) );
#68 = PRESENTATION_STYLE_ASSIGNMENT (( #2612 ) ) ;
#69 = COLOUR_RGB ( '',0.7529411764705882248, 0.7529411764705882248, 0.7529411764705882248 ) ;
#70 = ORIENTED_EDGE ( 'NONE', *, *, #3579, .F. ) ;
#71 = FILL_AREA_STYLE_COLOUR ( '', #4472 ) ;
#72 = PRODUCT_DEFINITION_FORMATION_WITH_SPECIFIED_SOURCE ( 'ANY', '', #3272, .NOT_KNOWN. ) ;
#73 = VECTOR ( 'NONE', #4704, 1000.000000000000000 ) ;
#74 = VERTEX_POINT ( 'NONE', #407 ) ;
#75 = DIRECTION ( 'NONE',  ( 1.000000000000000000, -1.224646799147353207E-16, 0.0000000000000000000 ) ) ;
#76 = FILL_AREA_STYLE_COLOUR ( '', #1502 ) ;
#77 = DIRECTION ( 'NONE',  ( -0.0000000000000000000, 0.0000000000000000000, -1.000000000000000000 ) ) ;
#78 = CARTESIAN_POINT ( 'NONE',  ( 4.074999999999999289, -2.608218829166499830, 0.2999999999999999889 ) ) ;
#79 = MECHANICAL_DESIGN_GEOMETRIC_PRESENTATION_REPRESENTATION (  '', ( #3859 ), #3606 ) ;
#80 =( GEOMETRIC_REPRESENTATION_CONTEXT ( 3 ) GLOBAL_UNCERTAINTY_ASSIGNED_CONTEXT ( ( #1894 ) ) GLOBAL_UNIT_ASSIGNED_CONTEXT ( ( #4575, #2292, #4248 ) ) REPRESENTATION_CONTEXT ( 'NONE', 'WORKASPACE' ) );
#81 = EDGE_CURVE ( 'NONE', #1488, #1192, #749, .T. ) ;
#82 = EDGE_CURVE ( 'NONE', #2358, #3105, #777, .T. ) ;
#83 = SURFACE_STYLE_USAGE ( .BOTH. , #906 ) ;
#84 = AXIS2_PLACEMENT_3D ( 'NONE', #609, #579, #4932 ) ;
#85 = EDGE_CURVE ( 'NONE', #2808, #2017, #1011, .T. ) ;
#86 = ORIENTED_EDGE ( 'NONE', *, *, #3184, .T. ) ;
#87 =( GEOMETRIC_REPRESENTATION_CONTEXT ( 3 ) GLOBAL_UNCERTAINTY_ASSIGNED_CONTEXT ( ( #112 ) ) GLOBAL_UNIT_ASSIGNED_CONTEXT ( ( #1027, #2523, #1353 ) ) REPRESENTATION_CONTEXT ( 'NONE', 'WORKASPACE' ) );
#88 = AXIS2_PLACEMENT_3D ( 'NONE', #2576, #4956, #2921 ) ;
#89 = VERTEX_POINT ( 'NONE', #326 ) ;
#90 =( NAMED_UNIT ( * ) PLANE_ANGLE_UNIT ( ) SI_UNIT ( $, .RADIAN. ) );
#91 = CARTESIAN_POINT ( 'NONE',  ( 1.000000000000000000, 3.000000000000000000, 0.0000000000000000000 ) ) ;
#92 = FILL_AREA_STYLE ('',( #2591 ) ) ;
#93 = CARTESIAN_POINT ( 'NONE',  ( 1.916515138991158329, -2.041742430504420280, 3.749999999999999556 ) ) ;
#94 = VERTEX_POINT ( 'NONE', #3152 ) ;
#95 = CARTESIAN_POINT ( 'NONE',  ( -3.649999999999999911, 2.591781170833500347, 0.0000000000000000000 ) ) ;
#96 = LINE ( 'NONE', #4211, #2451 ) ;
#97 = MANIFOLD_SOLID_BREP ( 'Imported1', #4716 ) ;
#98 = VECTOR ( 'NONE', #2776, 1000.000000000000000 ) ;
#99 =( BOUNDED_SURFACE ( )  B_SPLINE_SURFACE ( 3, 3, ( 
 ( #3898, #3422, #2203, #204 ),
 ( #2654, #3522, #5030, #4265 ),
 ( #1510, #3111, #3140, #4331 ),
 ( #4722, #3027, #2314, #714 ) ),
 .UNSPECIFIED., .F., .F., .T. ) 
 B_SPLINE_SURFACE_WITH_KNOTS ( ( 4, 4 ),
 ( 4, 4 ),
 ( 0.0000000000000000000, 1.000000000000000000 ),
 ( 0.0000000000000000000, 1.000000000000000000 ),
 .UNSPECIFIED. ) 
 GEOMETRIC_REPRESENTATION_ITEM ( )  RATIONAL_B_SPLINE_SURFACE ( (
 ( 1.000000000000000000, 0.3333333333333299842, 0.3333333333333299842, 1.000000000000000000),
 ( 0.8911066843560517814, 0.2970355614520142629, 0.2970355614520142629, 0.8911066843560517814),
 ( 0.8911066843560517814, 0.2970355614520142629, 0.2970355614520142629, 0.8911066843560517814),
 ( 1.000000000000000000, 0.3333333333333299842, 0.3333333333333299842, 1.000000000000000000) ) ) 
 REPRESENTATION_ITEM ( '' )  SURFACE ( )  );
#100 = AXIS2_PLACEMENT_3D ( 'NONE', #3124, #193, #2639 ) ;
#101 = AXIS2_PLACEMENT_3D ( 'NONE', #1412, #1342, #3387 ) ;
#102 = CONTEXT_DEPENDENT_SHAPE_REPRESENTATION ( #3906, #3976 ) ;
#103 = DIRECTION ( 'NONE',  ( 0.0000000000000000000, 0.0000000000000000000, 1.000000000000000000 ) ) ;
#104 =( NAMED_UNIT ( * ) PLANE_ANGLE_UNIT ( ) SI_UNIT ( $, .RADIAN. ) );
#105 = AXIS2_PLACEMENT_3D ( 'NONE', #3883, #1557, #1902 ) ;
#106 = UNCERTAINTY_MEASURE_WITH_UNIT (LENGTH_MEASURE( 1.000000000000000082E-05 ), #595, 'distance_accuracy_value', 'NONE');
#107 = MECHANICAL_DESIGN_GEOMETRIC_PRESENTATION_REPRESENTATION (  '', ( #4229 ), #704 ) ;
#108 = CARTESIAN_POINT ( 'NONE',  ( 1.000000000000001110, 2.500000000000000000, 3.450000000000000622 ) ) ;
#109 = FILL_AREA_STYLE_COLOUR ( '', #4158 ) ;
#110 = MECHANICAL_DESIGN_GEOMETRIC_PRESENTATION_REPRESENTATION (  '', ( #1305 ), #2629 ) ;
#111 = CARTESIAN_POINT ( 'NONE',  ( -1.750000000000000000, 3.499999999999999112, 4.258578643762691129 ) ) ;
#112 = UNCERTAINTY_MEASURE_WITH_UNIT (LENGTH_MEASURE( 1.000000000000000082E-05 ), #1027, 'distance_accuracy_value', 'NONE');
#113 = PRESENTATION_LAYER_ASSIGNMENT (  '', '', ( #3062 ) ) ;
#114 = ADVANCED_FACE ( 'NONE', ( #383 ), #819, .T. ) ;
#115 = LINE ( 'NONE', #2584, #4917 ) ;
#116 = FACE_OUTER_BOUND ( 'NONE', #2239, .T. ) ;
#117 = MANIFOLD_SOLID_BREP ( 'Imported1', #2525 ) ;
#118 = VERTEX_POINT ( 'NONE', #1316 ) ;
#119 =( LENGTH_UNIT ( ) NAMED_UNIT ( * ) SI_UNIT ( .MILLI., .METRE. ) );
#120 = FACE_OUTER_BOUND ( 'NONE', #5041, .T. ) ;
#121 = SURFACE_STYLE_USAGE ( .BOTH. , #603 ) ;
#122 = EDGE_CURVE ( 'NONE', #2448, #2871, #2958, .T. ) ;
#123 = PRESENTATION_STYLE_ASSIGNMENT (( #197 ) ) ;
#124 = EDGE_LOOP ( 'NONE', ( #283, #3819, #1358, #613 ) ) ;
#125 = CARTESIAN_POINT ( 'NONE',  ( -4.500000000000000000, -4.500000000000000000, 0.2999999999999999889 ) ) ;
#126 = SURFACE_STYLE_FILL_AREA ( #1708 ) ;
#127 = DIRECTION ( 'NONE',  ( -0.0000000000000000000, 1.000000000000000000, 0.0000000000000000000 ) ) ;
#128 = ORIENTED_EDGE ( 'NONE', *, *, #3464, .F. ) ;
#129 = CARTESIAN_POINT ( 'NONE',  ( -3.000000000000000444, -2.608218829166499830, 1.000000000000000000 ) ) ;
#130 = SHAPE_REPRESENTATION ( '1', ( #1907 ), #4365 ) ;
#131 =( NAMED_UNIT ( * ) PLANE_ANGLE_UNIT ( ) SI_UNIT ( $, .RADIAN. ) );
#132 = CARTESIAN_POINT ( 'NONE',  ( -1.000000000000000000, 3.000000000000000000, 0.2999999999999999889 ) ) ;
#133 =( NAMED_UNIT ( * ) PLANE_ANGLE_UNIT ( ) SI_UNIT ( $, .RADIAN. ) );
#134 = SHAPE_DEFINITION_REPRESENTATION ( #918, #302 ) ;
#135 = FILL_AREA_STYLE ('',( #907 ) ) ;
#136 = SURFACE_STYLE_FILL_AREA ( #5015 ) ;
#137 = APPLICATION_CONTEXT ( 'automotive_design' ) ;
#138 = FILL_AREA_STYLE ('',( #2137 ) ) ;
#139 = ORIENTED_EDGE ( 'NONE', *, *, #3045, .T. ) ;
#140 = CARTESIAN_POINT ( 'NONE',  ( -3.350000000000000089, -2.608218829166499830, 0.0000000000000000000 ) ) ;
#141 =( NAMED_UNIT ( * ) SI_UNIT ( $, .STERADIAN. ) SOLID_ANGLE_UNIT ( ) );
#142 = LINE ( 'NONE', #1733, #1518 ) ;
#143 = ORIENTED_EDGE ( 'NONE', *, *, #1411, .F. ) ;
#144 = VECTOR ( 'NONE', #5136, 1000.000000000000000 ) ;
#145 = ADVANCED_FACE ( 'NONE', ( #2909 ), #4498, .T. ) ;
#146 = ADVANCED_FACE ( 'NONE', ( #1722 ), #3767, .T. ) ;
#147 = SURFACE_SIDE_STYLE ('',( #1354 ) ) ;
#148 = MANIFOLD_SOLID_BREP ( 'Imported1', #596 ) ;
#149 = MECHANICAL_DESIGN_GEOMETRIC_PRESENTATION_REPRESENTATION (  '', ( #3273 ), #4105 ) ;
#150 =( NAMED_UNIT ( * ) PLANE_ANGLE_UNIT ( ) SI_UNIT ( $, .RADIAN. ) );
#151 =( GEOMETRIC_REPRESENTATION_CONTEXT ( 3 ) GLOBAL_UNCERTAINTY_ASSIGNED_CONTEXT ( ( #277 ) ) GLOBAL_UNIT_ASSIGNED_CONTEXT ( ( #2331, #1100, #4685 ) ) REPRESENTATION_CONTEXT ( 'NONE', 'WORKASPACE' ) );
#152 = VECTOR ( 'NONE', #5061, 1000.000000000000000 ) ;
#153 = UNCERTAINTY_MEASURE_WITH_UNIT (LENGTH_MEASURE( 1.000000000000000082E-05 ), #1892, 'distance_accuracy_value', 'NONE');
#154 = CARTESIAN_POINT ( 'NONE',  ( -3.750000000000000000, 2.591781170833500347, 0.4000000000000000222 ) ) ;
#155 = PRESENTATION_LAYER_ASSIGNMENT (  '', '', ( #1176 ) ) ;
#156 =( NAMED_UNIT ( * ) SI_UNIT ( $, .STERADIAN. ) SOLID_ANGLE_UNIT ( ) );
#157 = FILL_AREA_STYLE_COLOUR ( '', #2014 ) ;
#158 = PRESENTATION_STYLE_ASSIGNMENT (( #568 ) ) ;
#159 = CARTESIAN_POINT ( 'NONE',  ( -1.916515138991160327, -2.041742430504419392, 3.750000000000000000 ) ) ;
#160 = SURFACE_SIDE_STYLE ('',( #4504 ) ) ;
#161 = STYLED_ITEM ( 'NONE', ( #512 ), #3656 ) ;
#162 = SURFACE_STYLE_FILL_AREA ( #190 ) ;
#163 = ORIENTED_EDGE ( 'NONE', *, *, #1736, .F. ) ;
#164 = CARTESIAN_POINT ( 'NONE',  ( 2.850000000000000089, -2.850000000000000089, 3.149999999999999911 ) ) ;
#165 = VECTOR ( 'NONE', #256, 1000.000000000000000 ) ;
#166 = CARTESIAN_POINT ( 'NONE',  ( 0.0000000000000000000, 0.0000000000000000000, 3.750000000000000000 ) ) ;
#167 = CARTESIAN_POINT ( 'NONE',  ( 2.836092186006223148, -1.581953906996888426, 3.637779991155306814 ) ) ;
#168 = SURFACE_STYLE_USAGE ( .BOTH. , #2188 ) ;
#169 =( LENGTH_UNIT ( ) NAMED_UNIT ( * ) SI_UNIT ( .MILLI., .METRE. ) );
#170 = ORIENTED_EDGE ( 'NONE', *, *, #519, .F. ) ;
#171 = CARTESIAN_POINT ( 'NONE',  ( 4.500000000000000000, -0.01643765833298820034, 0.2999999999999999889 ) ) ;
#172 = SURFACE_SIDE_STYLE ('',( #126 ) ) ;
#173 = ADVANCED_FACE ( 'NONE', ( #2583 ), #4613, .T. ) ;
#174 = LINE ( 'NONE', #2992, #3353 ) ;
#175 = VERTEX_POINT ( 'NONE', #3627 ) ;
#176 = AXIS2_PLACEMENT_3D ( 'NONE', #678, #3886, #1028 ) ;
#177 = EDGE_CURVE ( 'NONE', #4256, #2216, #2603, .T. ) ;
#178 = CIRCLE ( 'NONE', #3135, 0.4000000000000001887 ) ;
#179 =( NAMED_UNIT ( * ) PLANE_ANGLE_UNIT ( ) SI_UNIT ( $, .RADIAN. ) );
#180 = STYLED_ITEM ( 'NONE', ( #1845 ), #2952 ) ;
#181 = DIRECTION ( 'NONE',  ( 3.231085104332679983E-15, 1.000000000000000000, 0.0000000000000000000 ) ) ;
#182 = PRODUCT_DEFINITION ( 'UNKNOWN', '', #1595, #3628 ) ;
#183 = ORIENTED_EDGE ( 'NONE', *, *, #3786, .F. ) ;
#184 =( LENGTH_UNIT ( ) NAMED_UNIT ( * ) SI_UNIT ( .MILLI., .METRE. ) );
#185 = VECTOR ( 'NONE', #453, 1000.000000000000000 ) ;
#186 = PRESENTATION_STYLE_ASSIGNMENT (( #1063 ) ) ;
#187 = AXIS2_PLACEMENT_3D ( 'NONE', #1953, #3638, #1572 ) ;
#188 = LINE ( 'NONE', #1798, #3398 ) ;
#189 = AXIS2_PLACEMENT_3D ( 'NONE', #570, #2114, #525 ) ;
#190 = FILL_AREA_STYLE ('',( #910 ) ) ;
#191 = VECTOR ( 'NONE', #2630, 1000.000000000000000 ) ;
#192 = EDGE_LOOP ( 'NONE', ( #3523, #1528, #1423, #1177 ) ) ;
#193 = DIRECTION ( 'NONE',  ( 0.0000000000000000000, 1.000000000000000000, 0.0000000000000000000 ) ) ;
#194 = STYLED_ITEM ( 'NONE', ( #4420 ), #2227 ) ;
#195 = PRESENTATION_LAYER_ASSIGNMENT (  '', '', ( #5165 ) ) ;
#196 = LINE ( 'NONE', #2519, #3945 ) ;
#197 = SURFACE_STYLE_USAGE ( .BOTH. , #1801 ) ;
#198 = ORIENTED_EDGE ( 'NONE', *, *, #800, .F. ) ;
#199 = FILL_AREA_STYLE ('',( #4210 ) ) ;
#200 = PRESENTATION_STYLE_ASSIGNMENT (( #993 ) ) ;
#201 = CARTESIAN_POINT ( 'NONE',  ( 2.836092186006226701, 1.581953906996879988, 3.637779991155306369 ) ) ;
#202 = UNCERTAINTY_MEASURE_WITH_UNIT (LENGTH_MEASURE( 1.000000000000000082E-05 ), #4918, 'distance_accuracy_value', 'NONE');
#203 =( NAMED_UNIT ( * ) PLANE_ANGLE_UNIT ( ) SI_UNIT ( $, .RADIAN. ) );
#204 = CARTESIAN_POINT ( 'NONE',  ( -1.999999999999999556, 2.041742430504420280, 3.750000000000000000 ) ) ;
#205 = ORIENTED_EDGE ( 'NONE', *, *, #1411, .T. ) ;
#206 = CARTESIAN_POINT ( 'NONE',  ( -1.999999999999999556, -2.246627197996641900, 3.749999999999998224 ) ) ;
#207 = EDGE_CURVE ( 'NONE', #4582, #2278, #741, .T. ) ;
#208 = SURFACE_STYLE_USAGE ( .BOTH. , #1744 ) ;
#209 = EDGE_CURVE ( 'NONE', #2833, #1521, #1394, .T. ) ;
#210 = SURFACE_STYLE_USAGE ( .BOTH. , #2634 ) ;
#211 = UNCERTAINTY_MEASURE_WITH_UNIT (LENGTH_MEASURE( 1.000000000000000082E-05 ), #3582, 'distance_accuracy_value', 'NONE');
#212 = DIRECTION ( 'NONE',  ( -3.231085104332679983E-15, -1.000000000000000000, 0.0000000000000000000 ) ) ;
#213 = DIRECTION ( 'NONE',  ( 1.000000000000000000, 0.0000000000000000000, 0.0000000000000000000 ) ) ;
#214 = SURFACE_SIDE_STYLE ('',( #698 ) ) ;
#215 = FILL_AREA_STYLE_COLOUR ( '', #1303 ) ;
#216 = FILL_AREA_STYLE ('',( #628 ) ) ;
#217 = SURFACE_SIDE_STYLE ('',( #1931 ) ) ;
#218 = VECTOR ( 'NONE', #1123, 1000.000000000000000 ) ;
#219 = EDGE_LOOP ( 'NONE', ( #2696, #4233, #2025, #3710 ) ) ;
#220 = ORIENTED_EDGE ( 'NONE', *, *, #1611, .F. ) ;
#221 = LINE ( 'NONE', #651, #1191 ) ;
#222 = SURFACE_SIDE_STYLE ('',( #3104 ) ) ;
#223 = CARTESIAN_POINT ( 'NONE',  ( 0.0000000000000000000, 3.000000000000000000, 3.149999999999999911 ) ) ;
#224 = CARTESIAN_POINT ( 'NONE',  ( 2.493254395993288242, 2.246627197996640568, 3.749999999999998224 ) ) ;
#225 = VERTEX_POINT ( 'NONE', #4885 ) ;
#226 = MECHANICAL_DESIGN_GEOMETRIC_PRESENTATION_REPRESENTATION (  '', ( #3763 ), #228 ) ;
#227 = PRESENTATION_LAYER_ASSIGNMENT (  '', '', ( #3273 ) ) ;
#228 =( GEOMETRIC_REPRESENTATION_CONTEXT ( 3 ) GLOBAL_UNCERTAINTY_ASSIGNED_CONTEXT ( ( #3573 ) ) GLOBAL_UNIT_ASSIGNED_CONTEXT ( ( #642, #2226, #3814 ) ) REPRESENTATION_CONTEXT ( 'NONE', 'WORKASPACE' ) );
#229 =( NAMED_UNIT ( * ) SI_UNIT ( $, .STERADIAN. ) SOLID_ANGLE_UNIT ( ) );
#230 = CARTESIAN_POINT ( 'NONE',  ( 2.000000000000000000, -1.958257569495584161, 3.250000000000000000 ) ) ;
#231 =( NAMED_UNIT ( * ) PLANE_ANGLE_UNIT ( ) SI_UNIT ( $, .RADIAN. ) );
#232 = VERTEX_POINT ( 'NONE', #3951 ) ;
#233 = CARTESIAN_POINT ( 'NONE',  ( -1.506745604006717754, -1.753372802003358766, 3.749999999999998668 ) ) ;
#234 =( LENGTH_UNIT ( ) NAMED_UNIT ( * ) SI_UNIT ( .MILLI., .METRE. ) );
#235 = DIRECTION ( 'NONE',  ( 0.0000000000000000000, 0.0000000000000000000, -1.000000000000000000 ) ) ;
#236 = PLANE ( 'NONE',  #5193 ) ;
#237 =( GEOMETRIC_REPRESENTATION_CONTEXT ( 3 ) GLOBAL_UNCERTAINTY_ASSIGNED_CONTEXT ( ( #754 ) ) GLOBAL_UNIT_ASSIGNED_CONTEXT ( ( #3340, #2141, #1399 ) ) REPRESENTATION_CONTEXT ( 'NONE', 'WORKASPACE' ) );
#238 =( NAMED_UNIT ( * ) PLANE_ANGLE_UNIT ( ) SI_UNIT ( $, .RADIAN. ) );
#239 = EDGE_CURVE ( 'NONE', #2415, #4266, #716, .T. ) ;
#240 = DIRECTION ( 'NONE',  ( 0.0000000000000000000, 1.000000000000000000, 0.0000000000000000000 ) ) ;
#241 = EDGE_CURVE ( 'NONE', #3749, #2605, #5109, .T. ) ;
#242 = CARTESIAN_POINT ( 'NONE',  ( -3.250000000000000000, -1.908218829166499875, 1.300000000000000044 ) ) ;
#243 = AXIS2_PLACEMENT_3D ( 'NONE', #3822, #5095, #2694 ) ;
#244 =( LENGTH_UNIT ( ) NAMED_UNIT ( * ) SI_UNIT ( .MILLI., .METRE. ) );
#245 = DIRECTION ( 'NONE',  ( 1.000000000000000000, 0.0000000000000000000, -0.0000000000000000000 ) ) ;
#246 = STYLED_ITEM ( 'NONE', ( #1166 ), #3643 ) ;
#247 = EDGE_CURVE ( 'NONE', #4627, #2761, #2872, .T. ) ;
#248 = CARTESIAN_POINT ( 'NONE',  ( 2.000000000000000000, -1.500000000000000000, 3.449999999999999734 ) ) ;
#249 = EDGE_LOOP ( 'NONE', ( #5215, #2049, #4098, #1290 ) ) ;
#250 = VECTOR ( 'NONE', #624, 1000.000000000000000 ) ;
#251 = VECTOR ( 'NONE', #4937, 1000.000000000000000 ) ;
#252 = PRODUCT_RELATED_PRODUCT_CATEGORY ( 'part', '', ( #2799 ) ) ;
#253 = VERTEX_POINT ( 'NONE', #4056 ) ;
#254 = PRESENTATION_STYLE_ASSIGNMENT (( #1132 ) ) ;
#255 = PRESENTATION_STYLE_ASSIGNMENT (( #2332 ) ) ;
#256 = DIRECTION ( 'NONE',  ( -0.0000000000000000000, -0.0000000000000000000, -1.000000000000000000 ) ) ;
#257 = DIRECTION ( 'NONE',  ( -1.000000000000000000, 0.0000000000000000000, 0.0000000000000000000 ) ) ;
#258 = CARTESIAN_POINT ( 'NONE',  ( 3.000000000000009326, 2.499999999999998668, 3.450000000000000622 ) ) ;
#259 = STYLED_ITEM ( 'NONE', ( #1937 ), #511 ) ;
#260 = PRESENTATION_STYLE_ASSIGNMENT (( #3866 ) ) ;
#261 = ORIENTED_EDGE ( 'NONE', *, *, #2721, .F. ) ;
#262 = SURFACE_STYLE_FILL_AREA ( #3793 ) ;
#263 =( LENGTH_UNIT ( ) NAMED_UNIT ( * ) SI_UNIT ( .MILLI., .METRE. ) );
#264 =( NAMED_UNIT ( * ) PLANE_ANGLE_UNIT ( ) SI_UNIT ( $, .RADIAN. ) );
#265 = UNCERTAINTY_MEASURE_WITH_UNIT (LENGTH_MEASURE( 1.000000000000000082E-05 ), #1326, 'distance_accuracy_value', 'NONE');
#266 = SURFACE_STYLE_FILL_AREA ( #4676 ) ;
#267 = SHAPE_REPRESENTATION ( '10', ( #1907 ), #1828 ) ;
#268 = LINE ( 'NONE', #3477, #877 ) ;
#269 = COLOUR_RGB ( '',0.7529411764705882248, 0.7529411764705882248, 0.7529411764705882248 ) ;
#270 = MECHANICAL_DESIGN_GEOMETRIC_PRESENTATION_REPRESENTATION (  '', ( #4411 ), #2626 ) ;
#271 =( NAMED_UNIT ( * ) SI_UNIT ( $, .STERADIAN. ) SOLID_ANGLE_UNIT ( ) );
#272 = VECTOR ( 'NONE', #571, 1000.000000000000000 ) ;
#273 = DIRECTION ( 'NONE',  ( 1.000000000000000000, 0.0000000000000000000, 0.0000000000000000000 ) ) ;
#274 = DIRECTION ( 'NONE',  ( -3.231085104332679983E-15, -1.000000000000000000, 0.0000000000000000000 ) ) ;
#275 = EDGE_CURVE ( 'NONE', #2017, #2808, #2078, .T. ) ;
#276 =( NAMED_UNIT ( * ) SI_UNIT ( $, .STERADIAN. ) SOLID_ANGLE_UNIT ( ) );
#277 = UNCERTAINTY_MEASURE_WITH_UNIT (LENGTH_MEASURE( 1.000000000000000082E-05 ), #2331, 'distance_accuracy_value', 'NONE');
#278 = COLOUR_RGB ( '',0.0000000000000000000, 0.0000000000000000000, 0.0000000000000000000 ) ;
#279 = FACE_OUTER_BOUND ( 'NONE', #757, .T. ) ;
#280 = AXIS2_PLACEMENT_3D ( 'NONE', #4525, #4555, #3673 ) ;
#281 = LINE ( 'NONE', #3932, #1201 ) ;
#282 = PRESENTATION_LAYER_ASSIGNMENT (  '', '', ( #1128 ) ) ;
#283 = ORIENTED_EDGE ( 'NONE', *, *, #1698, .F. ) ;
#284 = ORIENTED_EDGE ( 'NONE', *, *, #4832, .F. ) ;
#285 = CARTESIAN_POINT ( 'NONE',  ( 2.000000000000000000, 2.041742430504419392, 3.750000000000000000 ) ) ;
#286 = ADVANCED_FACE ( '3', ( #879 ), #481, .T. ) ;
#287 = SURFACE_STYLE_USAGE ( .BOTH. , #3828 ) ;
#288 = VECTOR ( 'NONE', #4546, 1000.000000000000000 ) ;
#289 = CARTESIAN_POINT ( 'NONE',  ( 4.074999999999999289, 1.891781170833499948, 1.000000000000000000 ) ) ;
#290 = PRESENTATION_LAYER_ASSIGNMENT (  '', '', ( #1212 ) ) ;
#291 = ORIENTED_EDGE ( 'NONE', *, *, #2981, .T. ) ;
#292 = PLANE ( 'NONE',  #4419 ) ;
#293 = LINE ( 'NONE', #1540, #831 ) ;
#294 = ORIENTED_EDGE ( 'NONE', *, *, #703, .F. ) ;
#295 = DIRECTION ( 'NONE',  ( 0.0000000000000000000, 0.0000000000000000000, 1.000000000000000000 ) ) ;
#296 = SURFACE_STYLE_USAGE ( .BOTH. , #3984 ) ;
#297 = DIRECTION ( 'NONE',  ( 0.0000000000000000000, 0.0000000000000000000, -1.000000000000000000 ) ) ;
#298 =( NAMED_UNIT ( * ) SI_UNIT ( $, .STERADIAN. ) SOLID_ANGLE_UNIT ( ) );
#299 = CARTESIAN_POINT ( 'NONE',  ( -3.000000000000000444, -1.908218829166499875, 1.300000000000000044 ) ) ;
#300 = DIRECTION ( 'NONE',  ( 1.000000000000000000, -3.252606517456515274E-15, 0.0000000000000000000 ) ) ;
#301 = PLANE ( 'NONE',  #1855 ) ;
#302 = SHAPE_REPRESENTATION ( 'User Library-PTS645SL43SMTR92-LFS', ( #506, #2848, #2342, #4378, #4536, #1918, #1674, #1430, #4622, #4030, #4276, #4962 ), #2246 ) ;
#303 =( LENGTH_UNIT ( ) NAMED_UNIT ( * ) SI_UNIT ( .MILLI., .METRE. ) );
#304 = CARTESIAN_POINT ( 'NONE',  ( -3.000000000000000444, -2.608218829166499830, 1.300000000000000044 ) ) ;
#305 = ORIENTED_EDGE ( 'NONE', *, *, #3752, .T. ) ;
#306 = APPLICATION_CONTEXT ( 'automotive_design' ) ;
#307 = DIRECTION ( 'NONE',  ( -0.0000000000000000000, -0.0000000000000000000, -1.000000000000000000 ) ) ;
#308 = EDGE_CURVE ( 'NONE', #2360, #2924, #1513, .T. ) ;
#309 = EDGE_CURVE ( 'NONE', #1833, #2463, #3529, .T. ) ;
#310 = ORIENTED_EDGE ( 'NONE', *, *, #82, .T. ) ;
#311 = MECHANICAL_DESIGN_GEOMETRIC_PRESENTATION_REPRESENTATION (  '', ( #905 ), #1497 ) ;
#312 = CARTESIAN_POINT ( 'NONE',  ( 0.0000000000000000000, -3.000000000000000000, 0.0000000000000000000 ) ) ;
#313 = PRODUCT_DEFINITION_SHAPE ( 'NONE', 'NONE',  #352 ) ;
#314 = DIRECTION ( 'NONE',  ( 1.000000000000000000, 0.0000000000000000000, 0.0000000000000000000 ) ) ;
#315 = EDGE_LOOP ( 'NONE', ( #1805, #170, #340, #2681 ) ) ;
#316 = DIRECTION ( 'NONE',  ( -0.0000000000000000000, 1.000000000000000000, 0.0000000000000000000 ) ) ;
#317 = STYLED_ITEM ( 'NONE', ( #4784 ), #1328 ) ;
#318 =( NAMED_UNIT ( * ) SI_UNIT ( $, .STERADIAN. ) SOLID_ANGLE_UNIT ( ) );
#319 = SURFACE_STYLE_FILL_AREA ( #3923 ) ;
#320 = UNCERTAINTY_MEASURE_WITH_UNIT (LENGTH_MEASURE( 1.000000000000000082E-05 ), #3069, 'distance_accuracy_value', 'NONE');
#321 = CARTESIAN_POINT ( 'NONE',  ( -3.000000000000000000, 2.850000000000000089, 3.149999999999999911 ) ) ;
#322 =( GEOMETRIC_REPRESENTATION_CONTEXT ( 3 ) GLOBAL_UNCERTAINTY_ASSIGNED_CONTEXT ( ( #809 ) ) GLOBAL_UNIT_ASSIGNED_CONTEXT ( ( #1135, #2282, #3078 ) ) REPRESENTATION_CONTEXT ( 'NONE', 'WORKASPACE' ) );
#323 = FILL_AREA_STYLE_COLOUR ( '', #954 ) ;
#324 = AXIS2_PLACEMENT_3D ( 'NONE', #3022, #4642, #975 ) ;
#325 = DIRECTION ( 'NONE',  ( 3.231085104332679983E-15, 1.000000000000000000, -0.0000000000000000000 ) ) ;
#326 = CARTESIAN_POINT ( 'NONE',  ( -3.750000000000000000, -1.908218829166499875, 0.3000000000000000444 ) ) ;
#327 = DIRECTION ( 'NONE',  ( 0.0000000000000000000, 0.0000000000000000000, 1.000000000000000000 ) ) ;
#328 = SURFACE_STYLE_FILL_AREA ( #3930 ) ;
#329 =( GEOMETRIC_REPRESENTATION_CONTEXT ( 3 ) GLOBAL_UNCERTAINTY_ASSIGNED_CONTEXT ( ( #57 ) ) GLOBAL_UNIT_ASSIGNED_CONTEXT ( ( #1089, #4678, #5145 ) ) REPRESENTATION_CONTEXT ( 'NONE', 'WORKASPACE' ) );
#330 = CARTESIAN_POINT ( 'NONE',  ( -3.750000000000000000, 1.891781170833499948, 0.3000000000000000444 ) ) ;
#331 = SURFACE_STYLE_FILL_AREA ( #2723 ) ;
#332 = ORIENTED_EDGE ( 'NONE', *, *, #2111, .T. ) ;
#333 = DIRECTION ( 'NONE',  ( 3.231085104332679983E-15, 1.000000000000000000, -0.0000000000000000000 ) ) ;
#334 = SURFACE_STYLE_USAGE ( .BOTH. , #1179 ) ;
#335 = SURFACE_STYLE_USAGE ( .BOTH. , #2410 ) ;
#336 = DIRECTION ( 'NONE',  ( -3.231085104332679983E-15, -1.000000000000000000, 0.0000000000000000000 ) ) ;
#337 = FACE_OUTER_BOUND ( 'NONE', #1586, .T. ) ;
#338 = STYLED_ITEM ( 'NONE', ( #4621 ), #3597 ) ;
#339 = DIRECTION ( 'NONE',  ( 0.0000000000000000000, 1.000000000000000000, 0.0000000000000000000 ) ) ;
#340 = ORIENTED_EDGE ( 'NONE', *, *, #644, .F. ) ;
#341 =( GEOMETRIC_REPRESENTATION_CONTEXT ( 3 ) GLOBAL_UNCERTAINTY_ASSIGNED_CONTEXT ( ( #4870 ) ) GLOBAL_UNIT_ASSIGNED_CONTEXT ( ( #1460, #3000, #1085 ) ) REPRESENTATION_CONTEXT ( 'NONE', 'WORKASPACE' ) );
#342 = AXIS2_PLACEMENT_3D ( 'NONE', #3620, #2389, #2865 ) ;
#343 = APPLICATION_CONTEXT ( 'automotive_design' ) ;
#344 = EDGE_CURVE ( 'NONE', #3632, #3809, #533, .T. ) ;
#345 = CARTESIAN_POINT ( 'NONE',  ( 1.916515138991160327, 1.958257569495581052, 3.750000000000000000 ) ) ;
#346 =( GEOMETRIC_REPRESENTATION_CONTEXT ( 3 ) GLOBAL_UNCERTAINTY_ASSIGNED_CONTEXT ( ( #3908 ) ) GLOBAL_UNIT_ASSIGNED_CONTEXT ( ( #1825, #3541, #728 ) ) REPRESENTATION_CONTEXT ( 'NONE', 'WORKASPACE' ) );
#347 = MECHANICAL_DESIGN_GEOMETRIC_PRESENTATION_REPRESENTATION (  '', ( #2609 ), #1104 ) ;
#348 = ORIENTED_EDGE ( 'NONE', *, *, #2589, .T. ) ;
#349 = LINE ( 'NONE', #3953, #1767 ) ;
#350 = DIRECTION ( 'NONE',  ( 1.000000000000000000, -0.0000000000000000000, 0.0000000000000000000 ) ) ;
#351 = EDGE_CURVE ( 'NONE', #4073, #2774, #4391, .T. ) ;
#352 = PRODUCT_DEFINITION ( 'UNKNOWN', '', #414, #3832 ) ;
#353 = PRESENTATION_STYLE_ASSIGNMENT (( #3959 ) ) ;
#354 = PRESENTATION_STYLE_ASSIGNMENT (( #4422 ) ) ;
#355 =( LENGTH_UNIT ( ) NAMED_UNIT ( * ) SI_UNIT ( .MILLI., .METRE. ) );
#356 = CARTESIAN_POINT ( 'NONE',  ( 1.750000000000000000, 2.143131898507868297E-16, 4.200000000000000178 ) ) ;
#357 = AXIS2_PLACEMENT_3D ( 'NONE', #814, #11, #2041 ) ;
#358 = DIRECTION ( 'NONE',  ( 0.0000000000000000000, 0.0000000000000000000, 1.000000000000000000 ) ) ;
#359 = FACE_OUTER_BOUND ( 'NONE', #4346, .T. ) ;
#360 = AXIS2_PLACEMENT_3D ( 'NONE', #2965, #3672, #3389 ) ;
#361 = EDGE_LOOP ( 'NONE', ( #3995, #1450, #4607, #3287 ) ) ;
#362 = EDGE_LOOP ( 'NONE', ( #2513, #4055, #4908, #869 ) ) ;
#363 = CARTESIAN_POINT ( 'NONE',  ( -3.500000000000000000, -2.258218829166500186, 1.000000000000000000 ) ) ;
#364 = FACE_OUTER_BOUND ( 'NONE', #3080, .T. ) ;
#365 = PRESENTATION_STYLE_ASSIGNMENT (( #4852 ) ) ;
#366 = COLOUR_RGB ( '',0.7529411764705882248, 0.7529411764705882248, 0.7529411764705882248 ) ;
#367 = PRODUCT ( '3', '3', '', ( #1074 ) ) ;
#368 = VECTOR ( 'NONE', #3253, 1000.000000000000000 ) ;
#369 =( NAMED_UNIT ( * ) PLANE_ANGLE_UNIT ( ) SI_UNIT ( $, .RADIAN. ) );
#370 = PRESENTATION_LAYER_ASSIGNMENT (  '', '', ( #701 ) ) ;
#371 =( LENGTH_UNIT ( ) NAMED_UNIT ( * ) SI_UNIT ( .MILLI., .METRE. ) );
#372 = EDGE_LOOP ( 'NONE', ( #631, #1129, #4192, #1779 ) ) ;
#373 =( GEOMETRIC_REPRESENTATION_CONTEXT ( 3 ) GLOBAL_UNCERTAINTY_ASSIGNED_CONTEXT ( ( #3475 ) ) GLOBAL_UNIT_ASSIGNED_CONTEXT ( ( #4439, #3191, #795 ) ) REPRESENTATION_CONTEXT ( 'NONE', 'WORKASPACE' ) );
#374 = CARTESIAN_POINT ( 'NONE',  ( 2.850000000000000089, -3.000000000000000000, 0.0000000000000000000 ) ) ;
#375 = DIRECTION ( 'NONE',  ( 0.0000000000000000000, 0.0000000000000000000, 1.000000000000000000 ) ) ;
#376 = ORIENTED_EDGE ( 'NONE', *, *, #1390, .F. ) ;
#377 = PRESENTATION_STYLE_ASSIGNMENT (( #296 ) ) ;
#378 = UNCERTAINTY_MEASURE_WITH_UNIT (LENGTH_MEASURE( 1.000000000000000082E-05 ), #3223, 'distance_accuracy_value', 'NONE');
#379 = CARTESIAN_POINT ( 'NONE',  ( 3.000000000000000000, -2.258218829166500186, 1.000000000000000000 ) ) ;
#380 = PRESENTATION_STYLE_ASSIGNMENT (( #3988 ) ) ;
#381 = EDGE_CURVE ( 'NONE', #3295, #3121, #3019, .T. ) ;
#382 = EDGE_CURVE ( 'NONE', #2570, #3017, #3758, .T. ) ;
#383 = FACE_OUTER_BOUND ( 'NONE', #3409, .T. ) ;
#384 = SURFACE_STYLE_USAGE ( .BOTH. , #3991 ) ;
#385 = PRESENTATION_STYLE_ASSIGNMENT (( #3153 ) ) ;
#386 = UNCERTAINTY_MEASURE_WITH_UNIT (LENGTH_MEASURE( 1.000000000000000082E-05 ), #1651, 'distance_accuracy_value', 'NONE');
#387 = SURFACE_SIDE_STYLE ('',( #3258 ) ) ;
#388 = DIRECTION ( 'NONE',  ( 1.000000000000000000, 1.224646799147353207E-16, 0.0000000000000000000 ) ) ;
#389 = EDGE_LOOP ( 'NONE', ( #4022, #4097, #4372, #3616 ) ) ;
#390 = ORIENTED_EDGE ( 'NONE', *, *, #2857, .T. ) ;
#391 = SURFACE_SIDE_STYLE ('',( #2466 ) ) ;
#392 = PLANE ( 'NONE',  #1033 ) ;
#393 = CARTESIAN_POINT ( 'NONE',  ( -2.000000000000000888, 1.581953906996888426, 3.637779991155306369 ) ) ;
#394 = SURFACE_SIDE_STYLE ('',( #3968 ) ) ;
#395 = SURFACE_STYLE_USAGE ( .BOTH. , #874 ) ;
#396 = LINE ( 'NONE', #5212, #1955 ) ;
#397 = CARTESIAN_POINT ( 'NONE',  ( -2.850000000000000089, 2.850000000000000089, 0.0000000000000000000 ) ) ;
#398 = VERTEX_POINT ( 'NONE', #1402 ) ;
#399 = PLANE ( 'NONE',  #3808 ) ;
#400 = PRESENTATION_STYLE_ASSIGNMENT (( #739 ) ) ;
#401 = ORIENTED_EDGE ( 'NONE', *, *, #4351, .F. ) ;
#402 = AXIS2_PLACEMENT_3D ( 'NONE', #779, #4820, #3504 ) ;
#403 =( LENGTH_UNIT ( ) NAMED_UNIT ( * ) SI_UNIT ( .MILLI., .METRE. ) );
#404 =( NAMED_UNIT ( * ) PLANE_ANGLE_UNIT ( ) SI_UNIT ( $, .RADIAN. ) );
#405 = STYLED_ITEM ( 'NONE', ( #377 ), #4060 ) ;
#406 = FILL_AREA_STYLE ('',( #2738 ) ) ;
#407 = CARTESIAN_POINT ( 'NONE',  ( 2.850000000000000089, -3.000000000000000000, 0.0000000000000000000 ) ) ;
#408 = CARTESIAN_POINT ( 'NONE',  ( -1.649999999999999911, -4.041334437186265510E-16, 4.299999999999999822 ) ) ;
#409 = SURFACE_SIDE_STYLE ('',( #4340 ) ) ;
#410 = STYLED_ITEM ( 'NONE', ( #3106 ), #1576 ) ;
#411 = EDGE_CURVE ( 'NONE', #2761, #1037, #3325, .T. ) ;
#412 = EDGE_CURVE ( 'NONE', #89, #2415, #1684, .T. ) ;
#413 =( NAMED_UNIT ( * ) SI_UNIT ( $, .STERADIAN. ) SOLID_ANGLE_UNIT ( ) );
#414 = PRODUCT_DEFINITION_FORMATION_WITH_SPECIFIED_SOURCE ( 'ANY', '', #2799, .NOT_KNOWN. ) ;
#415 = VERTEX_POINT ( 'NONE', #1330 ) ;
#416 = APPLICATION_CONTEXT ( 'automotive_design' ) ;
#417 = VERTEX_POINT ( 'NONE', #1424 ) ;
#418 = VECTOR ( 'NONE', #1896, 1000.000000000000000 ) ;
#419 = FILL_AREA_STYLE ('',( #841 ) ) ;
#420 = CARTESIAN_POINT ( 'NONE',  ( -2.083484861008841005, 1.958257569495580608, 3.750000000000000444 ) ) ;
#421 = DIRECTION ( 'NONE',  ( 3.231085104332679983E-15, 1.000000000000000000, -0.0000000000000000000 ) ) ;
#422 = EDGE_CURVE ( 'NONE', #1071, #1049, #2192, .T. ) ;
#423 =( NAMED_UNIT ( * ) SI_UNIT ( $, .STERADIAN. ) SOLID_ANGLE_UNIT ( ) );
#424 = SURFACE_STYLE_FILL_AREA ( #2867 ) ;
#425 = SURFACE_STYLE_FILL_AREA ( #4830 ) ;
#426 = EDGE_LOOP ( 'NONE', ( #220, #4924, #848, #4454 ) ) ;
#427 = DIRECTION ( 'NONE',  ( 0.0000000000000000000, 1.000000000000000000, 0.0000000000000000000 ) ) ;
#428 = CLOSED_SHELL ( 'NONE', ( #4051, #4382, #2624, #2502 ) ) ;
#429 = PRODUCT_DEFINITION_CONTEXT ( 'detailed design', #1149, 'design' ) ;
#430 = VECTOR ( 'NONE', #1515, 1000.000000000000000 ) ;
#431 = CARTESIAN_POINT ( 'NONE',  ( 2.000000000000000000, 2.041742430504419392, 3.750000000000000000 ) ) ;
#432 = VERTEX_POINT ( 'NONE', #3396 ) ;
#433 = MECHANICAL_DESIGN_GEOMETRIC_PRESENTATION_REPRESENTATION (  '', ( #936 ), #3015 ) ;
#434 =( GEOMETRIC_REPRESENTATION_CONTEXT ( 3 ) GLOBAL_UNCERTAINTY_ASSIGNED_CONTEXT ( ( #3902 ) ) GLOBAL_UNIT_ASSIGNED_CONTEXT ( ( #4744, #2334, #5101 ) ) REPRESENTATION_CONTEXT ( 'NONE', 'WORKASPACE' ) );
#435 = DIRECTION ( 'NONE',  ( 0.0000000000000000000, 0.0000000000000000000, 1.000000000000000000 ) ) ;
#436 = DIRECTION ( 'NONE',  ( 0.0000000000000000000, -1.000000000000000000, 0.0000000000000000000 ) ) ;
#437 = UNCERTAINTY_MEASURE_WITH_UNIT (LENGTH_MEASURE( 1.000000000000000082E-05 ), #915, 'distance_accuracy_value', 'NONE');
#438 = VECTOR ( 'NONE', #3180, 1000.000000000000000 ) ;
#439 = LINE ( 'NONE', #3198, #1638 ) ;
#440 = PRESENTATION_LAYER_ASSIGNMENT (  '', '', ( #1615 ) ) ;
#441 = LINE ( 'NONE', #3605, #3056 ) ;
#442 =( LENGTH_UNIT ( ) NAMED_UNIT ( * ) SI_UNIT ( .MILLI., .METRE. ) );
#443 =( GEOMETRIC_REPRESENTATION_CONTEXT ( 3 ) GLOBAL_UNCERTAINTY_ASSIGNED_CONTEXT ( ( #2693 ) ) GLOBAL_UNIT_ASSIGNED_CONTEXT ( ( #3761, #150, #4907 ) ) REPRESENTATION_CONTEXT ( 'NONE', 'WORKASPACE' ) );
#444 = CARTESIAN_POINT ( 'NONE',  ( 1.708578643762690641, 2.092405367175504394E-16, 4.299999999999999822 ) ) ;
#445 = CIRCLE ( 'NONE', #606, 0.5000000000000000000 ) ;
#446 = CARTESIAN_POINT ( 'NONE',  ( -2.000000000000000000, -1.753372802003358544, 3.749999999999998224 ) ) ;
#447 = ORIENTED_EDGE ( 'NONE', *, *, #4795, .F. ) ;
#448 = ORIENTED_EDGE ( 'NONE', *, *, #2370, .T. ) ;
#449 = ADVANCED_FACE ( '9', ( #3737 ), #4168, .T. ) ;
#450 = DIRECTION ( 'NONE',  ( 1.000000000000000000, 0.0000000000000000000, 0.0000000000000000000 ) ) ;
#451 = CARTESIAN_POINT ( 'NONE',  ( -3.000000000000000000, 2.241781170833500259, 1.300000000000000044 ) ) ;
#452 = PRESENTATION_LAYER_ASSIGNMENT (  '', '', ( #4570 ) ) ;
#453 = DIRECTION ( 'NONE',  ( 0.0000000000000000000, -1.000000000000000000, -0.0000000000000000000 ) ) ;
#454 = FILL_AREA_STYLE ('',( #3005 ) ) ;
#455 = ORIENTED_EDGE ( 'NONE', *, *, #1788, .F. ) ;
#456 = EDGE_CURVE ( 'NONE', #891, #1764, #2144, .T. ) ;
#457 = EDGE_CURVE ( 'NONE', #675, #3189, #973, .T. ) ;
#458 = FILL_AREA_STYLE ('',( #71 ) ) ;
#459 = VECTOR ( 'NONE', #529, 1000.000000000000000 ) ;
#460 = MECHANICAL_DESIGN_GEOMETRIC_PRESENTATION_REPRESENTATION (  '', ( #4739 ), #5064 ) ;
#461 = MECHANICAL_DESIGN_GEOMETRIC_PRESENTATION_REPRESENTATION (  '', ( #4749 ), #1555 ) ;
#462 = PRESENTATION_STYLE_ASSIGNMENT (( #1382 ) ) ;
#463 = ORIENTED_EDGE ( 'NONE', *, *, #1661, .F. ) ;
#464 = VECTOR ( 'NONE', #3604, 1000.000000000000000 ) ;
#465 = DIRECTION ( 'NONE',  ( 1.000000000000000000, 0.0000000000000000000, 0.0000000000000000000 ) ) ;
#466 = DIRECTION ( 'NONE',  ( 1.000000000000000000, -2.168404344971012812E-15, 0.0000000000000000000 ) ) ;
#467 = CIRCLE ( 'NONE', #1874, 0.1000000000000000472 ) ;
#468 = SURFACE_STYLE_USAGE ( .BOTH. , #3303 ) ;
#469 = SURFACE_STYLE_FILL_AREA ( #406 ) ;
#470 = LINE ( 'NONE', #2823, #1512 ) ;
#471 =( LENGTH_UNIT ( ) NAMED_UNIT ( * ) SI_UNIT ( .MILLI., .METRE. ) );
#472 = SURFACE_SIDE_STYLE ('',( #2508 ) ) ;
#473 =( NAMED_UNIT ( * ) SI_UNIT ( $, .STERADIAN. ) SOLID_ANGLE_UNIT ( ) );
#474 =( NAMED_UNIT ( * ) PLANE_ANGLE_UNIT ( ) SI_UNIT ( $, .RADIAN. ) );
#475 = ORIENTED_EDGE ( 'NONE', *, *, #2598, .F. ) ;
#476 = EDGE_LOOP ( 'NONE', ( #2574, #1727, #527, #1099 ) ) ;
#477 = CARTESIAN_POINT ( 'NONE',  ( -3.750000000000000000, -2.608218829166499830, 0.0000000000000000000 ) ) ;
#478 = DIRECTION ( 'NONE',  ( 1.000000000000000000, 0.0000000000000000000, -0.0000000000000000000 ) ) ;
#479 = DIRECTION ( 'NONE',  ( 0.0000000000000000000, 0.0000000000000000000, -1.000000000000000000 ) ) ;
#480 = EDGE_LOOP ( 'NONE', ( #5052, #3562, #1244, #3423 ) ) ;
#481 = PLANE ( 'NONE',  #676 ) ;
#482 = EDGE_CURVE ( 'NONE', #1014, #3950, #2169, .T. ) ;
#483 = ADVANCED_FACE ( 'NONE', ( #2596 ), #3806, .T. ) ;
#484 = DIRECTION ( 'NONE',  ( -1.000000000000000000, 0.0000000000000000000, 0.0000000000000000000 ) ) ;
#485 = ORIENTED_EDGE ( 'NONE', *, *, #382, .T. ) ;
#486 = DIRECTION ( 'NONE',  ( 0.0000000000000000000, 0.0000000000000000000, 1.000000000000000000 ) ) ;
#487 = CARTESIAN_POINT ( 'NONE',  ( 3.750000000000000000, -1.137328243749749834, 0.4000000000000000222 ) ) ;
#488 = SURFACE_SIDE_STYLE ('',( #1282 ) ) ;
#489 = UNCERTAINTY_MEASURE_WITH_UNIT (LENGTH_MEASURE( 1.000000000000000082E-05 ), #4733, 'distance_accuracy_value', 'NONE');
#490 = CARTESIAN_POINT ( 'NONE',  ( 3.349999999999999201, -2.608218829166499386, 0.9000000000000000222 ) ) ;
#491 = MECHANICAL_DESIGN_GEOMETRIC_PRESENTATION_REPRESENTATION (  '', ( #2149 ), #1245 ) ;
#492 = DIRECTION ( 'NONE',  ( -3.231085104332679983E-15, -1.000000000000000000, -0.0000000000000000000 ) ) ;
#493 = DIRECTION ( 'NONE',  ( 1.000000000000000000, 0.0000000000000000000, 0.0000000000000000000 ) ) ;
#494 =( NAMED_UNIT ( * ) PLANE_ANGLE_UNIT ( ) SI_UNIT ( $, .RADIAN. ) );
#495 = DIRECTION ( 'NONE',  ( 0.0000000000000000000, 0.0000000000000000000, 1.000000000000000000 ) ) ;
#496 = COLOUR_RGB ( '',0.7921568627450980005, 0.8196078431372548767, 0.9333333333333333481 ) ;
#497 = ORIENTED_EDGE ( 'NONE', *, *, #4701, .F. ) ;
#498 = VERTEX_POINT ( 'NONE', #3159 ) ;
#499 = SURFACE_STYLE_FILL_AREA ( #2571 ) ;
#500 = AXIS2_PLACEMENT_3D ( 'NONE', #1315, #2079, #2176 ) ;
#501 =( GEOMETRIC_REPRESENTATION_CONTEXT ( 3 ) GLOBAL_UNCERTAINTY_ASSIGNED_CONTEXT ( ( #3419 ) ) GLOBAL_UNIT_ASSIGNED_CONTEXT ( ( #471, #1810, #2959 ) ) REPRESENTATION_CONTEXT ( 'NONE', 'WORKASPACE' ) );
#502 = CARTESIAN_POINT ( 'NONE',  ( 4.500000000000000888, 2.591781170833500347, 0.2999999999999999889 ) ) ;
#503 = DIRECTION ( 'NONE',  ( 1.000000000000000000, -3.231085104332679983E-15, 0.0000000000000000000 ) ) ;
#504 = ORIENTED_EDGE ( 'NONE', *, *, #2365, .F. ) ;
#505 = CARTESIAN_POINT ( 'NONE',  ( 2.850000000000000089, 2.850000000000000089, 0.0000000000000000000 ) ) ;
#506 = AXIS2_PLACEMENT_3D ( 'NONE', #2735, #1924, #4516 ) ;
#507 = MECHANICAL_DESIGN_GEOMETRIC_PRESENTATION_REPRESENTATION (  '', ( #4380 ), #2088 ) ;
#508 = FILL_AREA_STYLE ('',( #4107 ) ) ;
#509 = ORIENTED_EDGE ( 'NONE', *, *, #1253, .T. ) ;
#510 = STYLED_ITEM ( 'NONE', ( #531 ), #1852 ) ;
#511 = ADVANCED_FACE ( 'NONE', ( #3101 ), #4257, .T. ) ;
#512 = PRESENTATION_STYLE_ASSIGNMENT (( #2477 ) ) ;
#513 =( BOUNDED_SURFACE ( )  B_SPLINE_SURFACE ( 3, 3, ( 
 ( #3993, #1556, #2856, #4450 ),
 ( #446, #1262, #3237, #4847 ),
 ( #1232, #5180, #2035, #810 ),
 ( #2771, #3206, #4475, #31 ) ),
 .UNSPECIFIED., .F., .F., .T. ) 
 B_SPLINE_SURFACE_WITH_KNOTS ( ( 4, 4 ),
 ( 4, 4 ),
 ( 0.0000000000000000000, 1.000000000000000000 ),
 ( 0.0000000000000000000, 1.000000000000000000 ),
 .UNSPECIFIED. ) 
 GEOMETRIC_REPRESENTATION_ITEM ( )  RATIONAL_B_SPLINE_SURFACE ( (
 ( 1.000000000000000000, 0.3333333333333299842, 0.3333333333333299842, 1.000000000000000000),
 ( 0.8911066843560517814, 0.2970355614520142629, 0.2970355614520142629, 0.8911066843560517814),
 ( 0.8911066843560517814, 0.2970355614520142629, 0.2970355614520142629, 0.8911066843560517814),
 ( 1.000000000000000000, 0.3333333333333299842, 0.3333333333333299842, 1.000000000000000000) ) ) 
 REPRESENTATION_ITEM ( '' )  SURFACE ( )  );
#514 =( NAMED_UNIT ( * ) PLANE_ANGLE_UNIT ( ) SI_UNIT ( $, .RADIAN. ) );
#515 = CLOSED_SHELL ( 'NONE', ( #2473, #3810, #3156, #3343, #1517, #4693, #4865, #2923, #3220, #1732 ) ) ;
#516 = CIRCLE ( 'NONE', #1362, 0.1000000000000000472 ) ;
#517 = SURFACE_SIDE_STYLE ('',( #4121 ) ) ;
#518 = PRESENTATION_STYLE_ASSIGNMENT (( #2135 ) ) ;
#519 = EDGE_CURVE ( 'NONE', #1498, #225, #3937, .T. ) ;
#520 = FACE_OUTER_BOUND ( 'NONE', #476, .T. ) ;
#521 = CARTESIAN_POINT ( 'NONE',  ( -2.850000000000000089, -2.850000000000000089, 0.0000000000000000000 ) ) ;
#522 =( GEOMETRIC_REPRESENTATION_CONTEXT ( 3 ) GLOBAL_UNCERTAINTY_ASSIGNED_CONTEXT ( ( #1168 ) ) GLOBAL_UNIT_ASSIGNED_CONTEXT ( ( #557, #4586, #1324 ) ) REPRESENTATION_CONTEXT ( 'NONE', 'WORKASPACE' ) );
#523 = APPLICATION_CONTEXT ( 'automotive_design' ) ;
#524 = PRODUCT_DEFINITION ( 'UNKNOWN', '', #3514, #1485 ) ;
#525 = DIRECTION ( 'NONE',  ( -3.231085104332679983E-15, -1.000000000000000000, 0.0000000000000000000 ) ) ;
#526 = VECTOR ( 'NONE', #4589, 1000.000000000000000 ) ;
#527 = ORIENTED_EDGE ( 'NONE', *, *, #4085, .T. ) ;
#528 = DIRECTION ( 'NONE',  ( 0.0000000000000000000, 0.0000000000000000000, -1.000000000000000000 ) ) ;
#529 = DIRECTION ( 'NONE',  ( 1.000000000000000000, 0.0000000000000000000, 0.0000000000000000000 ) ) ;
#530 = CARTESIAN_POINT ( 'NONE',  ( 2.836092186006223148, -2.418046093003110020, 3.637779991155306814 ) ) ;
#531 = PRESENTATION_STYLE_ASSIGNMENT (( #4606 ) ) ;
#532 = VERTEX_POINT ( 'NONE', #633 ) ;
#533 = LINE ( 'NONE', #4563, #1934 ) ;
#534 = CARTESIAN_POINT ( 'NONE',  ( -2.850000000000000089, 2.850000000000000089, 3.149999999999999911 ) ) ;
#535 = MECHANICAL_DESIGN_GEOMETRIC_PRESENTATION_REPRESENTATION (  '', ( #687 ), #2700 ) ;
#536 = VECTOR ( 'NONE', #1496, 1000.000000000000000 ) ;
#537 = PRESENTATION_LAYER_ASSIGNMENT (  '', '', ( #2193 ) ) ;
#538 = APPLICATION_PROTOCOL_DEFINITION ( 'draft international standard', 'automotive_design', 1998, #306 ) ;
#539 =( LENGTH_UNIT ( ) NAMED_UNIT ( * ) SI_UNIT ( .MILLI., .METRE. ) );
#540 = AXIS2_PLACEMENT_3D ( 'NONE', #5017, #297, #2230 ) ;
#541 = COLOUR_RGB ( '',0.7529411764705882248, 0.7529411764705882248, 0.7529411764705882248 ) ;
#542 = VECTOR ( 'NONE', #1691, 1000.000000000000000 ) ;
#543 = CARTESIAN_POINT ( 'NONE',  ( 1.916515138991160994, 1.958257569495581940, 3.750000000000000444 ) ) ;
#544 = LINE ( 'NONE', #78, #4661 ) ;
#545 = CARTESIAN_POINT ( 'NONE',  ( 3.249999999999998668, -2.608218829166499830, 0.9000000000000000222 ) ) ;
#546 = AXIS2_PLACEMENT_3D ( 'NONE', #5218, #2737, #2028 ) ;
#547 = CARTESIAN_POINT ( 'NONE',  ( 3.249999999999998668, 2.241781170833500259, 1.000000000000000000 ) ) ;
#548 = MECHANICAL_DESIGN_GEOMETRIC_PRESENTATION_REPRESENTATION (  '', ( #5165 ), #1389 ) ;
#549 = PRODUCT ( '11', '11', '', ( #4838 ) ) ;
#550 = UNCERTAINTY_MEASURE_WITH_UNIT (LENGTH_MEASURE( 1.000000000000000082E-05 ), #2055, 'distance_accuracy_value', 'NONE');
#551 = PRESENTATION_LAYER_ASSIGNMENT (  '', '', ( #2809 ) ) ;
#552 = ADVANCED_FACE ( 'NONE', ( #2242 ), #1532, .F. ) ;
#553 = EDGE_CURVE ( 'NONE', #2087, #1352, #2387, .T. ) ;
#554 = ORIENTED_EDGE ( 'NONE', *, *, #2168, .T. ) ;
#555 =( NAMED_UNIT ( * ) SI_UNIT ( $, .STERADIAN. ) SOLID_ANGLE_UNIT ( ) );
#556 = DIRECTION ( 'NONE',  ( -3.231085104332679983E-15, -1.000000000000000000, 0.0000000000000000000 ) ) ;
#557 =( LENGTH_UNIT ( ) NAMED_UNIT ( * ) SI_UNIT ( .MILLI., .METRE. ) );
#558 = DIRECTION ( 'NONE',  ( -1.000000000000000000, -0.0000000000000000000, 0.0000000000000000000 ) ) ;
#559 = CARTESIAN_POINT ( 'NONE',  ( -3.250000000000000000, 2.591781170833500347, 0.9000000000000000222 ) ) ;
#560 = VERTEX_POINT ( 'NONE', #477 ) ;
#561 = CARTESIAN_POINT ( 'NONE',  ( 0.0000000000000000000, 3.000000000000000000, 0.0000000000000000000 ) ) ;
#562 =( NAMED_UNIT ( * ) PLANE_ANGLE_UNIT ( ) SI_UNIT ( $, .RADIAN. ) );
#563 = ORIENTED_EDGE ( 'NONE', *, *, #929, .F. ) ;
#564 = ITEM_DEFINED_TRANSFORMATION ( 'NONE', 'NONE', #1918,  #1907 ) ;
#565 = SURFACE_STYLE_FILL_AREA ( #1223 ) ;
#566 =( NAMED_UNIT ( * ) PLANE_ANGLE_UNIT ( ) SI_UNIT ( $, .RADIAN. ) );
#567 = DIRECTION ( 'NONE',  ( 0.0000000000000000000, 0.0000000000000000000, 1.000000000000000000 ) ) ;
#568 = SURFACE_STYLE_USAGE ( .BOTH. , #594 ) ;
#569 = DIRECTION ( 'NONE',  ( 0.0000000000000000000, -0.0000000000000000000, -1.000000000000000000 ) ) ;
#570 = CARTESIAN_POINT ( 'NONE',  ( 3.000000000000000000, -2.258218829166500186, 1.000000000000000000 ) ) ;
#571 = DIRECTION ( 'NONE',  ( -0.0000000000000000000, -0.0000000000000000000, -1.000000000000000000 ) ) ;
#572 = ORIENTED_EDGE ( 'NONE', *, *, #4209, .T. ) ;
#573 = PRESENTATION_LAYER_ASSIGNMENT (  '', '', ( #2149 ) ) ;
#574 = EDGE_CURVE ( 'NONE', #2070, #2216, #35, .T. ) ;
#575 = CARTESIAN_POINT ( 'NONE',  ( 2.000000000000000888, -2.418046093003111352, 3.637779991155306369 ) ) ;
#576 = PRESENTATION_LAYER_ASSIGNMENT (  '', '', ( #3347 ) ) ;
#577 = ORIENTED_EDGE ( 'NONE', *, *, #4638, .T. ) ;
#578 = AXIS2_PLACEMENT_3D ( 'NONE', #545, #181, #4196 ) ;
#579 = DIRECTION ( 'NONE',  ( -0.0000000000000000000, -1.000000000000000000, -0.0000000000000000000 ) ) ;
#580 = ADVANCED_FACE ( 'NONE', ( #4374 ), #1631, .F. ) ;
#581 = PRODUCT_RELATED_PRODUCT_CATEGORY ( 'part', '', ( #2510 ) ) ;
#582 = PRESENTATION_LAYER_ASSIGNMENT (  '', '', ( #4198 ) ) ;
#583 =( GEOMETRIC_REPRESENTATION_CONTEXT ( 3 ) GLOBAL_UNCERTAINTY_ASSIGNED_CONTEXT ( ( #1125 ) ) GLOBAL_UNIT_ASSIGNED_CONTEXT ( ( #4601, #4224, #40 ) ) REPRESENTATION_CONTEXT ( 'NONE', 'WORKASPACE' ) );
#584 =( LENGTH_UNIT ( ) NAMED_UNIT ( * ) SI_UNIT ( .MILLI., .METRE. ) );
#585 = MECHANICAL_DESIGN_GEOMETRIC_PRESENTATION_REPRESENTATION (  '', ( #4886 ), #1349 ) ;
#586 = ORIENTED_EDGE ( 'NONE', *, *, #3246, .F. ) ;
#587 =( REPRESENTATION_RELATIONSHIP ('NONE','NONE', #302, #3169 ) REPRESENTATION_RELATIONSHIP_WITH_TRANSFORMATION ( #3348 )SHAPE_REPRESENTATION_RELATIONSHIP( ) );
#588 = AXIS2_PLACEMENT_3D ( 'NONE', #776, #2, #3576 ) ;
#589 = UNCERTAINTY_MEASURE_WITH_UNIT (LENGTH_MEASURE( 1.000000000000000082E-05 ), #5127, 'distance_accuracy_value', 'NONE');
#590 = FILL_AREA_STYLE ('',( #1058 ) ) ;
#591 = DIRECTION ( 'NONE',  ( 1.000000000000000000, 0.0000000000000000000, -0.0000000000000000000 ) ) ;
#592 = FILL_AREA_STYLE_COLOUR ( '', #4104 ) ;
#593 = ORIENTED_EDGE ( 'NONE', *, *, #81, .F. ) ;
#594 = SURFACE_SIDE_STYLE ('',( #2564 ) ) ;
#595 =( LENGTH_UNIT ( ) NAMED_UNIT ( * ) SI_UNIT ( .MILLI., .METRE. ) );
#596 = CLOSED_SHELL ( 'NONE', ( #1482, #1216, #2227, #2140, #2859, #2110, #5012, #3439, #4573, #1355, #4350, #5209, #3912, #4082 ) ) ;
#597 =( GEOMETRIC_REPRESENTATION_CONTEXT ( 3 ) GLOBAL_UNCERTAINTY_ASSIGNED_CONTEXT ( ( #3066 ) ) GLOBAL_UNIT_ASSIGNED_CONTEXT ( ( #1391, #4674, #1007 ) ) REPRESENTATION_CONTEXT ( 'NONE', 'WORKASPACE' ) );
#598 = DIRECTION ( 'NONE',  ( 1.000000000000000000, 0.0000000000000000000, 0.0000000000000000000 ) ) ;
#599 = ORIENTED_EDGE ( 'NONE', *, *, #2338, .T. ) ;
#600 = VECTOR ( 'NONE', #4726, 1000.000000000000000 ) ;
#601 = PRESENTATION_STYLE_ASSIGNMENT (( #625 ) ) ;
#602 = PRESENTATION_STYLE_ASSIGNMENT (( #2662 ) ) ;
#603 = SURFACE_SIDE_STYLE ('',( #3704 ) ) ;
#604 = SURFACE_STYLE_FILL_AREA ( #92 ) ;
#605 = STYLED_ITEM ( 'NONE', ( #254 ), #483 ) ;
#606 = AXIS2_PLACEMENT_3D ( 'NONE', #3962, #358, #2145 ) ;
#607 = ORIENTED_EDGE ( 'NONE', *, *, #3845, .T. ) ;
#608 = ORIENTED_EDGE ( 'NONE', *, *, #2308, .F. ) ;
#609 = CARTESIAN_POINT ( 'NONE',  ( -3.750000000000000000, -1.908218829166499875, 0.4000000000000000222 ) ) ;
#610 = CARTESIAN_POINT ( 'NONE',  ( -2.083484861008840117, -2.041742430504420724, 3.749999999999999556 ) ) ;
#611 = EDGE_CURVE ( 'NONE', #1890, #2465, #4403, .T. ) ;
#612 = EDGE_CURVE ( 'NONE', #3804, #1192, #3671, .T. ) ;
#613 = ORIENTED_EDGE ( 'NONE', *, *, #2011, .T. ) ;
#614 = COLOUR_RGB ( '',0.0000000000000000000, 0.0000000000000000000, 0.0000000000000000000 ) ;
#615 = CIRCLE ( 'NONE', #2551, 0.1000000000000000472 ) ;
#616 = FACE_OUTER_BOUND ( 'NONE', #677, .T. ) ;
#617 = EDGE_LOOP ( 'NONE', ( #4662, #689, #4477, #41 ) ) ;
#618 =( NAMED_UNIT ( * ) SI_UNIT ( $, .STERADIAN. ) SOLID_ANGLE_UNIT ( ) );
#619 = CIRCLE ( 'NONE', #2550, 0.3999999999999997446 ) ;
#620 =( NAMED_UNIT ( * ) SI_UNIT ( $, .STERADIAN. ) SOLID_ANGLE_UNIT ( ) );
#621 = COLOUR_RGB ( '',0.7529411764705882248, 0.7529411764705882248, 0.7529411764705882248 ) ;
#622 = PRESENTATION_STYLE_ASSIGNMENT (( #2182 ) ) ;
#623 = DIRECTION ( 'NONE',  ( -1.000000000000000000, 0.0000000000000000000, -0.0000000000000000000 ) ) ;
#624 = DIRECTION ( 'NONE',  ( 1.000000000000000000, -3.231085104332679983E-15, 0.0000000000000000000 ) ) ;
#625 = SURFACE_STYLE_USAGE ( .BOTH. , #214 ) ;
#626 = MECHANICAL_DESIGN_GEOMETRIC_PRESENTATION_REPRESENTATION (  '', ( #194 ), #3895 ) ;
#627 =( NAMED_UNIT ( * ) SI_UNIT ( $, .STERADIAN. ) SOLID_ANGLE_UNIT ( ) );
#628 = FILL_AREA_STYLE_COLOUR ( '', #1283 ) ;
#629 = SURFACE_SIDE_STYLE ('',( #3014 ) ) ;
#630 = DIRECTION ( 'NONE',  ( 0.0000000000000000000, 0.0000000000000000000, 1.000000000000000000 ) ) ;
#631 = ORIENTED_EDGE ( 'NONE', *, *, #3946, .F. ) ;
#632 = EDGE_LOOP ( 'NONE', ( #2744, #463, #1870, #3417 ) ) ;
#633 = CARTESIAN_POINT ( 'NONE',  ( -3.649999999999999911, -2.608218829166499830, 0.3999999999999999667 ) ) ;
#634 = DIRECTION ( 'NONE',  ( 1.000000000000000000, -0.0000000000000000000, 0.0000000000000000000 ) ) ;
#635 = DIRECTION ( 'NONE',  ( -0.0000000000000000000, -0.0000000000000000000, -1.000000000000000000 ) ) ;
#636 =( NAMED_UNIT ( * ) PLANE_ANGLE_UNIT ( ) SI_UNIT ( $, .RADIAN. ) );
#637 = ORIENTED_EDGE ( 'NONE', *, *, #4766, .F. ) ;
#638 = ADVANCED_FACE ( 'NONE', ( #813 ), #2040, .F. ) ;
#639 = EDGE_CURVE ( 'NONE', #415, #1014, #1712, .T. ) ;
#640 = CARTESIAN_POINT ( 'NONE',  ( -3.649999999999999911, -1.908218829166499875, 0.3999999999999999667 ) ) ;
#641 = PRESENTATION_STYLE_ASSIGNMENT (( #2222 ) ) ;
#642 =( LENGTH_UNIT ( ) NAMED_UNIT ( * ) SI_UNIT ( .MILLI., .METRE. ) );
#643 = DIRECTION ( 'NONE',  ( 0.0000000000000000000, 0.0000000000000000000, 1.000000000000000000 ) ) ;
#644 = EDGE_CURVE ( 'NONE', #2871, #1498, #1189, .T. ) ;
#645 = UNCERTAINTY_MEASURE_WITH_UNIT (LENGTH_MEASURE( 1.000000000000000082E-05 ), #2658, 'distance_accuracy_value', 'NONE');
#646 = SURFACE_STYLE_FILL_AREA ( #2295 ) ;
#647 = SURFACE_SIDE_STYLE ('',( #2641 ) ) ;
#648 = CARTESIAN_POINT ( 'NONE',  ( 3.749999999999996447, 1.891781170833500392, 0.3000000000000000444 ) ) ;
#649 = ORIENTED_EDGE ( 'NONE', *, *, #351, .T. ) ;
#650 = ORIENTED_EDGE ( 'NONE', *, *, #275, .T. ) ;
#651 = CARTESIAN_POINT ( 'NONE',  ( 1.750000000000000000, 0.0000000000000000000, 3.449999999999999734 ) ) ;
#652 = CARTESIAN_POINT ( 'NONE',  ( 4.500000000000000888, 2.591781170833500347, 0.0000000000000000000 ) ) ;
#653 = ORIENTED_EDGE ( 'NONE', *, *, #2201, .T. ) ;
#654 = FILL_AREA_STYLE_COLOUR ( '', #2804 ) ;
#655 = PRODUCT_DEFINITION_FORMATION_WITH_SPECIFIED_SOURCE ( 'ANY', '', #2843, .NOT_KNOWN. ) ;
#656 = SURFACE_STYLE_FILL_AREA ( #1083 ) ;
#657 = CARTESIAN_POINT ( 'NONE',  ( -3.000000000000000000, 2.850000000000000089, 0.0000000000000000000 ) ) ;
#658 = ORIENTED_EDGE ( 'NONE', *, *, #177, .F. ) ;
#659 = ADVANCED_FACE ( 'NONE', ( #4084 ), #1737, .T. ) ;
#660 = PRESENTATION_LAYER_ASSIGNMENT (  '', '', ( #4883 ) ) ;
#661 = CARTESIAN_POINT ( 'NONE',  ( 0.0000000000000000000, 0.0000000000000000000, 0.0000000000000000000 ) ) ;
#662 = DIRECTION ( 'NONE',  ( 0.0000000000000000000, 0.0000000000000000000, -1.000000000000000000 ) ) ;
#663 =( LENGTH_UNIT ( ) NAMED_UNIT ( * ) SI_UNIT ( .MILLI., .METRE. ) );
#664 = AXIS2_PLACEMENT_3D ( 'NONE', #4800, #4405, #2390 ) ;
#665 = STYLED_ITEM ( 'NONE', ( #4483 ), #1025 ) ;
#666 = FILL_AREA_STYLE_COLOUR ( '', #2792 ) ;
#667 = CARTESIAN_POINT ( 'NONE',  ( -3.000000000000000000, 0.0000000000000000000, 3.449999999999999734 ) ) ;
#668 = ADVANCED_FACE ( '2', ( #3372 ), #4512, .T. ) ;
#669 = PRESENTATION_LAYER_ASSIGNMENT (  '', '', ( #4288 ) ) ;
#670 =( NAMED_UNIT ( * ) PLANE_ANGLE_UNIT ( ) SI_UNIT ( $, .RADIAN. ) );
#671 = FILL_AREA_STYLE ('',( #215 ) ) ;
#672 =( GEOMETRIC_REPRESENTATION_CONTEXT ( 3 ) GLOBAL_UNCERTAINTY_ASSIGNED_CONTEXT ( ( #1697 ) ) GLOBAL_UNIT_ASSIGNED_CONTEXT ( ( #355, #28, #3201 ) ) REPRESENTATION_CONTEXT ( 'NONE', 'WORKASPACE' ) );
#673 = DIRECTION ( 'NONE',  ( -1.000000000000000000, 0.0000000000000000000, -0.0000000000000000000 ) ) ;
#674 = CARTESIAN_POINT ( 'NONE',  ( -1.649999999999999911, 3.299999999999999822, 4.299999999999999822 ) ) ;
#675 = VERTEX_POINT ( 'NONE', #1682 ) ;
#676 = AXIS2_PLACEMENT_3D ( 'NONE', #3526, #2492, #295 ) ;
#677 = EDGE_LOOP ( 'NONE', ( #4672, #5025, #3239, #1185, #4510, #2919, #4643, #3762, #2368, #786, #4780, #3774 ) ) ;
#678 = CARTESIAN_POINT ( 'NONE',  ( -2.000000000000000000, -2.000000000000000000, 3.449999999999999734 ) ) ;
#679 =( GEOMETRIC_REPRESENTATION_CONTEXT ( 3 ) GLOBAL_UNCERTAINTY_ASSIGNED_CONTEXT ( ( #5122 ) ) GLOBAL_UNIT_ASSIGNED_CONTEXT ( ( #2747, #1236, #3652 ) ) REPRESENTATION_CONTEXT ( 'NONE', 'WORKASPACE' ) );
#680 =( GEOMETRIC_REPRESENTATION_CONTEXT ( 3 ) GLOBAL_UNCERTAINTY_ASSIGNED_CONTEXT ( ( #1114 ) ) GLOBAL_UNIT_ASSIGNED_CONTEXT ( ( #2362, #1635, #2778 ) ) REPRESENTATION_CONTEXT ( 'NONE', 'WORKASPACE' ) );
#681 = APPLICATION_CONTEXT ( 'automotive_design' ) ;
#682 = CARTESIAN_POINT ( 'NONE',  ( -2.000000000000000000, -1.958257569495580608, 3.750000000000000000 ) ) ;
#683 = EDGE_LOOP ( 'NONE', ( #1097, #2072, #5072, #2053 ) ) ;
#684 = STYLED_ITEM ( 'NONE', ( #4169 ), #659 ) ;
#685 = VECTOR ( 'NONE', #634, 1000.000000000000000 ) ;
#686 = DIRECTION ( 'NONE',  ( 0.0000000000000000000, 1.000000000000000000, 0.0000000000000000000 ) ) ;
#687 = STYLED_ITEM ( 'NONE', ( #255 ), #4382 ) ;
#688 = DIRECTION ( 'NONE',  ( 0.0000000000000000000, 1.000000000000000000, 0.0000000000000000000 ) ) ;
#689 = ORIENTED_EDGE ( 'NONE', *, *, #16, .F. ) ;
#690 =( NAMED_UNIT ( * ) PLANE_ANGLE_UNIT ( ) SI_UNIT ( $, .RADIAN. ) );
#691 = UNCERTAINTY_MEASURE_WITH_UNIT (LENGTH_MEASURE( 1.000000000000000082E-05 ), #713, 'distance_accuracy_value', 'NONE');
#692 = DIRECTION ( 'NONE',  ( 0.0000000000000000000, -1.000000000000000000, 0.0000000000000000000 ) ) ;
#693 = CARTESIAN_POINT ( 'NONE',  ( 3.750000000000000000, 3.362671756250250166, 0.4000000000000000222 ) ) ;
#694 = LINE ( 'NONE', #667, #73 ) ;
#695 = STYLED_ITEM ( 'NONE', ( #5069 ), #2784 ) ;
#696 = ORIENTED_EDGE ( 'NONE', *, *, #1815, .F. ) ;
#697 = SURFACE_STYLE_FILL_AREA ( #3202 ) ;
#698 = SURFACE_STYLE_FILL_AREA ( #1847 ) ;
#699 =( LENGTH_UNIT ( ) NAMED_UNIT ( * ) SI_UNIT ( .MILLI., .METRE. ) );
#700 =( LENGTH_UNIT ( ) NAMED_UNIT ( * ) SI_UNIT ( .MILLI., .METRE. ) );
#701 = STYLED_ITEM ( 'NONE', ( #622 ), #2110 ) ;
#702 = ADVANCED_FACE ( 'NONE', ( #3299 ), #899, .F. ) ;
#703 = EDGE_CURVE ( 'NONE', #4769, #3042, #4957, .T. ) ;
#704 =( GEOMETRIC_REPRESENTATION_CONTEXT ( 3 ) GLOBAL_UNCERTAINTY_ASSIGNED_CONTEXT ( ( #3636 ) ) GLOBAL_UNIT_ASSIGNED_CONTEXT ( ( #1443, #2640, #627 ) ) REPRESENTATION_CONTEXT ( 'NONE', 'WORKASPACE' ) );
#705 = AXIS2_PLACEMENT_3D ( 'NONE', #4517, #978, #887 ) ;
#706 = ORIENTED_EDGE ( 'NONE', *, *, #1601, .F. ) ;
#707 =( GEOMETRIC_REPRESENTATION_CONTEXT ( 3 ) GLOBAL_UNCERTAINTY_ASSIGNED_CONTEXT ( ( #3384 ) ) GLOBAL_UNIT_ASSIGNED_CONTEXT ( ( #930, #514, #3351 ) ) REPRESENTATION_CONTEXT ( 'NONE', 'WORKASPACE' ) );
#708 = CONTEXT_DEPENDENT_SHAPE_REPRESENTATION ( #4010, #788 ) ;
#709 = LINE ( 'NONE', #5129, #1187 ) ;
#710 = FILL_AREA_STYLE_COLOUR ( '', #1165 ) ;
#711 = DIRECTION ( 'NONE',  ( -3.231085104332679983E-15, -1.000000000000000000, 0.0000000000000000000 ) ) ;
#712 = ORIENTED_EDGE ( 'NONE', *, *, #3754, .T. ) ;
#713 =( LENGTH_UNIT ( ) NAMED_UNIT ( * ) SI_UNIT ( .MILLI., .METRE. ) );
#714 = CARTESIAN_POINT ( 'NONE',  ( -1.999999999999999556, 2.500000000000000444, 3.449999999999999734 ) ) ;
#715 = EDGE_LOOP ( 'NONE', ( #4046, #4109, #4187, #4669, #2745, #1905, #1374, #649, #1600, #1435, #1987, #1857 ) ) ;
#716 = LINE ( 'NONE', #3921, #4559 ) ;
#717 = DIRECTION ( 'NONE',  ( 1.000000000000000000, 0.0000000000000000000, 0.0000000000000000000 ) ) ;
#718 = SURFACE_SIDE_STYLE ('',( #4839 ) ) ;
#719 = DIRECTION ( 'NONE',  ( -1.000000000000000000, 0.0000000000000000000, -0.0000000000000000000 ) ) ;
#720 = DIRECTION ( 'NONE',  ( 0.0000000000000000000, 0.0000000000000000000, -1.000000000000000000 ) ) ;
#721 = DIRECTION ( 'NONE',  ( -1.000000000000000000, -0.0000000000000000000, 0.0000000000000000000 ) ) ;
#722 = PLANE ( 'NONE',  #2836 ) ;
#723 =( NAMED_UNIT ( * ) SI_UNIT ( $, .STERADIAN. ) SOLID_ANGLE_UNIT ( ) );
#724 = DIRECTION ( 'NONE',  ( 0.0000000000000000000, 1.000000000000000000, 0.0000000000000000000 ) ) ;
#725 = ORIENTED_EDGE ( 'NONE', *, *, #4701, .T. ) ;
#726 = EDGE_LOOP ( 'NONE', ( #1629, #4232, #4617, #401 ) ) ;
#727 = EDGE_CURVE ( 'NONE', #3508, #2570, #4260, .T. ) ;
#728 =( NAMED_UNIT ( * ) SI_UNIT ( $, .STERADIAN. ) SOLID_ANGLE_UNIT ( ) );
#729 = DIRECTION ( 'NONE',  ( 1.000000000000000000, 0.0000000000000000000, -0.0000000000000000000 ) ) ;
#730 = CARTESIAN_POINT ( 'NONE',  ( -2.493254395993284689, 1.753372802003358766, 3.749999999999998668 ) ) ;
#731 = ADVANCED_BREP_SHAPE_REPRESENTATION ( '', ( #33, #1907 ), #1426 ) ;
#732 = CARTESIAN_POINT ( 'NONE',  ( 3.250000000000000000, 2.241781170833500259, 0.9000000000000000222 ) ) ;
#733 = CARTESIAN_POINT ( 'NONE',  ( 3.350000000000000089, -2.608218829166498054, 0.0000000000000000000 ) ) ;
#734 = EDGE_LOOP ( 'NONE', ( #2733, #5164, #1308, #2989, #1681, #3460, #4712, #2364 ) ) ;
#735 = EDGE_CURVE ( 'NONE', #1879, #2570, #174, .T. ) ;
#736 = PRESENTATION_LAYER_ASSIGNMENT (  '', '', ( #1903 ) ) ;
#737 = PRESENTATION_STYLE_ASSIGNMENT (( #4355 ) ) ;
#738 = PRODUCT_DEFINITION_SHAPE ( 'NONE', 'NONE',  #3918 ) ;
#739 = SURFACE_STYLE_USAGE ( .BOTH. , #1992 ) ;
#740 = VERTEX_POINT ( 'NONE', #4611 ) ;
#741 = LINE ( 'NONE', #2839, #1098 ) ;
#742 =( NAMED_UNIT ( * ) PLANE_ANGLE_UNIT ( ) SI_UNIT ( $, .RADIAN. ) );
#743 =( LENGTH_UNIT ( ) NAMED_UNIT ( * ) SI_UNIT ( .MILLI., .METRE. ) );
#744 = MECHANICAL_DESIGN_GEOMETRIC_PRESENTATION_REPRESENTATION (  '', ( #2840 ), #2929 ) ;
#745 = DIRECTION ( 'NONE',  ( 0.0000000000000000000, 0.0000000000000000000, 1.000000000000000000 ) ) ;
#746 = STYLED_ITEM ( 'NONE', ( #3595 ), #828 ) ;
#747 = CARTESIAN_POINT ( 'NONE',  ( 0.0000000000000000000, 0.0000000000000000000, 3.449999999999999734 ) ) ;
#748 = PRODUCT_DEFINITION_FORMATION_WITH_SPECIFIED_SOURCE ( 'ANY', '', #2378, .NOT_KNOWN. ) ;
#749 = LINE ( 'NONE', #3, #1843 ) ;
#750 = SURFACE_STYLE_FILL_AREA ( #1146 ) ;
#751 = DIRECTION ( 'NONE',  ( 0.0000000000000000000, 0.0000000000000000000, 1.000000000000000000 ) ) ;
#752 = SURFACE_STYLE_USAGE ( .BOTH. , #3093 ) ;
#753 = CARTESIAN_POINT ( 'NONE',  ( 0.0000000000000000000, 0.0000000000000000000, 0.2999999999999999889 ) ) ;
#754 = UNCERTAINTY_MEASURE_WITH_UNIT (LENGTH_MEASURE( 1.000000000000000082E-05 ), #3340, 'distance_accuracy_value', 'NONE');
#755 = FACE_OUTER_BOUND ( 'NONE', #372, .T. ) ;
#756 = ORIENTED_EDGE ( 'NONE', *, *, #2918, .F. ) ;
#757 = EDGE_LOOP ( 'NONE', ( #1475, #1759, #1396, #4354 ) ) ;
#758 = PRESENTATION_STYLE_ASSIGNMENT (( #334 ) ) ;
#759 = SURFACE_STYLE_FILL_AREA ( #1561 ) ;
#760 = PLANE ( 'NONE',  #937 ) ;
#761 = LINE ( 'NONE', #451, #3935 ) ;
#762 = SURFACE_SIDE_STYLE ('',( #3059 ) ) ;
#763 =( GEOMETRIC_REPRESENTATION_CONTEXT ( 3 ) GLOBAL_UNCERTAINTY_ASSIGNED_CONTEXT ( ( #909 ) ) GLOBAL_UNIT_ASSIGNED_CONTEXT ( ( #4038, #3534, #1550 ) ) REPRESENTATION_CONTEXT ( 'NONE', 'WORKASPACE' ) );
#764 =( GEOMETRIC_REPRESENTATION_CONTEXT ( 3 ) GLOBAL_UNCERTAINTY_ASSIGNED_CONTEXT ( ( #4548 ) ) GLOBAL_UNIT_ASSIGNED_CONTEXT ( ( #263, #1463, #618 ) ) REPRESENTATION_CONTEXT ( 'NONE', 'WORKASPACE' ) );
#765 = CARTESIAN_POINT ( 'NONE',  ( 3.350000000000001421, -1.908218829166499875, 0.0000000000000000000 ) ) ;
#766 = ORIENTED_EDGE ( 'NONE', *, *, #5019, .T. ) ;
#767 = COLOUR_RGB ( '',0.7529411764705882248, 0.7529411764705882248, 0.7529411764705882248 ) ;
#768 = COLOUR_RGB ( '',0.0000000000000000000, 0.0000000000000000000, 0.0000000000000000000 ) ;
#769 = ADVANCED_FACE ( 'NONE', ( #4191 ), #3021, .T. ) ;
#770 = CARTESIAN_POINT ( 'NONE',  ( -2.000000000000000444, 1.958257569495583716, 3.250000000000000000 ) ) ;
#771 = STYLED_ITEM ( 'NONE', ( #3210 ), #580 ) ;
#772 = VECTOR ( 'NONE', #3505, 1000.000000000000000 ) ;
#773 = ORIENTED_EDGE ( 'NONE', *, *, #46, .F. ) ;
#774 = DIRECTION ( 'NONE',  ( 1.000000000000000000, 0.0000000000000000000, 0.0000000000000000000 ) ) ;
#775 = CARTESIAN_POINT ( 'NONE',  ( -4.500000000000000000, -1.908218829166499875, 0.0000000000000000000 ) ) ;
#776 = CARTESIAN_POINT ( 'NONE',  ( 0.0000000000000000000, 0.0000000000000000000, 3.449999999999999734 ) ) ;
#777 = LINE ( 'NONE', #3989, #4037 ) ;
#778 = PRESENTATION_LAYER_ASSIGNMENT (  '', '', ( #4406 ) ) ;
#779 = CARTESIAN_POINT ( 'NONE',  ( 3.749999999999997335, 2.591781170833499015, 0.4000000000000000222 ) ) ;
#780 = SURFACE_STYLE_USAGE ( .BOTH. , #4399 ) ;
#781 = PRESENTATION_LAYER_ASSIGNMENT (  '', '', ( #2286 ) ) ;
#782 = CARTESIAN_POINT ( 'NONE',  ( -3.500000000000000000, 2.241781170833500259, 1.000000000000000000 ) ) ;
#783 = VERTEX_POINT ( 'NONE', #5103 ) ;
#784 = MECHANICAL_DESIGN_GEOMETRIC_PRESENTATION_REPRESENTATION (  '', ( #1204 ), #4226 ) ;
#785 = APPLICATION_CONTEXT ( 'automotive_design' ) ;
#786 = ORIENTED_EDGE ( 'NONE', *, *, #4178, .T. ) ;
#787 = STYLED_ITEM ( 'NONE', ( #2436 ), #2819 ) ;
#788 = PRODUCT_DEFINITION_SHAPE ( 'NONE', 'NONE',  #5225 ) ;
#789 = AXIS2_PLACEMENT_3D ( 'NONE', #3689, #4542, #1314 ) ;
#790 =( NAMED_UNIT ( * ) SI_UNIT ( $, .STERADIAN. ) SOLID_ANGLE_UNIT ( ) );
#791 = FILL_AREA_STYLE_COLOUR ( '', #4166 ) ;
#792 = FACE_OUTER_BOUND ( 'NONE', #5008, .T. ) ;
#793 = ORIENTED_EDGE ( 'NONE', *, *, #1763, .F. ) ;
#794 = VECTOR ( 'NONE', #2058, 1000.000000000000000 ) ;
#795 =( NAMED_UNIT ( * ) SI_UNIT ( $, .STERADIAN. ) SOLID_ANGLE_UNIT ( ) );
#796 = SURFACE_SIDE_STYLE ('',( #4808 ) ) ;
#797 = ORIENTED_EDGE ( 'NONE', *, *, #1577, .T. ) ;
#798 = EDGE_CURVE ( 'NONE', #3678, #4332, #3766, .T. ) ;
#799 = APPLICATION_PROTOCOL_DEFINITION ( 'draft international standard', 'automotive_design', 1998, #681 ) ;
#800 = EDGE_CURVE ( 'NONE', #2358, #1616, #1351, .T. ) ;
#801 =( NAMED_UNIT ( * ) PLANE_ANGLE_UNIT ( ) SI_UNIT ( $, .RADIAN. ) );
#802 =( NAMED_UNIT ( * ) SI_UNIT ( $, .STERADIAN. ) SOLID_ANGLE_UNIT ( ) );
#803 = UNCERTAINTY_MEASURE_WITH_UNIT (LENGTH_MEASURE( 1.000000000000000082E-05 ), #3496, 'distance_accuracy_value', 'NONE');
#804 = DIRECTION ( 'NONE',  ( 0.0000000000000000000, 0.0000000000000000000, -1.000000000000000000 ) ) ;
#805 = EDGE_CURVE ( 'NONE', #1160, #4566, #3684, .T. ) ;
#806 =( NAMED_UNIT ( * ) PLANE_ANGLE_UNIT ( ) SI_UNIT ( $, .RADIAN. ) );
#807 = CARTESIAN_POINT ( 'NONE',  ( 2.850000000000000089, 2.850000000000000089, 3.449999999999999734 ) ) ;
#808 = FACE_OUTER_BOUND ( 'NONE', #315, .T. ) ;
#809 = UNCERTAINTY_MEASURE_WITH_UNIT (LENGTH_MEASURE( 1.000000000000000082E-05 ), #1135, 'distance_accuracy_value', 'NONE');
#810 = CARTESIAN_POINT ( 'NONE',  ( -1.999999999999996003, -2.418046093003111352, 3.637779991155306369 ) ) ;
#811 = ORIENTED_EDGE ( 'NONE', *, *, #2264, .T. ) ;
#812 = EDGE_LOOP ( 'NONE', ( #4663, #2999, #5133, #1476 ) ) ;
#813 = FACE_OUTER_BOUND ( 'NONE', #2860, .T. ) ;
#814 = CARTESIAN_POINT ( 'NONE',  ( -3.250000000000000000, -2.258218829166500186, 0.9000000000000000222 ) ) ;
#815 = CARTESIAN_POINT ( 'NONE',  ( -2.000000000000000000, 2.500000000000000000, 3.449999999999999734 ) ) ;
#816 = CARTESIAN_POINT ( 'NONE',  ( 2.000000000000000000, 2.041742430504419392, 3.750000000000000000 ) ) ;
#817 = LINE ( 'NONE', #4827, #2162 ) ;
#818 = LINE ( 'NONE', #4801, #1707 ) ;
#819 =( BOUNDED_SURFACE ( )  B_SPLINE_SURFACE ( 3, 3, ( 
 ( #1227, #3642, #4339, #3926 ),
 ( #2537, #111, #1693, #3332 ),
 ( #4066, #3692, #4122, #933 ),
 ( #3354, #52, #4174, #2507 ) ),
 .UNSPECIFIED., .F., .F., .T. ) 
 B_SPLINE_SURFACE_WITH_KNOTS ( ( 4, 4 ),
 ( 4, 4 ),
 ( 0.0000000000000000000, 1.000000000000000000 ),
 ( 0.0000000000000000000, 1.000000000000000000 ),
 .UNSPECIFIED. ) 
 GEOMETRIC_REPRESENTATION_ITEM ( )  RATIONAL_B_SPLINE_SURFACE ( (
 ( 1.000000000000000000, 0.3333333333333334259, 0.3333333333333334259, 1.000000000000000000),
 ( 0.8047378541243649375, 0.2682459513747884050, 0.2682459513747884050, 0.8047378541243649375),
 ( 0.8047378541243649375, 0.2682459513747884050, 0.2682459513747884050, 0.8047378541243649375),
 ( 1.000000000000000000, 0.3333333333333334259, 0.3333333333333334259, 1.000000000000000000) ) ) 
 REPRESENTATION_ITEM ( '' )  SURFACE ( )  );
#820 = CARTESIAN_POINT ( 'NONE',  ( 3.649999999999999911, 2.241781170833500259, 0.1499999999999999944 ) ) ;
#821 = ORIENTED_EDGE ( 'NONE', *, *, #1155, .T. ) ;
#822 = FILL_AREA_STYLE ('',( #2786 ) ) ;
#823 = ORIENTED_EDGE ( 'NONE', *, *, #2756, .T. ) ;
#824 = APPLICATION_PROTOCOL_DEFINITION ( 'draft international standard', 'automotive_design', 1998, #523 ) ;
#825 = SURFACE_STYLE_USAGE ( .BOTH. , #4360 ) ;
#826 =( GEOMETRIC_REPRESENTATION_CONTEXT ( 3 ) GLOBAL_UNCERTAINTY_ASSIGNED_CONTEXT ( ( #378 ) ) GLOBAL_UNIT_ASSIGNED_CONTEXT ( ( #3223, #104, #3662 ) ) REPRESENTATION_CONTEXT ( 'NONE', 'WORKASPACE' ) );
#827 = PLANE ( 'NONE',  #2974 ) ;
#828 = ADVANCED_FACE ( 'NONE', ( #792 ), #1159, .F. ) ;
#829 = CARTESIAN_POINT ( 'NONE',  ( -3.000000000000000444, 2.591781170833500347, 1.000000000000000000 ) ) ;
#830 = SURFACE_STYLE_FILL_AREA ( #4443 ) ;
#831 = VECTOR ( 'NONE', #3494, 1000.000000000000000 ) ;
#832 = CARTESIAN_POINT ( 'NONE',  ( 2.000000000000000000, 1.958257569495580608, 3.750000000000000000 ) ) ;
#833 = DIRECTION ( 'NONE',  ( 0.0000000000000000000, 0.0000000000000000000, 1.000000000000000000 ) ) ;
#834 = AXIS2_PLACEMENT_3D ( 'NONE', #3488, #1887, #2444 ) ;
#835 = EDGE_CURVE ( 'NONE', #2007, #2358, #2016, .T. ) ;
#836 = CARTESIAN_POINT ( 'NONE',  ( -2.000000000000000000, 2.041742430504419392, 3.750000000000000000 ) ) ;
#837 = UNCERTAINTY_MEASURE_WITH_UNIT (LENGTH_MEASURE( 1.000000000000000082E-05 ), #2927, 'distance_accuracy_value', 'NONE');
#838 = ORIENTED_EDGE ( 'NONE', *, *, #3785, .T. ) ;
#839 = EDGE_LOOP ( 'NONE', ( #1856, #5082, #4428, #3413 ) ) ;
#840 = MECHANICAL_DESIGN_GEOMETRIC_PRESENTATION_REPRESENTATION (  '', ( #3193 ), #3771 ) ;
#841 = FILL_AREA_STYLE_COLOUR ( '', #3713 ) ;
#842 =( NAMED_UNIT ( * ) SI_UNIT ( $, .STERADIAN. ) SOLID_ANGLE_UNIT ( ) );
#843 = CARTESIAN_POINT ( 'NONE',  ( 0.0000000000000000000, -3.000000000000000000, 0.0000000000000000000 ) ) ;
#844 = DIRECTION ( 'NONE',  ( 0.0000000000000000000, -1.000000000000000000, -0.0000000000000000000 ) ) ;
#845 = CIRCLE ( 'NONE', #5124, 0.5000000000000000000 ) ;
#846 = SURFACE_SIDE_STYLE ('',( #424 ) ) ;
#847 = FACE_OUTER_BOUND ( 'NONE', #1862, .T. ) ;
#848 = ORIENTED_EDGE ( 'NONE', *, *, #1057, .F. ) ;
#849 = CARTESIAN_POINT ( 'NONE',  ( -3.250000000000000000, 2.241781170833500259, 1.300000000000000044 ) ) ;
#850 = MECHANICAL_DESIGN_GEOMETRIC_PRESENTATION_REPRESENTATION (  '', ( #4289 ), #763 ) ;
#851 = MECHANICAL_DESIGN_GEOMETRIC_PRESENTATION_REPRESENTATION (  '', ( #161 ), #4469 ) ;
#852 = DIRECTION ( 'NONE',  ( 0.0000000000000000000, 0.0000000000000000000, 1.000000000000000000 ) ) ;
#853 = ORIENTED_EDGE ( 'NONE', *, *, #3406, .T. ) ;
#854 = VECTOR ( 'NONE', #4665, 1000.000000000000000 ) ;
#855 = SHAPE_DEFINITION_REPRESENTATION ( #313, #1721 ) ;
#856 = CARTESIAN_POINT ( 'NONE',  ( -4.500000000000000000, 1.891781170833499948, 0.0000000000000000000 ) ) ;
#857 = UNCERTAINTY_MEASURE_WITH_UNIT (LENGTH_MEASURE( 1.000000000000000082E-05 ), #4912, 'distance_accuracy_value', 'NONE');
#858 =( GEOMETRIC_REPRESENTATION_CONTEXT ( 3 ) GLOBAL_UNCERTAINTY_ASSIGNED_CONTEXT ( ( #3481 ) ) GLOBAL_UNIT_ASSIGNED_CONTEXT ( ( #2671, #5098, #1268 ) ) REPRESENTATION_CONTEXT ( 'NONE', 'WORKASPACE' ) );
#859 = DIRECTION ( 'NONE',  ( -0.0000000000000000000, -1.000000000000000000, 0.0000000000000000000 ) ) ;
#860 = APPLICATION_CONTEXT ( 'automotive_design' ) ;
#861 = PLANE ( 'NONE',  #588 ) ;
#862 = DIRECTION ( 'NONE',  ( -1.000000000000000000, -0.0000000000000000000, 0.0000000000000000000 ) ) ;
#863 = FACE_OUTER_BOUND ( 'NONE', #362, .T. ) ;
#864 = UNCERTAINTY_MEASURE_WITH_UNIT (LENGTH_MEASURE( 1.000000000000000082E-05 ), #1044, 'distance_accuracy_value', 'NONE');
#865 =( LENGTH_UNIT ( ) NAMED_UNIT ( * ) SI_UNIT ( .MILLI., .METRE. ) );
#866 = SURFACE_SIDE_STYLE ('',( #32 ) ) ;
#867 = ORIENTED_EDGE ( 'NONE', *, *, #3693, .T. ) ;
#868 = COLOUR_RGB ( '',0.7529411764705882248, 0.7529411764705882248, 0.7529411764705882248 ) ;
#869 = ORIENTED_EDGE ( 'NONE', *, *, #3845, .F. ) ;
#870 = DIRECTION ( 'NONE',  ( -0.0000000000000000000, 0.0000000000000000000, 1.000000000000000000 ) ) ;
#871 = FILL_AREA_STYLE ('',( #4479 ) ) ;
#872 = EDGE_CURVE ( 'NONE', #3141, #2924, #1986, .T. ) ;
#873 = EDGE_CURVE ( 'NONE', #1879, #1888, #2311, .T. ) ;
#874 = SURFACE_SIDE_STYLE ('',( #2013 ) ) ;
#875 = PRESENTATION_LAYER_ASSIGNMENT (  '', '', ( #4154 ) ) ;
#876 = PRESENTATION_STYLE_ASSIGNMENT (( #1680 ) ) ;
#877 = VECTOR ( 'NONE', #2231, 1000.000000000000000 ) ;
#878 = COLOUR_RGB ( '',0.0000000000000000000, 0.0000000000000000000, 0.0000000000000000000 ) ;
#879 = FACE_OUTER_BOUND ( 'NONE', #3029, .T. ) ;
#880 = COLOUR_RGB ( '',0.0000000000000000000, 0.0000000000000000000, 0.0000000000000000000 ) ;
#881 = CIRCLE ( 'NONE', #1633, 0.3999999999999999667 ) ;
#882 =( NAMED_UNIT ( * ) SI_UNIT ( $, .STERADIAN. ) SOLID_ANGLE_UNIT ( ) );
#883 = EDGE_LOOP ( 'NONE', ( #5042, #3920 ) ) ;
#884 = COLOUR_RGB ( '',0.7529411764705882248, 0.7529411764705882248, 0.7529411764705882248 ) ;
#885 = LINE ( 'NONE', #2075, #1182 ) ;
#886 = CARTESIAN_POINT ( 'NONE',  ( 2.000000000000000000, 2.041742430504419836, 3.750000000000000000 ) ) ;
#887 = DIRECTION ( 'NONE',  ( 0.0000000000000000000, 0.0000000000000000000, -1.000000000000000000 ) ) ;
#888 = DIRECTION ( 'NONE',  ( 0.0000000000000000000, 1.000000000000000000, 0.0000000000000000000 ) ) ;
#889 = APPLICATION_CONTEXT ( 'automotive_design' ) ;
#890 = SURFACE_STYLE_USAGE ( .BOTH. , #3360 ) ;
#891 = VERTEX_POINT ( 'NONE', #3517 ) ;
#892 = CARTESIAN_POINT ( 'NONE',  ( -3.750000000000000000, -3.379109414583250093, 0.4000000000000000222 ) ) ;
#893 = PRESENTATION_STYLE_ASSIGNMENT (( #121 ) ) ;
#894 = CARTESIAN_POINT ( 'NONE',  ( -2.000000000000000000, 2.041742430504415839, 3.250000000000000000 ) ) ;
#895 = FACE_OUTER_BOUND ( 'NONE', #3471, .T. ) ;
#896 =( NAMED_UNIT ( * ) SI_UNIT ( $, .STERADIAN. ) SOLID_ANGLE_UNIT ( ) );
#897 = ORIENTED_EDGE ( 'NONE', *, *, #2918, .T. ) ;
#898 = CARTESIAN_POINT ( 'NONE',  ( -1.163907813993779072, -1.581953906996889314, 3.637779991155306814 ) ) ;
#899 = PLANE ( 'NONE',  #324 ) ;
#900 = EDGE_CURVE ( 'NONE', #2070, #4074, #3915, .T. ) ;
#901 = VERTEX_POINT ( 'NONE', #5132 ) ;
#902 = SHAPE_DEFINITION_REPRESENTATION ( #4963, #5013 ) ;
#903 = DIRECTION ( 'NONE',  ( 3.231085104332679983E-15, 1.000000000000000000, -0.0000000000000000000 ) ) ;
#904 = PRESENTATION_STYLE_ASSIGNMENT (( #468 ) ) ;
#905 = STYLED_ITEM ( 'NONE', ( #4040 ), #5105 ) ;
#906 = SURFACE_SIDE_STYLE ('',( #4545 ) ) ;
#907 = FILL_AREA_STYLE_COLOUR ( '', #1563 ) ;
#908 = CARTESIAN_POINT ( 'NONE',  ( 3.000000000000000000, -2.850000000000000089, 3.149999999999999911 ) ) ;
#909 = UNCERTAINTY_MEASURE_WITH_UNIT (LENGTH_MEASURE( 1.000000000000000082E-05 ), #4038, 'distance_accuracy_value', 'NONE');
#910 = FILL_AREA_STYLE_COLOUR ( '', #951 ) ;
#911 = COLOUR_RGB ( '',0.7921568627450980005, 0.8196078431372548767, 0.9333333333333333481 ) ;
#912 = VERTEX_POINT ( 'NONE', #1609 ) ;
#913 = VERTEX_POINT ( 'NONE', #1136 ) ;
#914 = FACE_OUTER_BOUND ( 'NONE', #3130, .T. ) ;
#915 =( LENGTH_UNIT ( ) NAMED_UNIT ( * ) SI_UNIT ( .MILLI., .METRE. ) );
#916 =( GEOMETRIC_REPRESENTATION_CONTEXT ( 3 ) GLOBAL_UNCERTAINTY_ASSIGNED_CONTEXT ( ( #4765 ) ) GLOBAL_UNIT_ASSIGNED_CONTEXT ( ( #3438, #1219, #2023 ) ) REPRESENTATION_CONTEXT ( 'NONE', 'WORKASPACE' ) );
#917 = CARTESIAN_POINT ( 'NONE',  ( 2.850000000000000089, -3.000000000000000000, 3.149999999999999911 ) ) ;
#918 = PRODUCT_DEFINITION_SHAPE ( 'NONE', 'NONE',  #524 ) ;
#919 = AXIS2_PLACEMENT_3D ( 'NONE', #4776, #1943, #4028 ) ;
#920 = ORIENTED_EDGE ( 'NONE', *, *, #3045, .F. ) ;
#921 =( GEOMETRIC_REPRESENTATION_CONTEXT ( 3 ) GLOBAL_UNCERTAINTY_ASSIGNED_CONTEXT ( ( #3963 ) ) GLOBAL_UNIT_ASSIGNED_CONTEXT ( ( #1325, #3412, #3755 ) ) REPRESENTATION_CONTEXT ( 'NONE', 'WORKASPACE' ) );
#922 = PRESENTATION_LAYER_ASSIGNMENT (  '', '', ( #3193 ) ) ;
#923 = SURFACE_STYLE_FILL_AREA ( #4983 ) ;
#924 = ORIENTED_EDGE ( 'NONE', *, *, #1126, .T. ) ;
#925 = APPLICATION_PROTOCOL_DEFINITION ( 'draft international standard', 'automotive_design', 1998, #343 ) ;
#926 = CARTESIAN_POINT ( 'NONE',  ( 3.649999999999999023, -2.608218829166499386, 0.3999999999999999667 ) ) ;
#927 = PRESENTATION_LAYER_ASSIGNMENT (  '', '', ( #2945 ) ) ;
#928 = EDGE_CURVE ( 'NONE', #2393, #3485, #4718, .T. ) ;
#929 = EDGE_CURVE ( 'NONE', #3098, #417, #3188, .T. ) ;
#930 =( LENGTH_UNIT ( ) NAMED_UNIT ( * ) SI_UNIT ( .MILLI., .METRE. ) );
#931 = SURFACE_SIDE_STYLE ('',( #3330 ) ) ;
#932 = AXIS2_PLACEMENT_3D ( 'NONE', #1281, #1311, #25 ) ;
#933 = CARTESIAN_POINT ( 'NONE',  ( 1.708578643762690641, 2.092405367175504394E-16, 4.299999999999999822 ) ) ;
#934 =( LENGTH_UNIT ( ) NAMED_UNIT ( * ) SI_UNIT ( .MILLI., .METRE. ) );
#935 = SURFACE_STYLE_FILL_AREA ( #2853 ) ;
#936 = STYLED_ITEM ( 'NONE', ( #1038 ), #148 ) ;
#937 = AXIS2_PLACEMENT_3D ( 'NONE', #1238, #37, #1581 ) ;
#938 =( GEOMETRIC_REPRESENTATION_CONTEXT ( 3 ) GLOBAL_UNCERTAINTY_ASSIGNED_CONTEXT ( ( #3328 ) ) GLOBAL_UNIT_ASSIGNED_CONTEXT ( ( #2991, #562, #1761 ) ) REPRESENTATION_CONTEXT ( 'NONE', 'WORKASPACE' ) );
#939 = ORIENTED_EDGE ( 'NONE', *, *, #4381, .T. ) ;
#940 = FILL_AREA_STYLE ('',( #1375 ) ) ;
#941 = CARTESIAN_POINT ( 'NONE',  ( -3.000000000000000000, 0.0000000000000000000, 3.149999999999999911 ) ) ;
#942 = DIRECTION ( 'NONE',  ( 0.0000000000000000000, 0.0000000000000000000, -1.000000000000000000 ) ) ;
#943 = VECTOR ( 'NONE', #4664, 1000.000000000000000 ) ;
#944 = ORIENTED_EDGE ( 'NONE', *, *, #3116, .T. ) ;
#945 = SURFACE_STYLE_FILL_AREA ( #5005 ) ;
#946 = DIRECTION ( 'NONE',  ( -0.0000000000000000000, -0.0000000000000000000, -1.000000000000000000 ) ) ;
#947 = MECHANICAL_DESIGN_GEOMETRIC_PRESENTATION_REPRESENTATION (  '', ( #2286 ), #2375 ) ;
#948 = CARTESIAN_POINT ( 'NONE',  ( -3.649999999999999911, 2.241781170833500259, 0.3999999999999999667 ) ) ;
#949 = MECHANICAL_DESIGN_GEOMETRIC_PRESENTATION_REPRESENTATION (  '', ( #5068 ), #1040 ) ;
#950 = ORIENTED_EDGE ( 'NONE', *, *, #3555, .T. ) ;
#951 = COLOUR_RGB ( '',0.7529411764705882248, 0.7529411764705882248, 0.7529411764705882248 ) ;
#952 = VECTOR ( 'NONE', #1725, 1000.000000000000000 ) ;
#953 = UNCERTAINTY_MEASURE_WITH_UNIT (LENGTH_MEASURE( 1.000000000000000082E-05 ), #3233, 'distance_accuracy_value', 'NONE');
#954 = COLOUR_RGB ( '',0.0000000000000000000, 0.0000000000000000000, 0.0000000000000000000 ) ;
#955 = DIRECTION ( 'NONE',  ( -0.0000000000000000000, -0.0000000000000000000, -1.000000000000000000 ) ) ;
#956 = DIRECTION ( 'NONE',  ( 0.0000000000000000000, 1.000000000000000000, 0.0000000000000000000 ) ) ;
#957 =( GEOMETRIC_REPRESENTATION_CONTEXT ( 3 ) GLOBAL_UNCERTAINTY_ASSIGNED_CONTEXT ( ( #4596 ) ) GLOBAL_UNIT_ASSIGNED_CONTEXT ( ( #5194, #2765, #1999 ) ) REPRESENTATION_CONTEXT ( 'NONE', 'WORKASPACE' ) );
#958 = EDGE_CURVE ( 'NONE', #415, #4170, #3936, .T. ) ;
#959 = APPLICATION_PROTOCOL_DEFINITION ( 'draft international standard', 'automotive_design', 1998, #1122 ) ;
#960 = AXIS2_PLACEMENT_3D ( 'NONE', #3333, #4153, #888 ) ;
#961 = CARTESIAN_POINT ( 'NONE',  ( -4.074999999999999289, 2.591781170833500347, 1.000000000000000000 ) ) ;
#962 =( NAMED_UNIT ( * ) PLANE_ANGLE_UNIT ( ) SI_UNIT ( $, .RADIAN. ) );
#963 = UNCERTAINTY_MEASURE_WITH_UNIT (LENGTH_MEASURE( 1.000000000000000082E-05 ), #1508, 'distance_accuracy_value', 'NONE');
#964 =( GEOMETRIC_REPRESENTATION_CONTEXT ( 3 ) GLOBAL_UNCERTAINTY_ASSIGNED_CONTEXT ( ( #3794 ) ) GLOBAL_UNIT_ASSIGNED_CONTEXT ( ( #3833, #369, #1966 ) ) REPRESENTATION_CONTEXT ( 'NONE', 'WORKASPACE' ) );
#965 = CARTESIAN_POINT ( 'NONE',  ( -3.250000000000000000, 1.891781170833499948, 0.9000000000000000222 ) ) ;
#966 = EDGE_CURVE ( 'NONE', #3966, #4136, #5163, .T. ) ;
#967 = ORIENTED_EDGE ( 'NONE', *, *, #1577, .F. ) ;
#968 = PRODUCT_RELATED_PRODUCT_CATEGORY ( 'part', '', ( #3272 ) ) ;
#969 = CARTESIAN_POINT ( 'NONE',  ( 2.000000000000000000, -1.958257569495579720, 3.750000000000000000 ) ) ;
#970 = SURFACE_SIDE_STYLE ('',( #604 ) ) ;
#971 = SURFACE_STYLE_USAGE ( .BOTH. , #2970 ) ;
#972 = VERTEX_POINT ( 'NONE', #5187 ) ;
#973 = LINE ( 'NONE', #171, #1613 ) ;
#974 = CYLINDRICAL_SURFACE ( 'NONE', #2107, 0.1499999999999999667 ) ;
#975 = DIRECTION ( 'NONE',  ( -1.000000000000000000, 0.0000000000000000000, -0.0000000000000000000 ) ) ;
#976 = ORIENTED_EDGE ( 'NONE', *, *, #4208, .T. ) ;
#977 = DIRECTION ( 'NONE',  ( 3.231085104332679983E-15, 1.000000000000000000, 0.0000000000000000000 ) ) ;
#978 = DIRECTION ( 'NONE',  ( 1.000000000000000000, 0.0000000000000000000, 0.0000000000000000000 ) ) ;
#979 = FILL_AREA_STYLE_COLOUR ( '', #4786 ) ;
#980 = SURFACE_SIDE_STYLE ('',( #1841 ) ) ;
#981 = CARTESIAN_POINT ( 'NONE',  ( 3.000000000000000000, 2.241781170833500259, 1.000000000000000000 ) ) ;
#982 = FILL_AREA_STYLE ('',( #4407 ) ) ;
#983 = EDGE_LOOP ( 'NONE', ( #261, #3090 ) ) ;
#984 = MECHANICAL_DESIGN_GEOMETRIC_PRESENTATION_REPRESENTATION (  '', ( #2229 ), #56 ) ;
#985 = DIRECTION ( 'NONE',  ( 1.000000000000000000, 0.0000000000000000000, 0.0000000000000000000 ) ) ;
#986 = SURFACE_STYLE_FILL_AREA ( #5093 ) ;
#987 = LINE ( 'NONE', #91, #2869 ) ;
#988 = ADVANCED_FACE ( 'NONE', ( #2780 ), #1585, .T. ) ;
#989 = DIRECTION ( 'NONE',  ( -1.000000000000000000, 0.0000000000000000000, 0.0000000000000000000 ) ) ;
#990 = ORIENTED_EDGE ( 'NONE', *, *, #4114, .T. ) ;
#991 = ORIENTED_EDGE ( 'NONE', *, *, #4244, .F. ) ;
#992 = DIRECTION ( 'NONE',  ( 0.0000000000000000000, -0.0000000000000000000, 1.000000000000000000 ) ) ;
#993 = SURFACE_STYLE_USAGE ( .BOTH. , #147 ) ;
#994 = COLOUR_RGB ( '',0.7921568627450980005, 0.8196078431372548767, 0.9333333333333333481 ) ;
#995 = AXIS2_PLACEMENT_3D ( 'NONE', #3515, #3161, #4774 ) ;
#996 = MECHANICAL_DESIGN_GEOMETRIC_PRESENTATION_REPRESENTATION (  '', ( #746 ), #2758 ) ;
#997 = FILL_AREA_STYLE ('',( #2283 ) ) ;
#998 = FILL_AREA_STYLE ('',( #3717 ) ) ;
#999 = EDGE_LOOP ( 'NONE', ( #2645, #284, #2288, #3244 ) ) ;
#1000 = COLOUR_RGB ( '',0.7529411764705882248, 0.7529411764705882248, 0.7529411764705882248 ) ;
#1001 = UNCERTAINTY_MEASURE_WITH_UNIT (LENGTH_MEASURE( 1.000000000000000082E-05 ), #119, 'distance_accuracy_value', 'NONE');
#1002 = CARTESIAN_POINT ( 'NONE',  ( 4.500000000000000000, -2.258218829166500186, 0.0000000000000000000 ) ) ;
#1003 = DIRECTION ( 'NONE',  ( 0.0000000000000000000, 1.000000000000000000, 0.0000000000000000000 ) ) ;
#1004 = CARTESIAN_POINT ( 'NONE',  ( 3.649999999999999467, 1.891781170833500614, 0.3999999999999999667 ) ) ;
#1005 = EDGE_LOOP ( 'NONE', ( #310, #1164, #3192, #198 ) ) ;
#1006 = FILL_AREA_STYLE ('',( #2289 ) ) ;
#1007 =( NAMED_UNIT ( * ) SI_UNIT ( $, .STERADIAN. ) SOLID_ANGLE_UNIT ( ) );
#1008 = FILL_AREA_STYLE ('',( #1368 ) ) ;
#1009 = CLOSED_SHELL ( 'NONE', ( #5181, #4725, #1026, #2625, #580, #3556, #1882, #4534, #638, #4568, #702, #4731, #146, #3081 ) ) ;
#1010 = PRESENTATION_LAYER_ASSIGNMENT (  '', '', ( #338 ) ) ;
#1011 =( BOUNDED_CURVE ( )  B_SPLINE_CURVE ( 3, ( #4364, #4732, #2824, #1145 ),
 .UNSPECIFIED., .F., .F. ) 
 B_SPLINE_CURVE_WITH_KNOTS ( ( 4, 4 ),
 ( 0.0000000000000000000, 1.000000000000000000 ),
 .UNSPECIFIED. ) 
 CURVE ( )  GEOMETRIC_REPRESENTATION_ITEM ( )  RATIONAL_B_SPLINE_CURVE ( ( 1.000000000000000000, 0.3333333333333368120, 0.3333333333333368120, 1.000000000000000000 ) ) 
 REPRESENTATION_ITEM ( '' )  );
#1012 = CARTESIAN_POINT ( 'NONE',  ( 4.500000000000000000, 1.891781170833498837, 0.2999999999999999889 ) ) ;
#1013 = SURFACE_STYLE_FILL_AREA ( #4903 ) ;
#1014 = VERTEX_POINT ( 'NONE', #1658 ) ;
#1015 = VECTOR ( 'NONE', #2124, 1000.000000000000000 ) ;
#1016 = FILL_AREA_STYLE ('',( #1417 ) ) ;
#1017 =( LENGTH_UNIT ( ) NAMED_UNIT ( * ) SI_UNIT ( .MILLI., .METRE. ) );
#1018 = PLANE ( 'NONE',  #2874 ) ;
#1019 = PRESENTATION_STYLE_ASSIGNMENT (( #4632 ) ) ;
#1020 = FACE_OUTER_BOUND ( 'NONE', #3271, .T. ) ;
#1021 = STYLED_ITEM ( 'NONE', ( #3461 ), #552 ) ;
#1022 = VECTOR ( 'NONE', #5022, 1000.000000000000000 ) ;
#1023 = ORIENTED_EDGE ( 'NONE', *, *, #2168, .F. ) ;
#1024 = ORIENTED_EDGE ( 'NONE', *, *, #872, .T. ) ;
#1025 = ADVANCED_FACE ( 'NONE', ( #847 ), #2094, .T. ) ;
#1026 = ADVANCED_FACE ( 'NONE', ( #4081 ), #3677, .T. ) ;
#1027 =( LENGTH_UNIT ( ) NAMED_UNIT ( * ) SI_UNIT ( .MILLI., .METRE. ) );
#1028 = DIRECTION ( 'NONE',  ( 1.000000000000000000, 0.0000000000000000000, 0.0000000000000000000 ) ) ;
#1029 = DIRECTION ( 'NONE',  ( -0.0000000000000000000, 1.000000000000000000, 0.0000000000000000000 ) ) ;
#1030 = SURFACE_STYLE_USAGE ( .BOTH. , #3446 ) ;
#1031 = EDGE_LOOP ( 'NONE', ( #1137, #853, #4634, #2595 ) ) ;
#1032 = EDGE_CURVE ( 'NONE', #3141, #3805, #1520, .T. ) ;
#1033 = AXIS2_PLACEMENT_3D ( 'NONE', #1632, #1981, #4999 ) ;
#1034 = CARTESIAN_POINT ( 'NONE',  ( 0.0000000000000000000, 0.0000000000000000000, 3.449999999999999734 ) ) ;
#1035 = SURFACE_SIDE_STYLE ('',( #2602 ) ) ;
#1036 = CARTESIAN_POINT ( 'NONE',  ( 0.0000000000000000000, -2.608218829166499830, 0.0000000000000000000 ) ) ;
#1037 = VERTEX_POINT ( 'NONE', #3120 ) ;
#1038 = PRESENTATION_STYLE_ASSIGNMENT (( #3382 ) ) ;
#1039 = CARTESIAN_POINT ( 'NONE',  ( 0.0000000000000000000, 0.0000000000000000000, 3.750000000000000000 ) ) ;
#1040 =( GEOMETRIC_REPRESENTATION_CONTEXT ( 3 ) GLOBAL_UNCERTAINTY_ASSIGNED_CONTEXT ( ( #3790 ) ) GLOBAL_UNIT_ASSIGNED_CONTEXT ( ( #12, #2388, #2834 ) ) REPRESENTATION_CONTEXT ( 'NONE', 'WORKASPACE' ) );
#1041 = PRESENTATION_LAYER_ASSIGNMENT (  '', '', ( #2628 ) ) ;
#1042 = SURFACE_STYLE_FILL_AREA ( #3498 ) ;
#1043 = CARTESIAN_POINT ( 'NONE',  ( -3.500000000000000000, -2.608218829166499830, 1.000000000000000000 ) ) ;
#1044 =( LENGTH_UNIT ( ) NAMED_UNIT ( * ) SI_UNIT ( .MILLI., .METRE. ) );
#1045 =( LENGTH_UNIT ( ) NAMED_UNIT ( * ) SI_UNIT ( .MILLI., .METRE. ) );
#1046 = VECTOR ( 'NONE', #955, 1000.000000000000000 ) ;
#1047 = DIRECTION ( 'NONE',  ( -0.0000000000000000000, -1.000000000000000000, -0.0000000000000000000 ) ) ;
#1048 =( BOUNDED_SURFACE ( )  B_SPLINE_SURFACE ( 3, 3, ( 
 ( #886, #2930, #543, #2503 ),
 ( #1740, #1719, #3718, #3764 ),
 ( #2533, #1313, #2133, #3329 ),
 ( #4915, #108, #3744, #2479 ) ),
 .UNSPECIFIED., .F., .F., .F. ) 
 B_SPLINE_SURFACE_WITH_KNOTS ( ( 4, 4 ),
 ( 4, 4 ),
 ( 0.0000000000000000000, 1.000000000000000000 ),
 ( 0.0000000000000000000, 1.000000000000000000 ),
 .UNSPECIFIED. ) 
 GEOMETRIC_REPRESENTATION_ITEM ( )  RATIONAL_B_SPLINE_SURFACE ( (
 ( 1.000000000000000000, 0.3333333333333337034, 0.3333333333333337034, 1.000000000000000000),
 ( 0.8911066843560517814, 0.2970355614520175935, 0.2970355614520175935, 0.8911066843560517814),
 ( 0.8911066843560517814, 0.2970355614520175935, 0.2970355614520175935, 0.8911066843560517814),
 ( 1.000000000000000000, 0.3333333333333337034, 0.3333333333333337034, 1.000000000000000000) ) ) 
 REPRESENTATION_ITEM ( '' )  SURFACE ( )  );
#1049 = VERTEX_POINT ( 'NONE', #5035 ) ;
#1050 = ORIENTED_EDGE ( 'NONE', *, *, #1507, .T. ) ;
#1051 = FILL_AREA_STYLE_COLOUR ( '', #4139 ) ;
#1052 = CARTESIAN_POINT ( 'NONE',  ( 3.349999999999997424, 1.891781170833500392, 0.4000000000000000777 ) ) ;
#1053 = APPLICATION_PROTOCOL_DEFINITION ( 'draft international standard', 'automotive_design', 1998, #2832 ) ;
#1054 = PLANE ( 'NONE',  #995 ) ;
#1055 = APPLICATION_CONTEXT ( 'automotive_design' ) ;
#1056 = VERTEX_POINT ( 'NONE', #299 ) ;
#1057 = EDGE_CURVE ( 'NONE', #2448, #3809, #3843, .T. ) ;
#1058 = FILL_AREA_STYLE_COLOUR ( '', #3147 ) ;
#1059 = DIRECTION ( 'NONE',  ( 0.0000000000000000000, 0.0000000000000000000, -1.000000000000000000 ) ) ;
#1060 =( LENGTH_UNIT ( ) NAMED_UNIT ( * ) SI_UNIT ( .MILLI., .METRE. ) );
#1061 = ORIENTED_EDGE ( 'NONE', *, *, #2475, .F. ) ;
#1062 = DIRECTION ( 'NONE',  ( -1.000000000000000000, 0.0000000000000000000, -0.0000000000000000000 ) ) ;
#1063 = SURFACE_STYLE_USAGE ( .BOTH. , #4595 ) ;
#1064 = UNCERTAINTY_MEASURE_WITH_UNIT (LENGTH_MEASURE( 1.000000000000000082E-05 ), #743, 'distance_accuracy_value', 'NONE');
#1065 = DIRECTION ( 'NONE',  ( -1.000000000000000000, -0.0000000000000000000, 0.0000000000000000000 ) ) ;
#1066 = ORIENTED_EDGE ( 'NONE', *, *, #1642, .F. ) ;
#1067 = SURFACE_SIDE_STYLE ('',( #3798 ) ) ;
#1068 = FILL_AREA_STYLE_COLOUR ( '', #3641 ) ;
#1069 = LINE ( 'NONE', #3483, #536 ) ;
#1070 = CIRCLE ( 'NONE', #4947, 0.3999999999999997446 ) ;
#1071 = VERTEX_POINT ( 'NONE', #242 ) ;
#1072 = ORIENTED_EDGE ( 'NONE', *, *, #81, .T. ) ;
#1073 = FACE_OUTER_BOUND ( 'NONE', #883, .T. ) ;
#1074 = PRODUCT_CONTEXT ( 'NONE', #889, 'mechanical' ) ;
#1075 = SURFACE_STYLE_FILL_AREA ( #3077 ) ;
#1076 = PRESENTATION_LAYER_ASSIGNMENT (  '', '', ( #405 ) ) ;
#1077 = LINE ( 'NONE', #289, #4703 ) ;
#1078 = ORIENTED_EDGE ( 'NONE', *, *, #46, .T. ) ;
#1079 = COLOUR_RGB ( '',0.7921568627450980005, 0.8196078431372548767, 0.9333333333333333481 ) ;
#1080 = COLOUR_RGB ( '',0.0000000000000000000, 0.0000000000000000000, 0.0000000000000000000 ) ;
#1081 = VECTOR ( 'NONE', #307, 1000.000000000000000 ) ;
#1082 = PRESENTATION_LAYER_ASSIGNMENT (  '', '', ( #4886 ) ) ;
#1083 = FILL_AREA_STYLE ('',( #3082 ) ) ;
#1084 = ORIENTED_EDGE ( 'NONE', *, *, #4474, .F. ) ;
#1085 =( NAMED_UNIT ( * ) SI_UNIT ( $, .STERADIAN. ) SOLID_ANGLE_UNIT ( ) );
#1086 = ADVANCED_FACE ( 'NONE', ( #3876 ), #4729, .F. ) ;
#1087 = DIRECTION ( 'NONE',  ( 0.0000000000000000000, -1.000000000000000000, 0.0000000000000000000 ) ) ;
#1088 =( LENGTH_UNIT ( ) NAMED_UNIT ( * ) SI_UNIT ( .MILLI., .METRE. ) );
#1089 =( LENGTH_UNIT ( ) NAMED_UNIT ( * ) SI_UNIT ( .MILLI., .METRE. ) );
#1090 = SURFACE_STYLE_FILL_AREA ( #2298 ) ;
#1091 = FILL_AREA_STYLE_COLOUR ( '', #1079 ) ;
#1092 = DIRECTION ( 'NONE',  ( -3.231085104332679983E-15, -1.000000000000000000, 2.938735877055720084E-31 ) ) ;
#1093 = SURFACE_STYLE_USAGE ( .BOTH. , #4709 ) ;
#1094 = PRESENTATION_LAYER_ASSIGNMENT (  '', '', ( #4289 ) ) ;
#1095 = MECHANICAL_DESIGN_GEOMETRIC_PRESENTATION_REPRESENTATION (  '', ( #338 ), #597 ) ;
#1096 = CARTESIAN_POINT ( 'NONE',  ( -1.649999999999999911, -3.299999999999999822, 4.299999999999999822 ) ) ;
#1097 = ORIENTED_EDGE ( 'NONE', *, *, #1451, .F. ) ;
#1098 = VECTOR ( 'NONE', #3269, 1000.000000000000000 ) ;
#1099 = ORIENTED_EDGE ( 'NONE', *, *, #2052, .T. ) ;
#1100 =( NAMED_UNIT ( * ) PLANE_ANGLE_UNIT ( ) SI_UNIT ( $, .RADIAN. ) );
#1101 = CONTEXT_DEPENDENT_SHAPE_REPRESENTATION ( #587, #1590 ) ;
#1102 = DIRECTION ( 'NONE',  ( 1.000000000000000000, -3.252606517456511724E-15, 0.0000000000000000000 ) ) ;
#1103 = SURFACE_STYLE_USAGE ( .BOTH. , #3132 ) ;
#1104 =( GEOMETRIC_REPRESENTATION_CONTEXT ( 3 ) GLOBAL_UNCERTAINTY_ASSIGNED_CONTEXT ( ( #2319 ) ) GLOBAL_UNIT_ASSIGNED_CONTEXT ( ( #700, #4657, #3907 ) ) REPRESENTATION_CONTEXT ( 'NONE', 'WORKASPACE' ) );
#1105 = DIRECTION ( 'NONE',  ( 1.000000000000000000, -2.168404344971012812E-15, 0.0000000000000000000 ) ) ;
#1106 = ORIENTED_EDGE ( 'NONE', *, *, #4115, .F. ) ;
#1107 = COLOUR_RGB ( '',0.0000000000000000000, 0.0000000000000000000, 0.0000000000000000000 ) ;
#1108 = STYLED_ITEM ( 'NONE', ( #1996 ), #3629 ) ;
#1109 = PRESENTATION_LAYER_ASSIGNMENT (  '', '', ( #687 ) ) ;
#1110 = ORIENTED_EDGE ( 'NONE', *, *, #4927, .F. ) ;
#1111 = CARTESIAN_POINT ( 'NONE',  ( 3.250000000000001332, -1.908218829166498987, 0.9000000000000000222 ) ) ;
#1112 = DIRECTION ( 'NONE',  ( 0.0000000000000000000, 0.0000000000000000000, 1.000000000000000000 ) ) ;
#1113 = FILL_AREA_STYLE_COLOUR ( '', #3525 ) ;
#1114 = UNCERTAINTY_MEASURE_WITH_UNIT (LENGTH_MEASURE( 1.000000000000000082E-05 ), #2362, 'distance_accuracy_value', 'NONE');
#1115 = VECTOR ( 'NONE', #2588, 1000.000000000000000 ) ;
#1116 = EDGE_CURVE ( 'NONE', #912, #2552, #1439, .T. ) ;
#1117 = CARTESIAN_POINT ( 'NONE',  ( -3.750000000000000000, -2.608218829166499830, 0.4000000000000000222 ) ) ;
#1118 = FILL_AREA_STYLE_COLOUR ( '', #2515 ) ;
#1119 = MECHANICAL_DESIGN_GEOMETRIC_PRESENTATION_REPRESENTATION (  '', ( #2549 ), #2120 ) ;
#1120 = PRESENTATION_LAYER_ASSIGNMENT (  '', '', ( #3393 ) ) ;
#1121 = PRESENTATION_STYLE_ASSIGNMENT (( #2353 ) ) ;
#1122 = APPLICATION_CONTEXT ( 'automotive_design' ) ;
#1123 = DIRECTION ( 'NONE',  ( 0.0000000000000000000, 0.0000000000000000000, 1.000000000000000000 ) ) ;
#1124 = LINE ( 'NONE', #3436, #4140 ) ;
#1125 = UNCERTAINTY_MEASURE_WITH_UNIT (LENGTH_MEASURE( 1.000000000000000082E-05 ), #4601, 'distance_accuracy_value', 'NONE');
#1126 = EDGE_CURVE ( 'NONE', #3485, #4136, #3089, .T. ) ;
#1127 = CARTESIAN_POINT ( 'NONE',  ( 2.000000000000000000, -1.958257569495580608, 3.750000000000000000 ) ) ;
#1128 = STYLED_ITEM ( 'NONE', ( #2134 ), #3220 ) ;
#1129 = ORIENTED_EDGE ( 'NONE', *, *, #3752, .F. ) ;
#1130 = ORIENTED_EDGE ( 'NONE', *, *, #3491, .F. ) ;
#1131 = VECTOR ( 'NONE', #77, 1000.000000000000000 ) ;
#1132 = SURFACE_STYLE_USAGE ( .BOTH. , #1884 ) ;
#1133 = CYLINDRICAL_SURFACE ( 'NONE', #2961, 1.750000000000000000 ) ;
#1134 = AXIS2_PLACEMENT_3D ( 'NONE', #770, #3975, #4463 ) ;
#1135 =( LENGTH_UNIT ( ) NAMED_UNIT ( * ) SI_UNIT ( .MILLI., .METRE. ) );
#1136 = CARTESIAN_POINT ( 'NONE',  ( -1.999999999999999556, -2.500000000000000444, 3.449999999999999734 ) ) ;
#1137 = ORIENTED_EDGE ( 'NONE', *, *, #209, .T. ) ;
#1138 = DIRECTION ( 'NONE',  ( 0.0000000000000000000, -0.0000000000000000000, -1.000000000000000000 ) ) ;
#1139 = ORIENTED_EDGE ( 'NONE', *, *, #4598, .F. ) ;
#1140 = SURFACE_STYLE_USAGE ( .BOTH. , #3655 ) ;
#1141 =( NAMED_UNIT ( * ) PLANE_ANGLE_UNIT ( ) SI_UNIT ( $, .RADIAN. ) );
#1142 = CARTESIAN_POINT ( 'NONE',  ( -3.750000000000000000, 1.891781170833499948, 0.0000000000000000000 ) ) ;
#1143 = PLANE ( 'NONE',  #705 ) ;
#1144 = CARTESIAN_POINT ( 'NONE',  ( 3.349999999999999645, -1.137328243749748724, 0.4000000000000000777 ) ) ;
#1145 = CARTESIAN_POINT ( 'NONE',  ( 2.000000000000000000, -2.041742430504419392, 3.750000000000000000 ) ) ;
#1146 = FILL_AREA_STYLE ('',( #3502 ) ) ;
#1147 = DIRECTION ( 'NONE',  ( -1.000000000000000000, -0.0000000000000000000, 0.0000000000000000000 ) ) ;
#1148 = ORIENTED_EDGE ( 'NONE', *, *, #1252, .T. ) ;
#1149 = APPLICATION_CONTEXT ( 'automotive_design' ) ;
#1150 = VERTEX_POINT ( 'NONE', #4760 ) ;
#1151 = PRESENTATION_STYLE_ASSIGNMENT (( #2775 ) ) ;
#1152 = CARTESIAN_POINT ( 'NONE',  ( 2.850000000000000089, 2.850000000000000089, 3.149999999999999911 ) ) ;
#1153 = CARTESIAN_POINT ( 'NONE',  ( -2.000000000000000888, 1.499999999999999556, 3.449999999999999734 ) ) ;
#1154 = EDGE_CURVE ( 'NONE', #3433, #3861, #694, .T. ) ;
#1155 = EDGE_CURVE ( 'NONE', #94, #253, #2739, .T. ) ;
#1156 = CARTESIAN_POINT ( 'NONE',  ( -1.649999999999999911, 0.0000000000000000000, 4.200000000000000178 ) ) ;
#1157 =( GEOMETRIC_REPRESENTATION_CONTEXT ( 3 ) GLOBAL_UNCERTAINTY_ASSIGNED_CONTEXT ( ( #1789 ) ) GLOBAL_UNIT_ASSIGNED_CONTEXT ( ( #1771, #1392, #3383 ) ) REPRESENTATION_CONTEXT ( 'NONE', 'WORKASPACE' ) );
#1158 = DIRECTION ( 'NONE',  ( -1.000000000000000000, 0.0000000000000000000, -0.0000000000000000000 ) ) ;
#1159 = PLANE ( 'NONE',  #5032 ) ;
#1160 = VERTEX_POINT ( 'NONE', #2267 ) ;
#1161 = STYLED_ITEM ( 'NONE', ( #3256 ), #2488 ) ;
#1162 = DIRECTION ( 'NONE',  ( 1.000000000000000000, 0.0000000000000000000, 0.0000000000000000000 ) ) ;
#1163 = PRODUCT_DEFINITION_SHAPE ( 'NONE', 'NONE',  #182 ) ;
#1164 = ORIENTED_EDGE ( 'NONE', *, *, #3012, .T. ) ;
#1165 = COLOUR_RGB ( '',0.7529411764705882248, 0.7529411764705882248, 0.7529411764705882248 ) ;
#1166 = PRESENTATION_STYLE_ASSIGNMENT (( #2789 ) ) ;
#1167 =( GEOMETRIC_REPRESENTATION_CONTEXT ( 3 ) GLOBAL_UNCERTAINTY_ASSIGNED_CONTEXT ( ( #4645 ) ) GLOBAL_UNIT_ASSIGNED_CONTEXT ( ( #234, #1409, #4175 ) ) REPRESENTATION_CONTEXT ( 'NONE', 'WORKASPACE' ) );
#1168 = UNCERTAINTY_MEASURE_WITH_UNIT (LENGTH_MEASURE( 1.000000000000000082E-05 ), #557, 'distance_accuracy_value', 'NONE');
#1169 = LINE ( 'NONE', #3574, #24 ) ;
#1170 = MECHANICAL_DESIGN_GEOMETRIC_PRESENTATION_REPRESENTATION (  '', ( #410 ), #5200 ) ;
#1171 =( GEOMETRIC_REPRESENTATION_CONTEXT ( 3 ) GLOBAL_UNCERTAINTY_ASSIGNED_CONTEXT ( ( #4710 ) ) GLOBAL_UNIT_ASSIGNED_CONTEXT ( ( #584, #636, #3860 ) ) REPRESENTATION_CONTEXT ( 'NONE', 'WORKASPACE' ) );
#1172 =( NAMED_UNIT ( * ) SI_UNIT ( $, .STERADIAN. ) SOLID_ANGLE_UNIT ( ) );
#1173 = CARTESIAN_POINT ( 'NONE',  ( 1.650000000000000355, -3.299999999999999378, 4.299999999999999822 ) ) ;
#1174 = LINE ( 'NONE', #4735, #218 ) ;
#1175 = UNCERTAINTY_MEASURE_WITH_UNIT (LENGTH_MEASURE( 1.000000000000000082E-05 ), #3482, 'distance_accuracy_value', 'NONE');
#1176 = STYLED_ITEM ( 'NONE', ( #1583 ), #1732 ) ;
#1177 = ORIENTED_EDGE ( 'NONE', *, *, #3657, .F. ) ;
#1178 = ORIENTED_EDGE ( 'NONE', *, *, #1032, .F. ) ;
#1179 = SURFACE_SIDE_STYLE ('',( #3564 ) ) ;
#1180 = CARTESIAN_POINT ( 'NONE',  ( -2.000000000000000000, 2.246627197996641900, 3.749999999999998224 ) ) ;
#1181 = CARTESIAN_POINT ( 'NONE',  ( 2.850000000000000089, 3.000000000000000000, 3.149999999999999911 ) ) ;
#1182 = VECTOR ( 'NONE', #1029, 1000.000000000000000 ) ;
#1183 = EDGE_CURVE ( 'NONE', #4794, #10, #2296, .T. ) ;
#1184 = EDGE_CURVE ( 'NONE', #4582, #2552, #3431, .T. ) ;
#1185 = ORIENTED_EDGE ( 'NONE', *, *, #2538, .T. ) ;
#1186 = PRESENTATION_LAYER_ASSIGNMENT (  '', '', ( #936 ) ) ;
#1187 = VECTOR ( 'NONE', #336, 1000.000000000000000 ) ;
#1188 = EDGE_CURVE ( 'NONE', #3098, #3560, #3107, .T. ) ;
#1189 = CIRCLE ( 'NONE', #1369, 0.09999999999999982514 ) ;
#1190 = DIRECTION ( 'NONE',  ( -1.000000000000000000, 0.0000000000000000000, -0.0000000000000000000 ) ) ;
#1191 = VECTOR ( 'NONE', #1425, 1000.000000000000000 ) ;
#1192 = VERTEX_POINT ( 'NONE', #3533 ) ;
#1193 = APPLICATION_PROTOCOL_DEFINITION ( 'draft international standard', 'automotive_design', 1998, #66 ) ;
#1194 = FILL_AREA_STYLE ('',( #4006 ) ) ;
#1195 =( LENGTH_UNIT ( ) NAMED_UNIT ( * ) SI_UNIT ( .MILLI., .METRE. ) );
#1196 = DIRECTION ( 'NONE',  ( 0.0000000000000000000, -1.000000000000000000, 0.0000000000000000000 ) ) ;
#1197 = SURFACE_SIDE_STYLE ('',( #2060 ) ) ;
#1198 = MECHANICAL_DESIGN_GEOMETRIC_PRESENTATION_REPRESENTATION (  '', ( #3385 ), #2618 ) ;
#1199 = FILL_AREA_STYLE_COLOUR ( '', #1811 ) ;
#1200 = FILL_AREA_STYLE ('',( #3612 ) ) ;
#1201 = VECTOR ( 'NONE', #1147, 1000.000000000000000 ) ;
#1202 = PRESENTATION_LAYER_ASSIGNMENT (  '', '', ( #4654 ) ) ;
#1203 = ORIENTED_EDGE ( 'NONE', *, *, #5102, .T. ) ;
#1204 = STYLED_ITEM ( 'NONE', ( #1749 ), #2896 ) ;
#1205 = EDGE_LOOP ( 'NONE', ( #4460, #3442, #70, #2191 ) ) ;
#1206 = DIRECTION ( 'NONE',  ( 1.000000000000000000, 0.0000000000000000000, 0.0000000000000000000 ) ) ;
#1207 = SURFACE_SIDE_STYLE ('',( #1938 ) ) ;
#1208 =( GEOMETRIC_REPRESENTATION_CONTEXT ( 3 ) GLOBAL_UNCERTAINTY_ASSIGNED_CONTEXT ( ( #1599 ) ) GLOBAL_UNIT_ASSIGNED_CONTEXT ( ( #865, #1625, #473 ) ) REPRESENTATION_CONTEXT ( 'NONE', 'WORKASPACE' ) );
#1209 = DIRECTION ( 'NONE',  ( 0.0000000000000000000, 0.0000000000000000000, 1.000000000000000000 ) ) ;
#1210 = PRODUCT_DEFINITION_SHAPE ( 'NONE', 'NONE',  #5228 ) ;
#1211 = CIRCLE ( 'NONE', #789, 0.1499999999999999667 ) ;
#1212 = STYLED_ITEM ( 'NONE', ( #260 ), #2494 ) ;
#1213 = ORIENTED_EDGE ( 'NONE', *, *, #4986, .T. ) ;
#1214 = VECTOR ( 'NONE', #862, 1000.000000000000000 ) ;
#1215 = VECTOR ( 'NONE', #4218, 1000.000000000000000 ) ;
#1216 = ADVANCED_FACE ( 'NONE', ( #5115 ), #3035, .T. ) ;
#1217 = PRODUCT_DEFINITION_CONTEXT ( 'detailed design', #416, 'design' ) ;
#1218 = LINE ( 'NONE', #374, #5002 ) ;
#1219 =( NAMED_UNIT ( * ) PLANE_ANGLE_UNIT ( ) SI_UNIT ( $, .RADIAN. ) );
#1220 = ORIENTED_EDGE ( 'NONE', *, *, #966, .F. ) ;
#1221 = DIRECTION ( 'NONE',  ( 0.0000000000000000000, 0.0000000000000000000, 1.000000000000000000 ) ) ;
#1222 = EDGE_CURVE ( 'NONE', #3861, #1948, #4543, .T. ) ;
#1223 = FILL_AREA_STYLE ('',( #4841 ) ) ;
#1224 = APPLICATION_CONTEXT ( 'automotive_design' ) ;
#1225 = DIRECTION ( 'NONE',  ( 3.231085104332679983E-15, 1.000000000000000000, -0.0000000000000000000 ) ) ;
#1226 = CARTESIAN_POINT ( 'NONE',  ( -2.850000000000000089, -2.850000000000000089, 3.449999999999999734 ) ) ;
#1227 = CARTESIAN_POINT ( 'NONE',  ( -1.750000000000000000, 0.0000000000000000000, 4.200000000000000178 ) ) ;
#1228 = FILL_AREA_STYLE_COLOUR ( '', #4370 ) ;
#1229 = CARTESIAN_POINT ( 'NONE',  ( 1.649999999999999911, 2.020667218593132755E-16, 4.299999999999999822 ) ) ;
#1230 = CARTESIAN_POINT ( 'NONE',  ( -2.000000000000000000, 2.000000000000000000, 3.449999999999999734 ) ) ;
#1231 = UNCERTAINTY_MEASURE_WITH_UNIT (LENGTH_MEASURE( 1.000000000000000082E-05 ), #442, 'distance_accuracy_value', 'NONE');
#1232 = CARTESIAN_POINT ( 'NONE',  ( -2.000000000000000000, -1.581953906996889092, 3.637779991155306369 ) ) ;
#1233 = PLANE ( 'NONE',  #3797 ) ;
#1234 = EDGE_LOOP ( 'NONE', ( #3933, #4946, #1178, #1024 ) ) ;
#1235 = ORIENTED_EDGE ( 'NONE', *, *, #21, .F. ) ;
#1236 =( NAMED_UNIT ( * ) PLANE_ANGLE_UNIT ( ) SI_UNIT ( $, .RADIAN. ) );
#1237 = FACE_OUTER_BOUND ( 'NONE', #632, .T. ) ;
#1238 = CARTESIAN_POINT ( 'NONE',  ( 4.500000000000000000, -2.258218829166500186, 0.0000000000000000000 ) ) ;
#1239 = DIRECTION ( 'NONE',  ( 0.0000000000000000000, 0.0000000000000000000, -1.000000000000000000 ) ) ;
#1240 =( LENGTH_UNIT ( ) NAMED_UNIT ( * ) SI_UNIT ( .MILLI., .METRE. ) );
#1241 = DIRECTION ( 'NONE',  ( 0.0000000000000000000, 0.0000000000000000000, 1.000000000000000000 ) ) ;
#1242 = LINE ( 'NONE', #4385, #3649 ) ;
#1243 = CARTESIAN_POINT ( 'NONE',  ( 0.0000000000000000000, -3.000000000000000000, 3.149999999999999911 ) ) ;
#1244 = ORIENTED_EDGE ( 'NONE', *, *, #4386, .F. ) ;
#1245 =( GEOMETRIC_REPRESENTATION_CONTEXT ( 3 ) GLOBAL_UNCERTAINTY_ASSIGNED_CONTEXT ( ( #1647 ) ) GLOBAL_UNIT_ASSIGNED_CONTEXT ( ( #2082, #1318, #2136 ) ) REPRESENTATION_CONTEXT ( 'NONE', 'WORKASPACE' ) );
#1246 = APPLICATION_PROTOCOL_DEFINITION ( 'draft international standard', 'automotive_design', 1998, #416 ) ;
#1247 = FACE_OUTER_BOUND ( 'NONE', #1933, .T. ) ;
#1248 = PRESENTATION_STYLE_ASSIGNMENT (( #825 ) ) ;
#1249 = DIRECTION ( 'NONE',  ( -0.0000000000000000000, -0.0000000000000000000, -1.000000000000000000 ) ) ;
#1250 = LINE ( 'NONE', #4421, #1636 ) ;
#1251 = LINE ( 'NONE', #3173, #2001 ) ;
#1252 = EDGE_CURVE ( 'NONE', #4170, #3043, #3254, .T. ) ;
#1253 = EDGE_CURVE ( 'NONE', #3944, #1150, #1251, .T. ) ;
#1254 = FILL_AREA_STYLE ('',( #157 ) ) ;
#1255 = MECHANICAL_DESIGN_GEOMETRIC_PRESENTATION_REPRESENTATION (  '', ( #1913 ), #2237 ) ;
#1256 = SURFACE_STYLE_FILL_AREA ( #2459 ) ;
#1257 = CARTESIAN_POINT ( 'NONE',  ( -3.250000000000000000, 2.241781170833500259, 0.9000000000000000222 ) ) ;
#1258 = FACE_OUTER_BOUND ( 'NONE', #2130, .T. ) ;
#1259 = PRODUCT_DEFINITION_SHAPE ( 'NONE', 'NONE',  #4161 ) ;
#1260 = PRESENTATION_LAYER_ASSIGNMENT (  '', '', ( #4373 ) ) ;
#1261 = MECHANICAL_DESIGN_GEOMETRIC_PRESENTATION_REPRESENTATION (  '', ( #4052 ), #4959 ) ;
#1262 = CARTESIAN_POINT ( 'NONE',  ( -2.493254395993288242, -1.753372802003358766, 3.749999999999998224 ) ) ;
#1263 = DIRECTION ( 'NONE',  ( 1.224646799147353207E-16, -1.000000000000000000, 0.0000000000000000000 ) ) ;
#1264 =( GEOMETRIC_REPRESENTATION_CONTEXT ( 3 ) GLOBAL_UNCERTAINTY_ASSIGNED_CONTEXT ( ( #4812 ) ) GLOBAL_UNIT_ASSIGNED_CONTEXT ( ( #1923, #3084, #3872 ) ) REPRESENTATION_CONTEXT ( 'NONE', 'WORKASPACE' ) );
#1265 = ORIENTED_EDGE ( 'NONE', *, *, #309, .T. ) ;
#1266 = ORIENTED_EDGE ( 'NONE', *, *, #4928, .T. ) ;
#1267 = AXIS2_PLACEMENT_3D ( 'NONE', #2637, #3478, #720 ) ;
#1268 =( NAMED_UNIT ( * ) SI_UNIT ( $, .STERADIAN. ) SOLID_ANGLE_UNIT ( ) );
#1269 = CARTESIAN_POINT ( 'NONE',  ( -3.000000000000000000, -2.850000000000000089, 0.0000000000000000000 ) ) ;
#1270 = SURFACE_STYLE_FILL_AREA ( #1677 ) ;
#1271 = CARTESIAN_POINT ( 'NONE',  ( 3.000000000000000000, 2.241781170833500259, 1.300000000000000044 ) ) ;
#1272 = FACE_OUTER_BOUND ( 'NONE', #734, .T. ) ;
#1273 = FILL_AREA_STYLE_COLOUR ( '', #878 ) ;
#1274 = VERTEX_POINT ( 'NONE', #51 ) ;
#1275 =( NAMED_UNIT ( * ) PLANE_ANGLE_UNIT ( ) SI_UNIT ( $, .RADIAN. ) );
#1276 = MECHANICAL_DESIGN_GEOMETRIC_PRESENTATION_REPRESENTATION (  '', ( #1108 ), #4206 ) ;
#1277 =( NAMED_UNIT ( * ) PLANE_ANGLE_UNIT ( ) SI_UNIT ( $, .RADIAN. ) );
#1278 = EDGE_LOOP ( 'NONE', ( #3585, #4740, #4488, #4429, #811, #2190 ) ) ;
#1279 = AXIS2_PLACEMENT_3D ( 'NONE', #1542, #427, #1241 ) ;
#1280 = CARTESIAN_POINT ( 'NONE',  ( 0.0000000000000000000, 0.0000000000000000000, 0.0000000000000000000 ) ) ;
#1281 = CARTESIAN_POINT ( 'NONE',  ( -2.850000000000000089, -2.850000000000000089, 3.149999999999999911 ) ) ;
#1282 = SURFACE_STYLE_FILL_AREA ( #1718 ) ;
#1283 = COLOUR_RGB ( '',0.0000000000000000000, 0.0000000000000000000, 0.0000000000000000000 ) ;
#1284 = SURFACE_STYLE_USAGE ( .BOTH. , #4148 ) ;
#1285 = FILL_AREA_STYLE ('',( #3228 ) ) ;
#1286 = CARTESIAN_POINT ( 'NONE',  ( 3.649999999999999911, -2.258218829166500186, 0.1499999999999999944 ) ) ;
#1287 = UNCERTAINTY_MEASURE_WITH_UNIT (LENGTH_MEASURE( 1.000000000000000082E-05 ), #4648, 'distance_accuracy_value', 'NONE');
#1288 = EDGE_CURVE ( 'NONE', #1993, #1824, #470, .T. ) ;
#1289 = DIRECTION ( 'NONE',  ( 1.000000000000000000, 0.0000000000000000000, -0.0000000000000000000 ) ) ;
#1290 = ORIENTED_EDGE ( 'NONE', *, *, #2656, .T. ) ;
#1291 = VECTOR ( 'NONE', #3075, 1000.000000000000000 ) ;
#1292 = ORIENTED_EDGE ( 'NONE', *, *, #1184, .F. ) ;
#1293 = PRESENTATION_STYLE_ASSIGNMENT (( #2546 ) ) ;
#1294 = ADVANCED_FACE ( 'NONE', ( #4892 ), #861, .F. ) ;
#1295 = DIRECTION ( 'NONE',  ( 0.0000000000000000000, 1.000000000000000000, 0.0000000000000000000 ) ) ;
#1296 = AXIS2_PLACEMENT_3D ( 'NONE', #4900, #62, #2270 ) ;
#1297 =( NAMED_UNIT ( * ) SI_UNIT ( $, .STERADIAN. ) SOLID_ANGLE_UNIT ( ) );
#1298 = PRESENTATION_LAYER_ASSIGNMENT (  '', '', ( #1204 ) ) ;
#1299 = VERTEX_POINT ( 'NONE', #3664 ) ;
#1300 = AXIS2_PLACEMENT_3D ( 'NONE', #3128, #4737, #5150 ) ;
#1301 = CARTESIAN_POINT ( 'NONE',  ( -1.999999999999999112, -2.500000000000000000, 3.449999999999999734 ) ) ;
#1302 = CARTESIAN_POINT ( 'NONE',  ( 4.074999999999999289, -2.608218829166499830, 1.300000000000000044 ) ) ;
#1303 = COLOUR_RGB ( '',0.0000000000000000000, 0.0000000000000000000, 0.0000000000000000000 ) ;
#1304 = AXIS2_PLACEMENT_3D ( 'NONE', #2210, #5034, #2611 ) ;
#1305 = STYLED_ITEM ( 'NONE', ( #2635 ), #2076 ) ;
#1306 = DIRECTION ( 'NONE',  ( 3.231085104332679983E-15, 1.000000000000000000, 0.0000000000000000000 ) ) ;
#1307 = VECTOR ( 'NONE', #4807, 1000.000000000000000 ) ;
#1308 = ORIENTED_EDGE ( 'NONE', *, *, #4312, .F. ) ;
#1309 = PRESENTATION_LAYER_ASSIGNMENT (  '', '', ( #4070 ) ) ;
#1310 = DIRECTION ( 'NONE',  ( 0.0000000000000000000, 0.0000000000000000000, 1.000000000000000000 ) ) ;
#1311 = DIRECTION ( 'NONE',  ( -0.0000000000000000000, -0.0000000000000000000, -1.000000000000000000 ) ) ;
#1312 = PRESENTATION_LAYER_ASSIGNMENT (  '', '', ( #1964 ) ) ;
#1313 = CARTESIAN_POINT ( 'NONE',  ( 1.163907813993778406, 2.418046093003111352, 3.637779991155306814 ) ) ;
#1314 = DIRECTION ( 'NONE',  ( 1.000000000000000000, 0.0000000000000000000, 0.0000000000000000000 ) ) ;
#1315 = CARTESIAN_POINT ( 'NONE',  ( 3.750000000000000000, -1.137328243749749834, 0.4000000000000000222 ) ) ;
#1316 = CARTESIAN_POINT ( 'NONE',  ( 4.500000000000000000, -2.608218829166501163, 0.0000000000000000000 ) ) ;
#1317 = SURFACE_SIDE_STYLE ('',( #1695 ) ) ;
#1318 =( NAMED_UNIT ( * ) PLANE_ANGLE_UNIT ( ) SI_UNIT ( $, .RADIAN. ) );
#1319 =( NAMED_UNIT ( * ) SI_UNIT ( $, .STERADIAN. ) SOLID_ANGLE_UNIT ( ) );
#1320 = SURFACE_STYLE_USAGE ( .BOTH. , #4996 ) ;
#1321 = EDGE_LOOP ( 'NONE', ( #4755, #3367, #2233, #867 ) ) ;
#1322 = ORIENTED_EDGE ( 'NONE', *, *, #3148, .T. ) ;
#1323 = CARTESIAN_POINT ( 'NONE',  ( -3.649999999999999911, 2.241781170833500259, 0.1499999999999999944 ) ) ;
#1324 =( NAMED_UNIT ( * ) SI_UNIT ( $, .STERADIAN. ) SOLID_ANGLE_UNIT ( ) );
#1325 =( LENGTH_UNIT ( ) NAMED_UNIT ( * ) SI_UNIT ( .MILLI., .METRE. ) );
#1326 =( LENGTH_UNIT ( ) NAMED_UNIT ( * ) SI_UNIT ( .MILLI., .METRE. ) );
#1327 = EDGE_LOOP ( 'NONE', ( #3792, #4823, #332, #5027 ) ) ;
#1328 = ADVANCED_FACE ( 'NONE', ( #5175 ), #5195, .T. ) ;
#1329 = EDGE_CURVE ( 'NONE', #783, #2393, #4268, .T. ) ;
#1330 = CARTESIAN_POINT ( 'NONE',  ( -3.649999999999999911, 1.891781170833499948, 0.3999999999999999667 ) ) ;
#1331 = SURFACE_STYLE_USAGE ( .BOTH. , #3326 ) ;
#1332 = APPLICATION_CONTEXT ( 'automotive_design' ) ;
#1333 = CARTESIAN_POINT ( 'NONE',  ( 4.074999999999999289, 1.891781170833499948, 1.300000000000000044 ) ) ;
#1334 = UNCERTAINTY_MEASURE_WITH_UNIT (LENGTH_MEASURE( 1.000000000000000082E-05 ), #663, 'distance_accuracy_value', 'NONE');
#1335 = PRESENTATION_LAYER_ASSIGNMENT (  '', '', ( #2229 ) ) ;
#1336 = CARTESIAN_POINT ( 'NONE',  ( 3.500000000000000000, 2.241781170833500259, 1.000000000000000000 ) ) ;
#1337 = CARTESIAN_POINT ( 'NONE',  ( -2.850000000000000089, 3.000000000000000000, 3.449999999999999734 ) ) ;
#1338 =( NAMED_UNIT ( * ) SI_UNIT ( $, .STERADIAN. ) SOLID_ANGLE_UNIT ( ) );
#1339 = CARTESIAN_POINT ( 'NONE',  ( -2.850000000000000089, -3.000000000000000000, 3.149999999999999911 ) ) ;
#1340 = COLOUR_RGB ( '',0.7921568627450980005, 0.8196078431372548767, 0.9333333333333333481 ) ;
#1341 = CARTESIAN_POINT ( 'NONE',  ( 2.000000000000000000, 2.041742430504415839, 3.250000000000000000 ) ) ;
#1342 = DIRECTION ( 'NONE',  ( 0.0000000000000000000, 0.0000000000000000000, 1.000000000000000000 ) ) ;
#1343 = MECHANICAL_DESIGN_GEOMETRIC_PRESENTATION_REPRESENTATION (  '', ( #5196 ), #3432 ) ;
#1344 = ORIENTED_EDGE ( 'NONE', *, *, #2898, .F. ) ;
#1345 = SURFACE_SIDE_STYLE ('',( #499 ) ) ;
#1346 = AXIS2_PLACEMENT_3D ( 'NONE', #1156, #4238, #257 ) ;
#1347 = PRESENTATION_LAYER_ASSIGNMENT (  '', '', ( #746 ) ) ;
#1348 = CARTESIAN_POINT ( 'NONE',  ( 2.000000000000000444, -2.246627197996641900, 3.749999999999998224 ) ) ;
#1349 =( GEOMETRIC_REPRESENTATION_CONTEXT ( 3 ) GLOBAL_UNCERTAINTY_ASSIGNED_CONTEXT ( ( #803 ) ) GLOBAL_UNIT_ASSIGNED_CONTEXT ( ( #3496, #742, #2291 ) ) REPRESENTATION_CONTEXT ( 'NONE', 'WORKASPACE' ) );
#1350 = DIRECTION ( 'NONE',  ( 0.0000000000000000000, 1.000000000000000000, 0.0000000000000000000 ) ) ;
#1351 = CIRCLE ( 'NONE', #919, 0.4000000000000000222 ) ;
#1352 = VERTEX_POINT ( 'NONE', #1337 ) ;
#1353 =( NAMED_UNIT ( * ) SI_UNIT ( $, .STERADIAN. ) SOLID_ANGLE_UNIT ( ) );
#1354 = SURFACE_STYLE_FILL_AREA ( #4982 ) ;
#1355 = ADVANCED_FACE ( 'NONE', ( #3721 ), #1692, .F. ) ;
#1356 = EDGE_CURVE ( 'NONE', #901, #1824, #2151, .T. ) ;
#1357 = FILL_AREA_STYLE_COLOUR ( '', #1107 ) ;
#1358 = ORIENTED_EDGE ( 'NONE', *, *, #241, .T. ) ;
#1359 = PRESENTATION_LAYER_ASSIGNMENT (  '', '', ( #2942 ) ) ;
#1360 = ITEM_DEFINED_TRANSFORMATION ( 'NONE', 'NONE', #2342,  #1907 ) ;
#1361 = PRESENTATION_LAYER_ASSIGNMENT (  '', '', ( #3204 ) ) ;
#1362 = AXIS2_PLACEMENT_3D ( 'NONE', #3873, #1087, #235 ) ;
#1363 = PRESENTATION_STYLE_ASSIGNMENT (( #2531 ) ) ;
#1364 = EDGE_CURVE ( 'NONE', #3966, #901, #2679, .T. ) ;
#1365 = MECHANICAL_DESIGN_GEOMETRIC_PRESENTATION_REPRESENTATION (  '', ( #1607 ), #2868 ) ;
#1366 =( BOUNDED_CURVE ( )  B_SPLINE_CURVE ( 3, ( #4768, #674, #2275, #3040 ),
 .UNSPECIFIED., .F., .F. ) 
 B_SPLINE_CURVE_WITH_KNOTS ( ( 4, 4 ),
 ( 0.0000000000000000000, 1.000000000000000000 ),
 .UNSPECIFIED. ) 
 CURVE ( )  GEOMETRIC_REPRESENTATION_ITEM ( )  RATIONAL_B_SPLINE_CURVE ( ( 1.000000000000000000, 0.3333333333333333703, 0.3333333333333333703, 1.000000000000000000 ) ) 
 REPRESENTATION_ITEM ( '' )  );
#1367 = PRESENTATION_STYLE_ASSIGNMENT (( #4967 ) ) ;
#1368 = FILL_AREA_STYLE_COLOUR ( '', #4020 ) ;
#1369 = AXIS2_PLACEMENT_3D ( 'NONE', #2128, #1306, #3739 ) ;
#1370 = AXIS2_PLACEMENT_3D ( 'NONE', #4024, #4902, #450 ) ;
#1371 = DIRECTION ( 'NONE',  ( 0.0000000000000000000, 1.000000000000000000, 0.0000000000000000000 ) ) ;
#1372 = MECHANICAL_DESIGN_GEOMETRIC_PRESENTATION_REPRESENTATION (  '', ( #684 ), #443 ) ;
#1373 =( GEOMETRIC_REPRESENTATION_CONTEXT ( 3 ) GLOBAL_UNCERTAINTY_ASSIGNED_CONTEXT ( ( #3747 ) ) GLOBAL_UNIT_ASSIGNED_CONTEXT ( ( #5006, #3369, #3781 ) ) REPRESENTATION_CONTEXT ( 'NONE', 'WORKASPACE' ) );
#1374 = ORIENTED_EDGE ( 'NONE', *, *, #1757, .T. ) ;
#1375 = FILL_AREA_STYLE_COLOUR ( '', #4734 ) ;
#1376 = CARTESIAN_POINT ( 'NONE',  ( 3.749999999999995115, -2.608218829166499830, 0.4000000000000000222 ) ) ;
#1377 = CARTESIAN_POINT ( 'NONE',  ( 2.083484861008840117, -2.041742430504418948, 3.750000000000000444 ) ) ;
#1378 = SURFACE_STYLE_FILL_AREA ( #4979 ) ;
#1379 = STYLED_ITEM ( 'NONE', ( #2218 ), #4481 ) ;
#1380 = ORIENTED_EDGE ( 'NONE', *, *, #3342, .F. ) ;
#1381 = SURFACE_STYLE_USAGE ( .BOTH. , #4981 ) ;
#1382 = SURFACE_STYLE_USAGE ( .BOTH. , #4565 ) ;
#1383 = ADVANCED_FACE ( 'NONE', ( #5010 ), #99, .T. ) ;
#1384 = STYLED_ITEM ( 'NONE', ( #4630 ), #5012 ) ;
#1385 =( LENGTH_UNIT ( ) NAMED_UNIT ( * ) SI_UNIT ( .MILLI., .METRE. ) );
#1386 =( NAMED_UNIT ( * ) SI_UNIT ( $, .STERADIAN. ) SOLID_ANGLE_UNIT ( ) );
#1387 = CIRCLE ( 'NONE', #4837, 0.5000000000000000000 ) ;
#1388 = EDGE_CURVE ( 'NONE', #2249, #1160, #4695, .T. ) ;
#1389 =( GEOMETRIC_REPRESENTATION_CONTEXT ( 3 ) GLOBAL_UNCERTAINTY_ASSIGNED_CONTEXT ( ( #1490 ) ) GLOBAL_UNIT_ASSIGNED_CONTEXT ( ( #2366, #5135, #3137 ) ) REPRESENTATION_CONTEXT ( 'NONE', 'WORKASPACE' ) );
#1390 = EDGE_CURVE ( 'NONE', #4980, #912, #2287, .T. ) ;
#1391 =( LENGTH_UNIT ( ) NAMED_UNIT ( * ) SI_UNIT ( .MILLI., .METRE. ) );
#1392 =( NAMED_UNIT ( * ) PLANE_ANGLE_UNIT ( ) SI_UNIT ( $, .RADIAN. ) );
#1393 = DIRECTION ( 'NONE',  ( 1.000000000000000000, 0.0000000000000000000, 0.0000000000000000000 ) ) ;
#1394 =( BOUNDED_CURVE ( )  B_SPLINE_CURVE ( 3, ( #19, #4461, #4333, #4358 ),
 .UNSPECIFIED., .F., .F. ) 
 B_SPLINE_CURVE_WITH_KNOTS ( ( 4, 4 ),
 ( 0.0000000000000000000, 1.000000000000000000 ),
 .UNSPECIFIED. ) 
 CURVE ( )  GEOMETRIC_REPRESENTATION_ITEM ( )  RATIONAL_B_SPLINE_CURVE ( ( 1.000000000000000000, 0.3333333333333299286, 0.3333333333333299286, 1.000000000000000000 ) ) 
 REPRESENTATION_ITEM ( '' )  );
#1395 = SURFACE_SIDE_STYLE ('',( #1414 ) ) ;
#1396 = ORIENTED_EDGE ( 'NONE', *, *, #3520, .T. ) ;
#1397 = SURFACE_SIDE_STYLE ('',( #986 ) ) ;
#1398 = DIRECTION ( 'NONE',  ( -0.0000000000000000000, -0.0000000000000000000, -1.000000000000000000 ) ) ;
#1399 =( NAMED_UNIT ( * ) SI_UNIT ( $, .STERADIAN. ) SOLID_ANGLE_UNIT ( ) );
#1400 =( NAMED_UNIT ( * ) PLANE_ANGLE_UNIT ( ) SI_UNIT ( $, .RADIAN. ) );
#1401 = ORIENTED_EDGE ( 'NONE', *, *, #5211, .F. ) ;
#1402 = CARTESIAN_POINT ( 'NONE',  ( 3.649999999999999023, 1.891781170833500392, 0.9000000000000000222 ) ) ;
#1403 = CARTESIAN_POINT ( 'NONE',  ( 3.000000000000004885, 1.499999999999989786, 3.450000000000000622 ) ) ;
#1404 = ORIENTED_EDGE ( 'NONE', *, *, #3280, .T. ) ;
#1405 = DIRECTION ( 'NONE',  ( 1.000000000000000000, 0.0000000000000000000, -0.0000000000000000000 ) ) ;
#1406 = DIRECTION ( 'NONE',  ( -1.000000000000000000, 2.168404344971012812E-15, 0.0000000000000000000 ) ) ;
#1407 = ORIENTED_EDGE ( 'NONE', *, *, #3626, .F. ) ;
#1408 =( NAMED_UNIT ( * ) SI_UNIT ( $, .STERADIAN. ) SOLID_ANGLE_UNIT ( ) );
#1409 =( NAMED_UNIT ( * ) PLANE_ANGLE_UNIT ( ) SI_UNIT ( $, .RADIAN. ) );
#1410 = DIRECTION ( 'NONE',  ( 0.0000000000000000000, 0.0000000000000000000, -1.000000000000000000 ) ) ;
#1411 = EDGE_CURVE ( 'NONE', #4529, #912, #4023, .T. ) ;
#1412 = CARTESIAN_POINT ( 'NONE',  ( -2.850000000000000089, 2.850000000000000089, 3.149999999999999911 ) ) ;
#1413 = EDGE_CURVE ( 'NONE', #560, #4261, #2223, .T. ) ;
#1414 = SURFACE_STYLE_FILL_AREA ( #454 ) ;
#1415 = ORIENTED_EDGE ( 'NONE', *, *, #1547, .T. ) ;
#1416 = COLOUR_RGB ( '',0.7529411764705882248, 0.7529411764705882248, 0.7529411764705882248 ) ;
#1417 = FILL_AREA_STYLE_COLOUR ( '', #3050 ) ;
#1418 = DIRECTION ( 'NONE',  ( -0.0000000000000000000, -0.0000000000000000000, -1.000000000000000000 ) ) ;
#1419 = SHAPE_REPRESENTATION ( '4', ( #1907 ), #60 ) ;
#1420 = FILL_AREA_STYLE ('',( #4343 ) ) ;
#1421 = CYLINDRICAL_SURFACE ( 'NONE', #2195, 0.1000000000000000472 ) ;
#1422 = ORIENTED_EDGE ( 'NONE', *, *, #412, .T. ) ;
#1423 = ORIENTED_EDGE ( 'NONE', *, *, #2370, .F. ) ;
#1424 = CARTESIAN_POINT ( 'NONE',  ( -1.750000000000000000, 2.143131898507868297E-16, 4.200000000000000178 ) ) ;
#1425 = DIRECTION ( 'NONE',  ( 0.0000000000000000000, 0.0000000000000000000, 1.000000000000000000 ) ) ;
#1426 =( GEOMETRIC_REPRESENTATION_CONTEXT ( 3 ) GLOBAL_UNCERTAINTY_ASSIGNED_CONTEXT ( ( #4061 ) ) GLOBAL_UNIT_ASSIGNED_CONTEXT ( ( #1897, #3091, #3122 ) ) REPRESENTATION_CONTEXT ( 'NONE', 'WORKASPACE' ) );
#1427 = SURFACE_STYLE_FILL_AREA ( #2498 ) ;
#1428 = APPLICATION_CONTEXT ( 'automotive_design' ) ;
#1429 = CIRCLE ( 'NONE', #4958, 0.1499999999999999667 ) ;
#1430 = AXIS2_PLACEMENT_3D ( 'NONE', #2820, #2026, #2454 ) ;
#1431 = ORIENTED_EDGE ( 'NONE', *, *, #1364, .F. ) ;
#1432 = AXIS2_PLACEMENT_3D ( 'NONE', #3150, #4338, #4306 ) ;
#1433 = CARTESIAN_POINT ( 'NONE',  ( -3.000000000000000000, 0.0000000000000000000, 3.149999999999999911 ) ) ;
#1434 = DIRECTION ( 'NONE',  ( -3.231085104332679983E-15, -1.000000000000000000, 0.0000000000000000000 ) ) ;
#1435 = ORIENTED_EDGE ( 'NONE', *, *, #2598, .T. ) ;
#1436 = MECHANICAL_DESIGN_GEOMETRIC_PRESENTATION_REPRESENTATION (  '', ( #3204 ), #672 ) ;
#1437 = FACE_OUTER_BOUND ( 'NONE', #1205, .T. ) ;
#1438 = COLOUR_RGB ( '',0.0000000000000000000, 0.0000000000000000000, 0.0000000000000000000 ) ;
#1439 = LINE ( 'NONE', #1491, #4623 ) ;
#1440 = SURFACE_STYLE_USAGE ( .BOTH. , #2212 ) ;
#1441 = AXIS2_PLACEMENT_3D ( 'NONE', #2632, #2684, #1062 ) ;
#1442 = FILL_AREA_STYLE ('',( #3434 ) ) ;
#1443 =( LENGTH_UNIT ( ) NAMED_UNIT ( * ) SI_UNIT ( .MILLI., .METRE. ) );
#1444 = EDGE_CURVE ( 'NONE', #42, #118, #293, .T. ) ;
#1445 = CARTESIAN_POINT ( 'NONE',  ( -4.500000000000000000, 2.591781170833500347, 0.0000000000000000000 ) ) ;
#1446 =( NAMED_UNIT ( * ) PLANE_ANGLE_UNIT ( ) SI_UNIT ( $, .RADIAN. ) );
#1447 = DIRECTION ( 'NONE',  ( -3.231085104332679983E-15, -1.000000000000000000, 0.0000000000000000000 ) ) ;
#1448 = AXIS2_PLACEMENT_3D ( 'NONE', #2493, #4610, #2243 ) ;
#1449 = ORIENTED_EDGE ( 'NONE', *, *, #1950, .T. ) ;
#1450 = ORIENTED_EDGE ( 'NONE', *, *, #3116, .F. ) ;
#1451 = EDGE_CURVE ( 'NONE', #4836, #1879, #4455, .T. ) ;
#1452 = FILL_AREA_STYLE ('',( #1940 ) ) ;
#1453 = CARTESIAN_POINT ( 'NONE',  ( -3.000000000000000444, 1.891781170833499948, 1.300000000000000044 ) ) ;
#1454 = VERTEX_POINT ( 'NONE', #4647 ) ;
#1455 = PRESENTATION_LAYER_ASSIGNMENT (  '', '', ( #787 ) ) ;
#1456 = CARTESIAN_POINT ( 'NONE',  ( -2.850000000000000089, 3.000000000000000000, 0.0000000000000000000 ) ) ;
#1457 = PRESENTATION_STYLE_ASSIGNMENT (( #5009 ) ) ;
#1458 = FILL_AREA_STYLE_COLOUR ( '', #5110 ) ;
#1459 = ORIENTED_EDGE ( 'NONE', *, *, #805, .F. ) ;
#1460 =( LENGTH_UNIT ( ) NAMED_UNIT ( * ) SI_UNIT ( .MILLI., .METRE. ) );
#1461 = CIRCLE ( 'NONE', #4065, 0.5000000000000000000 ) ;
#1462 = DIRECTION ( 'NONE',  ( 1.000000000000000000, 0.0000000000000000000, 0.0000000000000000000 ) ) ;
#1463 =( NAMED_UNIT ( * ) PLANE_ANGLE_UNIT ( ) SI_UNIT ( $, .RADIAN. ) );
#1464 = COLOUR_RGB ( '',0.7529411764705882248, 0.7529411764705882248, 0.7529411764705882248 ) ;
#1465 = STYLED_ITEM ( 'NONE', ( #353 ), #3081 ) ;
#1466 = VECTOR ( 'NONE', #4943, 1000.000000000000000 ) ;
#1467 = SURFACE_STYLE_USAGE ( .BOTH. , #5060 ) ;
#1468 = SURFACE_STYLE_USAGE ( .BOTH. , #4363 ) ;
#1469 = AXIS2_PLACEMENT_3D ( 'NONE', #230, #2704, #1003 ) ;
#1470 = VERTEX_POINT ( 'NONE', #1004 ) ;
#1471 =( NAMED_UNIT ( * ) SI_UNIT ( $, .STERADIAN. ) SOLID_ANGLE_UNIT ( ) );
#1472 = COLOUR_RGB ( '',0.0000000000000000000, 0.0000000000000000000, 0.0000000000000000000 ) ;
#1473 = SURFACE_STYLE_USAGE ( .BOTH. , #1526 ) ;
#1474 = FILL_AREA_STYLE_COLOUR ( '', #1626 ) ;
#1475 = ORIENTED_EDGE ( 'NONE', *, *, #3683, .F. ) ;
#1476 = ORIENTED_EDGE ( 'NONE', *, *, #47, .T. ) ;
#1477 = CARTESIAN_POINT ( 'NONE',  ( 3.000000000000000000, -2.850000000000000089, 0.0000000000000000000 ) ) ;
#1478 = ITEM_DEFINED_TRANSFORMATION ( 'NONE', 'NONE', #4536,  #1907 ) ;
#1479 = FILL_AREA_STYLE_COLOUR ( '', #3119 ) ;
#1480 = DIRECTION ( 'NONE',  ( 1.000000000000000000, 0.0000000000000000000, 0.0000000000000000000 ) ) ;
#1481 = CARTESIAN_POINT ( 'NONE',  ( 2.083484861008840117, 2.041742430504418948, 3.749999999999999556 ) ) ;
#1482 = ADVANCED_FACE ( 'NONE', ( #616 ), #4295, .T. ) ;
#1483 = ADVANCED_FACE ( 'NONE', ( #3167 ), #2760, .F. ) ;
#1484 = ORIENTED_EDGE ( 'NONE', *, *, #412, .F. ) ;
#1485 = PRODUCT_DEFINITION_CONTEXT ( 'detailed design', #4186, 'design' ) ;
#1486 = LINE ( 'NONE', #1433, #191 ) ;
#1487 = PRESENTATION_STYLE_ASSIGNMENT (( #3813 ) ) ;
#1488 = VERTEX_POINT ( 'NONE', #2367 ) ;
#1489 = PRESENTATION_STYLE_ASSIGNMENT (( #2633 ) ) ;
#1490 = UNCERTAINTY_MEASURE_WITH_UNIT (LENGTH_MEASURE( 1.000000000000000082E-05 ), #2366, 'distance_accuracy_value', 'NONE');
#1491 = CARTESIAN_POINT ( 'NONE',  ( 0.0000000000000000000, -3.000000000000000000, 0.0000000000000000000 ) ) ;
#1492 = EDGE_LOOP ( 'NONE', ( #924, #5168, #4998, #1110 ) ) ;
#1493 =( NAMED_UNIT ( * ) SI_UNIT ( $, .STERADIAN. ) SOLID_ANGLE_UNIT ( ) );
#1494 = APPLICATION_CONTEXT ( 'automotive_design' ) ;
#1495 = SURFACE_STYLE_USAGE ( .BOTH. , #1397 ) ;
#1496 = DIRECTION ( 'NONE',  ( 1.000000000000000000, -3.231085104332679983E-15, 0.0000000000000000000 ) ) ;
#1497 =( GEOMETRIC_REPRESENTATION_CONTEXT ( 3 ) GLOBAL_UNCERTAINTY_ASSIGNED_CONTEXT ( ( #3225 ) ) GLOBAL_UNIT_ASSIGNED_CONTEXT ( ( #4942, #2935, #1667 ) ) REPRESENTATION_CONTEXT ( 'NONE', 'WORKASPACE' ) );
#1498 = VERTEX_POINT ( 'NONE', #3978 ) ;
#1499 = ORIENTED_EDGE ( 'NONE', *, *, #2116, .F. ) ;
#1500 = FILL_AREA_STYLE_COLOUR ( '', #4567 ) ;
#1501 = PRODUCT_CONTEXT ( 'NONE', #1494, 'mechanical' ) ;
#1502 = COLOUR_RGB ( '',0.7921568627450980005, 0.8196078431372548767, 0.9333333333333333481 ) ;
#1503 = DIRECTION ( 'NONE',  ( 1.000000000000000000, -3.231085104332679983E-15, 0.0000000000000000000 ) ) ;
#1504 =( LENGTH_UNIT ( ) NAMED_UNIT ( * ) SI_UNIT ( .MILLI., .METRE. ) );
#1505 = ORIENTED_EDGE ( 'NONE', *, *, #1188, .F. ) ;
#1506 = AXIS2_PLACEMENT_3D ( 'NONE', #3214, #2412, #65 ) ;
#1507 = EDGE_CURVE ( 'NONE', #5189, #891, #1429, .T. ) ;
#1508 =( LENGTH_UNIT ( ) NAMED_UNIT ( * ) SI_UNIT ( .MILLI., .METRE. ) );
#1509 = CARTESIAN_POINT ( 'NONE',  ( -2.850000000000000089, -2.850000000000000089, 3.149999999999999911 ) ) ;
#1510 = CARTESIAN_POINT ( 'NONE',  ( -2.000000000000004441, 1.581953906996889092, 3.637779991155306369 ) ) ;
#1511 = ORIENTED_EDGE ( 'NONE', *, *, #1601, .T. ) ;
#1512 = VECTOR ( 'NONE', #3607, 1000.000000000000000 ) ;
#1513 = LINE ( 'NONE', #3114, #600 ) ;
#1514 = CARTESIAN_POINT ( 'NONE',  ( 0.0000000000000000000, 0.0000000000000000000, 0.0000000000000000000 ) ) ;
#1515 = DIRECTION ( 'NONE',  ( -3.231085104332679983E-15, -1.000000000000000000, -0.0000000000000000000 ) ) ;
#1516 =( NAMED_UNIT ( * ) SI_UNIT ( $, .STERADIAN. ) SOLID_ANGLE_UNIT ( ) );
#1517 = ADVANCED_FACE ( 'NONE', ( #1970 ), #1591, .T. ) ;
#1518 = VECTOR ( 'NONE', #558, 1000.000000000000000 ) ;
#1519 = FACE_OUTER_BOUND ( 'NONE', #2892, .T. ) ;
#1520 = LINE ( 'NONE', #1043, #5213 ) ;
#1521 = VERTEX_POINT ( 'NONE', #2732 ) ;
#1522 =( NAMED_UNIT ( * ) SI_UNIT ( $, .STERADIAN. ) SOLID_ANGLE_UNIT ( ) );
#1523 = CARTESIAN_POINT ( 'NONE',  ( 3.349999999999999201, -1.908218829166499875, 0.4000000000000000777 ) ) ;
#1524 = CLOSED_SHELL ( 'NONE', ( #1383, #3281, #4805, #3580 ) ) ;
#1525 = COLOUR_RGB ( '',0.7529411764705882248, 0.7529411764705882248, 0.7529411764705882248 ) ;
#1526 = SURFACE_SIDE_STYLE ('',( #331 ) ) ;
#1527 = CARTESIAN_POINT ( 'NONE',  ( 3.000000000000000000, 2.850000000000000089, 0.0000000000000000000 ) ) ;
#1528 = ORIENTED_EDGE ( 'NONE', *, *, #2194, .T. ) ;
#1529 = MECHANICAL_DESIGN_GEOMETRIC_PRESENTATION_REPRESENTATION (  '', ( #3292 ), #2446 ) ;
#1530 = MECHANICAL_DESIGN_GEOMETRIC_PRESENTATION_REPRESENTATION (  '', ( #4560 ), #3783 ) ;
#1531 = ORIENTED_EDGE ( 'NONE', *, *, #1252, .F. ) ;
#1532 = CYLINDRICAL_SURFACE ( 'NONE', #4, 0.09999999999999982514 ) ;
#1533 = DIRECTION ( 'NONE',  ( -1.000000000000000000, 3.231085104332679983E-15, 0.0000000000000000000 ) ) ;
#1534 = CARTESIAN_POINT ( 'NONE',  ( -1.000000000000000000, -3.000000000000000000, 0.0000000000000000000 ) ) ;
#1535 =( GEOMETRIC_REPRESENTATION_CONTEXT ( 3 ) GLOBAL_UNCERTAINTY_ASSIGNED_CONTEXT ( ( #4336 ) ) GLOBAL_UNIT_ASSIGNED_CONTEXT ( ( #2139, #4949, #4183 ) ) REPRESENTATION_CONTEXT ( 'NONE', 'WORKASPACE' ) );
#1536 = DIRECTION ( 'NONE',  ( -3.231085104332679983E-15, -1.000000000000000000, 0.0000000000000000000 ) ) ;
#1537 = ORIENTED_EDGE ( 'NONE', *, *, #5039, .T. ) ;
#1538 = PRESENTATION_STYLE_ASSIGNMENT (( #3570 ) ) ;
#1539 = PRESENTATION_LAYER_ASSIGNMENT (  '', '', ( #1946 ) ) ;
#1540 = CARTESIAN_POINT ( 'NONE',  ( 4.074999999999999289, -2.608218829166499830, 0.0000000000000000000 ) ) ;
#1541 = EDGE_LOOP ( 'NONE', ( #1266, #5188, #3654, #3395 ) ) ;
#1542 = CARTESIAN_POINT ( 'NONE',  ( -3.750000000000000000, 1.891781170833499948, 0.4000000000000000222 ) ) ;
#1543 = SURFACE_STYLE_USAGE ( .BOTH. , #4359 ) ;
#1544 = MECHANICAL_DESIGN_GEOMETRIC_PRESENTATION_REPRESENTATION (  '', ( #4154 ), #4487 ) ;
#1545 = AXIS2_PLACEMENT_3D ( 'NONE', #4400, #3559, #3259 ) ;
#1546 = CARTESIAN_POINT ( 'NONE',  ( 0.0000000000000000000, -2.608218829166499830, 0.2999999999999999889 ) ) ;
#1547 = EDGE_CURVE ( 'NONE', #1488, #2552, #4356, .T. ) ;
#1548 = ADVANCED_FACE ( '2', ( #3052 ), #2247, .T. ) ;
#1549 =( GEOMETRIC_REPRESENTATION_CONTEXT ( 3 ) GLOBAL_UNCERTAINTY_ASSIGNED_CONTEXT ( ( #3277 ) ) GLOBAL_UNIT_ASSIGNED_CONTEXT ( ( #244, #2272, #3411 ) ) REPRESENTATION_CONTEXT ( 'NONE', 'WORKASPACE' ) );
#1550 =( NAMED_UNIT ( * ) SI_UNIT ( $, .STERADIAN. ) SOLID_ANGLE_UNIT ( ) );
#1551 = PRODUCT_DEFINITION_SHAPE ( 'NONE', 'NONE',  #5223 ) ;
#1552 = STYLED_ITEM ( 'NONE', ( #641 ), #3251 ) ;
#1553 = FILL_AREA_STYLE ('',( #4039 ) ) ;
#1554 = UNCERTAINTY_MEASURE_WITH_UNIT (LENGTH_MEASURE( 1.000000000000000082E-05 ), #3949, 'distance_accuracy_value', 'NONE');
#1555 =( GEOMETRIC_REPRESENTATION_CONTEXT ( 3 ) GLOBAL_UNCERTAINTY_ASSIGNED_CONTEXT ( ( #386 ) ) GLOBAL_UNIT_ASSIGNED_CONTEXT ( ( #1651, #4872, #2829 ) ) REPRESENTATION_CONTEXT ( 'NONE', 'WORKASPACE' ) );
#1556 = CARTESIAN_POINT ( 'NONE',  ( -2.083484861008840561, -1.958257569495580164, 3.749999999999999556 ) ) ;
#1557 = DIRECTION ( 'NONE',  ( 0.0000000000000000000, 0.0000000000000000000, 1.000000000000000000 ) ) ;
#1558 = COLOUR_RGB ( '',0.7529411764705882248, 0.7529411764705882248, 0.7529411764705882248 ) ;
#1559 = ORIENTED_EDGE ( 'NONE', *, *, #3754, .F. ) ;
#1560 = MECHANICAL_DESIGN_GEOMETRIC_PRESENTATION_REPRESENTATION (  '', ( #3062 ), #2127 ) ;
#1561 = FILL_AREA_STYLE ('',( #5184 ) ) ;
#1562 = CARTESIAN_POINT ( 'NONE',  ( -3.000000000000000000, -2.850000000000000089, 3.449999999999999734 ) ) ;
#1563 = COLOUR_RGB ( '',0.7529411764705882248, 0.7529411764705882248, 0.7529411764705882248 ) ;
#1564 = DIRECTION ( 'NONE',  ( 0.0000000000000000000, 0.0000000000000000000, -1.000000000000000000 ) ) ;
#1565 = CARTESIAN_POINT ( 'NONE',  ( -1.750000000000000000, 2.143131898507868297E-16, 3.449999999999999734 ) ) ;
#1566 = VERTEX_POINT ( 'NONE', #1453 ) ;
#1567 = ORIENTED_EDGE ( 'NONE', *, *, #1222, .T. ) ;
#1568 = DIRECTION ( 'NONE',  ( 0.0000000000000000000, 0.0000000000000000000, 1.000000000000000000 ) ) ;
#1569 = SURFACE_STYLE_FILL_AREA ( #5170 ) ;
#1570 = FILL_AREA_STYLE ('',( #1593 ) ) ;
#1571 = CARTESIAN_POINT ( 'NONE',  ( 3.000000000000000000, 0.0000000000000000000, 3.149999999999999911 ) ) ;
#1572 = DIRECTION ( 'NONE',  ( 1.000000000000000000, 0.0000000000000000000, -0.0000000000000000000 ) ) ;
#1573 = SURFACE_SIDE_STYLE ('',( #830 ) ) ;
#1574 = FILL_AREA_STYLE_COLOUR ( '', #3700 ) ;
#1575 = CARTESIAN_POINT ( 'NONE',  ( -1.708578643762689309, -3.417157287525380394, 4.299999999999999822 ) ) ;
#1576 = ADVANCED_FACE ( 'NONE', ( #337 ), #1054, .F. ) ;
#1577 = EDGE_CURVE ( 'NONE', #417, #4045, #3594, .T. ) ;
#1578 = FACE_OUTER_BOUND ( 'NONE', #4899, .T. ) ;
#1579 = ORIENTED_EDGE ( 'NONE', *, *, #611, .F. ) ;
#1580 = SURFACE_SIDE_STYLE ('',( #759 ) ) ;
#1581 = DIRECTION ( 'NONE',  ( 3.231085104332679983E-15, 1.000000000000000000, 0.0000000000000000000 ) ) ;
#1582 = EDGE_CURVE ( 'NONE', #4627, #74, #3510, .T. ) ;
#1583 = PRESENTATION_STYLE_ASSIGNMENT (( #395 ) ) ;
#1584 = AXIS2_PLACEMENT_3D ( 'NONE', #1230, #4502, #1724 ) ;
#1585 = PLANE ( 'NONE',  #5206 ) ;
#1586 = EDGE_LOOP ( 'NONE', ( #4719, #1505 ) ) ;
#1587 =( BOUNDED_CURVE ( )  B_SPLINE_CURVE ( 3, ( #3867, #345, #2313, #431 ),
 .UNSPECIFIED., .F., .F. ) 
 B_SPLINE_CURVE_WITH_KNOTS ( ( 4, 4 ),
 ( 0.0000000000000000000, 1.000000000000000000 ),
 .UNSPECIFIED. ) 
 CURVE ( )  GEOMETRIC_REPRESENTATION_ITEM ( )  RATIONAL_B_SPLINE_CURVE ( ( 1.000000000000000000, 0.3333333333333368120, 0.3333333333333368120, 1.000000000000000000 ) ) 
 REPRESENTATION_ITEM ( '' )  );
#1588 = STYLED_ITEM ( 'NONE', ( #4092 ), #1355 ) ;
#1589 = STYLED_ITEM ( 'NONE', ( #1363 ), #4944 ) ;
#1590 = PRODUCT_DEFINITION_SHAPE ( 'NONE', 'NONE',  #5221 ) ;
#1591 = PLANE ( 'NONE',  #4790 ) ;
#1592 = FACE_OUTER_BOUND ( 'NONE', #1700, .T. ) ;
#1593 = FILL_AREA_STYLE_COLOUR ( '', #4193 ) ;
#1594 = UNCERTAINTY_MEASURE_WITH_UNIT (LENGTH_MEASURE( 1.000000000000000082E-05 ), #3355, 'distance_accuracy_value', 'NONE');
#1595 = PRODUCT_DEFINITION_FORMATION_WITH_SPECIFIED_SOURCE ( 'ANY', '', #1908, .NOT_KNOWN. ) ;
#1596 = CARTESIAN_POINT ( 'NONE',  ( -3.250000000000000000, 2.241781170833500259, 0.9000000000000000222 ) ) ;
#1597 = CARTESIAN_POINT ( 'NONE',  ( -4.500000000000000000, -1.908218829166499875, 0.2999999999999999889 ) ) ;
#1598 = SURFACE_STYLE_FILL_AREA ( #1553 ) ;
#1599 = UNCERTAINTY_MEASURE_WITH_UNIT (LENGTH_MEASURE( 1.000000000000000082E-05 ), #865, 'distance_accuracy_value', 'NONE');
#1600 = ORIENTED_EDGE ( 'NONE', *, *, #4304, .T. ) ;
#1601 = EDGE_CURVE ( 'NONE', #3129, #94, #4689, .T. ) ;
#1602 = COLOUR_RGB ( '',0.0000000000000000000, 0.0000000000000000000, 0.0000000000000000000 ) ;
#1603 = SURFACE_STYLE_FILL_AREA ( #4075 ) ;
#1604 =( NAMED_UNIT ( * ) SI_UNIT ( $, .STERADIAN. ) SOLID_ANGLE_UNIT ( ) );
#1605 = CARTESIAN_POINT ( 'NONE',  ( -3.350000000000000089, 1.891781170833499948, 0.0000000000000000000 ) ) ;
#1606 = FACE_OUTER_BOUND ( 'NONE', #1738, .T. ) ;
#1607 = STYLED_ITEM ( 'NONE', ( #5139 ), #286 ) ;
#1608 = AXIS2_PLACEMENT_3D ( 'NONE', #1717, #1687, #3302 ) ;
#1609 = CARTESIAN_POINT ( 'NONE',  ( -2.850000000000000089, -3.000000000000000000, 0.0000000000000000000 ) ) ;
#1610 = ORIENTED_EDGE ( 'NONE', *, *, #1950, .F. ) ;
#1611 = EDGE_CURVE ( 'NONE', #3073, #2871, #1077, .T. ) ;
#1612 = MECHANICAL_DESIGN_GEOMETRIC_PRESENTATION_REPRESENTATION (  '', ( #3708 ), #1535 ) ;
#1613 = VECTOR ( 'NONE', #2990, 1000.000000000000000 ) ;
#1614 =( NAMED_UNIT ( * ) SI_UNIT ( $, .STERADIAN. ) SOLID_ANGLE_UNIT ( ) );
#1615 = STYLED_ITEM ( 'NONE', ( #3456 ), #4184 ) ;
#1616 = VERTEX_POINT ( 'NONE', #3445 ) ;
#1617 = SURFACE_SIDE_STYLE ('',( #3957 ) ) ;
#1618 = CIRCLE ( 'NONE', #176, 0.5000000000000000000 ) ;
#1619 = PRESENTATION_STYLE_ASSIGNMENT (( #2000 ) ) ;
#1620 = SURFACE_SIDE_STYLE ('',( #27 ) ) ;
#1621 = CARTESIAN_POINT ( 'NONE',  ( 3.749999999999997335, -2.608218829166499386, 0.0000000000000000000 ) ) ;
#1622 = DIRECTION ( 'NONE',  ( 1.000000000000000000, 0.0000000000000000000, 0.0000000000000000000 ) ) ;
#1623 = VECTOR ( 'NONE', #1898, 1000.000000000000000 ) ;
#1624 = FACE_OUTER_BOUND ( 'NONE', #1644, .T. ) ;
#1625 =( NAMED_UNIT ( * ) PLANE_ANGLE_UNIT ( ) SI_UNIT ( $, .RADIAN. ) );
#1626 = COLOUR_RGB ( '',0.7529411764705882248, 0.7529411764705882248, 0.7529411764705882248 ) ;
#1627 = FILL_AREA_STYLE_COLOUR ( '', #4152 ) ;
#1628 = CIRCLE ( 'NONE', #280, 0.1499999999999999667 ) ;
#1629 = ORIENTED_EDGE ( 'NONE', *, *, #1641, .T. ) ;
#1630 = ORIENTED_EDGE ( 'NONE', *, *, #5211, .T. ) ;
#1631 = PLANE ( 'NONE',  #3614 ) ;
#1632 = CARTESIAN_POINT ( 'NONE',  ( 3.000000000000000000, 2.241781170833500259, 1.000000000000000000 ) ) ;
#1633 = AXIS2_PLACEMENT_3D ( 'NONE', #965, #1773, #2156 ) ;
#1634 =( NAMED_UNIT ( * ) SI_UNIT ( $, .STERADIAN. ) SOLID_ANGLE_UNIT ( ) );
#1635 =( NAMED_UNIT ( * ) PLANE_ANGLE_UNIT ( ) SI_UNIT ( $, .RADIAN. ) );
#1636 = VECTOR ( 'NONE', #4012, 1000.000000000000000 ) ;
#1637 = LINE ( 'NONE', #2490, #2462 ) ;
#1638 = VECTOR ( 'NONE', #719, 1000.000000000000000 ) ;
#1639 = ORIENTED_EDGE ( 'NONE', *, *, #3490, .F. ) ;
#1640 = DIRECTION ( 'NONE',  ( 0.0000000000000000000, -1.000000000000000000, -0.0000000000000000000 ) ) ;
#1641 = EDGE_CURVE ( 'NONE', #3560, #3098, #2420, .T. ) ;
#1642 = EDGE_CURVE ( 'NONE', #2017, #4923, #3765, .T. ) ;
#1643 = FILL_AREA_STYLE_COLOUR ( '', #1961 ) ;
#1644 = EDGE_LOOP ( 'NONE', ( #3459, #3168, #485, #4388 ) ) ;
#1645 = DIRECTION ( 'NONE',  ( 1.000000000000000000, 0.0000000000000000000, 0.0000000000000000000 ) ) ;
#1646 = SHAPE_REPRESENTATION_RELATIONSHIP ( 'NONE' , 'NONE' ,  #3900, #1916 ) ;
#1647 = UNCERTAINTY_MEASURE_WITH_UNIT (LENGTH_MEASURE( 1.000000000000000082E-05 ), #2082, 'distance_accuracy_value', 'NONE');
#1648 = DIRECTION ( 'NONE',  ( 0.0000000000000000000, 1.000000000000000000, 0.0000000000000000000 ) ) ;
#1649 = CARTESIAN_POINT ( 'NONE',  ( 0.0000000000000000000, 3.000000000000000000, 0.0000000000000000000 ) ) ;
#1650 = CARTESIAN_POINT ( 'NONE',  ( -2.850000000000000089, -3.000000000000000000, 3.149999999999999911 ) ) ;
#1651 =( LENGTH_UNIT ( ) NAMED_UNIT ( * ) SI_UNIT ( .MILLI., .METRE. ) );
#1652 = EDGE_LOOP ( 'NONE', ( #2818, #4159, #455, #3260 ) ) ;
#1653 = CARTESIAN_POINT ( 'NONE',  ( 0.0000000000000000000, 3.000000000000000000, 3.449999999999999734 ) ) ;
#1654 = DIRECTION ( 'NONE',  ( 1.000000000000000000, 0.0000000000000000000, 0.0000000000000000000 ) ) ;
#1655 = CARTESIAN_POINT ( 'NONE',  ( 1.649999999999999911, 1.212400331155879702E-16, 4.299999999999999822 ) ) ;
#1656 = FILL_AREA_STYLE_COLOUR ( '', #2432 ) ;
#1657 = CARTESIAN_POINT ( 'NONE',  ( 3.000000000000000000, -2.608218829166496722, 0.0000000000000000000 ) ) ;
#1658 = CARTESIAN_POINT ( 'NONE',  ( -3.649999999999999911, 2.591781170833500347, 0.3999999999999999667 ) ) ;
#1659 = ORIENTED_EDGE ( 'NONE', *, *, #1642, .T. ) ;
#1660 = VERTEX_POINT ( 'NONE', #2068 ) ;
#1661 = EDGE_CURVE ( 'NONE', #4464, #3073, #817, .T. ) ;
#1662 = DIRECTION ( 'NONE',  ( -0.0000000000000000000, -1.000000000000000000, -0.0000000000000000000 ) ) ;
#1663 = DIRECTION ( 'NONE',  ( -1.000000000000000000, 0.0000000000000000000, -0.0000000000000000000 ) ) ;
#1664 = MECHANICAL_DESIGN_GEOMETRIC_PRESENTATION_REPRESENTATION (  '', ( #1588 ), #2336 ) ;
#1665 = FILL_AREA_STYLE ('',( #2933 ) ) ;
#1666 = EDGE_CURVE ( 'NONE', #225, #2448, #5114, .T. ) ;
#1667 =( NAMED_UNIT ( * ) SI_UNIT ( $, .STERADIAN. ) SOLID_ANGLE_UNIT ( ) );
#1668 = PRODUCT_DEFINITION_SHAPE ( 'NONE', 'NONE',  #3697 ) ;
#1669 = PRODUCT_RELATED_PRODUCT_CATEGORY ( 'part', '', ( #2378 ) ) ;
#1670 = AXIS2_PLACEMENT_3D ( 'NONE', #5080, #2220, #1909 ) ;
#1671 = PRESENTATION_LAYER_ASSIGNMENT (  '', '', ( #3275 ) ) ;
#1672 = CARTESIAN_POINT ( 'NONE',  ( -3.649999999999999911, 1.891781170833499948, 1.300000000000000044 ) ) ;
#1673 = CARTESIAN_POINT ( 'NONE',  ( 0.0000000000000000000, -3.000000000000000000, 3.449999999999999734 ) ) ;
#1674 = AXIS2_PLACEMENT_3D ( 'NONE', #1280, #1310, #4910 ) ;
#1675 = VERTEX_POINT ( 'NONE', #38 ) ;
#1676 = ORIENTED_EDGE ( 'NONE', *, *, #2977, .F. ) ;
#1677 = FILL_AREA_STYLE ('',( #2547 ) ) ;
#1678 = CARTESIAN_POINT ( 'NONE',  ( 2.083484861008840561, 2.041742430504419836, 3.749999999999999556 ) ) ;
#1679 = PRESENTATION_STYLE_ASSIGNMENT (( #2045 ) ) ;
#1680 = SURFACE_STYLE_USAGE ( .BOTH. , #2414 ) ;
#1681 = ORIENTED_EDGE ( 'NONE', *, *, #3013, .F. ) ;
#1682 = CARTESIAN_POINT ( 'NONE',  ( 4.500000000000000888, -1.908218829166499875, 0.2999999999999999889 ) ) ;
#1683 = ORIENTED_EDGE ( 'NONE', *, *, #3184, .F. ) ;
#1684 = CIRCLE ( 'NONE', #84, 0.09999999999999999167 ) ;
#1685 = STYLED_ITEM ( 'NONE', ( #3940 ), #3811 ) ;
#1686 = CARTESIAN_POINT ( 'NONE',  ( 0.0000000000000000000, 0.0000000000000000000, 0.0000000000000000000 ) ) ;
#1687 = DIRECTION ( 'NONE',  ( 0.0000000000000000000, 0.0000000000000000000, 1.000000000000000000 ) ) ;
#1688 = MECHANICAL_DESIGN_GEOMETRIC_PRESENTATION_REPRESENTATION (  '', ( #3960 ), #679 ) ;
#1689 = CARTESIAN_POINT ( 'NONE',  ( 4.500000000000000000, -2.608218829166501163, 0.0000000000000000000 ) ) ;
#1690 = PRESENTATION_LAYER_ASSIGNMENT (  '', '', ( #5 ) ) ;
#1691 = DIRECTION ( 'NONE',  ( 1.000000000000000000, 0.0000000000000000000, -0.0000000000000000000 ) ) ;
#1692 = CYLINDRICAL_SURFACE ( 'NONE', #2500, 0.09999999999999999167 ) ;
#1693 = CARTESIAN_POINT ( 'NONE',  ( 1.749999999999999556, 3.499999999999999112, 4.258578643762691129 ) ) ;
#1694 = FILL_AREA_STYLE ('',( #1228 ) ) ;
#1695 = SURFACE_STYLE_FILL_AREA ( #2565 ) ;
#1696 = CARTESIAN_POINT ( 'NONE',  ( 4.500000000000000000, 1.891781170833498837, 0.0000000000000000000 ) ) ;
#1697 = UNCERTAINTY_MEASURE_WITH_UNIT (LENGTH_MEASURE( 1.000000000000000082E-05 ), #355, 'distance_accuracy_value', 'NONE');
#1698 = EDGE_CURVE ( 'NONE', #740, #1566, #761, .T. ) ;
#1699 = ORIENTED_EDGE ( 'NONE', *, *, #344, .F. ) ;
#1700 = EDGE_LOOP ( 'NONE', ( #1980, #607, #2330, #4635 ) ) ;
#1701 = DIRECTION ( 'NONE',  ( 0.0000000000000000000, -1.000000000000000000, 0.0000000000000000000 ) ) ;
#1702 = CARTESIAN_POINT ( 'NONE',  ( 2.083484861008841005, -1.958257569495579720, 3.750000000000000444 ) ) ;
#1703 =( GEOMETRIC_REPRESENTATION_CONTEXT ( 3 ) GLOBAL_UNCERTAINTY_ASSIGNED_CONTEXT ( ( #489 ) ) GLOBAL_UNIT_ASSIGNED_CONTEXT ( ( #4733, #670, #3905 ) ) REPRESENTATION_CONTEXT ( 'NONE', 'WORKASPACE' ) );
#1704 = CARTESIAN_POINT ( 'NONE',  ( 2.000000000000000000, -1.958257569495580164, 3.750000000000000000 ) ) ;
#1705 = CIRCLE ( 'NONE', #1786, 0.1499999999999999667 ) ;
#1706 = ORIENTED_EDGE ( 'NONE', *, *, #4795, .T. ) ;
#1707 = VECTOR ( 'NONE', #1239, 1000.000000000000000 ) ;
#1708 = FILL_AREA_STYLE ('',( #2904 ) ) ;
#1709 = AXIS2_PLACEMENT_3D ( 'NONE', #941, #2517, #2042 ) ;
#1710 =( GEOMETRIC_REPRESENTATION_CONTEXT ( 3 ) GLOBAL_UNCERTAINTY_ASSIGNED_CONTEXT ( ( #2960 ) ) GLOBAL_UNIT_ASSIGNED_CONTEXT ( ( #4842, #2976, #156 ) ) REPRESENTATION_CONTEXT ( 'NONE', 'WORKASPACE' ) );
#1711 = MECHANICAL_DESIGN_GEOMETRIC_PRESENTATION_REPRESENTATION (  '', ( #701 ), #5066 ) ;
#1712 = LINE ( 'NONE', #948, #2779 ) ;
#1713 =( GEOMETRIC_REPRESENTATION_CONTEXT ( 3 ) GLOBAL_UNCERTAINTY_ASSIGNED_CONTEXT ( ( #691 ) ) GLOBAL_UNIT_ASSIGNED_CONTEXT ( ( #713, #1791, #1867 ) ) REPRESENTATION_CONTEXT ( 'NONE', 'WORKASPACE' ) );
#1714 = EDGE_LOOP ( 'NONE', ( #294, #1639 ) ) ;
#1715 = VECTOR ( 'NONE', #859, 1000.000000000000000 ) ;
#1716 = SHAPE_DEFINITION_REPRESENTATION ( #4746, #3169 ) ;
#1717 = CARTESIAN_POINT ( 'NONE',  ( 2.000000000000000000, 2.000000000000000000, 3.449999999999999734 ) ) ;
#1718 = FILL_AREA_STYLE ('',( #76 ) ) ;
#1719 = CARTESIAN_POINT ( 'NONE',  ( 1.506745604006716865, 2.246627197996641900, 3.749999999999998668 ) ) ;
#1720 = FILL_AREA_STYLE ('',( #109 ) ) ;
#1721 = SHAPE_REPRESENTATION ( '5', ( #1907 ), #1426 ) ;
#1722 = FACE_OUTER_BOUND ( 'NONE', #999, .T. ) ;
#1723 = CARTESIAN_POINT ( 'NONE',  ( -1.916515138991160994, -1.958257569495579942, 3.750000000000000000 ) ) ;
#1724 = DIRECTION ( 'NONE',  ( 1.000000000000000000, 0.0000000000000000000, 0.0000000000000000000 ) ) ;
#1725 = DIRECTION ( 'NONE',  ( 0.0000000000000000000, 1.000000000000000000, 0.0000000000000000000 ) ) ;
#1726 = PRESENTATION_STYLE_ASSIGNMENT (( #4599 ) ) ;
#1727 = ORIENTED_EDGE ( 'NONE', *, *, #2651, .F. ) ;
#1728 = SURFACE_STYLE_FILL_AREA ( #940 ) ;
#1729 =( LENGTH_UNIT ( ) NAMED_UNIT ( * ) SI_UNIT ( .MILLI., .METRE. ) );
#1730 = ADVANCED_FACE ( '3', ( #3622 ), #2363, .T. ) ;
#1731 = SURFACE_STYLE_FILL_AREA ( #1800 ) ;
#1732 = ADVANCED_FACE ( '1', ( #1272 ), #1965, .F. ) ;
#1733 = CARTESIAN_POINT ( 'NONE',  ( 3.649999999999999911, 2.591781170833500347, 1.300000000000000044 ) ) ;
#1734 = ORIENTED_EDGE ( 'NONE', *, *, #3182, .T. ) ;
#1735 = CARTESIAN_POINT ( 'NONE',  ( -3.250000000000000000, -2.258218829166500186, 1.300000000000000044 ) ) ;
#1736 = EDGE_CURVE ( 'NONE', #10, #4256, #4000, .T. ) ;
#1737 = PLANE ( 'NONE',  #3378 ) ;
#1738 = EDGE_LOOP ( 'NONE', ( #2708, #3388 ) ) ;
#1739 = UNCERTAINTY_MEASURE_WITH_UNIT (LENGTH_MEASURE( 1.000000000000000082E-05 ), #1195, 'distance_accuracy_value', 'NONE');
#1740 = CARTESIAN_POINT ( 'NONE',  ( 2.000000000000000000, 2.246627197996641900, 3.749999999999998224 ) ) ;
#1741 = PRESENTATION_LAYER_ASSIGNMENT (  '', '', ( #905 ) ) ;
#1742 = DIRECTION ( 'NONE',  ( -1.000000000000000000, 3.231085104332679983E-15, -0.0000000000000000000 ) ) ;
#1743 =( LENGTH_UNIT ( ) NAMED_UNIT ( * ) SI_UNIT ( .MILLI., .METRE. ) );
#1744 = SURFACE_SIDE_STYLE ('',( #5054 ) ) ;
#1745 = CARTESIAN_POINT ( 'NONE',  ( 3.349999999999997424, -2.608218829166499386, 0.4000000000000000777 ) ) ;
#1746 = CARTESIAN_POINT ( 'NONE',  ( 4.500000000000000000, 2.241781170833500259, 0.0000000000000000000 ) ) ;
#1747 = MECHANICAL_DESIGN_GEOMETRIC_PRESENTATION_REPRESENTATION (  '', ( #405 ), #5028 ) ;
#1748 = AXIS2_PLACEMENT_3D ( 'NONE', #5084, #1808, #314 ) ;
#1749 = PRESENTATION_STYLE_ASSIGNMENT (( #1320 ) ) ;
#1750 = ORIENTED_EDGE ( 'NONE', *, *, #1611, .T. ) ;
#1751 = SURFACE_SIDE_STYLE ('',( #1728 ) ) ;
#1752 = DIRECTION ( 'NONE',  ( 1.000000000000000000, -1.224646799147353207E-16, 0.0000000000000000000 ) ) ;
#1753 = VECTOR ( 'NONE', #1830, 1000.000000000000000 ) ;
#1754 = VECTOR ( 'NONE', #2337, 1000.000000000000000 ) ;
#1755 = COLOUR_RGB ( '',0.7921568627450980005, 0.8196078431372548767, 0.9333333333333333481 ) ;
#1756 = CARTESIAN_POINT ( 'NONE',  ( 0.9999999999999900080, -1.500000000000000000, 3.450000000000000622 ) ) ;
#1757 = EDGE_CURVE ( 'NONE', #3787, #4073, #196, .T. ) ;
#1758 = COLOUR_RGB ( '',0.7529411764705882248, 0.7529411764705882248, 0.7529411764705882248 ) ;
#1759 = ORIENTED_EDGE ( 'NONE', *, *, #703, .T. ) ;
#1760 = CARTESIAN_POINT ( 'NONE',  ( 3.000000000000000000, -2.850000000000000089, 3.149999999999999911 ) ) ;
#1761 =( NAMED_UNIT ( * ) SI_UNIT ( $, .STERADIAN. ) SOLID_ANGLE_UNIT ( ) );
#1762 = AXIS2_PLACEMENT_3D ( 'NONE', #3291, #4881, #478 ) ;
#1763 = EDGE_CURVE ( 'NONE', #2465, #3632, #142, .T. ) ;
#1764 = VERTEX_POINT ( 'NONE', #4978 ) ;
#1765 = MECHANICAL_DESIGN_GEOMETRIC_PRESENTATION_REPRESENTATION (  '', ( #4288 ), #5216 ) ;
#1766 = PRESENTATION_LAYER_ASSIGNMENT (  '', '', ( #3862 ) ) ;
#1767 = VECTOR ( 'NONE', #3983, 1000.000000000000000 ) ;
#1768 = CARTESIAN_POINT ( 'NONE',  ( -4.500000000000000000, 1.891781170833499948, 0.2999999999999999889 ) ) ;
#1769 = CARTESIAN_POINT ( 'NONE',  ( -3.750000000000000000, 1.120890585416750129, 0.4000000000000000222 ) ) ;
#1770 = PRESENTATION_STYLE_ASSIGNMENT (( #2112 ) ) ;
#1771 =( LENGTH_UNIT ( ) NAMED_UNIT ( * ) SI_UNIT ( .MILLI., .METRE. ) );
#1772 = PRESENTATION_LAYER_ASSIGNMENT (  '', '', ( #2609 ) ) ;
#1773 = DIRECTION ( 'NONE',  ( 0.0000000000000000000, 1.000000000000000000, 0.0000000000000000000 ) ) ;
#1774 = ORIENTED_EDGE ( 'NONE', *, *, #3590, .F. ) ;
#1775 = PLANE ( 'NONE',  #2293 ) ;
#1776 = CARTESIAN_POINT ( 'NONE',  ( 3.000000000000000000, -2.499999999999998668, 3.450000000000000622 ) ) ;
#1777 = DIRECTION ( 'NONE',  ( 0.0000000000000000000, 0.0000000000000000000, -1.000000000000000000 ) ) ;
#1778 = PRESENTATION_LAYER_ASSIGNMENT (  '', '', ( #3385 ) ) ;
#1779 = ORIENTED_EDGE ( 'NONE', *, *, #1763, .T. ) ;
#1780 = DIRECTION ( 'NONE',  ( -0.0000000000000000000, -0.0000000000000000000, -1.000000000000000000 ) ) ;
#1781 = VECTOR ( 'NONE', #4974, 1000.000000000000000 ) ;
#1782 = PRESENTATION_LAYER_ASSIGNMENT (  '', '', ( #4909 ) ) ;
#1783 = VECTOR ( 'NONE', #2743, 1000.000000000000000 ) ;
#1784 = CARTESIAN_POINT ( 'NONE',  ( 1.999999999999997558, 1.753372802003358544, 3.749999999999998224 ) ) ;
#1785 = ORIENTED_EDGE ( 'NONE', *, *, #2225, .T. ) ;
#1786 = AXIS2_PLACEMENT_3D ( 'NONE', #2158, #2183, #598 ) ;
#1787 = EDGE_CURVE ( 'NONE', #2833, #175, #845, .T. ) ;
#1788 = EDGE_CURVE ( 'NONE', #2726, #2755, #5003, .T. ) ;
#1789 = UNCERTAINTY_MEASURE_WITH_UNIT (LENGTH_MEASURE( 1.000000000000000082E-05 ), #1771, 'distance_accuracy_value', 'NONE');
#1790 = CARTESIAN_POINT ( 'NONE',  ( 2.850000000000000089, -3.000000000000000000, 3.149999999999999911 ) ) ;
#1791 =( NAMED_UNIT ( * ) PLANE_ANGLE_UNIT ( ) SI_UNIT ( $, .RADIAN. ) );
#1792 = VECTOR ( 'NONE', #3162, 1000.000000000000000 ) ;
#1793 = VERTEX_POINT ( 'NONE', #2941 ) ;
#1794 = MECHANICAL_DESIGN_GEOMETRIC_PRESENTATION_REPRESENTATION (  '', ( #3151 ), #373 ) ;
#1795 = SURFACE_STYLE_FILL_AREA ( #3815 ) ;
#1796 = CARTESIAN_POINT ( 'NONE',  ( 2.850000000000000089, -3.000000000000000000, 3.449999999999999734 ) ) ;
#1797 = UNCERTAINTY_MEASURE_WITH_UNIT (LENGTH_MEASURE( 1.000000000000000082E-05 ), #4080, 'distance_accuracy_value', 'NONE');
#1798 = CARTESIAN_POINT ( 'NONE',  ( -4.500000000000000000, 0.0000000000000000000, 0.2999999999999999889 ) ) ;
#1799 =( NAMED_UNIT ( * ) PLANE_ANGLE_UNIT ( ) SI_UNIT ( $, .RADIAN. ) );
#1800 = FILL_AREA_STYLE ('',( #3753 ) ) ;
#1801 = SURFACE_SIDE_STYLE ('',( #4528 ) ) ;
#1802 = ORIENTED_EDGE ( 'NONE', *, *, #3309, .T. ) ;
#1803 = ORIENTED_EDGE ( 'NONE', *, *, #1288, .T. ) ;
#1804 = CARTESIAN_POINT ( 'NONE',  ( 3.749999999999997335, -1.908218829166501207, 0.4000000000000000222 ) ) ;
#1805 = ORIENTED_EDGE ( 'NONE', *, *, #1666, .F. ) ;
#1806 = PLANE ( 'NONE',  #2131 ) ;
#1807 = DIRECTION ( 'NONE',  ( 0.0000000000000000000, -0.0000000000000000000, 1.000000000000000000 ) ) ;
#1808 = DIRECTION ( 'NONE',  ( 0.0000000000000000000, 0.0000000000000000000, 1.000000000000000000 ) ) ;
#1809 = ORIENTED_EDGE ( 'NONE', *, *, #553, .F. ) ;
#1810 =( NAMED_UNIT ( * ) PLANE_ANGLE_UNIT ( ) SI_UNIT ( $, .RADIAN. ) );
#1811 = COLOUR_RGB ( '',0.0000000000000000000, 0.0000000000000000000, 0.0000000000000000000 ) ;
#1812 = CARTESIAN_POINT ( 'NONE',  ( -3.250000000000000000, -1.908218829166499875, 0.9000000000000000222 ) ) ;
#1813 = SURFACE_SIDE_STYLE ('',( #646 ) ) ;
#1814 = FILL_AREA_STYLE ('',( #4251 ) ) ;
#1815 = EDGE_CURVE ( 'NONE', #2755, #3508, #2916, .T. ) ;
#1816 = ORIENTED_EDGE ( 'NONE', *, *, #1547, .F. ) ;
#1817 = DIRECTION ( 'NONE',  ( 1.000000000000000000, -3.252606517456511724E-15, 0.0000000000000000000 ) ) ;
#1818 = DIRECTION ( 'NONE',  ( 1.000000000000000000, 0.0000000000000000000, -0.0000000000000000000 ) ) ;
#1819 = VECTOR ( 'NONE', #3331, 1000.000000000000000 ) ;
#1820 = MANIFOLD_SOLID_BREP ( 'Imported1', #515 ) ;
#1821 =( GEOMETRIC_REPRESENTATION_CONTEXT ( 3 ) GLOBAL_UNCERTAINTY_ASSIGNED_CONTEXT ( ( #2994 ) ) GLOBAL_UNIT_ASSIGNED_CONTEXT ( ( #4787, #4706, #1172 ) ) REPRESENTATION_CONTEXT ( 'NONE', 'WORKASPACE' ) );
#1822 = CARTESIAN_POINT ( 'NONE',  ( 3.749999999999997335, 1.891781170833500392, 0.0000000000000000000 ) ) ;
#1823 = ORIENTED_EDGE ( 'NONE', *, *, #4150, .F. ) ;
#1824 = VERTEX_POINT ( 'NONE', #2573 ) ;
#1825 =( LENGTH_UNIT ( ) NAMED_UNIT ( * ) SI_UNIT ( .MILLI., .METRE. ) );
#1826 = PLANE ( 'NONE',  #4824 ) ;
#1827 = CONTEXT_DEPENDENT_SHAPE_REPRESENTATION ( #5085, #2705 ) ;
#1828 =( GEOMETRIC_REPRESENTATION_CONTEXT ( 3 ) GLOBAL_UNCERTAINTY_ASSIGNED_CONTEXT ( ( #1594 ) ) GLOBAL_UNIT_ASSIGNED_CONTEXT ( ( #3355, #2539, #3745 ) ) REPRESENTATION_CONTEXT ( 'NONE', 'WORKASPACE' ) );
#1829 = CARTESIAN_POINT ( 'NONE',  ( 3.649999999999999911, 2.241781170833498926, 0.9000000000000000222 ) ) ;
#1830 = DIRECTION ( 'NONE',  ( 1.000000000000000000, -0.0000000000000000000, 0.0000000000000000000 ) ) ;
#1831 = VECTOR ( 'NONE', #5214, 1000.000000000000000 ) ;
#1832 =( GEOMETRIC_REPRESENTATION_CONTEXT ( 3 ) GLOBAL_UNCERTAINTY_ASSIGNED_CONTEXT ( ( #2790 ) ) GLOBAL_UNIT_ASSIGNED_CONTEXT ( ( #4299, #1891, #318 ) ) REPRESENTATION_CONTEXT ( 'NONE', 'WORKASPACE' ) );
#1833 = VERTEX_POINT ( 'NONE', #3320 ) ;
#1834 = PRODUCT_DEFINITION_CONTEXT ( 'detailed design', #3209, 'design' ) ;
#1835 = DIRECTION ( 'NONE',  ( 3.231085104332679983E-15, 1.000000000000000000, -0.0000000000000000000 ) ) ;
#1836 = CARTESIAN_POINT ( 'NONE',  ( 3.749999999999997335, 2.591781170833499903, 0.4000000000000000222 ) ) ;
#1837 = ORIENTED_EDGE ( 'NONE', *, *, #835, .T. ) ;
#1838 = AXIS2_PLACEMENT_3D ( 'NONE', #1039, #643, #2606 ) ;
#1839 = CARTESIAN_POINT ( 'NONE',  ( -1.999999999999999556, -2.041742430504419836, 3.750000000000000000 ) ) ;
#1840 = FILL_AREA_STYLE_COLOUR ( '', #3200 ) ;
#1841 = SURFACE_STYLE_FILL_AREA ( #1008 ) ;
#1842 = UNCERTAINTY_MEASURE_WITH_UNIT (LENGTH_MEASURE( 1.000000000000000082E-05 ), #3897, 'distance_accuracy_value', 'NONE');
#1843 = VECTOR ( 'NONE', #1927, 1000.000000000000000 ) ;
#1844 = AXIS2_PLACEMENT_3D ( 'NONE', #3716, #103, #1645 ) ;
#1845 = PRESENTATION_STYLE_ASSIGNMENT (( #2320 ) ) ;
#1846 = DIRECTION ( 'NONE',  ( 1.000000000000000000, 0.0000000000000000000, 0.0000000000000000000 ) ) ;
#1847 = FILL_AREA_STYLE ('',( #2234 ) ) ;
#1848 = DIRECTION ( 'NONE',  ( 1.000000000000000000, -2.168404344971012812E-15, -1.084202172485506406E-15 ) ) ;
#1849 = FACE_OUTER_BOUND ( 'NONE', #2807, .T. ) ;
#1850 = ADVANCED_BREP_SHAPE_REPRESENTATION ( '', ( #3643, #1907 ), #1828 ) ;
#1851 = EDGE_CURVE ( 'NONE', #3571, #3885, #4587, .T. ) ;
#1852 = ADVANCED_FACE ( 'NONE', ( #3705 ), #3363, .T. ) ;
#1853 = CARTESIAN_POINT ( 'NONE',  ( -1.649999999999999911, -8.082668874372519433E-17, 4.299999999999999822 ) ) ;
#1854 = AXIS2_PLACEMENT_3D ( 'NONE', #561, #4188, #2947 ) ;
#1855 = AXIS2_PLACEMENT_3D ( 'NONE', #3931, #3880, #4228 ) ;
#1856 = ORIENTED_EDGE ( 'NONE', *, *, #4410, .T. ) ;
#1857 = ORIENTED_EDGE ( 'NONE', *, *, #1329, .T. ) ;
#1858 = ITEM_DEFINED_TRANSFORMATION ( 'NONE', 'NONE', #4030,  #1907 ) ;
#1859 = CARTESIAN_POINT ( 'NONE',  ( 1.000000000000000000, 3.000000000000000444, 0.0000000000000000000 ) ) ;
#1860 = CARTESIAN_POINT ( 'NONE',  ( 2.850000000000000089, -2.850000000000000089, 0.0000000000000000000 ) ) ;
#1861 = MECHANICAL_DESIGN_GEOMETRIC_PRESENTATION_REPRESENTATION (  '', ( #4406 ), #4906 ) ;
#1862 = EDGE_LOOP ( 'NONE', ( #3669, #1537, #4876, #3877, #725, #1213, #4167, #4252, #305, #4283, #1750, #1936 ) ) ;
#1863 = PRESENTATION_LAYER_ASSIGNMENT (  '', '', ( #4831 ) ) ;
#1864 = COLOUR_RGB ( '',0.7529411764705882248, 0.7529411764705882248, 0.7529411764705882248 ) ;
#1865 = FILL_AREA_STYLE ('',( #654 ) ) ;
#1866 = CIRCLE ( 'NONE', #2885, 0.1499999999999999667 ) ;
#1867 =( NAMED_UNIT ( * ) SI_UNIT ( $, .STERADIAN. ) SOLID_ANGLE_UNIT ( ) );
#1868 =( GEOMETRIC_REPRESENTATION_CONTEXT ( 3 ) GLOBAL_UNCERTAINTY_ASSIGNED_CONTEXT ( ( #3955 ) ) GLOBAL_UNIT_ASSIGNED_CONTEXT ( ( #2772, #474, #59 ) ) REPRESENTATION_CONTEXT ( 'NONE', 'WORKASPACE' ) );
#1869 =( NAMED_UNIT ( * ) SI_UNIT ( $, .STERADIAN. ) SOLID_ANGLE_UNIT ( ) );
#1870 = ORIENTED_EDGE ( 'NONE', *, *, #3946, .T. ) ;
#1871 =( GEOMETRIC_REPRESENTATION_CONTEXT ( 3 ) GLOBAL_UNCERTAINTY_ASSIGNED_CONTEXT ( ( #2371 ) ) GLOBAL_UNIT_ASSIGNED_CONTEXT ( ( #2561, #2535, #4594 ) ) REPRESENTATION_CONTEXT ( 'NONE', 'WORKASPACE' ) );
#1872 = MECHANICAL_DESIGN_GEOMETRIC_PRESENTATION_REPRESENTATION (  '', ( #5000 ), #707 ) ;
#1873 =( NAMED_UNIT ( * ) PLANE_ANGLE_UNIT ( ) SI_UNIT ( $, .RADIAN. ) );
#1874 = AXIS2_PLACEMENT_3D ( 'NONE', #3060, #4671, #1059 ) ;
#1875 = LINE ( 'NONE', #3453, #250 ) ;
#1876 = SHAPE_REPRESENTATION_RELATIONSHIP ( 'NONE' , 'NONE' ,  #1419, #4944 ) ;
#1877 = MECHANICAL_DESIGN_GEOMETRIC_PRESENTATION_REPRESENTATION (  '', ( #2809 ), #3799 ) ;
#1878 = FILL_AREA_STYLE_COLOUR ( '', #4547 ) ;
#1879 = VERTEX_POINT ( 'NONE', #3392 ) ;
#1880 = SHAPE_REPRESENTATION ( '8', ( #1907 ), #2665 ) ;
#1881 = ORIENTED_EDGE ( 'NONE', *, *, #1154, .T. ) ;
#1882 = ADVANCED_FACE ( 'NONE', ( #2213 ), #2273, .T. ) ;
#1883 = ADVANCED_FACE ( 'NONE', ( #4681 ), #3096, .F. ) ;
#1884 = SURFACE_SIDE_STYLE ('',( #2217 ) ) ;
#1885 = CONTEXT_DEPENDENT_SHAPE_REPRESENTATION ( #4561, #4366 ) ;
#1886 = CARTESIAN_POINT ( 'NONE',  ( 3.749999999999996447, -2.608218829166499386, 0.3000000000000000444 ) ) ;
#1887 = DIRECTION ( 'NONE',  ( 0.0000000000000000000, 0.0000000000000000000, 1.000000000000000000 ) ) ;
#1888 = VERTEX_POINT ( 'NONE', #648 ) ;
#1889 = ADVANCED_FACE ( 'NONE', ( #279 ), #513, .T. ) ;
#1890 = VERTEX_POINT ( 'NONE', #4791 ) ;
#1891 =( NAMED_UNIT ( * ) PLANE_ANGLE_UNIT ( ) SI_UNIT ( $, .RADIAN. ) );
#1892 =( LENGTH_UNIT ( ) NAMED_UNIT ( * ) SI_UNIT ( .MILLI., .METRE. ) );
#1893 = MANIFOLD_SOLID_BREP ( 'Imported1', #3779 ) ;
#1894 = UNCERTAINTY_MEASURE_WITH_UNIT (LENGTH_MEASURE( 1.000000000000000082E-05 ), #4575, 'distance_accuracy_value', 'NONE');
#1895 = FILL_AREA_STYLE_COLOUR ( '', #3980 ) ;
#1896 = DIRECTION ( 'NONE',  ( 0.0000000000000000000, -1.000000000000000000, -0.0000000000000000000 ) ) ;
#1897 =( LENGTH_UNIT ( ) NAMED_UNIT ( * ) SI_UNIT ( .MILLI., .METRE. ) );
#1898 = DIRECTION ( 'NONE',  ( -0.0000000000000000000, -0.0000000000000000000, -1.000000000000000000 ) ) ;
#1899 = PRESENTATION_STYLE_ASSIGNMENT (( #4367 ) ) ;
#1900 = DIRECTION ( 'NONE',  ( -0.0000000000000000000, 1.000000000000000000, 0.0000000000000000000 ) ) ;
#1901 = UNCERTAINTY_MEASURE_WITH_UNIT (LENGTH_MEASURE( 1.000000000000000082E-05 ), #3261, 'distance_accuracy_value', 'NONE');
#1902 = DIRECTION ( 'NONE',  ( 1.000000000000000000, 0.0000000000000000000, 0.0000000000000000000 ) ) ;
#1903 = STYLED_ITEM ( 'NONE', ( #186 ), #5174 ) ;
#1904 = ORIENTED_EDGE ( 'NONE', *, *, #2567, .F. ) ;
#1905 = ORIENTED_EDGE ( 'NONE', *, *, #3115, .T. ) ;
#1906 = CARTESIAN_POINT ( 'NONE',  ( 2.850000000000000089, 2.850000000000000089, 3.149999999999999911 ) ) ;
#1907 = AXIS2_PLACEMENT_3D ( 'NONE', #5191, #5171, #3474 ) ;
#1908 = PRODUCT ( '1', '1', '', ( #5100 ) ) ;
#1909 = DIRECTION ( 'NONE',  ( -1.000000000000000000, 3.231085104332679983E-15, 0.0000000000000000000 ) ) ;
#1910 =( BOUNDED_SURFACE ( )  B_SPLINE_SURFACE ( 3, 3, ( 
 ( #4101, #1377, #1702, #969 ),
 ( #1348, #2967, #3317, #2572 ),
 ( #575, #530, #167, #2940 ),
 ( #4556, #1776, #2548, #4163 ) ),
 .UNSPECIFIED., .F., .F., .T. ) 
 B_SPLINE_SURFACE_WITH_KNOTS ( ( 4, 4 ),
 ( 4, 4 ),
 ( 0.0000000000000000000, 1.000000000000000000 ),
 ( 0.0000000000000000000, 1.000000000000000000 ),
 .UNSPECIFIED. ) 
 GEOMETRIC_REPRESENTATION_ITEM ( )  RATIONAL_B_SPLINE_SURFACE ( (
 ( 1.000000000000000000, 0.3333333333333337034, 0.3333333333333337034, 1.000000000000000000),
 ( 0.8911066843560517814, 0.2970355614520175935, 0.2970355614520175935, 0.8911066843560517814),
 ( 0.8911066843560517814, 0.2970355614520175935, 0.2970355614520175935, 0.8911066843560517814),
 ( 1.000000000000000000, 0.3333333333333337034, 0.3333333333333337034, 1.000000000000000000) ) ) 
 REPRESENTATION_ITEM ( '' )  SURFACE ( )  );
#1911 = DIRECTION ( 'NONE',  ( -0.0000000000000000000, -0.0000000000000000000, -1.000000000000000000 ) ) ;
#1912 = ORIENTED_EDGE ( 'NONE', *, *, #1444, .F. ) ;
#1913 = STYLED_ITEM ( 'NONE', ( #2798 ), #4247 ) ;
#1914 = STYLED_ITEM ( 'NONE', ( #1942 ), #1548 ) ;
#1915 = AXIS2_PLACEMENT_3D ( 'NONE', #2496, #852, #3680 ) ;
#1916 = ADVANCED_BREP_SHAPE_REPRESENTATION ( '', ( #1820, #1907 ), #3583 ) ;
#1917 = ADVANCED_FACE ( 'NONE', ( #359 ), #2005, .T. ) ;
#1918 = AXIS2_PLACEMENT_3D ( 'NONE', #2101, #3633, #4059 ) ;
#1919 = FILL_AREA_STYLE_COLOUR ( '', #4072 ) ;
#1920 =( REPRESENTATION_RELATIONSHIP ('NONE','NONE', #302, #267 ) REPRESENTATION_RELATIONSHIP_WITH_TRANSFORMATION ( #3048 )SHAPE_REPRESENTATION_RELATIONSHIP( ) );
#1921 = EDGE_LOOP ( 'NONE', ( #2147, #34, #2038, #4683 ) ) ;
#1922 = CARTESIAN_POINT ( 'NONE',  ( 2.000000000000000000, -2.041742430504419392, 3.750000000000000000 ) ) ;
#1923 =( LENGTH_UNIT ( ) NAMED_UNIT ( * ) SI_UNIT ( .MILLI., .METRE. ) );
#1924 = DIRECTION ( 'NONE',  ( 0.0000000000000000000, 0.0000000000000000000, 1.000000000000000000 ) ) ;
#1925 = DIRECTION ( 'NONE',  ( -1.000000000000000000, 0.0000000000000000000, -0.0000000000000000000 ) ) ;
#1926 = CARTESIAN_POINT ( 'NONE',  ( -1.000000000000000000, 0.0000000000000000000, 0.0000000000000000000 ) ) ;
#1927 = DIRECTION ( 'NONE',  ( 1.000000000000000000, 0.0000000000000000000, 0.0000000000000000000 ) ) ;
#1928 = SURFACE_STYLE_USAGE ( .BOTH. , #2324 ) ;
#1929 = CARTESIAN_POINT ( 'NONE',  ( -3.000000000000000000, 2.591781170833500347, 0.0000000000000000000 ) ) ;
#1930 = CLOSED_SHELL ( 'NONE', ( #173, #1294, #1889, #2819 ) ) ;
#1931 = SURFACE_STYLE_FILL_AREA ( #3882 ) ;
#1932 = MANIFOLD_SOLID_BREP ( 'Imported1', #428 ) ;
#1933 = EDGE_LOOP ( 'NONE', ( #448, #2831, #3112, #637 ) ) ;
#1934 = VECTOR ( 'NONE', #1780, 1000.000000000000000 ) ;
#1935 = PRESENTATION_LAYER_ASSIGNMENT (  '', '', ( #2271 ) ) ;
#1936 = ORIENTED_EDGE ( 'NONE', *, *, #644, .T. ) ;
#1937 = PRESENTATION_STYLE_ASSIGNMENT (( #3486 ) ) ;
#1938 = SURFACE_STYLE_FILL_AREA ( #871 ) ;
#1939 = CARTESIAN_POINT ( 'NONE',  ( -2.493254395993282913, 2.246627197996641900, 3.749999999999998668 ) ) ;
#1940 = FILL_AREA_STYLE_COLOUR ( '', #4810 ) ;
#1941 = VECTOR ( 'NONE', #3618, 1000.000000000000000 ) ;
#1942 = PRESENTATION_STYLE_ASSIGNMENT (( #4323 ) ) ;
#1943 = DIRECTION ( 'NONE',  ( 0.0000000000000000000, 1.000000000000000000, 0.0000000000000000000 ) ) ;
#1944 = ORIENTED_EDGE ( 'NONE', *, *, #47, .F. ) ;
#1945 = FACE_OUTER_BOUND ( 'NONE', #4848, .T. ) ;
#1946 = STYLED_ITEM ( 'NONE', ( #1293 ), #4568 ) ;
#1947 = CARTESIAN_POINT ( 'NONE',  ( 2.850000000000000089, -2.850000000000000089, 3.449999999999999734 ) ) ;
#1948 = VERTEX_POINT ( 'NONE', #3310 ) ;
#1949 = EDGE_CURVE ( 'NONE', #3809, #3073, #4969, .T. ) ;
#1950 = EDGE_CURVE ( 'NONE', #94, #1037, #2709, .T. ) ;
#1951 =( LENGTH_UNIT ( ) NAMED_UNIT ( * ) SI_UNIT ( .MILLI., .METRE. ) );
#1952 = COLOUR_RGB ( '',0.7529411764705882248, 0.7529411764705882248, 0.7529411764705882248 ) ;
#1953 = CARTESIAN_POINT ( 'NONE',  ( 0.0000000000000000000, 0.0000000000000000000, 3.449999999999999734 ) ) ;
#1954 =( NAMED_UNIT ( * ) SI_UNIT ( $, .STERADIAN. ) SOLID_ANGLE_UNIT ( ) );
#1955 = VECTOR ( 'NONE', #3187, 1000.000000000000000 ) ;
#1956 = STYLED_ITEM ( 'NONE', ( #3338 ), #4865 ) ;
#1957 = PRESENTATION_LAYER_ASSIGNMENT (  '', '', ( #1465 ) ) ;
#1958 = CARTESIAN_POINT ( 'NONE',  ( -1.749999999999998890, -3.499999999999999556, 4.258578643762691129 ) ) ;
#1959 = UNCERTAINTY_MEASURE_WITH_UNIT (LENGTH_MEASURE( 1.000000000000000082E-05 ), #2347, 'distance_accuracy_value', 'NONE');
#1960 = FILL_AREA_STYLE ('',( #3964 ) ) ;
#1961 = COLOUR_RGB ( '',0.7529411764705882248, 0.7529411764705882248, 0.7529411764705882248 ) ;
#1962 = PRESENTATION_LAYER_ASSIGNMENT (  '', '', ( #5000 ) ) ;
#1963 = CARTESIAN_POINT ( 'NONE',  ( -2.083484861008839673, 2.041742430504420280, 3.750000000000000444 ) ) ;
#1964 = STYLED_ITEM ( 'NONE', ( #1367 ), #3556 ) ;
#1965 = PLANE ( 'NONE',  #664 ) ;
#1966 =( NAMED_UNIT ( * ) SI_UNIT ( $, .STERADIAN. ) SOLID_ANGLE_UNIT ( ) );
#1967 = DIRECTION ( 'NONE',  ( -0.0000000000000000000, -0.0000000000000000000, -1.000000000000000000 ) ) ;
#1968 = ORIENTED_EDGE ( 'NONE', *, *, #3836, .T. ) ;
#1969 = SURFACE_SIDE_STYLE ('',( #5166 ) ) ;
#1970 = FACE_OUTER_BOUND ( 'NONE', #4724, .T. ) ;
#1971 = ORIENTED_EDGE ( 'NONE', *, *, #381, .T. ) ;
#1972 =( NAMED_UNIT ( * ) SI_UNIT ( $, .STERADIAN. ) SOLID_ANGLE_UNIT ( ) );
#1973 = DIRECTION ( 'NONE',  ( 1.000000000000000000, 0.0000000000000000000, 0.0000000000000000000 ) ) ;
#1974 = EDGE_CURVE ( 'NONE', #42, #1675, #115, .T. ) ;
#1975 = CARTESIAN_POINT ( 'NONE',  ( 3.749999999999995115, -2.608218829166499830, 0.4000000000000000222 ) ) ;
#1976 = SURFACE_SIDE_STYLE ('',( #750 ) ) ;
#1977 =( NAMED_UNIT ( * ) SI_UNIT ( $, .STERADIAN. ) SOLID_ANGLE_UNIT ( ) );
#1978 = EDGE_CURVE ( 'NONE', #2385, #89, #3772, .T. ) ;
#1979 = SURFACE_STYLE_FILL_AREA ( #2065 ) ;
#1980 = ORIENTED_EDGE ( 'NONE', *, *, #798, .F. ) ;
#1981 = DIRECTION ( 'NONE',  ( -1.000000000000000000, 3.231085104332679983E-15, 0.0000000000000000000 ) ) ;
#1982 =( LENGTH_UNIT ( ) NAMED_UNIT ( * ) SI_UNIT ( .MILLI., .METRE. ) );
#1983 = FILL_AREA_STYLE ('',( #2752 ) ) ;
#1984 = AXIS2_PLACEMENT_3D ( 'NONE', #4397, #6, #3558 ) ;
#1985 = CARTESIAN_POINT ( 'NONE',  ( -3.000000000000000000, -2.258218829166500186, 1.300000000000000044 ) ) ;
#1986 = LINE ( 'NONE', #3568, #1831 ) ;
#1987 = ORIENTED_EDGE ( 'NONE', *, *, #2682, .T. ) ;
#1988 =( GEOMETRIC_REPRESENTATION_CONTEXT ( 3 ) GLOBAL_UNCERTAINTY_ASSIGNED_CONTEXT ( ( #1334 ) ) GLOBAL_UNIT_ASSIGNED_CONTEXT ( ( #663, #962, #620 ) ) REPRESENTATION_CONTEXT ( 'NONE', 'WORKASPACE' ) );
#1989 = VECTOR ( 'NONE', #2254, 1000.000000000000000 ) ;
#1990 = MECHANICAL_DESIGN_GEOMETRIC_PRESENTATION_REPRESENTATION (  '', ( #1589 ), #2159 ) ;
#1991 = PRODUCT_DEFINITION_SHAPE ( 'NONE', 'NONE',  #2204 ) ;
#1992 = SURFACE_SIDE_STYLE ('',( #5167 ) ) ;
#1993 = VERTEX_POINT ( 'NONE', #2980 ) ;
#1994 = SHAPE_DEFINITION_REPRESENTATION ( #1259, #267 ) ;
#1995 = MECHANICAL_DESIGN_GEOMETRIC_PRESENTATION_REPRESENTATION (  '', ( #3275 ), #1171 ) ;
#1996 = PRESENTATION_STYLE_ASSIGNMENT (( #2349 ) ) ;
#1997 =( NAMED_UNIT ( * ) PLANE_ANGLE_UNIT ( ) SI_UNIT ( $, .RADIAN. ) );
#1998 = UNCERTAINTY_MEASURE_WITH_UNIT (LENGTH_MEASURE( 1.000000000000000082E-05 ), #4431, 'distance_accuracy_value', 'NONE');
#1999 =( NAMED_UNIT ( * ) SI_UNIT ( $, .STERADIAN. ) SOLID_ANGLE_UNIT ( ) );
#2000 = SURFACE_STYLE_USAGE ( .BOTH. , #2059 ) ;
#2001 = VECTOR ( 'NONE', #2852, 1000.000000000000000 ) ;
#2002 = FILL_AREA_STYLE_COLOUR ( '', #994 ) ;
#2003 = CARTESIAN_POINT ( 'NONE',  ( -2.000000000000000000, -2.041742430504419392, 3.750000000000000000 ) ) ;
#2004 =( LENGTH_UNIT ( ) NAMED_UNIT ( * ) SI_UNIT ( .MILLI., .METRE. ) );
#2005 = PLANE ( 'NONE',  #189 ) ;
#2006 = PRESENTATION_LAYER_ASSIGNMENT (  '', '', ( #2437 ) ) ;
#2007 = VERTEX_POINT ( 'NONE', #2482 ) ;
#2008 = ORIENTED_EDGE ( 'NONE', *, *, #872, .F. ) ;
#2009 = COLOUR_RGB ( '',0.0000000000000000000, 0.0000000000000000000, 0.0000000000000000000 ) ;
#2010 =( NAMED_UNIT ( * ) PLANE_ANGLE_UNIT ( ) SI_UNIT ( $, .RADIAN. ) );
#2011 = EDGE_CURVE ( 'NONE', #2605, #1566, #3334, .T. ) ;
#2012 =( NAMED_UNIT ( * ) SI_UNIT ( $, .STERADIAN. ) SOLID_ANGLE_UNIT ( ) );
#2013 = SURFACE_STYLE_FILL_AREA ( #4853 ) ;
#2014 = COLOUR_RGB ( '',0.7529411764705882248, 0.7529411764705882248, 0.7529411764705882248 ) ;
#2015 = PRESENTATION_LAYER_ASSIGNMENT (  '', '', ( #1685 ) ) ;
#2016 = LINE ( 'NONE', #4353, #4112 ) ;
#2017 = VERTEX_POINT ( 'NONE', #2962 ) ;
#2018 = CARTESIAN_POINT ( 'NONE',  ( -2.000000000000000000, -1.581953906996889314, 3.637779991155306369 ) ) ;
#2019 = MECHANICAL_DESIGN_GEOMETRIC_PRESENTATION_REPRESENTATION (  '', ( #605 ), #346 ) ;
#2020 = VECTOR ( 'NONE', #1209, 1000.000000000000000 ) ;
#2021 = CYLINDRICAL_SURFACE ( 'NONE', #4329, 0.1499999999999999667 ) ;
#2022 = COLOUR_RGB ( '',0.0000000000000000000, 0.0000000000000000000, 0.0000000000000000000 ) ;
#2023 =( NAMED_UNIT ( * ) SI_UNIT ( $, .STERADIAN. ) SOLID_ANGLE_UNIT ( ) );
#2024 = MECHANICAL_DESIGN_GEOMETRIC_PRESENTATION_REPRESENTATION (  '', ( #5 ), #1373 ) ;
#2025 = ORIENTED_EDGE ( 'NONE', *, *, #2443, .F. ) ;
#2026 = DIRECTION ( 'NONE',  ( 0.0000000000000000000, 0.0000000000000000000, 1.000000000000000000 ) ) ;
#2027 = SURFACE_STYLE_USAGE ( .BOTH. , #488 ) ;
#2028 = DIRECTION ( 'NONE',  ( 1.000000000000000000, -3.252606517456511724E-15, 0.0000000000000000000 ) ) ;
#2029 = COLOUR_RGB ( '',0.7529411764705882248, 0.7529411764705882248, 0.7529411764705882248 ) ;
#2030 = CARTESIAN_POINT ( 'NONE',  ( 3.000000000000000444, 1.891781170833503278, 1.000000000000000000 ) ) ;
#2031 = DIRECTION ( 'NONE',  ( -0.0000000000000000000, 0.0000000000000000000, 1.000000000000000000 ) ) ;
#2032 = CARTESIAN_POINT ( 'NONE',  ( -3.350000000000000089, 2.591781170833500347, 0.9000000000000000222 ) ) ;
#2033 = CIRCLE ( 'NONE', #1296, 0.1000000000000000472 ) ;
#2034 = DIRECTION ( 'NONE',  ( 1.000000000000000000, 0.0000000000000000000, 0.0000000000000000000 ) ) ;
#2035 = CARTESIAN_POINT ( 'NONE',  ( -2.836092186006226701, -2.418046093003118902, 3.637779991155306369 ) ) ;
#2036 = CARTESIAN_POINT ( 'NONE',  ( -3.350000000000000089, 2.591781170833500347, 0.0000000000000000000 ) ) ;
#2037 = AXIS2_PLACEMENT_3D ( 'NONE', #4077, #4048, #4976 ) ;
#2038 = ORIENTED_EDGE ( 'NONE', *, *, #574, .F. ) ;
#2039 =( GEOMETRIC_REPRESENTATION_CONTEXT ( 3 ) GLOBAL_UNCERTAINTY_ASSIGNED_CONTEXT ( ( #645 ) ) GLOBAL_UNIT_ASSIGNED_CONTEXT ( ( #2658, #1873, #298 ) ) REPRESENTATION_CONTEXT ( 'NONE', 'WORKASPACE' ) );
#2040 = PLANE ( 'NONE',  #4396 ) ;
#2041 = DIRECTION ( 'NONE',  ( 0.0000000000000000000, 0.0000000000000000000, 1.000000000000000000 ) ) ;
#2042 = DIRECTION ( 'NONE',  ( 0.0000000000000000000, 0.0000000000000000000, 1.000000000000000000 ) ) ;
#2043 = CARTESIAN_POINT ( 'NONE',  ( -3.000000000000000000, 0.0000000000000000000, 0.0000000000000000000 ) ) ;
#2044 = COLOUR_RGB ( '',0.7529411764705882248, 0.7529411764705882248, 0.7529411764705882248 ) ;
#2045 = SURFACE_STYLE_USAGE ( .BOTH. , #2813 ) ;
#2046 = LINE ( 'NONE', #1657, #3136 ) ;
#2047 = VECTOR ( 'NONE', #4965, 1000.000000000000000 ) ;
#2048 = EDGE_CURVE ( 'NONE', #4453, #5071, #1461, .T. ) ;
#2049 = ORIENTED_EDGE ( 'NONE', *, *, #457, .F. ) ;
#2050 = VECTOR ( 'NONE', #4835, 1000.000000000000000 ) ;
#2051 = CARTESIAN_POINT ( 'NONE',  ( -1.999999999999999334, -2.418046093003111352, 3.637779991155306369 ) ) ;
#2052 = EDGE_CURVE ( 'NONE', #2587, #2605, #881, .T. ) ;
#2053 = ORIENTED_EDGE ( 'NONE', *, *, #873, .F. ) ;
#2054 = CARTESIAN_POINT ( 'NONE',  ( 0.0000000000000000000, 0.0000000000000000000, 0.0000000000000000000 ) ) ;
#2055 =( LENGTH_UNIT ( ) NAMED_UNIT ( * ) SI_UNIT ( .MILLI., .METRE. ) );
#2056 =( NAMED_UNIT ( * ) SI_UNIT ( $, .STERADIAN. ) SOLID_ANGLE_UNIT ( ) );
#2057 = UNCERTAINTY_MEASURE_WITH_UNIT (LENGTH_MEASURE( 1.000000000000000082E-05 ), #4762, 'distance_accuracy_value', 'NONE');
#2058 = DIRECTION ( 'NONE',  ( -0.0000000000000000000, -0.0000000000000000000, -1.000000000000000000 ) ) ;
#2059 = SURFACE_SIDE_STYLE ('',( #469 ) ) ;
#2060 = SURFACE_STYLE_FILL_AREA ( #1285 ) ;
#2061 = SURFACE_SIDE_STYLE ('',( #2458 ) ) ;
#2062 = SURFACE_SIDE_STYLE ('',( #2883 ) ) ;
#2063 = PLANE ( 'NONE',  #4448 ) ;
#2064 = FILL_AREA_STYLE ('',( #2911 ) ) ;
#2065 = FILL_AREA_STYLE ('',( #8 ) ) ;
#2066 = ORIENTED_EDGE ( 'NONE', *, *, #3881, .F. ) ;
#2067 = ORIENTED_EDGE ( 'NONE', *, *, #457, .T. ) ;
#2068 = CARTESIAN_POINT ( 'NONE',  ( 1.750000000000000000, 0.0000000000000000000, 4.200000000000000178 ) ) ;
#2069 = DIRECTION ( 'NONE',  ( -3.231085104332679983E-15, -1.000000000000000000, 0.0000000000000000000 ) ) ;
#2070 = VERTEX_POINT ( 'NONE', #3386 ) ;
#2071 = CARTESIAN_POINT ( 'NONE',  ( -2.000000000000000000, -1.500000000000000444, 3.449999999999999734 ) ) ;
#2072 = ORIENTED_EDGE ( 'NONE', *, *, #3626, .T. ) ;
#2073 = MECHANICAL_DESIGN_GEOMETRIC_PRESENTATION_REPRESENTATION (  '', ( #4869 ), #1157 ) ;
#2074 = DIRECTION ( 'NONE',  ( 1.000000000000000000, 0.0000000000000000000, 0.0000000000000000000 ) ) ;
#2075 = CARTESIAN_POINT ( 'NONE',  ( 3.000000000000000000, 0.0000000000000000000, 3.449999999999999734 ) ) ;
#2076 = ADVANCED_FACE ( 'NONE', ( #4895 ), #4994, .T. ) ;
#2077 = DIRECTION ( 'NONE',  ( 0.0000000000000000000, 0.0000000000000000000, 1.000000000000000000 ) ) ;
#2078 =( BOUNDED_CURVE ( )  B_SPLINE_CURVE ( 3, ( #1922, #4756, #3245, #3296 ),
 .UNSPECIFIED., .F., .F. ) 
 B_SPLINE_CURVE_WITH_KNOTS ( ( 4, 4 ),
 ( 0.0000000000000000000, 1.000000000000000000 ),
 .UNSPECIFIED. ) 
 CURVE ( )  GEOMETRIC_REPRESENTATION_ITEM ( )  RATIONAL_B_SPLINE_CURVE ( ( 1.000000000000000000, 0.3333333333333299286, 0.3333333333333299286, 1.000000000000000000 ) ) 
 REPRESENTATION_ITEM ( '' )  );
#2079 = DIRECTION ( 'NONE',  ( -3.231085104332679983E-15, -1.000000000000000000, 0.0000000000000000000 ) ) ;
#2080 =( NAMED_UNIT ( * ) PLANE_ANGLE_UNIT ( ) SI_UNIT ( $, .RADIAN. ) );
#2081 = CARTESIAN_POINT ( 'NONE',  ( 3.350000000000000089, 1.891781170833502390, 0.0000000000000000000 ) ) ;
#2082 =( LENGTH_UNIT ( ) NAMED_UNIT ( * ) SI_UNIT ( .MILLI., .METRE. ) );
#2083 = MECHANICAL_DESIGN_GEOMETRIC_PRESENTATION_REPRESENTATION (  '', ( #4883 ), #4619 ) ;
#2084 = PRESENTATION_STYLE_ASSIGNMENT (( #4179 ) ) ;
#2085 =( LENGTH_UNIT ( ) NAMED_UNIT ( * ) SI_UNIT ( .MILLI., .METRE. ) );
#2086 = CARTESIAN_POINT ( 'NONE',  ( 0.0000000000000000000, 0.0000000000000000000, 0.0000000000000000000 ) ) ;
#2087 = VERTEX_POINT ( 'NONE', #4303 ) ;
#2088 =( GEOMETRIC_REPRESENTATION_CONTEXT ( 3 ) GLOBAL_UNCERTAINTY_ASSIGNED_CONTEXT ( ( #2326 ) ) GLOBAL_UNIT_ASSIGNED_CONTEXT ( ( #1240, #2184, #2211 ) ) REPRESENTATION_CONTEXT ( 'NONE', 'WORKASPACE' ) );
#2089 =( NAMED_UNIT ( * ) SI_UNIT ( $, .STERADIAN. ) SOLID_ANGLE_UNIT ( ) );
#2090 = CARTESIAN_POINT ( 'NONE',  ( 2.000000000000000444, -2.499999999999999556, 3.449999999999999734 ) ) ;
#2091 = DIRECTION ( 'NONE',  ( 0.0000000000000000000, 1.000000000000000000, 0.0000000000000000000 ) ) ;
#2092 = COLOUR_RGB ( '',0.0000000000000000000, 0.0000000000000000000, 0.0000000000000000000 ) ;
#2093 = LINE ( 'NONE', #1985, #185 ) ;
#2094 = PLANE ( 'NONE',  #4031 ) ;
#2095 = ORIENTED_EDGE ( 'NONE', *, *, #2048, .F. ) ;
#2096 = DIRECTION ( 'NONE',  ( 1.000000000000000000, 0.0000000000000000000, 0.0000000000000000000 ) ) ;
#2097 =( GEOMETRIC_REPRESENTATION_CONTEXT ( 3 ) GLOBAL_UNCERTAINTY_ASSIGNED_CONTEXT ( ( #963 ) ) GLOBAL_UNIT_ASSIGNED_CONTEXT ( ( #1508, #4035, #5111 ) ) REPRESENTATION_CONTEXT ( 'NONE', 'WORKASPACE' ) );
#2098 = ORIENTED_EDGE ( 'NONE', *, *, #1154, .F. ) ;
#2099 = COLOUR_RGB ( '',0.0000000000000000000, 0.0000000000000000000, 0.0000000000000000000 ) ;
#2100 = VECTOR ( 'NONE', #3565, 1000.000000000000000 ) ;
#2101 = CARTESIAN_POINT ( 'NONE',  ( 0.0000000000000000000, 0.0000000000000000000, 0.0000000000000000000 ) ) ;
#2102 = CARTESIAN_POINT ( 'NONE',  ( -3.000000000000000000, 1.891781170833499948, 1.000000000000000000 ) ) ;
#2103 = ADVANCED_BREP_SHAPE_REPRESENTATION ( '', ( #3597, #1907 ), #1167 ) ;
#2104 = UNCERTAINTY_MEASURE_WITH_UNIT (LENGTH_MEASURE( 1.000000000000000082E-05 ), #699, 'distance_accuracy_value', 'NONE');
#2105 = PRESENTATION_LAYER_ASSIGNMENT (  '', '', ( #1021 ) ) ;
#2106 = CARTESIAN_POINT ( 'NONE',  ( 0.0000000000000000000, 1.891781170833499948, 0.0000000000000000000 ) ) ;
#2107 = AXIS2_PLACEMENT_3D ( 'NONE', #505, #2125, #2096 ) ;
#2108 = CARTESIAN_POINT ( 'NONE',  ( -3.500000000000000000, 1.891781170833499948, 1.000000000000000000 ) ) ;
#2109 = DIRECTION ( 'NONE',  ( 0.0000000000000000000, 0.0000000000000000000, 1.000000000000000000 ) ) ;
#2110 = ADVANCED_FACE ( 'NONE', ( #2713 ), #4728, .T. ) ;
#2111 = EDGE_CURVE ( 'NONE', #2340, #3736, #188, .T. ) ;
#2112 = SURFACE_STYLE_USAGE ( .BOTH. , #1317 ) ;
#2113 = DIRECTION ( 'NONE',  ( 0.0000000000000000000, 0.0000000000000000000, 1.000000000000000000 ) ) ;
#2114 = DIRECTION ( 'NONE',  ( -1.000000000000000000, 3.231085104332679983E-15, 0.0000000000000000000 ) ) ;
#2115 =( BOUNDED_CURVE ( )  B_SPLINE_CURVE ( 3, ( #2259, #2179, #2206, #3473 ),
 .UNSPECIFIED., .F., .F. ) 
 B_SPLINE_CURVE_WITH_KNOTS ( ( 4, 4 ),
 ( 0.0000000000000000000, 1.000000000000000000 ),
 .UNSPECIFIED. ) 
 CURVE ( )  GEOMETRIC_REPRESENTATION_ITEM ( )  RATIONAL_B_SPLINE_CURVE ( ( 1.000000000000000000, 0.3333333333333368120, 0.3333333333333368120, 1.000000000000000000 ) ) 
 REPRESENTATION_ITEM ( '' )  );
#2116 = EDGE_CURVE ( 'NONE', #2924, #2007, #4666, .T. ) ;
#2117 = EDGE_LOOP ( 'NONE', ( #1322, #3158, #3063, #4383 ) ) ;
#2118 = CARTESIAN_POINT ( 'NONE',  ( -2.850000000000000089, 3.000000000000000000, 0.0000000000000000000 ) ) ;
#2119 = DIRECTION ( 'NONE',  ( 1.000000000000000000, -3.231085104332679983E-15, 0.0000000000000000000 ) ) ;
#2120 =( GEOMETRIC_REPRESENTATION_CONTEXT ( 3 ) GLOBAL_UNCERTAINTY_ASSIGNED_CONTEXT ( ( #1797 ) ) GLOBAL_UNIT_ASSIGNED_CONTEXT ( ( #4080, #3676, #1297 ) ) REPRESENTATION_CONTEXT ( 'NONE', 'WORKASPACE' ) );
#2121 = MECHANICAL_DESIGN_GEOMETRIC_PRESENTATION_REPRESENTATION (  '', ( #2193 ), #1703 ) ;
#2122 =( REPRESENTATION_RELATIONSHIP ('NONE','NONE', #302, #1721 ) REPRESENTATION_RELATIONSHIP_WITH_TRANSFORMATION ( #564 )SHAPE_REPRESENTATION_RELATIONSHIP( ) );
#2123 = EDGE_LOOP ( 'NONE', ( #1061, #1912, #3659, #1630 ) ) ;
#2124 = DIRECTION ( 'NONE',  ( -0.0000000000000000000, -1.000000000000000000, -0.0000000000000000000 ) ) ;
#2125 = DIRECTION ( 'NONE',  ( 0.0000000000000000000, 0.0000000000000000000, 1.000000000000000000 ) ) ;
#2126 = VECTOR ( 'NONE', #2715, 1000.000000000000000 ) ;
#2127 =( GEOMETRIC_REPRESENTATION_CONTEXT ( 3 ) GLOBAL_UNCERTAINTY_ASSIGNED_CONTEXT ( ( #2736 ) ) GLOBAL_UNIT_ASSIGNED_CONTEXT ( ( #1385, #203, #229 ) ) REPRESENTATION_CONTEXT ( 'NONE', 'WORKASPACE' ) );
#2128 = CARTESIAN_POINT ( 'NONE',  ( 3.249999999999998668, 1.891781170833499948, 0.9000000000000000222 ) ) ;
#2129 =( GEOMETRIC_REPRESENTATION_CONTEXT ( 3 ) GLOBAL_UNCERTAINTY_ASSIGNED_CONTEXT ( ( #1842 ) ) GLOBAL_UNIT_ASSIGNED_CONTEXT ( ( #3897, #179, #2202 ) ) REPRESENTATION_CONTEXT ( 'NONE', 'WORKASPACE' ) );
#2130 = EDGE_LOOP ( 'NONE', ( #3971, #205, #376, #2690 ) ) ;
#2131 = AXIS2_PLACEMENT_3D ( 'NONE', #1034, #4775, #1405 ) ;
#2132 = CARTESIAN_POINT ( 'NONE',  ( 1.000000000000000000, 3.000000000000000444, 0.2999999999999999889 ) ) ;
#2133 = CARTESIAN_POINT ( 'NONE',  ( 1.163907813993778406, 1.581953906996890646, 3.637779991155306814 ) ) ;
#2134 = PRESENTATION_STYLE_ASSIGNMENT (( #1284 ) ) ;
#2135 = SURFACE_STYLE_USAGE ( .BOTH. , #2061 ) ;
#2136 =( NAMED_UNIT ( * ) SI_UNIT ( $, .STERADIAN. ) SOLID_ANGLE_UNIT ( ) );
#2137 = FILL_AREA_STYLE_COLOUR ( '', #3051 ) ;
#2138 = ORIENTED_EDGE ( 'NONE', *, *, #3836, .F. ) ;
#2139 =( LENGTH_UNIT ( ) NAMED_UNIT ( * ) SI_UNIT ( .MILLI., .METRE. ) );
#2140 = ADVANCED_FACE ( 'NONE', ( #1437 ), #3033, .F. ) ;
#2141 =( NAMED_UNIT ( * ) PLANE_ANGLE_UNIT ( ) SI_UNIT ( $, .RADIAN. ) );
#2142 = FACE_OUTER_BOUND ( 'NONE', #617, .T. ) ;
#2143 = EDGE_LOOP ( 'NONE', ( #1401, #1084, #1220, #4588, #4521, #5183, #1944, #4804, #4931, #3327, #939, #773 ) ) ;
#2144 = LINE ( 'NONE', #1760, #526 ) ;
#2145 = DIRECTION ( 'NONE',  ( 1.000000000000000000, 0.0000000000000000000, 0.0000000000000000000 ) ) ;
#2146 = CARTESIAN_POINT ( 'NONE',  ( -3.649999999999999911, -2.258218829166500186, 0.1499999999999999944 ) ) ;
#2147 = ORIENTED_EDGE ( 'NONE', *, *, #4386, .T. ) ;
#2148 = UNCERTAINTY_MEASURE_WITH_UNIT (LENGTH_MEASURE( 1.000000000000000082E-05 ), #1017, 'distance_accuracy_value', 'NONE');
#2149 = STYLED_ITEM ( 'NONE', ( #3307 ), #5140 ) ;
#2150 = FACE_OUTER_BOUND ( 'NONE', #426, .T. ) ;
#2151 = LINE ( 'NONE', #2932, #1819 ) ;
#2152 =( LENGTH_UNIT ( ) NAMED_UNIT ( * ) SI_UNIT ( .MILLI., .METRE. ) );
#2153 = SHAPE_REPRESENTATION_RELATIONSHIP ( 'NONE' , 'NONE' ,  #1880, #2488 ) ;
#2154 = SURFACE_STYLE_FILL_AREA ( #2260 ) ;
#2155 = PRESENTATION_LAYER_ASSIGNMENT (  '', '', ( #4452 ) ) ;
#2156 = DIRECTION ( 'NONE',  ( 0.0000000000000000000, 0.0000000000000000000, 1.000000000000000000 ) ) ;
#2157 = AXIS2_PLACEMENT_3D ( 'NONE', #1836, #1434, #2707 ) ;
#2158 = CARTESIAN_POINT ( 'NONE',  ( -2.850000000000000089, 2.850000000000000089, 3.449999999999999734 ) ) ;
#2159 =( GEOMETRIC_REPRESENTATION_CONTEXT ( 3 ) GLOBAL_UNCERTAINTY_ASSIGNED_CONTEXT ( ( #3376 ) ) GLOBAL_UNIT_ASSIGNED_CONTEXT ( ( #539, #131, #1493 ) ) REPRESENTATION_CONTEXT ( 'NONE', 'WORKASPACE' ) );
#2160 = ORIENTED_EDGE ( 'NONE', *, *, #1582, .F. ) ;
#2161 = DIRECTION ( 'NONE',  ( 3.231085104332679983E-15, 1.000000000000000000, -0.0000000000000000000 ) ) ;
#2162 = VECTOR ( 'NONE', #2866, 1000.000000000000000 ) ;
#2163 = CARTESIAN_POINT ( 'NONE',  ( -1.000000000000000000, 0.0000000000000000000, 0.0000000000000000000 ) ) ;
#2164 = CARTESIAN_POINT ( 'NONE',  ( 2.000000000000003997, -2.418046093003111352, 3.637779991155306369 ) ) ;
#2165 = PRESENTATION_LAYER_ASSIGNMENT (  '', '', ( #4462 ) ) ;
#2166 = ORIENTED_EDGE ( 'NONE', *, *, #1978, .T. ) ;
#2167 = EDGE_CURVE ( 'NONE', #2702, #4923, #1387, .T. ) ;
#2168 = EDGE_CURVE ( 'NONE', #2472, #4980, #439, .T. ) ;
#2169 = LINE ( 'NONE', #95, #3788 ) ;
#2170 = DIRECTION ( 'NONE',  ( -0.0000000000000000000, 0.0000000000000000000, 1.000000000000000000 ) ) ;
#2171 = ORIENTED_EDGE ( 'NONE', *, *, #3590, .T. ) ;
#2172 = VECTOR ( 'NONE', #2031, 1000.000000000000000 ) ;
#2173 = MECHANICAL_DESIGN_GEOMETRIC_PRESENTATION_REPRESENTATION (  '', ( #4290 ), #764 ) ;
#2174 = LINE ( 'NONE', #1456, #1792 ) ;
#2175 = PRESENTATION_LAYER_ASSIGNMENT (  '', '', ( #1607 ) ) ;
#2176 = DIRECTION ( 'NONE',  ( 1.000000000000000000, -3.252606517456511724E-15, 0.0000000000000000000 ) ) ;
#2177 = ORIENTED_EDGE ( 'NONE', *, *, #1188, .T. ) ;
#2178 = PRESENTATION_STYLE_ASSIGNMENT (( #4697 ) ) ;
#2179 = CARTESIAN_POINT ( 'NONE',  ( -2.083484861008839673, 1.958257569495581052, 3.750000000000000000 ) ) ;
#2180 = PRESENTATION_LAYER_ASSIGNMENT (  '', '', ( #259 ) ) ;
#2181 = VECTOR ( 'NONE', #1900, 1000.000000000000000 ) ;
#2182 = SURFACE_STYLE_USAGE ( .BOTH. , #2209 ) ;
#2183 = DIRECTION ( 'NONE',  ( 0.0000000000000000000, 0.0000000000000000000, 1.000000000000000000 ) ) ;
#2184 =( NAMED_UNIT ( * ) PLANE_ANGLE_UNIT ( ) SI_UNIT ( $, .RADIAN. ) );
#2185 = ORIENTED_EDGE ( 'NONE', *, *, #1329, .F. ) ;
#2186 = PLANE ( 'NONE',  #5151 ) ;
#2187 = DIRECTION ( 'NONE',  ( -3.231085104332679983E-15, -1.000000000000000000, 0.0000000000000000000 ) ) ;
#2188 = SURFACE_SIDE_STYLE ('',( #4527 ) ) ;
#2189 = CARTESIAN_POINT ( 'NONE',  ( 1.916515138991159439, -1.958257569495580164, 3.749999999999999556 ) ) ;
#2190 = ORIENTED_EDGE ( 'NONE', *, *, #247, .F. ) ;
#2191 = ORIENTED_EDGE ( 'NONE', *, *, #1253, .F. ) ;
#2192 = LINE ( 'NONE', #1735, #3026 ) ;
#2193 = STYLED_ITEM ( 'NONE', ( #4629 ), #4693 ) ;
#2194 = EDGE_CURVE ( 'NONE', #1764, #2197, #4337, .T. ) ;
#2195 = AXIS2_PLACEMENT_3D ( 'NONE', #5024, #4952, #942 ) ;
#2196 = AXIS2_PLACEMENT_3D ( 'NONE', #4278, #4585, #274 ) ;
#2197 = VERTEX_POINT ( 'NONE', #4758 ) ;
#2198 = STYLED_ITEM ( 'NONE', ( #3004 ), #3044 ) ;
#2199 = PRESENTATION_LAYER_ASSIGNMENT (  '', '', ( #1305 ) ) ;
#2200 = UNCERTAINTY_MEASURE_WITH_UNIT (LENGTH_MEASURE( 1.000000000000000082E-05 ), #5117, 'distance_accuracy_value', 'NONE');
#2201 = EDGE_CURVE ( 'NONE', #2385, #3295, #2793, .T. ) ;
#2202 =( NAMED_UNIT ( * ) SI_UNIT ( $, .STERADIAN. ) SOLID_ANGLE_UNIT ( ) );
#2203 = CARTESIAN_POINT ( 'NONE',  ( -1.916515138991158107, 2.041742430504419392, 3.749999999999999556 ) ) ;
#2204 = PRODUCT_DEFINITION ( 'UNKNOWN', '', #4108, #2252 ) ;
#2205 = CIRCLE ( 'NONE', #4241, 0.3999999999999999667 ) ;
#2206 = CARTESIAN_POINT ( 'NONE',  ( -2.083484861008838784, 2.041742430504419836, 3.750000000000000000 ) ) ;
#2207 =( NAMED_UNIT ( * ) SI_UNIT ( $, .STERADIAN. ) SOLID_ANGLE_UNIT ( ) );
#2208 = UNCERTAINTY_MEASURE_WITH_UNIT (LENGTH_MEASURE( 1.000000000000000082E-05 ), #3071, 'distance_accuracy_value', 'NONE');
#2209 = SURFACE_SIDE_STYLE ('',( #266 ) ) ;
#2210 = CARTESIAN_POINT ( 'NONE',  ( 3.250000000000000000, -2.258218829166500186, 0.9000000000000000222 ) ) ;
#2211 =( NAMED_UNIT ( * ) SI_UNIT ( $, .STERADIAN. ) SOLID_ANGLE_UNIT ( ) );
#2212 = SURFACE_SIDE_STYLE ('',( #1090 ) ) ;
#2213 = FACE_OUTER_BOUND ( 'NONE', #389, .T. ) ;
#2214 = FACE_OUTER_BOUND ( 'NONE', #812, .T. ) ;
#2215 = ORIENTED_EDGE ( 'NONE', *, *, #639, .F. ) ;
#2216 = VERTEX_POINT ( 'NONE', #1142 ) ;
#2217 = SURFACE_STYLE_FILL_AREA ( #199 ) ;
#2218 = PRESENTATION_STYLE_ASSIGNMENT (( #2698 ) ) ;
#2219 = ITEM_DEFINED_TRANSFORMATION ( 'NONE', 'NONE', #1430,  #1907 ) ;
#2220 = DIRECTION ( 'NONE',  ( 3.231085104332679983E-15, 1.000000000000000000, -0.0000000000000000000 ) ) ;
#2221 = ORIENTED_EDGE ( 'NONE', *, *, #5074, .F. ) ;
#2222 = SURFACE_STYLE_USAGE ( .BOTH. , #4720 ) ;
#2223 = LINE ( 'NONE', #1036, #144 ) ;
#2224 =( NAMED_UNIT ( * ) SI_UNIT ( $, .STERADIAN. ) SOLID_ANGLE_UNIT ( ) );
#2225 = EDGE_CURVE ( 'NONE', #972, #2465, #4328, .T. ) ;
#2226 =( NAMED_UNIT ( * ) PLANE_ANGLE_UNIT ( ) SI_UNIT ( $, .RADIAN. ) );
#2227 = ADVANCED_FACE ( 'NONE', ( #4863 ), #827, .T. ) ;
#2228 = DIRECTION ( 'NONE',  ( 3.231085104332679983E-15, 1.000000000000000000, 0.0000000000000000000 ) ) ;
#2229 = STYLED_ITEM ( 'NONE', ( #3537 ), #5075 ) ;
#2230 = DIRECTION ( 'NONE',  ( -1.000000000000000000, 0.0000000000000000000, -0.0000000000000000000 ) ) ;
#2231 = DIRECTION ( 'NONE',  ( 0.0000000000000000000, 1.000000000000000000, 0.0000000000000000000 ) ) ;
#2232 = FILL_AREA_STYLE ('',( #1118 ) ) ;
#2233 = ORIENTED_EDGE ( 'NONE', *, *, #2048, .T. ) ;
#2234 = FILL_AREA_STYLE_COLOUR ( '', #4314 ) ;
#2235 = SURFACE_STYLE_USAGE ( .BOTH. , #647 ) ;
#2236 = MECHANICAL_DESIGN_GEOMETRIC_PRESENTATION_REPRESENTATION (  '', ( #317 ), #4698 ) ;
#2237 =( GEOMETRIC_REPRESENTATION_CONTEXT ( 3 ) GLOBAL_UNCERTAINTY_ASSIGNED_CONTEXT ( ( #2200 ) ) GLOBAL_UNIT_ASSIGNED_CONTEXT ( ( #5117, #3535, #1338 ) ) REPRESENTATION_CONTEXT ( 'NONE', 'WORKASPACE' ) );
#2238 = CARTESIAN_POINT ( 'NONE',  ( 1.649999999999999911, 1.212400331155879702E-16, 4.299999999999999822 ) ) ;
#2239 = EDGE_LOOP ( 'NONE', ( #3447, #1344, #4591, #1734 ) ) ;
#2240 = EDGE_LOOP ( 'NONE', ( #3715, #4553, #1139, #1802, #2522, #4476, #1380, #3401, #4522, #5104, #653, #2406 ) ) ;
#2241 = COLOUR_RGB ( '',0.7529411764705882248, 0.7529411764705882248, 0.7529411764705882248 ) ;
#2242 = FACE_OUTER_BOUND ( 'NONE', #683, .T. ) ;
#2243 = DIRECTION ( 'NONE',  ( -1.000000000000000000, 0.0000000000000000000, -0.0000000000000000000 ) ) ;
#2244 = STYLED_ITEM ( 'NONE', ( #158 ), #1850 ) ;
#2245 = DIRECTION ( 'NONE',  ( 1.000000000000000000, 0.0000000000000000000, 0.0000000000000000000 ) ) ;
#2246 =( GEOMETRIC_REPRESENTATION_CONTEXT ( 3 ) GLOBAL_UNCERTAINTY_ASSIGNED_CONTEXT ( ( #3165 ) ) GLOBAL_UNIT_ASSIGNED_CONTEXT ( ( #403, #4111, #3222 ) ) REPRESENTATION_CONTEXT ( 'NONE', 'WORKASPACE' ) );
#2247 = PLANE ( 'NONE',  #1670 ) ;
#2248 = MECHANICAL_DESIGN_GEOMETRIC_PRESENTATION_REPRESENTATION (  '', ( #2341 ), #3600 ) ;
#2249 = VERTEX_POINT ( 'NONE', #321 ) ;
#2250 = MECHANICAL_DESIGN_GEOMETRIC_PRESENTATION_REPRESENTATION (  '', ( #1176 ), #3109 ) ;
#2251 = VECTOR ( 'NONE', #1648, 1000.000000000000000 ) ;
#2252 = PRODUCT_DEFINITION_CONTEXT ( 'detailed design', #2394, 'design' ) ;
#2253 = SURFACE_SIDE_STYLE ('',( #4262 ) ) ;
#2254 = DIRECTION ( 'NONE',  ( -0.0000000000000000000, -0.0000000000000000000, -1.000000000000000000 ) ) ;
#2255 = ORIENTED_EDGE ( 'NONE', *, *, #3981, .T. ) ;
#2256 = CLOSED_SHELL ( 'NONE', ( #769, #3044, #2274, #4987 ) ) ;
#2257 = PRESENTATION_LAYER_ASSIGNMENT (  '', '', ( #1108 ) ) ;
#2258 = CARTESIAN_POINT ( 'NONE',  ( 0.0000000000000000000, 0.0000000000000000000, 0.0000000000000000000 ) ) ;
#2259 = CARTESIAN_POINT ( 'NONE',  ( -2.000000000000000000, 1.958257569495580608, 3.750000000000000000 ) ) ;
#2260 = FILL_AREA_STYLE ('',( #2607 ) ) ;
#2261 = MECHANICAL_DESIGN_GEOMETRIC_PRESENTATION_REPRESENTATION (  '', ( #4134 ), #341 ) ;
#2262 =( LENGTH_UNIT ( ) NAMED_UNIT ( * ) SI_UNIT ( .MILLI., .METRE. ) );
#2263 = CIRCLE ( 'NONE', #932, 0.1499999999999999667 ) ;
#2264 = EDGE_CURVE ( 'NONE', #253, #2761, #2386, .T. ) ;
#2265 = FILL_AREA_STYLE ('',( #323 ) ) ;
#2266 = EDGE_CURVE ( 'NONE', #3108, #4261, #1169, .T. ) ;
#2267 = CARTESIAN_POINT ( 'NONE',  ( -3.000000000000000000, 2.850000000000000089, 0.0000000000000000000 ) ) ;
#2268 = ORIENTED_EDGE ( 'NONE', *, *, #3055, .T. ) ;
#2269 = MECHANICAL_DESIGN_GEOMETRIC_PRESENTATION_REPRESENTATION (  '', ( #771 ), #3298 ) ;
#2270 = DIRECTION ( 'NONE',  ( 0.0000000000000000000, 0.0000000000000000000, -1.000000000000000000 ) ) ;
#2271 = STYLED_ITEM ( 'NONE', ( #5045 ), #3810 ) ;
#2272 =( NAMED_UNIT ( * ) PLANE_ANGLE_UNIT ( ) SI_UNIT ( $, .RADIAN. ) );
#2273 = PLANE ( 'NONE',  #243 ) ;
#2274 = ADVANCED_FACE ( 'NONE', ( #4009 ), #1048, .T. ) ;
#2275 = CARTESIAN_POINT ( 'NONE',  ( 1.649999999999999689, 3.299999999999999822, 4.299999999999999822 ) ) ;
#2276 = COLOUR_RGB ( '',0.0000000000000000000, 0.0000000000000000000, 0.0000000000000000000 ) ;
#2277 = AXIS2_PLACEMENT_3D ( 'NONE', #534, #946, #3807 ) ;
#2278 = VERTEX_POINT ( 'NONE', #132 ) ;
#2279 = ORIENTED_EDGE ( 'NONE', *, *, #5142, .F. ) ;
#2280 = DIRECTION ( 'NONE',  ( 1.000000000000000000, 0.0000000000000000000, 0.0000000000000000000 ) ) ;
#2281 =( NAMED_UNIT ( * ) SI_UNIT ( $, .STERADIAN. ) SOLID_ANGLE_UNIT ( ) );
#2282 =( NAMED_UNIT ( * ) PLANE_ANGLE_UNIT ( ) SI_UNIT ( $, .RADIAN. ) );
#2283 = FILL_AREA_STYLE_COLOUR ( '', #2670 ) ;
#2284 = ORIENTED_EDGE ( 'NONE', *, *, #4271, .F. ) ;
#2285 =( GEOMETRIC_REPRESENTATION_CONTEXT ( 3 ) GLOBAL_UNCERTAINTY_ASSIGNED_CONTEXT ( ( #1001 ) ) GLOBAL_UNIT_ASSIGNED_CONTEXT ( ( #119, #2516, #555 ) ) REPRESENTATION_CONTEXT ( 'NONE', 'WORKASPACE' ) );
#2286 = STYLED_ITEM ( 'NONE', ( #4185 ), #2652 ) ;
#2287 = LINE ( 'NONE', #3919, #4954 ) ;
#2288 = ORIENTED_EDGE ( 'NONE', *, *, #3727, .T. ) ;
#2289 = FILL_AREA_STYLE_COLOUR ( '', #3370 ) ;
#2290 =( GEOMETRIC_REPRESENTATION_CONTEXT ( 3 ) GLOBAL_UNCERTAINTY_ASSIGNED_CONTEXT ( ( #2381 ) ) GLOBAL_UNIT_ASSIGNED_CONTEXT ( ( #2405, #4427, #4043 ) ) REPRESENTATION_CONTEXT ( 'NONE', 'WORKASPACE' ) );
#2291 =( NAMED_UNIT ( * ) SI_UNIT ( $, .STERADIAN. ) SOLID_ANGLE_UNIT ( ) );
#2292 =( NAMED_UNIT ( * ) PLANE_ANGLE_UNIT ( ) SI_UNIT ( $, .RADIAN. ) );
#2293 = AXIS2_PLACEMENT_3D ( 'NONE', #5119, #4425, #2802 ) ;
#2294 = PRESENTATION_LAYER_ASSIGNMENT (  '', '', ( #194 ) ) ;
#2295 = FILL_AREA_STYLE ('',( #666 ) ) ;
#2296 = LINE ( 'NONE', #3903, #418 ) ;
#2297 = MECHANICAL_DESIGN_GEOMETRIC_PRESENTATION_REPRESENTATION (  '', ( #1552 ), #2129 ) ;
#2298 = FILL_AREA_STYLE ('',( #4225 ) ) ;
#2299 = SURFACE_STYLE_USAGE ( .BOTH. , #1976 ) ;
#2300 = FACE_OUTER_BOUND ( 'NONE', #4292, .T. ) ;
#2301 =( NAMED_UNIT ( * ) PLANE_ANGLE_UNIT ( ) SI_UNIT ( $, .RADIAN. ) );
#2302 = EDGE_CURVE ( 'NONE', #2578, #2070, #4162, .T. ) ;
#2303 = CARTESIAN_POINT ( 'NONE',  ( -3.000000000000000000, 2.241781170833500259, 1.000000000000000000 ) ) ;
#2304 = CARTESIAN_POINT ( 'NONE',  ( 3.750000000000002665, -1.137328243749749834, 0.3000000000000000444 ) ) ;
#2305 = EDGE_LOOP ( 'NONE', ( #5048, #2171, #3870, #4612 ) ) ;
#2306 = VERTEX_POINT ( 'NONE', #2878 ) ;
#2307 = SURFACE_STYLE_USAGE ( .BOTH. , #1580 ) ;
#2308 = EDGE_CURVE ( 'NONE', #2216, #3650, #2907, .T. ) ;
#2309 = EDGE_CURVE ( 'NONE', #118, #3189, #3379, .T. ) ;
#2310 = SURFACE_STYLE_FILL_AREA ( #2699 ) ;
#2311 = LINE ( 'NONE', #15, #2846 ) ;
#2312 = ORIENTED_EDGE ( 'NONE', *, *, #3990, .F. ) ;
#2313 = CARTESIAN_POINT ( 'NONE',  ( 1.916515138991160994, 2.041742430504419836, 3.750000000000000000 ) ) ;
#2314 = CARTESIAN_POINT ( 'NONE',  ( -0.9999999999999886757, 2.499999999999999556, 3.450000000000000622 ) ) ;
#2315 = ORIENTED_EDGE ( 'NONE', *, *, #3309, .F. ) ;
#2316 = DIRECTION ( 'NONE',  ( 0.0000000000000000000, 0.0000000000000000000, 1.000000000000000000 ) ) ;
#2317 = FILL_AREA_STYLE ('',( #3527 ) ) ;
#2318 = FILL_AREA_STYLE_COLOUR ( '', #1340 ) ;
#2319 = UNCERTAINTY_MEASURE_WITH_UNIT (LENGTH_MEASURE( 1.000000000000000082E-05 ), #700, 'distance_accuracy_value', 'NONE');
#2320 = SURFACE_STYLE_USAGE ( .BOTH. , #1813 ) ;
#2321 = PRESENTATION_STYLE_ASSIGNMENT (( #1468 ) ) ;
#2322 = LINE ( 'NONE', #4395, #3024 ) ;
#2323 = APPLICATION_PROTOCOL_DEFINITION ( 'draft international standard', 'automotive_design', 1998, #137 ) ;
#2324 = SURFACE_SIDE_STYLE ('',( #1598 ) ) ;
#2325 = FILL_AREA_STYLE ('',( #5199 ) ) ;
#2326 = UNCERTAINTY_MEASURE_WITH_UNIT (LENGTH_MEASURE( 1.000000000000000082E-05 ), #1240, 'distance_accuracy_value', 'NONE');
#2327 = CARTESIAN_POINT ( 'NONE',  ( 3.249999999999999556, -2.608218829166498942, 1.300000000000000044 ) ) ;
#2328 = AXIS2_PLACEMENT_3D ( 'NONE', #521, #2113, #4894 ) ;
#2329 = ORIENTED_EDGE ( 'NONE', *, *, #207, .F. ) ;
#2330 = ORIENTED_EDGE ( 'NONE', *, *, #3115, .F. ) ;
#2331 =( LENGTH_UNIT ( ) NAMED_UNIT ( * ) SI_UNIT ( .MILLI., .METRE. ) );
#2332 = SURFACE_STYLE_USAGE ( .BOTH. , #4285 ) ;
#2333 = CARTESIAN_POINT ( 'NONE',  ( -2.000000000000000444, 1.958257569495579720, 3.750000000000000000 ) ) ;
#2334 =( NAMED_UNIT ( * ) PLANE_ANGLE_UNIT ( ) SI_UNIT ( $, .RADIAN. ) );
#2335 =( NAMED_UNIT ( * ) PLANE_ANGLE_UNIT ( ) SI_UNIT ( $, .RADIAN. ) );
#2336 =( GEOMETRIC_REPRESENTATION_CONTEXT ( 3 ) GLOBAL_UNCERTAINTY_ASSIGNED_CONTEXT ( ( #4016 ) ) GLOBAL_UNIT_ASSIGNED_CONTEXT ( ( #2957, #4518, #2562 ) ) REPRESENTATION_CONTEXT ( 'NONE', 'WORKASPACE' ) );
#2337 = DIRECTION ( 'NONE',  ( 0.0000000000000000000, 0.0000000000000000000, 1.000000000000000000 ) ) ;
#2338 = EDGE_CURVE ( 'NONE', #3433, #5097, #2954, .T. ) ;
#2339 = EDGE_CURVE ( 'NONE', #4170, #2340, #2560, .T. ) ;
#2340 = VERTEX_POINT ( 'NONE', #1768 ) ;
#2341 = STYLED_ITEM ( 'NONE', ( #1679 ), #1730 ) ;
#2342 = AXIS2_PLACEMENT_3D ( 'NONE', #5169, #1568, #4270 ) ;
#2343 = CARTESIAN_POINT ( 'NONE',  ( 2.850000000000000089, -2.850000000000000089, 3.149999999999999911 ) ) ;
#2344 = FILL_AREA_STYLE ('',( #4003 ) ) ;
#2345 = EDGE_LOOP ( 'NONE', ( #2697, #2160, #2438, #577 ) ) ;
#2346 = VECTOR ( 'NONE', #325, 1000.000000000000000 ) ;
#2347 =( LENGTH_UNIT ( ) NAMED_UNIT ( * ) SI_UNIT ( .MILLI., .METRE. ) );
#2348 = SHAPE_REPRESENTATION_RELATIONSHIP ( 'NONE' , 'NONE' ,  #5013, #3743 ) ;
#2349 = SURFACE_STYLE_USAGE ( .BOTH. , #3195 ) ;
#2350 = CARTESIAN_POINT ( 'NONE',  ( -4.500000000000000000, 2.241781170833500259, 0.0000000000000000000 ) ) ;
#2351 = FILL_AREA_STYLE ('',( #4813 ) ) ;
#2352 = CARTESIAN_POINT ( 'NONE',  ( -3.649999999999999911, -2.258218829166500186, 0.3999999999999999667 ) ) ;
#2353 = SURFACE_STYLE_USAGE ( .BOTH. , #2797 ) ;
#2354 =( NAMED_UNIT ( * ) SI_UNIT ( $, .STERADIAN. ) SOLID_ANGLE_UNIT ( ) );
#2355 = CARTESIAN_POINT ( 'NONE',  ( 3.649999999999999911, -2.258218829166501074, 0.9000000000000000222 ) ) ;
#2356 = AXIS2_PLACEMENT_3D ( 'NONE', #3846, #4203, #3006 ) ;
#2357 = PLANE ( 'NONE',  #2886 ) ;
#2358 = VERTEX_POINT ( 'NONE', #4988 ) ;
#2359 = AXIS2_PLACEMENT_3D ( 'NONE', #4093, #567, #493 ) ;
#2360 = VERTEX_POINT ( 'NONE', #2849 ) ;
#2361 = DIRECTION ( 'NONE',  ( 0.0000000000000000000, 0.0000000000000000000, 1.000000000000000000 ) ) ;
#2362 =( LENGTH_UNIT ( ) NAMED_UNIT ( * ) SI_UNIT ( .MILLI., .METRE. ) );
#2363 = PLANE ( 'NONE',  #1762 ) ;
#2364 = ORIENTED_EDGE ( 'NONE', *, *, #4533, .F. ) ;
#2365 = EDGE_CURVE ( 'NONE', #4074, #3650, #4467, .T. ) ;
#2366 =( LENGTH_UNIT ( ) NAMED_UNIT ( * ) SI_UNIT ( .MILLI., .METRE. ) );
#2367 = CARTESIAN_POINT ( 'NONE',  ( -1.000000000000000000, -3.000000000000000000, 0.2999999999999999889 ) ) ;
#2368 = ORIENTED_EDGE ( 'NONE', *, *, #4511, .T. ) ;
#2369 = PRESENTATION_STYLE_ASSIGNMENT (( #4390 ) ) ;
#2370 = EDGE_CURVE ( 'NONE', #2638, #2197, #2455, .T. ) ;
#2371 = UNCERTAINTY_MEASURE_WITH_UNIT (LENGTH_MEASURE( 1.000000000000000082E-05 ), #2561, 'distance_accuracy_value', 'NONE');
#2372 =( GEOMETRIC_REPRESENTATION_CONTEXT ( 3 ) GLOBAL_UNCERTAINTY_ASSIGNED_CONTEXT ( ( #3686 ) ) GLOBAL_UNIT_ASSIGNED_CONTEXT ( ( #1045, #5118, #1471 ) ) REPRESENTATION_CONTEXT ( 'NONE', 'WORKASPACE' ) );
#2373 = PRODUCT_DEFINITION ( 'UNKNOWN', '', #2424, #2782 ) ;
#2374 = DIRECTION ( 'NONE',  ( 1.000000000000000000, -4.336808689942025625E-15, -1.084202172485506406E-15 ) ) ;
#2375 =( GEOMETRIC_REPRESENTATION_CONTEXT ( 3 ) GLOBAL_UNCERTAINTY_ASSIGNED_CONTEXT ( ( #5016 ) ) GLOBAL_UNIT_ASSIGNED_CONTEXT ( ( #169, #1400, #2592 ) ) REPRESENTATION_CONTEXT ( 'NONE', 'WORKASPACE' ) );
#2376 = VECTOR ( 'NONE', #3212, 1000.000000000000000 ) ;
#2377 = PRESENTATION_STYLE_ASSIGNMENT (( #2299 ) ) ;
#2378 = PRODUCT ( '7', '7', '', ( #4811 ) ) ;
#2379 =( GEOMETRIC_REPRESENTATION_CONTEXT ( 3 ) GLOBAL_UNCERTAINTY_ASSIGNED_CONTEXT ( ( #3118 ) ) GLOBAL_UNIT_ASSIGNED_CONTEXT ( ( #3172, #4783, #4815 ) ) REPRESENTATION_CONTEXT ( 'NONE', 'WORKASPACE' ) );
#2380 = CARTESIAN_POINT ( 'NONE',  ( -1.708578643762690641, -4.184810734351008788E-16, 4.299999999999999822 ) ) ;
#2381 = UNCERTAINTY_MEASURE_WITH_UNIT (LENGTH_MEASURE( 1.000000000000000082E-05 ), #2405, 'distance_accuracy_value', 'NONE');
#2382 = FILL_AREA_STYLE ('',( #1627 ) ) ;
#2383 =( GEOMETRIC_REPRESENTATION_CONTEXT ( 3 ) GLOBAL_UNCERTAINTY_ASSIGNED_CONTEXT ( ( #5057 ) ) GLOBAL_UNIT_ASSIGNED_CONTEXT ( ( #934, #3282, #2540 ) ) REPRESENTATION_CONTEXT ( 'NONE', 'WORKASPACE' ) );
#2384 = ORIENTED_EDGE ( 'NONE', *, *, #4114, .F. ) ;
#2385 = VERTEX_POINT ( 'NONE', #4090 ) ;
#2386 = CIRCLE ( 'NONE', #4239, 0.1499999999999999667 ) ;
#2387 = LINE ( 'NONE', #1653, #4564 ) ;
#2388 =( NAMED_UNIT ( * ) PLANE_ANGLE_UNIT ( ) SI_UNIT ( $, .RADIAN. ) );
#2389 = DIRECTION ( 'NONE',  ( 0.0000000000000000000, 0.0000000000000000000, -1.000000000000000000 ) ) ;
#2390 = DIRECTION ( 'NONE',  ( 1.000000000000000000, 0.0000000000000000000, -0.0000000000000000000 ) ) ;
#2391 = DIRECTION ( 'NONE',  ( -0.0000000000000000000, -0.0000000000000000000, -1.000000000000000000 ) ) ;
#2392 = SURFACE_STYLE_USAGE ( .BOTH. , #2729 ) ;
#2393 = VERTEX_POINT ( 'NONE', #490 ) ;
#2394 = APPLICATION_CONTEXT ( 'automotive_design' ) ;
#2395 = PRESENTATION_STYLE_ASSIGNMENT (( #2418 ) ) ;
#2396 = DIRECTION ( 'NONE',  ( 1.000000000000000000, 0.0000000000000000000, 0.0000000000000000000 ) ) ;
#2397 = SURFACE_STYLE_FILL_AREA ( #2317 ) ;
#2398 = DIRECTION ( 'NONE',  ( -0.0000000000000000000, -1.000000000000000000, 0.0000000000000000000 ) ) ;
#2399 = FILL_AREA_STYLE ('',( #3199 ) ) ;
#2400 =( NAMED_UNIT ( * ) PLANE_ANGLE_UNIT ( ) SI_UNIT ( $, .RADIAN. ) );
#2401 = EDGE_CURVE ( 'NONE', #2087, #2621, #3663, .T. ) ;
#2402 = FILL_AREA_STYLE_COLOUR ( '', #4891 ) ;
#2403 =( NAMED_UNIT ( * ) PLANE_ANGLE_UNIT ( ) SI_UNIT ( $, .RADIAN. ) );
#2404 = FACE_OUTER_BOUND ( 'NONE', #839, .T. ) ;
#2405 =( LENGTH_UNIT ( ) NAMED_UNIT ( * ) SI_UNIT ( .MILLI., .METRE. ) );
#2406 = ORIENTED_EDGE ( 'NONE', *, *, #3947, .F. ) ;
#2407 = ORIENTED_EDGE ( 'NONE', *, *, #2821, .F. ) ;
#2408 = DIRECTION ( 'NONE',  ( 1.000000000000000000, -4.336808689942025625E-15, 0.0000000000000000000 ) ) ;
#2409 =( NAMED_UNIT ( * ) PLANE_ANGLE_UNIT ( ) SI_UNIT ( $, .RADIAN. ) );
#2410 = SURFACE_SIDE_STYLE ('',( #5208 ) ) ;
#2411 = CARTESIAN_POINT ( 'NONE',  ( 2.083484861008840117, 1.958257569495579276, 3.749999999999999556 ) ) ;
#2412 = DIRECTION ( 'NONE',  ( 1.000000000000000000, -1.224646799147353207E-16, 0.0000000000000000000 ) ) ;
#2413 =( GEOMETRIC_REPRESENTATION_CONTEXT ( 3 ) GLOBAL_UNCERTAINTY_ASSIGNED_CONTEXT ( ( #4116 ) ) GLOBAL_UNIT_ASSIGNED_CONTEXT ( ( #2004, #2301, #3610 ) ) REPRESENTATION_CONTEXT ( 'NONE', 'WORKASPACE' ) );
#2414 = SURFACE_SIDE_STYLE ('',( #2814 ) ) ;
#2415 = VERTEX_POINT ( 'NONE', #640 ) ;
#2416 = STYLED_ITEM ( 'NONE', ( #1248 ), #1916 ) ;
#2417 = PRODUCT_DEFINITION_CONTEXT ( 'detailed design', #681, 'design' ) ;
#2418 = SURFACE_STYLE_USAGE ( .BOTH. , #796 ) ;
#2419 = EDGE_LOOP ( 'NONE', ( #1774, #4317 ) ) ;
#2420 = CIRCLE ( 'NONE', #834, 1.750000000000000000 ) ;
#2421 = SHAPE_DEFINITION_REPRESENTATION ( #5198, #4985 ) ;
#2422 =( NAMED_UNIT ( * ) SI_UNIT ( $, .STERADIAN. ) SOLID_ANGLE_UNIT ( ) );
#2423 = UNCERTAINTY_MEASURE_WITH_UNIT (LENGTH_MEASURE( 1.000000000000000082E-05 ), #5147, 'distance_accuracy_value', 'NONE');
#2424 = PRODUCT_DEFINITION_FORMATION_WITH_SPECIFIED_SOURCE ( 'ANY', '', #367, .NOT_KNOWN. ) ;
#2425 = CARTESIAN_POINT ( 'NONE',  ( 2.850000000000000089, 2.850000000000000089, 0.0000000000000000000 ) ) ;
#2426 = DIRECTION ( 'NONE',  ( -0.0000000000000000000, 1.000000000000000000, 0.0000000000000000000 ) ) ;
#2427 = VECTOR ( 'NONE', #1065, 1000.000000000000000 ) ;
#2428 = SURFACE_STYLE_USAGE ( .BOTH. , #1573 ) ;
#2429 = FILL_AREA_STYLE ('',( #2402 ) ) ;
#2430 =( REPRESENTATION_RELATIONSHIP ('NONE','NONE', #302, #5013 ) REPRESENTATION_RELATIONSHIP_WITH_TRANSFORMATION ( #4538 )SHAPE_REPRESENTATION_RELATIONSHIP( ) );
#2431 = DIRECTION ( 'NONE',  ( -3.231085104332679983E-15, -1.000000000000000000, 0.0000000000000000000 ) ) ;
#2432 = COLOUR_RGB ( '',0.7529411764705882248, 0.7529411764705882248, 0.7529411764705882248 ) ;
#2433 = UNCERTAINTY_MEASURE_WITH_UNIT (LENGTH_MEASURE( 1.000000000000000082E-05 ), #2262, 'distance_accuracy_value', 'NONE');
#2434 = EDGE_CURVE ( 'NONE', #4566, #3129, #2174, .T. ) ;
#2435 = PRESENTATION_STYLE_ASSIGNMENT (( #780 ) ) ;
#2436 = PRESENTATION_STYLE_ASSIGNMENT (( #3994 ) ) ;
#2437 = STYLED_ITEM ( 'NONE', ( #1019 ), #1889 ) ;
#2438 = ORIENTED_EDGE ( 'NONE', *, *, #4410, .F. ) ;
#2439 = MECHANICAL_DESIGN_GEOMETRIC_PRESENTATION_REPRESENTATION (  '', ( #3862 ), #4468 ) ;
#2440 = FILL_AREA_STYLE_COLOUR ( '', #4898 ) ;
#2441 = CARTESIAN_POINT ( 'NONE',  ( 0.0000000000000000000, 0.0000000000000000000, 3.449999999999999734 ) ) ;
#2442 = CARTESIAN_POINT ( 'NONE',  ( -3.649999999999999911, 2.591781170833500347, 0.9000000000000000222 ) ) ;
#2443 = EDGE_CURVE ( 'NONE', #4401, #1454, #5029, .T. ) ;
#2444 = DIRECTION ( 'NONE',  ( 1.000000000000000000, 0.0000000000000000000, 0.0000000000000000000 ) ) ;
#2445 = SURFACE_STYLE_USAGE ( .BOTH. , #846 ) ;
#2446 =( GEOMETRIC_REPRESENTATION_CONTEXT ( 3 ) GLOBAL_UNCERTAINTY_ASSIGNED_CONTEXT ( ( #4821 ) ) GLOBAL_UNIT_ASSIGNED_CONTEXT ( ( #184, #5087, #1408 ) ) REPRESENTATION_CONTEXT ( 'NONE', 'WORKASPACE' ) );
#2447 = VECTOR ( 'NONE', #4605, 1000.000000000000000 ) ;
#2448 = VERTEX_POINT ( 'NONE', #4194 ) ;
#2449 = CARTESIAN_POINT ( 'NONE',  ( -1.163907813993777296, -2.418046093003110020, 3.637779991155306814 ) ) ;
#2450 = MECHANICAL_DESIGN_GEOMETRIC_PRESENTATION_REPRESENTATION (  '', ( #1021 ), #858 ) ;
#2451 = VECTOR ( 'NONE', #4532, 1000.000000000000000 ) ;
#2452 = DIRECTION ( 'NONE',  ( 0.0000000000000000000, 0.0000000000000000000, -1.000000000000000000 ) ) ;
#2453 = ORIENTED_EDGE ( 'NONE', *, *, #1666, .T. ) ;
#2454 = DIRECTION ( 'NONE',  ( 1.000000000000000000, 0.0000000000000000000, 0.0000000000000000000 ) ) ;
#2455 = LINE ( 'NONE', #4063, #794 ) ;
#2456 = AXIS2_PLACEMENT_3D ( 'NONE', #1804, #2622, #4236 ) ;
#2457 = SURFACE_STYLE_FILL_AREA ( #2399 ) ;
#2458 = SURFACE_STYLE_FILL_AREA ( #3722 ) ;
#2459 = FILL_AREA_STYLE ('',( #2002 ) ) ;
#2460 = DIRECTION ( 'NONE',  ( 0.0000000000000000000, 1.000000000000000000, 0.0000000000000000000 ) ) ;
#2461 = SURFACE_SIDE_STYLE ('',( #935 ) ) ;
#2462 = VECTOR ( 'NONE', #2900, 1000.000000000000000 ) ;
#2463 = VERTEX_POINT ( 'NONE', #4670 ) ;
#2464 = AXIS2_PLACEMENT_3D ( 'NONE', #4916, #686, #1807 ) ;
#2465 = VERTEX_POINT ( 'NONE', #2653 ) ;
#2466 = SURFACE_STYLE_FILL_AREA ( #419 ) ;
#2467 = SURFACE_STYLE_USAGE ( .BOTH. , #1207 ) ;
#2468 = PRESENTATION_LAYER_ASSIGNMENT (  '', '', ( #4324 ) ) ;
#2469 = PLANE ( 'NONE',  #1709 ) ;
#2470 = FACE_OUTER_BOUND ( 'NONE', #3911, .T. ) ;
#2471 =( GEOMETRIC_REPRESENTATION_CONTEXT ( 3 ) GLOBAL_UNCERTAINTY_ASSIGNED_CONTEXT ( ( #2686 ) ) GLOBAL_UNIT_ASSIGNED_CONTEXT ( ( #3278, #2880, #1386 ) ) REPRESENTATION_CONTEXT ( 'NONE', 'WORKASPACE' ) );
#2472 = VERTEX_POINT ( 'NONE', #1790 ) ;
#2473 = ADVANCED_FACE ( 'NONE', ( #3402 ), #1806, .T. ) ;
#2474 = VECTOR ( 'NONE', #4117, 1000.000000000000000 ) ;
#2475 = EDGE_CURVE ( 'NONE', #118, #232, #3969, .T. ) ;
#2476 = PRODUCT_CONTEXT ( 'NONE', #4110, 'mechanical' ) ;
#2477 = SURFACE_STYLE_USAGE ( .BOTH. , #4089 ) ;
#2478 = UNCERTAINTY_MEASURE_WITH_UNIT (LENGTH_MEASURE( 1.000000000000000082E-05 ), #4524, 'distance_accuracy_value', 'NONE');
#2479 = CARTESIAN_POINT ( 'NONE',  ( 1.999999999999999112, 1.500000000000000444, 3.449999999999999734 ) ) ;
#2480 = FILL_AREA_STYLE_COLOUR ( '', #1558 ) ;
#2481 = SURFACE_STYLE_FILL_AREA ( #3283 ) ;
#2482 = CARTESIAN_POINT ( 'NONE',  ( -3.350000000000000089, -1.908218829166499875, 0.9000000000000000222 ) ) ;
#2483 = ORIENTED_EDGE ( 'NONE', *, *, #2850, .T. ) ;
#2484 = VERTEX_POINT ( 'NONE', #2601 ) ;
#2485 = FILL_AREA_STYLE_COLOUR ( '', #4147 ) ;
#2486 = FILL_AREA_STYLE ('',( #2895 ) ) ;
#2487 = LINE ( 'NONE', #917, #2447 ) ;
#2488 = ADVANCED_BREP_SHAPE_REPRESENTATION ( '', ( #1932, #1907 ), #2665 ) ;
#2489 = PRESENTATION_STYLE_ASSIGNMENT (( #168 ) ) ;
#2490 = CARTESIAN_POINT ( 'NONE',  ( -4.500000000000000000, 2.591781170833500347, 0.0000000000000000000 ) ) ;
#2491 = EDGE_LOOP ( 'NONE', ( #3549, #447, #3068, #3681, #143, #2312 ) ) ;
#2492 = DIRECTION ( 'NONE',  ( -1.000000000000000000, 0.0000000000000000000, 0.0000000000000000000 ) ) ;
#2493 = CARTESIAN_POINT ( 'NONE',  ( 0.0000000000000000000, 0.0000000000000000000, 0.2999999999999999889 ) ) ;
#2494 = ADVANCED_FACE ( 'NONE', ( #2579 ), #5162, .F. ) ;
#2495 = EDGE_CURVE ( 'NONE', #253, #3885, #2753, .T. ) ;
#2496 = CARTESIAN_POINT ( 'NONE',  ( -2.850000000000000089, 2.850000000000000089, 0.0000000000000000000 ) ) ;
#2497 = EDGE_LOOP ( 'NONE', ( #504, #2905, #3518, #3651 ) ) ;
#2498 = FILL_AREA_STYLE ('',( #2926 ) ) ;
#2499 = SHAPE_REPRESENTATION_RELATIONSHIP ( 'NONE' , 'NONE' ,  #3169, #3865 ) ;
#2500 = AXIS2_PLACEMENT_3D ( 'NONE', #1769, #956, #2109 ) ;
#2501 = PRESENTATION_LAYER_ASSIGNMENT (  '', '', ( #3763 ) ) ;
#2502 = ADVANCED_FACE ( '6', ( #1606 ), #14, .T. ) ;
#2503 = CARTESIAN_POINT ( 'NONE',  ( 1.999999999999999556, 1.958257569495580608, 3.750000000000000000 ) ) ;
#2504 = PRESENTATION_STYLE_ASSIGNMENT (( #2581 ) ) ;
#2505 =( NAMED_UNIT ( * ) SI_UNIT ( $, .STERADIAN. ) SOLID_ANGLE_UNIT ( ) );
#2506 = MECHANICAL_DESIGN_GEOMETRIC_PRESENTATION_REPRESENTATION (  '', ( #4198 ), #916 ) ;
#2507 = CARTESIAN_POINT ( 'NONE',  ( 1.649999999999999911, 2.020667218593132755E-16, 4.299999999999999822 ) ) ;
#2508 = SURFACE_STYLE_FILL_AREA ( #135 ) ;
#2509 = SURFACE_STYLE_USAGE ( .BOTH. , #2461 ) ;
#2510 = PRODUCT ( 'User Library-PTS645SL43SMTR92-LFS', 'User Library-PTS645SL43SMTR92-LFS', '', ( #4424 ) ) ;
#2511 = VECTOR ( 'NONE', #1967, 1000.000000000000000 ) ;
#2512 = ORIENTED_EDGE ( 'NONE', *, *, #1698, .T. ) ;
#2513 = ORIENTED_EDGE ( 'NONE', *, *, #4444, .F. ) ;
#2514 = VECTOR ( 'NONE', #4434, 1000.000000000000000 ) ;
#2515 = COLOUR_RGB ( '',0.7529411764705882248, 0.7529411764705882248, 0.7529411764705882248 ) ;
#2516 =( NAMED_UNIT ( * ) PLANE_ANGLE_UNIT ( ) SI_UNIT ( $, .RADIAN. ) );
#2517 = DIRECTION ( 'NONE',  ( -1.000000000000000000, 0.0000000000000000000, 0.0000000000000000000 ) ) ;
#2518 = SURFACE_SIDE_STYLE ('',( #1731 ) ) ;
#2519 = CARTESIAN_POINT ( 'NONE',  ( 3.649999999999999911, -2.608218829166498942, 0.0000000000000000000 ) ) ;
#2520 = CARTESIAN_POINT ( 'NONE',  ( 1.506745604006713535, -2.246627197996646341, 3.749999999999998224 ) ) ;
#2521 = AXIS2_PLACEMENT_3D ( 'NONE', #3685, #75, #436 ) ;
#2522 = ORIENTED_EDGE ( 'NONE', *, *, #1032, .T. ) ;
#2523 =( NAMED_UNIT ( * ) PLANE_ANGLE_UNIT ( ) SI_UNIT ( $, .RADIAN. ) );
#2524 = CARTESIAN_POINT ( 'NONE',  ( -3.349999999999999645, 1.891781170833499948, 0.4000000000000000222 ) ) ;
#2525 = CLOSED_SHELL ( 'NONE', ( #4767, #483, #1576, #4481, #114, #1730 ) ) ;
#2526 = VECTOR ( 'NONE', #2877, 1000.000000000000000 ) ;
#2527 = STYLED_ITEM ( 'NONE', ( #893 ), #4011 ) ;
#2528 = EDGE_CURVE ( 'NONE', #1299, #3508, #396, .T. ) ;
#2529 = SHAPE_DEFINITION_REPRESENTATION ( #738, #1419 ) ;
#2530 = LINE ( 'NONE', #1333, #251 ) ;
#2531 = SURFACE_STYLE_USAGE ( .BOTH. , #4146 ) ;
#2532 = UNCERTAINTY_MEASURE_WITH_UNIT (LENGTH_MEASURE( 1.000000000000000082E-05 ), #1729, 'distance_accuracy_value', 'NONE');
#2533 = CARTESIAN_POINT ( 'NONE',  ( 2.000000000000000000, 2.418046093003111352, 3.637779991155306369 ) ) ;
#2534 = PRESENTATION_LAYER_ASSIGNMENT (  '', '', ( #3032 ) ) ;
#2535 =( NAMED_UNIT ( * ) PLANE_ANGLE_UNIT ( ) SI_UNIT ( $, .RADIAN. ) );
#2536 = FILL_AREA_STYLE_COLOUR ( '', #2663 ) ;
#2537 = CARTESIAN_POINT ( 'NONE',  ( -1.749999999999999556, 0.0000000000000000000, 4.258578643762690241 ) ) ;
#2538 = EDGE_CURVE ( 'NONE', #4074, #3736, #1637, .T. ) ;
#2539 =( NAMED_UNIT ( * ) PLANE_ANGLE_UNIT ( ) SI_UNIT ( $, .RADIAN. ) );
#2540 =( NAMED_UNIT ( * ) SI_UNIT ( $, .STERADIAN. ) SOLID_ANGLE_UNIT ( ) );
#2541 = SURFACE_SIDE_STYLE ('',( #2481 ) ) ;
#2542 = CARTESIAN_POINT ( 'NONE',  ( -3.750000000000000000, -3.379109414583250093, 0.3000000000000000444 ) ) ;
#2543 = CYLINDRICAL_SURFACE ( 'NONE', #2971, 0.4000000000000001887 ) ;
#2544 = MECHANICAL_DESIGN_GEOMETRIC_PRESENTATION_REPRESENTATION (  '', ( #4831 ), #3884 ) ;
#2545 = EDGE_LOOP ( 'NONE', ( #5152, #1809, #2993, #3492 ) ) ;
#2546 = SURFACE_STYLE_USAGE ( .BOTH. , #1751 ) ;
#2547 = FILL_AREA_STYLE_COLOUR ( '', #1464 ) ;
#2548 = CARTESIAN_POINT ( 'NONE',  ( 3.000000000000000000, -1.499999999999999778, 3.450000000000000622 ) ) ;
#2549 = STYLED_ITEM ( 'NONE', ( #876 ), #2624 ) ;
#2550 = AXIS2_PLACEMENT_3D ( 'NONE', #1376, #556, #2914 ) ;
#2551 = AXIS2_PLACEMENT_3D ( 'NONE', #5182, #1263, #388 ) ;
#2552 = VERTEX_POINT ( 'NONE', #39 ) ;
#2553 = FACE_OUTER_BOUND ( 'NONE', #4103, .T. ) ;
#2554 = AXIS2_PLACEMENT_3D ( 'NONE', #1336, #4195, #591 ) ;
#2555 = AXIS2_PLACEMENT_3D ( 'NONE', #1812, #692, #3427 ) ;
#2556 = CARTESIAN_POINT ( 'NONE',  ( -3.000000000000000000, 0.0000000000000000000, 0.0000000000000000000 ) ) ;
#2557 = VECTOR ( 'NONE', #569, 1000.000000000000000 ) ;
#2558 = ORIENTED_EDGE ( 'NONE', *, *, #4598, .T. ) ;
#2559 = MECHANICAL_DESIGN_GEOMETRIC_PRESENTATION_REPRESENTATION (  '', ( #1212 ), #964 ) ;
#2560 = LINE ( 'NONE', #4172, #2714 ) ;
#2561 =( LENGTH_UNIT ( ) NAMED_UNIT ( * ) SI_UNIT ( .MILLI., .METRE. ) );
#2562 =( NAMED_UNIT ( * ) SI_UNIT ( $, .STERADIAN. ) SOLID_ANGLE_UNIT ( ) );
#2563 = DIRECTION ( 'NONE',  ( -3.231085104332679983E-15, -1.000000000000000000, -0.0000000000000000000 ) ) ;
#2564 = SURFACE_STYLE_FILL_AREA ( #2978 ) ;
#2565 = FILL_AREA_STYLE ('',( #2480 ) ) ;
#2566 = APPLICATION_CONTEXT ( 'automotive_design' ) ;
#2567 = EDGE_CURVE ( 'NONE', #2587, #415, #818, .T. ) ;
#2568 =( NAMED_UNIT ( * ) SI_UNIT ( $, .STERADIAN. ) SOLID_ANGLE_UNIT ( ) );
#2569 = EDGE_CURVE ( 'NONE', #1037, #5086, #4026, .T. ) ;
#2570 = VERTEX_POINT ( 'NONE', #502 ) ;
#2571 = FILL_AREA_STYLE ('',( #2485 ) ) ;
#2572 = CARTESIAN_POINT ( 'NONE',  ( 2.000000000000000000, -1.753372802003357878, 3.749999999999998224 ) ) ;
#2573 = CARTESIAN_POINT ( 'NONE',  ( 3.000000000000000444, -1.908218829166499875, 1.000000000000000000 ) ) ;
#2574 = ORIENTED_EDGE ( 'NONE', *, *, #241, .F. ) ;
#2575 = CARTESIAN_POINT ( 'NONE',  ( 3.249999999999998668, -2.608218829166499386, 0.9000000000000000222 ) ) ;
#2576 = CARTESIAN_POINT ( 'NONE',  ( -3.750000000000000000, -2.608218829166499830, 0.4000000000000000222 ) ) ;
#2577 = CARTESIAN_POINT ( 'NONE',  ( -2.083484861008840561, -1.958257569495580164, 3.749999999999999556 ) ) ;
#2578 = VERTEX_POINT ( 'NONE', #3243 ) ;
#2579 = FACE_OUTER_BOUND ( 'NONE', #249, .T. ) ;
#2580 = PRESENTATION_LAYER_ASSIGNMENT (  '', '', ( #4869 ) ) ;
#2581 = SURFACE_STYLE_USAGE ( .BOTH. , #931 ) ;
#2582 = SURFACE_STYLE_USAGE ( .BOTH. , #517 ) ;
#2583 = FACE_OUTER_BOUND ( 'NONE', #5125, .T. ) ;
#2584 = CARTESIAN_POINT ( 'NONE',  ( 3.750000000000000000, -0.01643765833298820034, 0.0000000000000000000 ) ) ;
#2585 = SURFACE_STYLE_USAGE ( .BOTH. , #4509 ) ;
#2586 = PRESENTATION_LAYER_ASSIGNMENT (  '', '', ( #5196 ) ) ;
#2587 = VERTEX_POINT ( 'NONE', #4829 ) ;
#2588 = DIRECTION ( 'NONE',  ( -1.000000000000000000, 3.231085104332679983E-15, -0.0000000000000000000 ) ) ;
#2589 = EDGE_CURVE ( 'NONE', #1056, #2668, #2093, .T. ) ;
#2590 = VECTOR ( 'NONE', #2170, 1000.000000000000000 ) ;
#2591 = FILL_AREA_STYLE_COLOUR ( '', #2092 ) ;
#2592 =( NAMED_UNIT ( * ) SI_UNIT ( $, .STERADIAN. ) SOLID_ANGLE_UNIT ( ) );
#2593 = ORIENTED_EDGE ( 'NONE', *, *, #2309, .F. ) ;
#2594 = AXIS2_PLACEMENT_3D ( 'NONE', #747, #2659, #3499 ) ;
#2595 = ORIENTED_EDGE ( 'NONE', *, *, #1787, .F. ) ;
#2596 = FACE_OUTER_BOUND ( 'NONE', #726, .T. ) ;
#2597 = CARTESIAN_POINT ( 'NONE',  ( 3.749999999999998668, -1.908218829166499875, 0.3000000000000000444 ) ) ;
#2598 = EDGE_CURVE ( 'NONE', #4875, #2484, #2046, .T. ) ;
#2599 = STYLED_ITEM ( 'NONE', ( #2489 ), #1820 ) ;
#2600 = ORIENTED_EDGE ( 'NONE', *, *, #482, .F. ) ;
#2601 = CARTESIAN_POINT ( 'NONE',  ( 3.000000000000000444, -2.608218829166496722, 1.000000000000000000 ) ) ;
#2602 = SURFACE_STYLE_FILL_AREA ( #4330 ) ;
#2603 = CIRCLE ( 'NONE', #1279, 0.4000000000000000222 ) ;
#2604 = FILL_AREA_STYLE ('',( #1458 ) ) ;
#2605 = VERTEX_POINT ( 'NONE', #3267 ) ;
#2606 = DIRECTION ( 'NONE',  ( 1.000000000000000000, 0.0000000000000000000, -0.0000000000000000000 ) ) ;
#2607 = FILL_AREA_STYLE_COLOUR ( '', #1416 ) ;
#2608 = PRESENTATION_LAYER_ASSIGNMENT (  '', '', ( #771 ) ) ;
#2609 = STYLED_ITEM ( 'NONE', ( #2720 ), #4082 ) ;
#2610 =( NAMED_UNIT ( * ) SI_UNIT ( $, .STERADIAN. ) SOLID_ANGLE_UNIT ( ) );
#2611 = DIRECTION ( 'NONE',  ( 1.000000000000000000, -3.252606517456511724E-15, 0.0000000000000000000 ) ) ;
#2612 = SURFACE_STYLE_USAGE ( .BOTH. , #3709 ) ;
#2613 = LINE ( 'NONE', #2768, #2172 ) ;
#2614 = SURFACE_STYLE_FILL_AREA ( #1016 ) ;
#2615 =( NAMED_UNIT ( * ) PLANE_ANGLE_UNIT ( ) SI_UNIT ( $, .RADIAN. ) );
#2616 = LINE ( 'NONE', #3126, #772 ) ;
#2617 = CARTESIAN_POINT ( 'NONE',  ( 3.000000000000000000, 2.850000000000000089, 3.449999999999999734 ) ) ;
#2618 =( GEOMETRIC_REPRESENTATION_CONTEXT ( 3 ) GLOBAL_UNCERTAINTY_ASSIGNED_CONTEXT ( ( #1998 ) ) GLOBAL_UNIT_ASSIGNED_CONTEXT ( ( #4431, #4850, #842 ) ) REPRESENTATION_CONTEXT ( 'NONE', 'WORKASPACE' ) );
#2619 = EDGE_LOOP ( 'NONE', ( #4357, #3698, #3099, #554, #2781, #3240, #1816, #1072 ) ) ;
#2620 =( BOUNDED_SURFACE ( )  B_SPLINE_SURFACE ( 3, 3, ( 
 ( #4376, #1963, #420, #2333 ),
 ( #1180, #1939, #730, #4432 ),
 ( #3587, #4851, #2777, #393 ),
 ( #815, #4772, #4798, #1153 ) ),
 .UNSPECIFIED., .F., .F., .F. ) 
 B_SPLINE_SURFACE_WITH_KNOTS ( ( 4, 4 ),
 ( 4, 4 ),
 ( 0.0000000000000000000, 1.000000000000000000 ),
 ( 0.0000000000000000000, 1.000000000000000000 ),
 .UNSPECIFIED. ) 
 GEOMETRIC_REPRESENTATION_ITEM ( )  RATIONAL_B_SPLINE_SURFACE ( (
 ( 1.000000000000000000, 0.3333333333333337034, 0.3333333333333337034, 1.000000000000000000),
 ( 0.8911066843560517814, 0.2970355614520175935, 0.2970355614520175935, 0.8911066843560517814),
 ( 0.8911066843560517814, 0.2970355614520175935, 0.2970355614520175935, 0.8911066843560517814),
 ( 1.000000000000000000, 0.3333333333333337034, 0.3333333333333337034, 1.000000000000000000) ) ) 
 REPRESENTATION_ITEM ( '' )  SURFACE ( )  );
#2621 = VERTEX_POINT ( 'NONE', #1181 ) ;
#2622 = DIRECTION ( 'NONE',  ( -3.231085104332679983E-15, -1.000000000000000000, 0.0000000000000000000 ) ) ;
#2623 = STYLED_ITEM ( 'NONE', ( #4071 ), #2859 ) ;
#2624 = ADVANCED_FACE ( 'NONE', ( #895 ), #4243, .T. ) ;
#2625 = ADVANCED_FACE ( 'NONE', ( #1020 ), #1421, .F. ) ;
#2626 =( GEOMETRIC_REPRESENTATION_CONTEXT ( 3 ) GLOBAL_UNCERTAINTY_ASSIGNED_CONTEXT ( ( #4217 ) ) GLOBAL_UNIT_ASSIGNED_CONTEXT ( ( #4349, #2010, #1634 ) ) REPRESENTATION_CONTEXT ( 'NONE', 'WORKASPACE' ) );
#2627 = ORIENTED_EDGE ( 'NONE', *, *, #958, .T. ) ;
#2628 = STYLED_ITEM ( 'NONE', ( #1619 ), #3156 ) ;
#2629 =( GEOMETRIC_REPRESENTATION_CONTEXT ( 3 ) GLOBAL_UNCERTAINTY_ASSIGNED_CONTEXT ( ( #7 ) ) GLOBAL_UNIT_ASSIGNED_CONTEXT ( ( #1088, #4249, #2610 ) ) REPRESENTATION_CONTEXT ( 'NONE', 'WORKASPACE' ) );
#2630 = DIRECTION ( 'NONE',  ( 0.0000000000000000000, 1.000000000000000000, 0.0000000000000000000 ) ) ;
#2631 =( NAMED_UNIT ( * ) SI_UNIT ( $, .STERADIAN. ) SOLID_ANGLE_UNIT ( ) );
#2632 = CARTESIAN_POINT ( 'NONE',  ( 0.0000000000000000000, -4.500000000000000000, 0.0000000000000000000 ) ) ;
#2633 = SURFACE_STYLE_USAGE ( .BOTH. , #3030 ) ;
#2634 = SURFACE_SIDE_STYLE ('',( #2154 ) ) ;
#2635 = PRESENTATION_STYLE_ASSIGNMENT (( #3841 ) ) ;
#2636 = CARTESIAN_POINT ( 'NONE',  ( -2.000000000000000000, -1.958257569495580608, 3.750000000000000000 ) ) ;
#2637 = CARTESIAN_POINT ( 'NONE',  ( -3.350000000000000089, -2.258218829166500186, 0.0000000000000000000 ) ) ;
#2638 = VERTEX_POINT ( 'NONE', #2617 ) ;
#2639 = DIRECTION ( 'NONE',  ( 0.0000000000000000000, 0.0000000000000000000, 1.000000000000000000 ) ) ;
#2640 =( NAMED_UNIT ( * ) PLANE_ANGLE_UNIT ( ) SI_UNIT ( $, .RADIAN. ) );
#2641 = SURFACE_STYLE_FILL_AREA ( #216 ) ;
#2642 = DIRECTION ( 'NONE',  ( 0.0000000000000000000, 0.0000000000000000000, -1.000000000000000000 ) ) ;
#2643 = DIRECTION ( 'NONE',  ( 0.0000000000000000000, 0.0000000000000000000, -1.000000000000000000 ) ) ;
#2644 = ORIENTED_EDGE ( 'NONE', *, *, #4600, .T. ) ;
#2645 = ORIENTED_EDGE ( 'NONE', *, *, #2266, .F. ) ;
#2646 = DIRECTION ( 'NONE',  ( -3.231085104332679983E-15, -1.000000000000000000, 0.0000000000000000000 ) ) ;
#2647 = LINE ( 'NONE', #1477, #3719 ) ;
#2648 =( NAMED_UNIT ( * ) PLANE_ANGLE_UNIT ( ) SI_UNIT ( $, .RADIAN. ) );
#2649 = SHAPE_REPRESENTATION ( '9', ( #1907 ), #1167 ) ;
#2650 = ORIENTED_EDGE ( 'NONE', *, *, #382, .F. ) ;
#2651 = EDGE_CURVE ( 'NONE', #3950, #3749, #3635, .T. ) ;
#2652 = ADVANCED_FACE ( 'NONE', ( #2142 ), #3756, .T. ) ;
#2653 = CARTESIAN_POINT ( 'NONE',  ( 3.250000000000000444, 2.591781170833500791, 1.300000000000000044 ) ) ;
#2654 = CARTESIAN_POINT ( 'NONE',  ( -2.000000000000002665, 1.753372802003358544, 3.749999999999998224 ) ) ;
#2655 = ORIENTED_EDGE ( 'NONE', *, *, #2569, .F. ) ;
#2656 = EDGE_CURVE ( 'NONE', #4332, #3835, #4281, .T. ) ;
#2657 = SURFACE_STYLE_USAGE ( .BOTH. , #3067 ) ;
#2658 =( LENGTH_UNIT ( ) NAMED_UNIT ( * ) SI_UNIT ( .MILLI., .METRE. ) );
#2659 = DIRECTION ( 'NONE',  ( 0.0000000000000000000, 0.0000000000000000000, 1.000000000000000000 ) ) ;
#2660 = ORIENTED_EDGE ( 'NONE', *, *, #3657, .T. ) ;
#2661 = VECTOR ( 'NONE', #350, 1000.000000000000000 ) ;
#2662 = SURFACE_STYLE_USAGE ( .BOTH. , #3820 ) ;
#2663 = COLOUR_RGB ( '',0.0000000000000000000, 0.0000000000000000000, 0.0000000000000000000 ) ;
#2664 =( NAMED_UNIT ( * ) SI_UNIT ( $, .STERADIAN. ) SOLID_ANGLE_UNIT ( ) );
#2665 =( GEOMETRIC_REPRESENTATION_CONTEXT ( 3 ) GLOBAL_UNCERTAINTY_ASSIGNED_CONTEXT ( ( #202 ) ) GLOBAL_UNIT_ASSIGNED_CONTEXT ( ( #4918, #494, #3609 ) ) REPRESENTATION_CONTEXT ( 'NONE', 'WORKASPACE' ) );
#2666 = CARTESIAN_POINT ( 'NONE',  ( -3.649999999999999911, -2.258218829166500186, 0.8999999999999999112 ) ) ;
#2667 = ORIENTED_EDGE ( 'NONE', *, *, #3947, .T. ) ;
#2668 = VERTEX_POINT ( 'NONE', #304 ) ;
#2669 = MECHANICAL_DESIGN_GEOMETRIC_PRESENTATION_REPRESENTATION (  '', ( #4373 ), #67 ) ;
#2670 = COLOUR_RGB ( '',0.0000000000000000000, 0.0000000000000000000, 0.0000000000000000000 ) ;
#2671 =( LENGTH_UNIT ( ) NAMED_UNIT ( * ) SI_UNIT ( .MILLI., .METRE. ) );
#2672 = LINE ( 'NONE', #3487, #3544 ) ;
#2673 = SHAPE_DEFINITION_REPRESENTATION ( #4412, #3900 ) ;
#2674 = FACE_OUTER_BOUND ( 'NONE', #2497, .T. ) ;
#2675 = DIRECTION ( 'NONE',  ( 0.0000000000000000000, 0.0000000000000000000, -1.000000000000000000 ) ) ;
#2676 = COLOUR_RGB ( '',0.0000000000000000000, 0.0000000000000000000, 0.0000000000000000000 ) ;
#2677 = SURFACE_STYLE_FILL_AREA ( #997 ) ;
#2678 = EDGE_LOOP ( 'NONE', ( #2329, #1706, #5020, #1511, #821, #4809, #4440, #4935 ) ) ;
#2679 = CIRCLE ( 'NONE', #4530, 0.09999999999999982514 ) ;
#2680 = PRODUCT_DEFINITION_CONTEXT ( 'detailed design', #860, 'design' ) ;
#2681 = ORIENTED_EDGE ( 'NONE', *, *, #122, .F. ) ;
#2682 = EDGE_CURVE ( 'NONE', #2484, #783, #1069, .T. ) ;
#2683 = CLOSED_SHELL ( 'NONE', ( #1483, #659, #3430, #5075, #449, #5140, #988, #668, #3251, #4184, #145, #4269, #1852, #286 ) ) ;
#2684 = DIRECTION ( 'NONE',  ( 0.0000000000000000000, 0.0000000000000000000, -1.000000000000000000 ) ) ;
#2685 = DIRECTION ( 'NONE',  ( 1.000000000000000000, 0.0000000000000000000, 0.0000000000000000000 ) ) ;
#2686 = UNCERTAINTY_MEASURE_WITH_UNIT (LENGTH_MEASURE( 1.000000000000000082E-05 ), #3278, 'distance_accuracy_value', 'NONE');
#2687 = COLOUR_RGB ( '',0.7529411764705882248, 0.7529411764705882248, 0.7529411764705882248 ) ;
#2688 = DIRECTION ( 'NONE',  ( -0.0000000000000000000, 0.0000000000000000000, -1.000000000000000000 ) ) ;
#2689 = EDGE_CURVE ( 'NONE', #4045, #4002, #1366, .T. ) ;
#2690 = ORIENTED_EDGE ( 'NONE', *, *, #3759, .T. ) ;
#2691 = CARTESIAN_POINT ( 'NONE',  ( 3.350000000000001421, 2.591781170833500347, 0.0000000000000000000 ) ) ;
#2692 = VECTOR ( 'NONE', #3712, 1000.000000000000000 ) ;
#2693 = UNCERTAINTY_MEASURE_WITH_UNIT (LENGTH_MEASURE( 1.000000000000000082E-05 ), #3761, 'distance_accuracy_value', 'NONE');
#2694 = DIRECTION ( 'NONE',  ( 1.000000000000000000, 0.0000000000000000000, 0.0000000000000000000 ) ) ;
#2695 =( NAMED_UNIT ( * ) SI_UNIT ( $, .STERADIAN. ) SOLID_ANGLE_UNIT ( ) );
#2696 = ORIENTED_EDGE ( 'NONE', *, *, #519, .T. ) ;
#2697 = ORIENTED_EDGE ( 'NONE', *, *, #3428, .F. ) ;
#2698 = SURFACE_STYLE_USAGE ( .BOTH. , #4713 ) ;
#2699 = FILL_AREA_STYLE ('',( #710 ) ) ;
#2700 =( GEOMETRIC_REPRESENTATION_CONTEXT ( 3 ) GLOBAL_UNCERTAINTY_ASSIGNED_CONTEXT ( ( #4493 ) ) GLOBAL_UNIT_ASSIGNED_CONTEXT ( ( #3020, #4318, #2281 ) ) REPRESENTATION_CONTEXT ( 'NONE', 'WORKASPACE' ) );
#2701 =( NAMED_UNIT ( * ) PLANE_ANGLE_UNIT ( ) SI_UNIT ( $, .RADIAN. ) );
#2702 = VERTEX_POINT ( 'NONE', #248 ) ;
#2703 = VECTOR ( 'NONE', #3703, 1000.000000000000000 ) ;
#2704 = DIRECTION ( 'NONE',  ( -1.000000000000000000, 0.0000000000000000000, 0.0000000000000000000 ) ) ;
#2705 = PRODUCT_DEFINITION_SHAPE ( 'NONE', 'NONE',  #5226 ) ;
#2706 = PRESENTATION_LAYER_ASSIGNMENT (  '', '', ( #2623 ) ) ;
#2707 = DIRECTION ( 'NONE',  ( 1.000000000000000000, -4.336808689942025625E-15, 0.0000000000000000000 ) ) ;
#2708 = ORIENTED_EDGE ( 'NONE', *, *, #275, .F. ) ;
#2709 = CIRCLE ( 'NONE', #2894, 0.1499999999999999667 ) ;
#2710 = DIRECTION ( 'NONE',  ( 1.000000000000000000, 0.0000000000000000000, 0.0000000000000000000 ) ) ;
#2711 = CARTESIAN_POINT ( 'NONE',  ( 6.938893903907229955E-15, -1.908218829166499875, 0.0000000000000000000 ) ) ;
#2712 =( GEOMETRIC_REPRESENTATION_CONTEXT ( 3 ) GLOBAL_UNCERTAINTY_ASSIGNED_CONTEXT ( ( #3840 ) ) GLOBAL_UNIT_ASSIGNED_CONTEXT ( ( #5144, #3875, #4305 ) ) REPRESENTATION_CONTEXT ( 'NONE', 'WORKASPACE' ) );
#2713 = FACE_OUTER_BOUND ( 'NONE', #3164, .T. ) ;
#2714 = VECTOR ( 'NONE', #49, 1000.000000000000000 ) ;
#2715 = DIRECTION ( 'NONE',  ( -0.0000000000000000000, -1.000000000000000000, 0.0000000000000000000 ) ) ;
#2716 = COLOUR_RGB ( '',0.0000000000000000000, 0.0000000000000000000, 0.0000000000000000000 ) ;
#2717 = SURFACE_STYLE_USAGE ( .BOTH. , #4844 ) ;
#2718 = SHAPE_REPRESENTATION_RELATIONSHIP ( 'NONE' , 'NONE' ,  #1721, #731 ) ;
#2719 = CYLINDRICAL_SURFACE ( 'NONE', #1984, 0.09999999999999982514 ) ;
#2720 = PRESENTATION_STYLE_ASSIGNMENT (( #1093 ) ) ;
#2721 = EDGE_CURVE ( 'NONE', #4002, #4045, #3701, .T. ) ;
#2722 = EDGE_CURVE ( 'NONE', #5031, #5071, #4572, .T. ) ;
#2723 = FILL_AREA_STYLE ('',( #1878 ) ) ;
#2724 = CARTESIAN_POINT ( 'NONE',  ( -3.250000000000000000, -2.608218829166499830, 0.9000000000000000222 ) ) ;
#2725 = ORIENTED_EDGE ( 'NONE', *, *, #4085, .F. ) ;
#2726 = VERTEX_POINT ( 'NONE', #1822 ) ;
#2727 = FILL_AREA_STYLE ('',( #1051 ) ) ;
#2728 =( NAMED_UNIT ( * ) SI_UNIT ( $, .STERADIAN. ) SOLID_ANGLE_UNIT ( ) );
#2729 = SURFACE_SIDE_STYLE ('',( #425 ) ) ;
#2730 = VERTEX_POINT ( 'NONE', #3909 ) ;
#2731 = SURFACE_SIDE_STYLE ('',( #3166 ) ) ;
#2732 = CARTESIAN_POINT ( 'NONE',  ( -2.000000000000000000, 1.958257569495580608, 3.750000000000000000 ) ) ;
#2733 = ORIENTED_EDGE ( 'NONE', *, *, #2194, .F. ) ;
#2734 = LINE ( 'NONE', #4335, #430 ) ;
#2735 = CARTESIAN_POINT ( 'NONE',  ( 0.0000000000000000000, 0.0000000000000000000, 0.0000000000000000000 ) ) ;
#2736 = UNCERTAINTY_MEASURE_WITH_UNIT (LENGTH_MEASURE( 1.000000000000000082E-05 ), #1385, 'distance_accuracy_value', 'NONE');
#2737 = DIRECTION ( 'NONE',  ( -3.231085104332679983E-15, -1.000000000000000000, 2.938735877055720084E-31 ) ) ;
#2738 = FILL_AREA_STYLE_COLOUR ( '', #4327 ) ;
#2739 = LINE ( 'NONE', #5091, #4802 ) ;
#2740 =( NAMED_UNIT ( * ) SI_UNIT ( $, .STERADIAN. ) SOLID_ANGLE_UNIT ( ) );
#2741 = UNCERTAINTY_MEASURE_WITH_UNIT (LENGTH_MEASURE( 1.000000000000000082E-05 ), #3658, 'distance_accuracy_value', 'NONE');
#2742 = FILL_AREA_STYLE_COLOUR ( '', #3550 ) ;
#2743 = DIRECTION ( 'NONE',  ( -0.0000000000000000000, -1.000000000000000000, -0.0000000000000000000 ) ) ;
#2744 = ORIENTED_EDGE ( 'NONE', *, *, #1949, .T. ) ;
#2745 = ORIENTED_EDGE ( 'NONE', *, *, #3217, .T. ) ;
#2746 = EDGE_CURVE ( 'NONE', #2306, #1049, #4913, .T. ) ;
#2747 =( LENGTH_UNIT ( ) NAMED_UNIT ( * ) SI_UNIT ( .MILLI., .METRE. ) );
#2748 = DIRECTION ( 'NONE',  ( 0.0000000000000000000, 0.0000000000000000000, 1.000000000000000000 ) ) ;
#2749 = LINE ( 'NONE', #2043, #2100 ) ;
#2750 = PRESENTATION_LAYER_ASSIGNMENT (  '', '', ( #2416 ) ) ;
#2751 = PRODUCT ( '6', '6', '', ( #2788 ) ) ;
#2752 = FILL_AREA_STYLE_COLOUR ( '', #4618 ) ;
#2753 = LINE ( 'NONE', #3567, #1215 ) ;
#2754 = DIRECTION ( 'NONE',  ( -1.000000000000000000, -0.0000000000000000000, 0.0000000000000000000 ) ) ;
#2755 = VERTEX_POINT ( 'NONE', #3457 ) ;
#2756 = EDGE_CURVE ( 'NONE', #4266, #2306, #4682, .T. ) ;
#2757 = VECTOR ( 'NONE', #2675, 1000.000000000000000 ) ;
#2758 =( GEOMETRIC_REPRESENTATION_CONTEXT ( 3 ) GLOBAL_UNCERTAINTY_ASSIGNED_CONTEXT ( ( #3127 ) ) GLOBAL_UNIT_ASSIGNED_CONTEXT ( ( #371, #2701, #2815 ) ) REPRESENTATION_CONTEXT ( 'NONE', 'WORKASPACE' ) );
#2759 = VECTOR ( 'NONE', #1662, 1000.000000000000000 ) ;
#2760 = PLANE ( 'NONE',  #3682 ) ;
#2761 = VERTEX_POINT ( 'NONE', #1527 ) ;
#2762 = PRESENTATION_LAYER_ASSIGNMENT (  '', '', ( #4380 ) ) ;
#2763 = CARTESIAN_POINT ( 'NONE',  ( 0.0000000000000000000, 0.0000000000000000000, 0.0000000000000000000 ) ) ;
#2764 = MECHANICAL_DESIGN_GEOMETRIC_PRESENTATION_REPRESENTATION (  '', ( #510 ), #921 ) ;
#2765 =( NAMED_UNIT ( * ) PLANE_ANGLE_UNIT ( ) SI_UNIT ( $, .RADIAN. ) );
#2766 = DIRECTION ( 'NONE',  ( 0.0000000000000000000, -0.0000000000000000000, -1.000000000000000000 ) ) ;
#2767 = CARTESIAN_POINT ( 'NONE',  ( -3.750000000000000000, 1.120890585416750129, 0.4000000000000000222 ) ) ;
#2768 = CARTESIAN_POINT ( 'NONE',  ( 4.500000000000000888, -1.908218829166499875, 0.0000000000000000000 ) ) ;
#2769 = CARTESIAN_POINT ( 'NONE',  ( 3.749999999999995115, 1.891781170833499948, 0.4000000000000000222 ) ) ;
#2770 = COLOUR_RGB ( '',0.0000000000000000000, 0.0000000000000000000, 0.0000000000000000000 ) ;
#2771 = CARTESIAN_POINT ( 'NONE',  ( -2.000000000000000000, -1.500000000000000000, 3.449999999999999734 ) ) ;
#2772 =( LENGTH_UNIT ( ) NAMED_UNIT ( * ) SI_UNIT ( .MILLI., .METRE. ) );
#2773 =( GEOMETRIC_REPRESENTATION_CONTEXT ( 3 ) GLOBAL_UNCERTAINTY_ASSIGNED_CONTEXT ( ( #5113 ) ) GLOBAL_UNIT_ASSIGNED_CONTEXT ( ( #4688, #2648, #2728 ) ) REPRESENTATION_CONTEXT ( 'NONE', 'WORKASPACE' ) );
#2774 = VERTEX_POINT ( 'NONE', #2327 ) ;
#2775 = SURFACE_STYLE_USAGE ( .BOTH. , #391 ) ;
#2776 = DIRECTION ( 'NONE',  ( 1.000000000000000000, 0.0000000000000000000, -0.0000000000000000000 ) ) ;
#2777 = CARTESIAN_POINT ( 'NONE',  ( -2.836092186006223592, 1.581953906996889980, 3.637779991155306814 ) ) ;
#2778 =( NAMED_UNIT ( * ) SI_UNIT ( $, .STERADIAN. ) SOLID_ANGLE_UNIT ( ) );
#2779 = VECTOR ( 'NONE', #127, 1000.000000000000000 ) ;
#2780 = FACE_OUTER_BOUND ( 'NONE', #2491, .T. ) ;
#2781 = ORIENTED_EDGE ( 'NONE', *, *, #1390, .T. ) ;
#2782 = PRODUCT_DEFINITION_CONTEXT ( 'detailed design', #785, 'design' ) ;
#2783 = EDGE_CURVE ( 'NONE', #2621, #4197, #281, .T. ) ;
#2784 = ADVANCED_FACE ( 'NONE', ( #2214 ), #4313, .T. ) ;
#2785 = DIRECTION ( 'NONE',  ( -0.0000000000000000000, 0.0000000000000000000, 1.000000000000000000 ) ) ;
#2786 = FILL_AREA_STYLE_COLOUR ( '', #2241 ) ;
#2787 =( BOUNDED_CURVE ( )  B_SPLINE_CURVE ( 3, ( #2934, #1723, #159, #2910 ),
 .UNSPECIFIED., .F., .F. ) 
 B_SPLINE_CURVE_WITH_KNOTS ( ( 4, 4 ),
 ( 0.0000000000000000000, 1.000000000000000000 ),
 .UNSPECIFIED. ) 
 CURVE ( )  GEOMETRIC_REPRESENTATION_ITEM ( )  RATIONAL_B_SPLINE_CURVE ( ( 1.000000000000000000, 0.3333333333333368120, 0.3333333333333368120, 1.000000000000000000 ) ) 
 REPRESENTATION_ITEM ( '' )  );
#2788 = PRODUCT_CONTEXT ( 'NONE', #66, 'mechanical' ) ;
#2789 = SURFACE_STYLE_USAGE ( .BOTH. , #718 ) ;
#2790 = UNCERTAINTY_MEASURE_WITH_UNIT (LENGTH_MEASURE( 1.000000000000000082E-05 ), #4299, 'distance_accuracy_value', 'NONE');
#2791 = MECHANICAL_DESIGN_GEOMETRIC_PRESENTATION_REPRESENTATION (  '', ( #4570 ), #2285 ) ;
#2792 = COLOUR_RGB ( '',0.7529411764705882248, 0.7529411764705882248, 0.7529411764705882248 ) ;
#2793 = LINE ( 'NONE', #1546, #2901 ) ;
#2794 = CARTESIAN_POINT ( 'NONE',  ( -2.850000000000000089, 3.000000000000000000, 3.149999999999999911 ) ) ;
#2795 =( NAMED_UNIT ( * ) PLANE_ANGLE_UNIT ( ) SI_UNIT ( $, .RADIAN. ) );
#2796 = MECHANICAL_DESIGN_GEOMETRIC_PRESENTATION_REPRESENTATION (  '', ( #4834 ), #4321 ) ;
#2797 = SURFACE_SIDE_STYLE ('',( #3577 ) ) ;
#2798 = PRESENTATION_STYLE_ASSIGNMENT (( #384 ) ) ;
#2799 = PRODUCT ( '5', '5', '', ( #4005 ) ) ;
#2800 = PRESENTATION_LAYER_ASSIGNMENT (  '', '', ( #3729 ) ) ;
#2801 = FACE_OUTER_BOUND ( 'NONE', #3023, .T. ) ;
#2802 = DIRECTION ( 'NONE',  ( 1.000000000000000000, 0.0000000000000000000, -0.0000000000000000000 ) ) ;
#2803 = UNCERTAINTY_MEASURE_WITH_UNIT (LENGTH_MEASURE( 1.000000000000000082E-05 ), #1504, 'distance_accuracy_value', 'NONE');
#2804 = COLOUR_RGB ( '',0.7529411764705882248, 0.7529411764705882248, 0.7529411764705882248 ) ;
#2805 = LINE ( 'NONE', #2036, #4062 ) ;
#2806 = MECHANICAL_DESIGN_GEOMETRIC_PRESENTATION_REPRESENTATION (  '', ( #3400 ), #1713 ) ;
#2807 = EDGE_LOOP ( 'NONE', ( #4345, #593, #139, #128 ) ) ;
#2808 = VERTEX_POINT ( 'NONE', #1127 ) ;
#2809 = STYLED_ITEM ( 'NONE', ( #3215 ), #2502 ) ;
#2810 = DIRECTION ( 'NONE',  ( 0.0000000000000000000, 1.000000000000000000, 0.0000000000000000000 ) ) ;
#2811 = CARTESIAN_POINT ( 'NONE',  ( 4.074999999999999289, 2.591781170833500347, 0.0000000000000000000 ) ) ;
#2812 = CARTESIAN_POINT ( 'NONE',  ( 3.350000000000001421, -1.908218829166499875, 0.9000000000000000222 ) ) ;
#2813 = SURFACE_SIDE_STYLE ('',( #3674 ) ) ;
#2814 = SURFACE_STYLE_FILL_AREA ( #4482 ) ;
#2815 =( NAMED_UNIT ( * ) SI_UNIT ( $, .STERADIAN. ) SOLID_ANGLE_UNIT ( ) );
#2816 = EDGE_LOOP ( 'NONE', ( #2660, #2950, #4602, #4408, #1881, #1567, #2483, #1050 ) ) ;
#2817 = FACE_OUTER_BOUND ( 'NONE', #2619, .T. ) ;
#2818 = ORIENTED_EDGE ( 'NONE', *, *, #2443, .T. ) ;
#2819 = ADVANCED_FACE ( '6', ( #3648 ), #4451, .T. ) ;
#2820 = CARTESIAN_POINT ( 'NONE',  ( 0.0000000000000000000, 0.0000000000000000000, 0.0000000000000000000 ) ) ;
#2821 = EDGE_CURVE ( 'NONE', #3861, #432, #4792, .T. ) ;
#2822 = CARTESIAN_POINT ( 'NONE',  ( -3.250000000000000000, -2.608218829166499830, 1.000000000000000000 ) ) ;
#2823 = CARTESIAN_POINT ( 'NONE',  ( 3.000000000000001332, -1.908218829166499875, 1.000000000000000000 ) ) ;
#2824 = CARTESIAN_POINT ( 'NONE',  ( 2.083484861008839673, -2.041742430504419392, 3.750000000000000000 ) ) ;
#2825 = EDGE_CURVE ( 'NONE', #4794, #2578, #2805, .T. ) ;
#2826 =( NAMED_UNIT ( * ) SI_UNIT ( $, .STERADIAN. ) SOLID_ANGLE_UNIT ( ) );
#2827 = CARTESIAN_POINT ( 'NONE',  ( 1.708578643762690863, -3.417157287525379505, 4.299999999999999822 ) ) ;
#2828 = PLANE ( 'NONE',  #3086 ) ;
#2829 =( NAMED_UNIT ( * ) SI_UNIT ( $, .STERADIAN. ) SOLID_ANGLE_UNIT ( ) );
#2830 = DIRECTION ( 'NONE',  ( 0.0000000000000000000, 0.0000000000000000000, 1.000000000000000000 ) ) ;
#2831 = ORIENTED_EDGE ( 'NONE', *, *, #4533, .T. ) ;
#2832 = APPLICATION_CONTEXT ( 'automotive_design' ) ;
#2833 = VERTEX_POINT ( 'NONE', #836 ) ;
#2834 =( NAMED_UNIT ( * ) SI_UNIT ( $, .STERADIAN. ) SOLID_ANGLE_UNIT ( ) );
#2835 = FILL_AREA_STYLE_COLOUR ( '', #4814 ) ;
#2836 = AXIS2_PLACEMENT_3D ( 'NONE', #3257, #2034, #3725 ) ;
#2837 = CARTESIAN_POINT ( 'NONE',  ( 3.000000000000000000, 0.0000000000000000000, 3.149999999999999911 ) ) ;
#2838 = ORIENTED_EDGE ( 'NONE', *, *, #3371, .F. ) ;
#2839 = CARTESIAN_POINT ( 'NONE',  ( -1.000000000000000000, 3.000000000000000000, 0.0000000000000000000 ) ) ;
#2840 = STYLED_ITEM ( 'NONE', ( #2377 ), #731 ) ;
#2841 = CARTESIAN_POINT ( 'NONE',  ( -3.649999999999999911, -2.608218829166499830, 0.1499999999999999944 ) ) ;
#2842 = ORIENTED_EDGE ( 'NONE', *, *, #3055, .F. ) ;
#2843 = PRODUCT ( '10', '10', '', ( #2845 ) ) ;
#2844 = AXIS2_PLACEMENT_3D ( 'NONE', #3566, #3592, #5186 ) ;
#2845 = PRODUCT_CONTEXT ( 'NONE', #3829, 'mechanical' ) ;
#2846 = VECTOR ( 'NONE', #711, 1000.000000000000000 ) ;
#2847 = LINE ( 'NONE', #3634, #2759 ) ;
#2848 = AXIS2_PLACEMENT_3D ( 'NONE', #1514, #1112, #2710 ) ;
#2849 = CARTESIAN_POINT ( 'NONE',  ( -3.000000000000000444, -1.908218829166499875, 1.000000000000000000 ) ) ;
#2850 = EDGE_CURVE ( 'NONE', #1948, #5189, #3207, .T. ) ;
#2851 =( GEOMETRIC_REPRESENTATION_CONTEXT ( 3 ) GLOBAL_UNCERTAINTY_ASSIGNED_CONTEXT ( ( #2855 ) ) GLOBAL_UNIT_ASSIGNED_CONTEXT ( ( #2881, #2400, #1954 ) ) REPRESENTATION_CONTEXT ( 'NONE', 'WORKASPACE' ) );
#2852 = DIRECTION ( 'NONE',  ( -0.0000000000000000000, 1.000000000000000000, -0.0000000000000000000 ) ) ;
#2853 = FILL_AREA_STYLE ('',( #3234 ) ) ;
#2854 = VECTOR ( 'NONE', #4929, 1000.000000000000000 ) ;
#2855 = UNCERTAINTY_MEASURE_WITH_UNIT (LENGTH_MEASURE( 1.000000000000000082E-05 ), #2881, 'distance_accuracy_value', 'NONE');
#2856 = CARTESIAN_POINT ( 'NONE',  ( -2.083484861008840117, -2.041742430504419392, 3.749999999999999556 ) ) ;
#2857 = EDGE_CURVE ( 'NONE', #1660, #4002, #615, .T. ) ;
#2858 = SURFACE_STYLE_USAGE ( .BOTH. , #3668 ) ;
#2859 = ADVANCED_FACE ( 'NONE', ( #1578 ), #1233, .F. ) ;
#2860 = EDGE_LOOP ( 'NONE', ( #3336, #61, #3404, #2842 ) ) ;
#2861 = CARTESIAN_POINT ( 'NONE',  ( 3.750000000000000000, 3.362671756250250166, 0.4000000000000000222 ) ) ;
#2862 = MECHANICAL_DESIGN_GEOMETRIC_PRESENTATION_REPRESENTATION (  '', ( #2945 ), #4551 ) ;
#2863 = CYLINDRICAL_SURFACE ( 'NONE', #357, 0.3999999999999999667 ) ;
#2864 = SURFACE_SIDE_STYLE ('',( #1270 ) ) ;
#2865 = DIRECTION ( 'NONE',  ( -1.000000000000000000, 0.0000000000000000000, -0.0000000000000000000 ) ) ;
#2866 = DIRECTION ( 'NONE',  ( -0.0000000000000000000, -0.0000000000000000000, -1.000000000000000000 ) ) ;
#2867 = FILL_AREA_STYLE ('',( #791 ) ) ;
#2868 =( GEOMETRIC_REPRESENTATION_CONTEXT ( 3 ) GLOBAL_UNCERTAINTY_ASSIGNED_CONTEXT ( ( #1959 ) ) GLOBAL_UNIT_ASSIGNED_CONTEXT ( ( #2347, #1275, #4485 ) ) REPRESENTATION_CONTEXT ( 'NONE', 'WORKASPACE' ) );
#2869 = VECTOR ( 'NONE', #1398, 1000.000000000000000 ) ;
#2870 = CARTESIAN_POINT ( 'NONE',  ( 4.074999999999999289, 1.891781170833499948, 0.0000000000000000000 ) ) ;
#2871 = VERTEX_POINT ( 'NONE', #2888 ) ;
#2872 = LINE ( 'NONE', #3679, #4041 ) ;
#2873 = COLOUR_RGB ( '',0.7529411764705882248, 0.7529411764705882248, 0.7529411764705882248 ) ;
#2874 = AXIS2_PLACEMENT_3D ( 'NONE', #753, #4368, #4764 ) ;
#2875 = ORIENTED_EDGE ( 'NONE', *, *, #1851, .F. ) ;
#2876 = DIRECTION ( 'NONE',  ( 0.0000000000000000000, 0.0000000000000000000, 1.000000000000000000 ) ) ;
#2877 = DIRECTION ( 'NONE',  ( 0.0000000000000000000, 0.0000000000000000000, -1.000000000000000000 ) ) ;
#2878 = CARTESIAN_POINT ( 'NONE',  ( -3.649999999999999911, -2.608218829166499830, 0.9000000000000000222 ) ) ;
#2879 = MECHANICAL_DESIGN_GEOMETRIC_PRESENTATION_REPRESENTATION (  '', ( #1946 ), #5058 ) ;
#2880 =( NAMED_UNIT ( * ) PLANE_ANGLE_UNIT ( ) SI_UNIT ( $, .RADIAN. ) );
#2881 =( LENGTH_UNIT ( ) NAMED_UNIT ( * ) SI_UNIT ( .MILLI., .METRE. ) );
#2882 =( NAMED_UNIT ( * ) PLANE_ANGLE_UNIT ( ) SI_UNIT ( $, .RADIAN. ) );
#2883 = SURFACE_STYLE_FILL_AREA ( #1694 ) ;
#2884 = DIRECTION ( 'NONE',  ( 0.0000000000000000000, -1.000000000000000000, 0.0000000000000000000 ) ) ;
#2885 = AXIS2_PLACEMENT_3D ( 'NONE', #807, #751, #1622 ) ;
#2886 = AXIS2_PLACEMENT_3D ( 'NONE', #3748, #3311, #4180 ) ;
#2887 = VECTOR ( 'NONE', #1447, 1000.000000000000000 ) ;
#2888 = CARTESIAN_POINT ( 'NONE',  ( 3.249999999999997780, 1.891781170833501280, 1.000000000000000000 ) ) ;
#2889 = VECTOR ( 'NONE', #721, 1000.000000000000000 ) ;
#2890 = ORIENTED_EDGE ( 'NONE', *, *, #3405, .F. ) ;
#2891 = VECTOR ( 'NONE', #2426, 1000.000000000000000 ) ;
#2892 = EDGE_LOOP ( 'NONE', ( #1676, #4326, #976, #1265 ) ) ;
#2893 = DIRECTION ( 'NONE',  ( 0.0000000000000000000, 0.0000000000000000000, 1.000000000000000000 ) ) ;
#2894 = AXIS2_PLACEMENT_3D ( 'NONE', #4125, #58, #1393 ) ;
#2895 = FILL_AREA_STYLE_COLOUR ( '', #541 ) ;
#2896 = ADVANCED_FACE ( 'NONE', ( #755 ), #2357, .T. ) ;
#2897 = CARTESIAN_POINT ( 'NONE',  ( 4.074999999999999289, -2.608218829166499830, 0.0000000000000000000 ) ) ;
#2898 = EDGE_CURVE ( 'NONE', #1352, #3433, #1705, .T. ) ;
#2899 = CIRCLE ( 'NONE', #1134, 0.5000000000000000000 ) ;
#2900 = DIRECTION ( 'NONE',  ( 0.0000000000000000000, -0.0000000000000000000, 1.000000000000000000 ) ) ;
#2901 = VECTOR ( 'NONE', #1925, 1000.000000000000000 ) ;
#2902 = ORIENTED_EDGE ( 'NONE', *, *, #4418, .T. ) ;
#2903 = SURFACE_STYLE_FILL_AREA ( #458 ) ;
#2904 = FILL_AREA_STYLE_COLOUR ( '', #4819 ) ;
#2905 = ORIENTED_EDGE ( 'NONE', *, *, #900, .F. ) ;
#2906 = CARTESIAN_POINT ( 'NONE',  ( -3.350000000000000089, -2.608218829166499830, 0.9000000000000000222 ) ) ;
#2907 = LINE ( 'NONE', #2106, #5081 ) ;
#2908 = FILL_AREA_STYLE ('',( #592 ) ) ;
#2909 = FACE_OUTER_BOUND ( 'NONE', #2345, .T. ) ;
#2910 = CARTESIAN_POINT ( 'NONE',  ( -2.000000000000000000, -2.041742430504419392, 3.750000000000000000 ) ) ;
#2911 = FILL_AREA_STYLE_COLOUR ( '', #278 ) ;
#2912 =( LENGTH_UNIT ( ) NAMED_UNIT ( * ) SI_UNIT ( .MILLI., .METRE. ) );
#2913 = ORIENTED_EDGE ( 'NONE', *, *, #207, .T. ) ;
#2914 = DIRECTION ( 'NONE',  ( 1.000000000000000000, -3.252606517456515274E-15, 0.0000000000000000000 ) ) ;
#2915 = FACE_OUTER_BOUND ( 'NONE', #4220, .T. ) ;
#2916 = LINE ( 'NONE', #2986, #2854 ) ;
#2917 = CARTESIAN_POINT ( 'NONE',  ( 1.506745604006712203, -1.753372802003358766, 3.749999999999998224 ) ) ;
#2918 = EDGE_CURVE ( 'NONE', #1056, #2360, #3773, .T. ) ;
#2919 = ORIENTED_EDGE ( 'NONE', *, *, #21, .T. ) ;
#2920 = DIRECTION ( 'NONE',  ( -0.0000000000000000000, -1.000000000000000000, 0.0000000000000000000 ) ) ;
#2921 = DIRECTION ( 'NONE',  ( 0.0000000000000000000, 0.0000000000000000000, 1.000000000000000000 ) ) ;
#2922 = PRESENTATION_STYLE_ASSIGNMENT (( #1331 ) ) ;
#2923 = ADVANCED_FACE ( '2', ( #116 ), #3335, .T. ) ;
#2924 = VERTEX_POINT ( 'NONE', #4505 ) ;
#2925 = CONTEXT_DEPENDENT_SHAPE_REPRESENTATION ( #1920, #1210 ) ;
#2926 = FILL_AREA_STYLE_COLOUR ( '', #1525 ) ;
#2927 =( LENGTH_UNIT ( ) NAMED_UNIT ( * ) SI_UNIT ( .MILLI., .METRE. ) );
#2928 = PRESENTATION_LAYER_ASSIGNMENT (  '', '', ( #3506 ) ) ;
#2929 =( GEOMETRIC_REPRESENTATION_CONTEXT ( 3 ) GLOBAL_UNCERTAINTY_ASSIGNED_CONTEXT ( ( #2057 ) ) GLOBAL_UNIT_ASSIGNED_CONTEXT ( ( #4762, #4308, #5197 ) ) REPRESENTATION_CONTEXT ( 'NONE', 'WORKASPACE' ) );
#2930 = CARTESIAN_POINT ( 'NONE',  ( 1.916515138991160327, 2.041742430504420280, 3.750000000000000444 ) ) ;
#2931 = FACE_OUTER_BOUND ( 'NONE', #2545, .T. ) ;
#2932 = CARTESIAN_POINT ( 'NONE',  ( 3.500000000000000000, -1.908218829166499875, 1.000000000000000000 ) ) ;
#2933 = FILL_AREA_STYLE_COLOUR ( '', #4128 ) ;
#2934 = CARTESIAN_POINT ( 'NONE',  ( -2.000000000000000000, -1.958257569495580608, 3.750000000000000000 ) ) ;
#2935 =( NAMED_UNIT ( * ) PLANE_ANGLE_UNIT ( ) SI_UNIT ( $, .RADIAN. ) );
#2936 = COLOUR_RGB ( '',0.7529411764705882248, 0.7529411764705882248, 0.7529411764705882248 ) ;
#2937 = FACE_OUTER_BOUND ( 'NONE', #1652, .T. ) ;
#2938 = ORIENTED_EDGE ( 'NONE', *, *, #2225, .F. ) ;
#2939 = CYLINDRICAL_SURFACE ( 'NONE', #2037, 0.09999999999999982514 ) ;
#2940 = CARTESIAN_POINT ( 'NONE',  ( 2.000000000000000000, -1.581953906996888426, 3.637779991155306369 ) ) ;
#2941 = CARTESIAN_POINT ( 'NONE',  ( -2.000000000000000444, 1.499999999999999778, 3.449999999999999734 ) ) ;
#2942 = STYLED_ITEM ( 'NONE', ( #3437 ), #1882 ) ;
#2943 =( NAMED_UNIT ( * ) SI_UNIT ( $, .STERADIAN. ) SOLID_ANGLE_UNIT ( ) );
#2944 = MECHANICAL_DESIGN_GEOMETRIC_PRESENTATION_REPRESENTATION (  '', ( #4549 ), #3208 ) ;
#2945 = STYLED_ITEM ( 'NONE', ( #2369 ), #3608 ) ;
#2946 = ORIENTED_EDGE ( 'NONE', *, *, #381, .F. ) ;
#2947 = DIRECTION ( 'NONE',  ( 0.0000000000000000000, -0.0000000000000000000, 1.000000000000000000 ) ) ;
#2948 = PRESENTATION_LAYER_ASSIGNMENT (  '', '', ( #3292 ) ) ;
#2949 = FILL_AREA_STYLE ('',( #4057 ) ) ;
#2950 = ORIENTED_EDGE ( 'NONE', *, *, #4766, .T. ) ;
#2951 = ADVANCED_FACE ( 'NONE', ( #2937 ), #2543, .T. ) ;
#2952 = ADVANCED_FACE ( 'NONE', ( #1519 ), #3429, .T. ) ;
#2953 = PRESENTATION_LAYER_ASSIGNMENT (  '', '', ( #4052 ) ) ;
#2954 = LINE ( 'NONE', #4569, #1046 ) ;
#2955 = COLOUR_RGB ( '',0.0000000000000000000, 0.0000000000000000000, 0.0000000000000000000 ) ;
#2956 = LINE ( 'NONE', #2108, #542 ) ;
#2957 =( LENGTH_UNIT ( ) NAMED_UNIT ( * ) SI_UNIT ( .MILLI., .METRE. ) );
#2958 = LINE ( 'NONE', #547, #3288 ) ;
#2959 =( NAMED_UNIT ( * ) SI_UNIT ( $, .STERADIAN. ) SOLID_ANGLE_UNIT ( ) );
#2960 = UNCERTAINTY_MEASURE_WITH_UNIT (LENGTH_MEASURE( 1.000000000000000082E-05 ), #4842, 'distance_accuracy_value', 'NONE');
#2961 = AXIS2_PLACEMENT_3D ( 'NONE', #2441, #2361, #1654 ) ;
#2962 = CARTESIAN_POINT ( 'NONE',  ( 2.000000000000000000, -2.041742430504419392, 3.750000000000000000 ) ) ;
#2963 = VECTOR ( 'NONE', #3775, 1000.000000000000000 ) ;
#2964 = EDGE_LOOP ( 'NONE', ( #696, #2221, #3979, #2453, #4904, #1699, #793, #2938, #1968, #5004, #4127, #3469 ) ) ;
#2965 = CARTESIAN_POINT ( 'NONE',  ( 0.0000000000000000000, 0.0000000000000000000, 4.200000000000000178 ) ) ;
#2966 = SURFACE_SIDE_STYLE ('',( #3316 ) ) ;
#2967 = CARTESIAN_POINT ( 'NONE',  ( 2.493254395993283357, -2.246627197996641012, 3.749999999999998668 ) ) ;
#2968 = PRESENTATION_LAYER_ASSIGNMENT (  '', '', ( #2549 ) ) ;
#2969 = PRESENTATION_LAYER_ASSIGNMENT (  '', '', ( #4834 ) ) ;
#2970 = SURFACE_SIDE_STYLE ('',( #1378 ) ) ;
#2971 = AXIS2_PLACEMENT_3D ( 'NONE', #693, #212, #4223 ) ;
#2972 = VERTEX_POINT ( 'NONE', #4625 ) ;
#2973 = AXIS2_PLACEMENT_3D ( 'NONE', #166, #5065, #1818 ) ;
#2974 = AXIS2_PLACEMENT_3D ( 'NONE', #4392, #774, #804 ) ;
#2975 = SURFACE_SIDE_STYLE ('',( #4535 ) ) ;
#2976 =( NAMED_UNIT ( * ) PLANE_ANGLE_UNIT ( ) SI_UNIT ( $, .RADIAN. ) );
#2977 = EDGE_CURVE ( 'NONE', #2774, #2463, #268, .T. ) ;
#2978 = FILL_AREA_STYLE ('',( #4199 ) ) ;
#2979 = FACE_OUTER_BOUND ( 'NONE', #1327, .T. ) ;
#2980 = CARTESIAN_POINT ( 'NONE',  ( 3.000000000000000888, -1.908218829166499875, 1.300000000000000044 ) ) ;
#2981 = EDGE_CURVE ( 'NONE', #3805, #2360, #3925, .T. ) ;
#2982 = ORIENTED_EDGE ( 'NONE', *, *, #2167, .T. ) ;
#2983 = LINE ( 'NONE', #4181, #2963 ) ;
#2984 = FILL_AREA_STYLE ('',( #5021 ) ) ;
#2985 = CARTESIAN_POINT ( 'NONE',  ( 3.649999999999999023, -2.608218829166499386, 0.9000000000000000222 ) ) ;
#2986 = CARTESIAN_POINT ( 'NONE',  ( 6.938893903907229955E-15, 2.591781170833500347, 0.0000000000000000000 ) ) ;
#2987 = CARTESIAN_POINT ( 'NONE',  ( 1.163907813993773077, -2.418046093003118902, 3.637779991155306369 ) ) ;
#2988 = EDGE_LOOP ( 'NONE', ( #608, #658, #163, #4953, #86, #1559, #4142, #5205, #4207, #2627, #3314, #2890 ) ) ;
#2989 = ORIENTED_EDGE ( 'NONE', *, *, #3280, .F. ) ;
#2990 = DIRECTION ( 'NONE',  ( -0.0000000000000000000, -1.000000000000000000, -0.0000000000000000000 ) ) ;
#2991 =( LENGTH_UNIT ( ) NAMED_UNIT ( * ) SI_UNIT ( .MILLI., .METRE. ) );
#2992 = CARTESIAN_POINT ( 'NONE',  ( 6.938893903907229955E-15, 2.591781170833500347, 0.2999999999999999889 ) ) ;
#2993 = ORIENTED_EDGE ( 'NONE', *, *, #2401, .T. ) ;
#2994 = UNCERTAINTY_MEASURE_WITH_UNIT (LENGTH_MEASURE( 1.000000000000000082E-05 ), #4787, 'distance_accuracy_value', 'NONE');
#2995 = PRESENTATION_STYLE_ASSIGNMENT (( #3791 ) ) ;
#2996 = MECHANICAL_DESIGN_GEOMETRIC_PRESENTATION_REPRESENTATION (  '', ( #1903 ), #3675 ) ;
#2997 = FILL_AREA_STYLE_COLOUR ( '', #2716 ) ;
#2998 = SURFACE_STYLE_USAGE ( .BOTH. , #4989 ) ;
#2999 = ORIENTED_EDGE ( 'NONE', *, *, #4304, .F. ) ;
#3000 =( NAMED_UNIT ( * ) PLANE_ANGLE_UNIT ( ) SI_UNIT ( $, .RADIAN. ) );
#3001 = FILL_AREA_STYLE ('',( #979 ) ) ;
#3002 = FACE_OUTER_BOUND ( 'NONE', #2305, .T. ) ;
#3003 = PRESENTATION_STYLE_ASSIGNMENT (( #210 ) ) ;
#3004 = PRESENTATION_STYLE_ASSIGNMENT (( #1467 ) ) ;
#3005 = FILL_AREA_STYLE_COLOUR ( '', #3511 ) ;
#3006 = DIRECTION ( 'NONE',  ( 0.0000000000000000000, 0.0000000000000000000, 1.000000000000000000 ) ) ;
#3007 = CARTESIAN_POINT ( 'NONE',  ( 4.074999999999999289, 1.891781170833499948, 0.2999999999999999889 ) ) ;
#3008 = PLANE ( 'NONE',  #2973 ) ;
#3009 = AXIS2_PLACEMENT_3D ( 'NONE', #4245, #688, #3221 ) ;
#3010 = COLOUR_RGB ( '',0.0000000000000000000, 0.0000000000000000000, 0.0000000000000000000 ) ;
#3011 = LINE ( 'NONE', #5038, #4302 ) ;
#3012 = EDGE_CURVE ( 'NONE', #3105, #560, #3644, .T. ) ;
#3013 = EDGE_CURVE ( 'NONE', #5097, #432, #4652, .T. ) ;
#3014 = SURFACE_STYLE_FILL_AREA ( #1420 ) ;
#3015 =( GEOMETRIC_REPRESENTATION_CONTEXT ( 3 ) GLOBAL_UNCERTAINTY_ASSIGNED_CONTEXT ( ( #1287 ) ) GLOBAL_UNIT_ASSIGNED_CONTEXT ( ( #4648, #690, #2224 ) ) REPRESENTATION_CONTEXT ( 'NONE', 'WORKASPACE' ) );
#3016 = CARTESIAN_POINT ( 'NONE',  ( 2.000000000000000000, -2.041742430504420280, 3.750000000000000000 ) ) ;
#3017 = VERTEX_POINT ( 'NONE', #1012 ) ;
#3018 = ORIENTED_EDGE ( 'NONE', *, *, #3881, .T. ) ;
#3019 = LINE ( 'NONE', #125, #3707 ) ;
#3020 =( LENGTH_UNIT ( ) NAMED_UNIT ( * ) SI_UNIT ( .MILLI., .METRE. ) );
#3021 =( BOUNDED_SURFACE ( )  B_SPLINE_SURFACE ( 3, 3, ( 
 ( #3784, #3489, #1481, #3892 ),
 ( #1784, #4291, #224, #5047 ),
 ( #3399, #201, #3416, #5007 ),
 ( #3079, #1403, #258, #4690 ) ),
 .UNSPECIFIED., .F., .F., .T. ) 
 B_SPLINE_SURFACE_WITH_KNOTS ( ( 4, 4 ),
 ( 4, 4 ),
 ( 0.0000000000000000000, 1.000000000000000000 ),
 ( 0.0000000000000000000, 1.000000000000000000 ),
 .UNSPECIFIED. ) 
 GEOMETRIC_REPRESENTATION_ITEM ( )  RATIONAL_B_SPLINE_SURFACE ( (
 ( 1.000000000000000000, 0.3333333333333299842, 0.3333333333333299842, 1.000000000000000000),
 ( 0.8911066843560517814, 0.2970355614520142629, 0.2970355614520142629, 0.8911066843560517814),
 ( 0.8911066843560517814, 0.2970355614520142629, 0.2970355614520142629, 0.8911066843560517814),
 ( 1.000000000000000000, 0.3333333333333299842, 0.3333333333333299842, 1.000000000000000000) ) ) 
 REPRESENTATION_ITEM ( '' )  SURFACE ( )  );
#3022 = CARTESIAN_POINT ( 'NONE',  ( 0.0000000000000000000, -4.500000000000000000, 0.2999999999999999889 ) ) ;
#3023 = EDGE_LOOP ( 'NONE', ( #5138, #390, #3179, #967 ) ) ;
#3024 = VECTOR ( 'NONE', #5176, 1000.000000000000000 ) ;
#3025 = AXIS2_PLACEMENT_3D ( 'NONE', #4991, #2685, #662 ) ;
#3026 = VECTOR ( 'NONE', #2920, 1000.000000000000000 ) ;
#3027 = CARTESIAN_POINT ( 'NONE',  ( -0.9999999999999951150, 1.499999999999989786, 3.450000000000000622 ) ) ;
#3028 = STYLED_ITEM ( 'NONE', ( #4433 ), #3912 ) ;
#3029 = EDGE_LOOP ( 'NONE', ( #2875, #766, #3916, #3996 ) ) ;
#3030 = SURFACE_SIDE_STYLE ('',( #1795 ) ) ;
#3031 = CARTESIAN_POINT ( 'NONE',  ( -4.074999999999999289, -1.908218829166499875, 0.0000000000000000000 ) ) ;
#3032 = STYLED_ITEM ( 'NONE', ( #4933 ), #4350 ) ;
#3033 = CYLINDRICAL_SURFACE ( 'NONE', #3236, 0.1000000000000000472 ) ;
#3034 = CARTESIAN_POINT ( 'NONE',  ( -3.000000000000000000, -2.258218829166500186, 1.000000000000000000 ) ) ;
#3035 = CYLINDRICAL_SURFACE ( 'NONE', #4966, 0.4000000000000000222 ) ;
#3036 = PRESENTATION_STYLE_ASSIGNMENT (( #1440 ) ) ;
#3037 = CARTESIAN_POINT ( 'NONE',  ( -2.850000000000000089, -2.850000000000000089, 3.149999999999999911 ) ) ;
#3038 = CARTESIAN_POINT ( 'NONE',  ( -2.850000000000000089, -3.000000000000000000, 3.149999999999999911 ) ) ;
#3039 = LINE ( 'NONE', #2303, #2181 ) ;
#3040 = CARTESIAN_POINT ( 'NONE',  ( 1.649999999999999911, 1.212400331155879702E-16, 4.299999999999999822 ) ) ;
#3041 = CIRCLE ( 'NONE', #4143, 0.1499999999999999667 ) ;
#3042 = VERTEX_POINT ( 'NONE', #2636 ) ;
#3043 = VERTEX_POINT ( 'NONE', #3532 ) ;
#3044 = ADVANCED_FACE ( 'NONE', ( #4677 ), #4274, .F. ) ;
#3045 = EDGE_CURVE ( 'NONE', #1488, #2278, #441, .T. ) ;
#3046 = SURFACE_STYLE_USAGE ( .BOTH. , #5043 ) ;
#3047 = CARTESIAN_POINT ( 'NONE',  ( 0.0000000000000000000, 0.0000000000000000000, 3.449999999999999734 ) ) ;
#3048 = ITEM_DEFINED_TRANSFORMATION ( 'NONE', 'NONE', #4276,  #1907 ) ;
#3049 = FILL_AREA_STYLE ('',( #3160 ) ) ;
#3050 = COLOUR_RGB ( '',0.7529411764705882248, 0.7529411764705882248, 0.7529411764705882248 ) ;
#3051 = COLOUR_RGB ( '',0.7529411764705882248, 0.7529411764705882248, 0.7529411764705882248 ) ;
#3052 = FACE_OUTER_BOUND ( 'NONE', #2143, .T. ) ;
#3053 =( GEOMETRIC_REPRESENTATION_CONTEXT ( 3 ) GLOBAL_UNCERTAINTY_ASSIGNED_CONTEXT ( ( #2208 ) ) GLOBAL_UNIT_ASSIGNED_CONTEXT ( ( #3071, #3097, #2695 ) ) REPRESENTATION_CONTEXT ( 'NONE', 'WORKASPACE' ) );
#3054 = EDGE_LOOP ( 'NONE', ( #920, #1415, #1292, #2913 ) ) ;
#3055 = EDGE_CURVE ( 'NONE', #532, #2415, #3149, .T. ) ;
#3056 = VECTOR ( 'NONE', #3575, 1000.000000000000000 ) ;
#3057 = PRESENTATION_LAYER_ASSIGNMENT (  '', '', ( #4749 ) ) ;
#3058 = CIRCLE ( 'NONE', #1469, 0.5000000000000000000 ) ;
#3059 = SURFACE_STYLE_FILL_AREA ( #1865 ) ;
#3060 = CARTESIAN_POINT ( 'NONE',  ( -3.250000000000000000, -2.608218829166499830, 0.9000000000000000222 ) ) ;
#3061 = SURFACE_STYLE_FILL_AREA ( #2604 ) ;
#3062 = STYLED_ITEM ( 'NONE', ( #2995 ), #2473 ) ;
#3063 = ORIENTED_EDGE ( 'NONE', *, *, #1388, .T. ) ;
#3064 = CARTESIAN_POINT ( 'NONE',  ( -1.916515138991160327, -2.041742430504418948, 3.750000000000000444 ) ) ;
#3065 = SURFACE_STYLE_FILL_AREA ( #5088 ) ;
#3066 = UNCERTAINTY_MEASURE_WITH_UNIT (LENGTH_MEASURE( 1.000000000000000082E-05 ), #1391, 'distance_accuracy_value', 'NONE');
#3067 = SURFACE_SIDE_STYLE ('',( #4651 ) ) ;
#3068 = ORIENTED_EDGE ( 'NONE', *, *, #1184, .T. ) ;
#3069 =( LENGTH_UNIT ( ) NAMED_UNIT ( * ) SI_UNIT ( .MILLI., .METRE. ) );
#3070 = SURFACE_STYLE_USAGE ( .BOTH. , #217 ) ;
#3071 =( LENGTH_UNIT ( ) NAMED_UNIT ( * ) SI_UNIT ( .MILLI., .METRE. ) );
#3072 =( REPRESENTATION_RELATIONSHIP ('NONE','NONE', #302, #2649 ) REPRESENTATION_RELATIONSHIP_WITH_TRANSFORMATION ( #1858 )SHAPE_REPRESENTATION_RELATIONSHIP( ) );
#3073 = VERTEX_POINT ( 'NONE', #2030 ) ;
#3074 = DIRECTION ( 'NONE',  ( 0.0000000000000000000, 0.0000000000000000000, 1.000000000000000000 ) ) ;
#3075 = DIRECTION ( 'NONE',  ( 1.000000000000000000, -0.0000000000000000000, 0.0000000000000000000 ) ) ;
#3076 = ITEM_DEFINED_TRANSFORMATION ( 'NONE', 'NONE', #1674,  #1907 ) ;
#3077 = FILL_AREA_STYLE ('',( #1479 ) ) ;
#3078 =( NAMED_UNIT ( * ) SI_UNIT ( $, .STERADIAN. ) SOLID_ANGLE_UNIT ( ) );
#3079 = CARTESIAN_POINT ( 'NONE',  ( 1.999999999999994893, 1.500000000000000000, 3.449999999999999734 ) ) ;
#3080 = EDGE_LOOP ( 'NONE', ( #4537, #3248, #823, #4297 ) ) ;
#3081 = ADVANCED_FACE ( '1', ( #3554 ), #1, .T. ) ;
#3082 = FILL_AREA_STYLE_COLOUR ( '', #880 ) ;
#3083 = EDGE_LOOP ( 'NONE', ( #2255, #9, #3853, #2095 ) ) ;
#3084 =( NAMED_UNIT ( * ) PLANE_ANGLE_UNIT ( ) SI_UNIT ( $, .RADIAN. ) );
#3085 = SURFACE_SIDE_STYLE ('',( #3065 ) ) ;
#3086 = AXIS2_PLACEMENT_3D ( 'NONE', #1746, #4272, #2228 ) ;
#3087 = PRESENTATION_STYLE_ASSIGNMENT (( #2657 ) ) ;
#3088 =( NAMED_UNIT ( * ) SI_UNIT ( $, .STERADIAN. ) SOLID_ANGLE_UNIT ( ) );
#3089 = LINE ( 'NONE', #1144, #2346 ) ;
#3090 = ORIENTED_EDGE ( 'NONE', *, *, #2689, .F. ) ;
#3091 =( NAMED_UNIT ( * ) PLANE_ANGLE_UNIT ( ) SI_UNIT ( $, .RADIAN. ) );
#3092 = FACE_OUTER_BOUND ( 'NONE', #17, .T. ) ;
#3093 = SURFACE_SIDE_STYLE ('',( #328 ) ) ;
#3094 = LINE ( 'NONE', #3850, #3125 ) ;
#3095 = PRESENTATION_LAYER_ASSIGNMENT (  '', '', ( #1588 ) ) ;
#3096 = PLANE ( 'NONE',  #3603 ) ;
#3097 =( NAMED_UNIT ( * ) PLANE_ANGLE_UNIT ( ) SI_UNIT ( $, .RADIAN. ) );
#3098 = VERTEX_POINT ( 'NONE', #4393 ) ;
#3099 = ORIENTED_EDGE ( 'NONE', *, *, #3428, .T. ) ;
#3100 = AXIS2_PLACEMENT_3D ( 'NONE', #3943, #339, #3163 ) ;
#3101 = FACE_OUTER_BOUND ( 'NONE', #219, .T. ) ;
#3102 = FILL_AREA_STYLE ('',( #1500 ) ) ;
#3103 = ITEM_DEFINED_TRANSFORMATION ( 'NONE', 'NONE', #2848,  #1907 ) ;
#3104 = SURFACE_STYLE_FILL_AREA ( #1452 ) ;
#3105 = VERTEX_POINT ( 'NONE', #3144 ) ;
#3106 = PRESENTATION_STYLE_ASSIGNMENT (( #1103 ) ) ;
#3107 = CIRCLE ( 'NONE', #2594, 1.750000000000000000 ) ;
#3108 = VERTEX_POINT ( 'NONE', #775 ) ;
#3109 =( GEOMETRIC_REPRESENTATION_CONTEXT ( 3 ) GLOBAL_UNCERTAINTY_ASSIGNED_CONTEXT ( ( #3177 ) ) GLOBAL_UNIT_ASSIGNED_CONTEXT ( ( #4025, #4079, #790 ) ) REPRESENTATION_CONTEXT ( 'NONE', 'WORKASPACE' ) );
#3110 = DIRECTION ( 'NONE',  ( 0.0000000000000000000, 0.0000000000000000000, 1.000000000000000000 ) ) ;
#3111 = CARTESIAN_POINT ( 'NONE',  ( -1.163907813993773521, 1.581953906996879988, 3.637779991155306369 ) ) ;
#3112 = ORIENTED_EDGE ( 'NONE', *, *, #2401, .F. ) ;
#3113 = PRESENTATION_LAYER_ASSIGNMENT (  '', '', ( #3859 ) ) ;
#3114 = CARTESIAN_POINT ( 'NONE',  ( -4.074999999999999289, -1.908218829166499875, 1.000000000000000000 ) ) ;
#3115 = EDGE_CURVE ( 'NONE', #3835, #3787, #3894, .T. ) ;
#3116 = EDGE_CURVE ( 'NONE', #1824, #2484, #4759, .T. ) ;
#3117 =( LENGTH_UNIT ( ) NAMED_UNIT ( * ) SI_UNIT ( .MILLI., .METRE. ) );
#3118 = UNCERTAINTY_MEASURE_WITH_UNIT (LENGTH_MEASURE( 1.000000000000000082E-05 ), #3172, 'distance_accuracy_value', 'NONE');
#3119 = COLOUR_RGB ( '',0.7529411764705882248, 0.7529411764705882248, 0.7529411764705882248 ) ;
#3120 = CARTESIAN_POINT ( 'NONE',  ( 3.000000000000000000, 2.850000000000000089, 3.149999999999999911 ) ) ;
#3121 = VERTEX_POINT ( 'NONE', #1597 ) ;
#3122 =( NAMED_UNIT ( * ) SI_UNIT ( $, .STERADIAN. ) SOLID_ANGLE_UNIT ( ) );
#3123 = VECTOR ( 'NONE', #2810, 1000.000000000000000 ) ;
#3124 = CARTESIAN_POINT ( 'NONE',  ( -3.750000000000000000, -3.379109414583250093, 0.4000000000000000222 ) ) ;
#3125 = VECTOR ( 'NONE', #1047, 1000.000000000000000 ) ;
#3126 = CARTESIAN_POINT ( 'NONE',  ( 3.649999999999999911, 1.891781170833501280, 0.0000000000000000000 ) ) ;
#3127 = UNCERTAINTY_MEASURE_WITH_UNIT (LENGTH_MEASURE( 1.000000000000000082E-05 ), #371, 'distance_accuracy_value', 'NONE');
#3128 = CARTESIAN_POINT ( 'NONE',  ( 3.649999999999999911, -2.258218829166500186, 1.300000000000000044 ) ) ;
#3129 = VERTEX_POINT ( 'NONE', #2794 ) ;
#3130 = EDGE_LOOP ( 'NONE', ( #1904, #2725, #2600, #2215 ) ) ;
#3131 = CARTESIAN_POINT ( 'NONE',  ( 2.999999999999999112, 1.891781170833503278, 1.300000000000000044 ) ) ;
#3132 = SURFACE_SIDE_STYLE ('',( #5130 ) ) ;
#3133 = DIRECTION ( 'NONE',  ( 1.000000000000000000, 0.0000000000000000000, 0.0000000000000000000 ) ) ;
#3134 = VERTEX_POINT ( 'NONE', #829 ) ;
#3135 = AXIS2_PLACEMENT_3D ( 'NONE', #4309, #1092, #1817 ) ;
#3136 = VECTOR ( 'NONE', #2391, 1000.000000000000000 ) ;
#3137 =( NAMED_UNIT ( * ) SI_UNIT ( $, .STERADIAN. ) SOLID_ANGLE_UNIT ( ) );
#3138 = PRODUCT_DEFINITION_SHAPE ( 'NONE', 'NONE',  #4871 ) ;
#3139 = MECHANICAL_DESIGN_GEOMETRIC_PRESENTATION_REPRESENTATION (  '', ( #1465 ), #2379 ) ;
#3140 = CARTESIAN_POINT ( 'NONE',  ( -1.163907813993768858, 2.418046093003110908, 3.637779991155306369 ) ) ;
#3141 = VERTEX_POINT ( 'NONE', #2822 ) ;
#3142 = CARTESIAN_POINT ( 'NONE',  ( -1.000000000000001998, -1.500000000000000222, 3.450000000000000622 ) ) ;
#3143 =( NAMED_UNIT ( * ) SI_UNIT ( $, .STERADIAN. ) SOLID_ANGLE_UNIT ( ) );
#3144 = CARTESIAN_POINT ( 'NONE',  ( -3.349999999999999645, -2.608218829166499830, 0.4000000000000000222 ) ) ;
#3145 = AXIS2_PLACEMENT_3D ( 'NONE', #4615, #3493, #3448 ) ;
#3146 = CARTESIAN_POINT ( 'NONE',  ( 2.000000000000000000, -2.000000000000000000, 3.449999999999999734 ) ) ;
#3147 = COLOUR_RGB ( '',0.7529411764705882248, 0.7529411764705882248, 0.7529411764705882248 ) ;
#3148 = EDGE_CURVE ( 'NONE', #4529, #2730, #1250, .T. ) ;
#3149 = LINE ( 'NONE', #2352, #2891 ) ;
#3150 = CARTESIAN_POINT ( 'NONE',  ( 3.500000000000000000, -2.258218829166500186, 1.000000000000000000 ) ) ;
#3151 = STYLED_ITEM ( 'NONE', ( #1538 ), #3430 ) ;
#3152 = CARTESIAN_POINT ( 'NONE',  ( 2.850000000000000089, 3.000000000000000000, 3.149999999999999911 ) ) ;
#3153 = SURFACE_STYLE_USAGE ( .BOTH. , #1067 ) ;
#3154 =( NAMED_UNIT ( * ) PLANE_ANGLE_UNIT ( ) SI_UNIT ( $, .RADIAN. ) );
#3155 = DIRECTION ( 'NONE',  ( 3.231085104332679983E-15, 1.000000000000000000, -2.938735877055720084E-31 ) ) ;
#3156 = ADVANCED_FACE ( 'NONE', ( #4064 ), #1143, .T. ) ;
#3157 = ORIENTED_EDGE ( 'NONE', *, *, #4312, .T. ) ;
#3158 = ORIENTED_EDGE ( 'NONE', *, *, #3246, .T. ) ;
#3159 = CARTESIAN_POINT ( 'NONE',  ( -3.000000000000000444, 1.891781170833499948, 1.000000000000000000 ) ) ;
#3160 = FILL_AREA_STYLE_COLOUR ( '', #3530 ) ;
#3161 = DIRECTION ( 'NONE',  ( 0.0000000000000000000, 0.0000000000000000000, 1.000000000000000000 ) ) ;
#3162 = DIRECTION ( 'NONE',  ( 0.0000000000000000000, -0.0000000000000000000, 1.000000000000000000 ) ) ;
#3163 = DIRECTION ( 'NONE',  ( 0.0000000000000000000, 0.0000000000000000000, 1.000000000000000000 ) ) ;
#3164 = EDGE_LOOP ( 'NONE', ( #990, #22, #2512, #712 ) ) ;
#3165 = UNCERTAINTY_MEASURE_WITH_UNIT (LENGTH_MEASURE( 1.000000000000000082E-05 ), #403, 'distance_accuracy_value', 'NONE');
#3166 = SURFACE_STYLE_FILL_AREA ( #4032 ) ;
#3167 = FACE_OUTER_BOUND ( 'NONE', #3965, .T. ) ;
#3168 = ORIENTED_EDGE ( 'NONE', *, *, #727, .T. ) ;
#3169 = SHAPE_REPRESENTATION ( '3', ( #1907 ), #4874 ) ;
#3170 = UNCERTAINTY_MEASURE_WITH_UNIT (LENGTH_MEASURE( 1.000000000000000082E-05 ), #4126, 'distance_accuracy_value', 'NONE');
#3171 =( NAMED_UNIT ( * ) PLANE_ANGLE_UNIT ( ) SI_UNIT ( $, .RADIAN. ) );
#3172 =( LENGTH_UNIT ( ) NAMED_UNIT ( * ) SI_UNIT ( .MILLI., .METRE. ) );
#3173 = CARTESIAN_POINT ( 'NONE',  ( -3.250000000000000000, 2.241781170833500259, 1.000000000000000000 ) ) ;
#3174 = SURFACE_STYLE_FILL_AREA ( #4423 ) ;
#3175 = CARTESIAN_POINT ( 'NONE',  ( -4.500000000000000000, -2.258218829166500186, 0.0000000000000000000 ) ) ;
#3176 = VECTOR ( 'NONE', #4095, 1000.000000000000000 ) ;
#3177 = UNCERTAINTY_MEASURE_WITH_UNIT (LENGTH_MEASURE( 1.000000000000000082E-05 ), #4025, 'distance_accuracy_value', 'NONE');
#3178 = ORIENTED_EDGE ( 'NONE', *, *, #85, .T. ) ;
#3179 = ORIENTED_EDGE ( 'NONE', *, *, #2721, .T. ) ;
#3180 = DIRECTION ( 'NONE',  ( -0.0000000000000000000, -1.000000000000000000, -0.0000000000000000000 ) ) ;
#3181 = FILL_AREA_STYLE_COLOUR ( '', #4576 ) ;
#3182 = EDGE_CURVE ( 'NONE', #4197, #5097, #1211, .T. ) ;
#3183 = LINE ( 'NONE', #5210, #2020 ) ;
#3184 = EDGE_CURVE ( 'NONE', #3944, #498, #2956, .T. ) ;
#3185 = PRESENTATION_LAYER_ASSIGNMENT (  '', '', ( #1161 ) ) ;
#3186 = PRODUCT ( '8', '8', '', ( #4441 ) ) ;
#3187 = DIRECTION ( 'NONE',  ( 3.231085104332679983E-15, 1.000000000000000000, 0.0000000000000000000 ) ) ;
#3188 = LINE ( 'NONE', #1565, #1754 ) ;
#3189 = VERTEX_POINT ( 'NONE', #3720 ) ;
#3190 = STYLED_ITEM ( 'NONE', ( #68 ), #988 ) ;
#3191 =( NAMED_UNIT ( * ) PLANE_ANGLE_UNIT ( ) SI_UNIT ( $, .RADIAN. ) );
#3192 = ORIENTED_EDGE ( 'NONE', *, *, #3727, .F. ) ;
#3193 = STYLED_ITEM ( 'NONE', ( #354 ), #1216 ) ;
#3194 = SHAPE_DEFINITION_REPRESENTATION ( #3138, #1880 ) ;
#3195 = SURFACE_SIDE_STYLE ('',( #1569 ) ) ;
#3196 = SURFACE_STYLE_FILL_AREA ( #1570 ) ;
#3197 =( GEOMETRIC_REPRESENTATION_CONTEXT ( 3 ) GLOBAL_UNCERTAINTY_ASSIGNED_CONTEXT ( ( #1175 ) ) GLOBAL_UNIT_ASSIGNED_CONTEXT ( ( #3482, #1446, #723 ) ) REPRESENTATION_CONTEXT ( 'NONE', 'WORKASPACE' ) );
#3198 = CARTESIAN_POINT ( 'NONE',  ( 0.0000000000000000000, -3.000000000000000000, 3.149999999999999911 ) ) ;
#3199 = FILL_AREA_STYLE_COLOUR ( '', #621 ) ;
#3200 = COLOUR_RGB ( '',0.0000000000000000000, 0.0000000000000000000, 0.0000000000000000000 ) ;
#3201 =( NAMED_UNIT ( * ) SI_UNIT ( $, .STERADIAN. ) SOLID_ANGLE_UNIT ( ) );
#3202 = FILL_AREA_STYLE ('',( #1091 ) ) ;
#3203 = DIRECTION ( 'NONE',  ( -3.231085104332679983E-15, -1.000000000000000000, 0.0000000000000000000 ) ) ;
#3204 = STYLED_ITEM ( 'NONE', ( #5146 ), #114 ) ;
#3205 = VECTOR ( 'NONE', #903, 1000.000000000000000 ) ;
#3206 = CARTESIAN_POINT ( 'NONE',  ( -3.000000000000010214, -1.500000000000000000, 3.450000000000000622 ) ) ;
#3207 = LINE ( 'NONE', #1673, #3890 ) ;
#3208 =( GEOMETRIC_REPRESENTATION_CONTEXT ( 3 ) GLOBAL_UNCERTAINTY_ASSIGNED_CONTEXT ( ( #4124 ) ) GLOBAL_UNIT_ASSIGNED_CONTEXT ( ( #2152, #2882, #4571 ) ) REPRESENTATION_CONTEXT ( 'NONE', 'WORKASPACE' ) );
#3209 = APPLICATION_CONTEXT ( 'automotive_design' ) ;
#3210 = PRESENTATION_STYLE_ASSIGNMENT (( #4430 ) ) ;
#3211 = FILL_AREA_STYLE_COLOUR ( '', #868 ) ;
#3212 = DIRECTION ( 'NONE',  ( -1.000000000000000000, 0.0000000000000000000, -0.0000000000000000000 ) ) ;
#3213 = AXIS2_PLACEMENT_3D ( 'NONE', #3913, #4741, #2646 ) ;
#3214 = CARTESIAN_POINT ( 'NONE',  ( 2.000000000000000444, -2.041742430504415395, 3.250000000000000000 ) ) ;
#3215 = PRESENTATION_STYLE_ASSIGNMENT (( #2445 ) ) ;
#3216 = CARTESIAN_POINT ( 'NONE',  ( 3.749999999999997335, -1.908218829166500319, 0.4000000000000000222 ) ) ;
#3217 = EDGE_CURVE ( 'NONE', #3189, #3835, #544, .T. ) ;
#3218 = ADVANCED_FACE ( 'NONE', ( #2150 ), #4938, .F. ) ;
#3219 = DIRECTION ( 'NONE',  ( 0.0000000000000000000, 0.0000000000000000000, 1.000000000000000000 ) ) ;
#3220 = ADVANCED_FACE ( 'NONE', ( #2931 ), #4119, .T. ) ;
#3221 = DIRECTION ( 'NONE',  ( 0.0000000000000000000, -0.0000000000000000000, 1.000000000000000000 ) ) ;
#3222 =( NAMED_UNIT ( * ) SI_UNIT ( $, .STERADIAN. ) SOLID_ANGLE_UNIT ( ) );
#3223 =( LENGTH_UNIT ( ) NAMED_UNIT ( * ) SI_UNIT ( .MILLI., .METRE. ) );
#3224 = STYLED_ITEM ( 'NONE', ( #123 ), #2625 ) ;
#3225 = UNCERTAINTY_MEASURE_WITH_UNIT (LENGTH_MEASURE( 1.000000000000000082E-05 ), #4942, 'distance_accuracy_value', 'NONE');
#3226 = PRESENTATION_LAYER_ASSIGNMENT (  '', '', ( #4411 ) ) ;
#3227 = COLOUR_RGB ( '',0.7529411764705882248, 0.7529411764705882248, 0.7529411764705882248 ) ;
#3228 = FILL_AREA_STYLE_COLOUR ( '', #2676 ) ;
#3229 = PRESENTATION_LAYER_ASSIGNMENT (  '', '', ( #3891 ) ) ;
#3230 = MECHANICAL_DESIGN_GEOMETRIC_PRESENTATION_REPRESENTATION (  '', ( #1384 ), #4581 ) ;
#3231 =( NAMED_UNIT ( * ) SI_UNIT ( $, .STERADIAN. ) SOLID_ANGLE_UNIT ( ) );
#3232 = MECHANICAL_DESIGN_GEOMETRIC_PRESENTATION_REPRESENTATION (  '', ( #1128 ), #2471 ) ;
#3233 =( LENGTH_UNIT ( ) NAMED_UNIT ( * ) SI_UNIT ( .MILLI., .METRE. ) );
#3234 = FILL_AREA_STYLE_COLOUR ( '', #4692 ) ;
#3235 = UNCERTAINTY_MEASURE_WITH_UNIT (LENGTH_MEASURE( 1.000000000000000082E-05 ), #4940, 'distance_accuracy_value', 'NONE');
#3236 = AXIS2_PLACEMENT_3D ( 'NONE', #1596, #4362, #3553 ) ;
#3237 = CARTESIAN_POINT ( 'NONE',  ( -2.493254395993284689, -2.246627197996645897, 3.749999999999998224 ) ) ;
#3238 = CIRCLE ( 'NONE', #960, 0.5000000000000000000 ) ;
#3239 = ORIENTED_EDGE ( 'NONE', *, *, #900, .T. ) ;
#3240 = ORIENTED_EDGE ( 'NONE', *, *, #1116, .T. ) ;
#3241 = CARTESIAN_POINT ( 'NONE',  ( -3.750000000000000000, 0.0000000000000000000, 0.0000000000000000000 ) ) ;
#3242 = CARTESIAN_POINT ( 'NONE',  ( -4.074999999999999289, -1.908218829166499875, 0.0000000000000000000 ) ) ;
#3243 = CARTESIAN_POINT ( 'NONE',  ( -3.349999999999999645, 2.591781170833500347, 0.4000000000000000222 ) ) ;
#3244 = ORIENTED_EDGE ( 'NONE', *, *, #1413, .T. ) ;
#3245 = CARTESIAN_POINT ( 'NONE',  ( 1.916515138991159439, -1.958257569495580164, 3.749999999999999556 ) ) ;
#3246 = EDGE_CURVE ( 'NONE', #2730, #2249, #1486, .T. ) ;
#3247 = DIRECTION ( 'NONE',  ( 1.000000000000000000, 0.0000000000000000000, 0.0000000000000000000 ) ) ;
#3248 = ORIENTED_EDGE ( 'NONE', *, *, #3555, .F. ) ;
#3249 = APPLICATION_PROTOCOL_DEFINITION ( 'draft international standard', 'automotive_design', 1998, #2394 ) ;
#3250 = CARTESIAN_POINT ( 'NONE',  ( 3.000000000000000444, 2.591781170833500347, 1.000000000000000000 ) ) ;
#3251 = ADVANCED_FACE ( 'NONE', ( #5107 ), #292, .T. ) ;
#3252 = EDGE_CURVE ( 'NONE', #2808, #2702, #3058, .T. ) ;
#3253 = DIRECTION ( 'NONE',  ( -0.0000000000000000000, -1.000000000000000000, -0.0000000000000000000 ) ) ;
#3254 = LINE ( 'NONE', #3279, #2251 ) ;
#3255 = SURFACE_STYLE_FILL_AREA ( #1254 ) ;
#3256 = PRESENTATION_STYLE_ASSIGNMENT (( #4866 ) ) ;
#3257 = CARTESIAN_POINT ( 'NONE',  ( 3.000000000000000000, 0.0000000000000000000, 0.0000000000000000000 ) ) ;
#3258 = SURFACE_STYLE_FILL_AREA ( #4369 ) ;
#3259 = DIRECTION ( 'NONE',  ( 1.000000000000000000, 0.0000000000000000000, -0.0000000000000000000 ) ) ;
#3260 = ORIENTED_EDGE ( 'NONE', *, *, #5039, .F. ) ;
#3261 =( LENGTH_UNIT ( ) NAMED_UNIT ( * ) SI_UNIT ( .MILLI., .METRE. ) );
#3262 = LINE ( 'NONE', #4047, #98 ) ;
#3263 = CARTESIAN_POINT ( 'NONE',  ( 3.350000000000000089, -2.258218829166500186, 0.9000000000000000222 ) ) ;
#3264 = PLANE ( 'NONE',  #4042 ) ;
#3265 =( NAMED_UNIT ( * ) PLANE_ANGLE_UNIT ( ) SI_UNIT ( $, .RADIAN. ) );
#3266 = MECHANICAL_DESIGN_GEOMETRIC_PRESENTATION_REPRESENTATION (  '', ( #4523 ), #2413 ) ;
#3267 = CARTESIAN_POINT ( 'NONE',  ( -3.250000000000000000, 1.891781170833499948, 1.300000000000000044 ) ) ;
#3268 = ORIENTED_EDGE ( 'NONE', *, *, #239, .T. ) ;
#3269 = DIRECTION ( 'NONE',  ( -0.0000000000000000000, -0.0000000000000000000, 1.000000000000000000 ) ) ;
#3270 = PRESENTATION_LAYER_ASSIGNMENT (  '', '', ( #317 ) ) ;
#3271 = EDGE_LOOP ( 'NONE', ( #2315, #4884, #1499, #2008 ) ) ;
#3272 = PRODUCT ( '9', '9', '', ( #2476 ) ) ;
#3273 = STYLED_ITEM ( 'NONE', ( #400 ), #1483 ) ;
#3274 = APPLICATION_PROTOCOL_DEFINITION ( 'draft international standard', 'automotive_design', 1998, #1224 ) ;
#3275 = STYLED_ITEM ( 'NONE', ( #4214 ), #769 ) ;
#3276 = DIRECTION ( 'NONE',  ( 0.0000000000000000000, 0.0000000000000000000, -1.000000000000000000 ) ) ;
#3277 = UNCERTAINTY_MEASURE_WITH_UNIT (LENGTH_MEASURE( 1.000000000000000082E-05 ), #244, 'distance_accuracy_value', 'NONE');
#3278 =( LENGTH_UNIT ( ) NAMED_UNIT ( * ) SI_UNIT ( .MILLI., .METRE. ) );
#3279 = CARTESIAN_POINT ( 'NONE',  ( -3.750000000000000000, 1.120890585416750129, 0.3000000000000000444 ) ) ;
#3280 = EDGE_CURVE ( 'NONE', #432, #5108, #26, .T. ) ;
#3281 = ADVANCED_FACE ( 'NONE', ( #3834 ), #4646, .F. ) ;
#3282 =( NAMED_UNIT ( * ) PLANE_ANGLE_UNIT ( ) SI_UNIT ( $, .RADIAN. ) );
#3283 = FILL_AREA_STYLE ('',( #55 ) ) ;
#3284 = MECHANICAL_DESIGN_GEOMETRIC_PRESENTATION_REPRESENTATION (  '', ( #2599 ), #237 ) ;
#3285 =( LENGTH_UNIT ( ) NAMED_UNIT ( * ) SI_UNIT ( .MILLI., .METRE. ) );
#3286 = DIRECTION ( 'NONE',  ( 1.000000000000000000, 0.0000000000000000000, -0.0000000000000000000 ) ) ;
#3287 = ORIENTED_EDGE ( 'NONE', *, *, #3617, .T. ) ;
#3288 = VECTOR ( 'NONE', #2563, 1000.000000000000000 ) ;
#3289 = DIRECTION ( 'NONE',  ( 0.0000000000000000000, 1.000000000000000000, 0.0000000000000000000 ) ) ;
#3290 = FACE_OUTER_BOUND ( 'NONE', #4415, .T. ) ;
#3291 = CARTESIAN_POINT ( 'NONE',  ( 0.0000000000000000000, 0.0000000000000000000, 4.299999999999999822 ) ) ;
#3292 = STYLED_ITEM ( 'NONE', ( #2178 ), #173 ) ;
#3293 = CIRCLE ( 'NONE', #1370, 0.5000000000000000000 ) ;
#3294 = CARTESIAN_POINT ( 'NONE',  ( 0.0000000000000000000, 0.0000000000000000000, 0.0000000000000000000 ) ) ;
#3295 = VERTEX_POINT ( 'NONE', #4293 ) ;
#3296 = CARTESIAN_POINT ( 'NONE',  ( 2.000000000000000000, -1.958257569495580608, 3.750000000000000000 ) ) ;
#3297 = PLANE ( 'NONE',  #1448 ) ;
#3298 =( GEOMETRIC_REPRESENTATION_CONTEXT ( 3 ) GLOBAL_UNCERTAINTY_ASSIGNED_CONTEXT ( ( #1901 ) ) GLOBAL_UNIT_ASSIGNED_CONTEXT ( ( #3261, #4825, #3586 ) ) REPRESENTATION_CONTEXT ( 'NONE', 'WORKASPACE' ) );
#3299 = FACE_OUTER_BOUND ( 'NONE', #4849, .T. ) ;
#3300 = ORIENTED_EDGE ( 'NONE', *, *, #1507, .F. ) ;
#3301 = APPLICATION_PROTOCOL_DEFINITION ( 'draft international standard', 'automotive_design', 1998, #4110 ) ;
#3302 = DIRECTION ( 'NONE',  ( 1.000000000000000000, 0.0000000000000000000, 0.0000000000000000000 ) ) ;
#3303 = SURFACE_SIDE_STYLE ('',( #565 ) ) ;
#3304 =( NAMED_UNIT ( * ) SI_UNIT ( $, .STERADIAN. ) SOLID_ANGLE_UNIT ( ) );
#3305 = SHAPE_REPRESENTATION_RELATIONSHIP ( 'NONE' , 'NONE' ,  #4985, #3999 ) ;
#3306 = CARTESIAN_POINT ( 'NONE',  ( -3.000000000000000000, 2.850000000000000089, 3.449999999999999734 ) ) ;
#3307 = PRESENTATION_STYLE_ASSIGNMENT (( #2509 ) ) ;
#3308 = MECHANICAL_DESIGN_GEOMETRIC_PRESENTATION_REPRESENTATION (  '', ( #4909 ), #4655 ) ;
#3309 = EDGE_CURVE ( 'NONE', #3780, #3141, #467, .T. ) ;
#3310 = CARTESIAN_POINT ( 'NONE',  ( -2.850000000000000089, -3.000000000000000000, 3.449999999999999734 ) ) ;
#3311 = DIRECTION ( 'NONE',  ( 0.0000000000000000000, -0.0000000000000000000, 1.000000000000000000 ) ) ;
#3312 = MECHANICAL_DESIGN_GEOMETRIC_PRESENTATION_REPRESENTATION (  '', ( #1956 ), #4745 ) ;
#3313 = ORIENTED_EDGE ( 'NONE', *, *, #411, .F. ) ;
#3314 = ORIENTED_EDGE ( 'NONE', *, *, #2339, .T. ) ;
#3315 = MECHANICAL_DESIGN_GEOMETRIC_PRESENTATION_REPRESENTATION (  '', ( #4324 ), #1208 ) ;
#3316 = SURFACE_STYLE_FILL_AREA ( #2486 ) ;
#3317 = CARTESIAN_POINT ( 'NONE',  ( 2.493254395993284245, -1.753372802003358100, 3.749999999999998668 ) ) ;
#3318 = EDGE_CURVE ( 'NONE', #4793, #4453, #1587, .T. ) ;
#3319 = STYLED_ITEM ( 'NONE', ( #1770 ), #3439 ) ;
#3320 = CARTESIAN_POINT ( 'NONE',  ( 3.650000000000001243, -1.908218829166499875, 0.9000000000000000222 ) ) ;
#3321 = CARTESIAN_POINT ( 'NONE',  ( 2.000000000000002220, -2.246627197996641900, 3.749999999999998224 ) ) ;
#3322 = PRODUCT_RELATED_PRODUCT_CATEGORY ( 'part', '', ( #2843 ) ) ;
#3323 = PRESENTATION_STYLE_ASSIGNMENT (( #2585 ) ) ;
#3324 = ORIENTED_EDGE ( 'NONE', *, *, #873, .T. ) ;
#3325 = LINE ( 'NONE', #4636, #3956 ) ;
#3326 = SURFACE_SIDE_STYLE ('',( #3714 ) ) ;
#3327 = ORIENTED_EDGE ( 'NONE', *, *, #798, .T. ) ;
#3328 = UNCERTAINTY_MEASURE_WITH_UNIT (LENGTH_MEASURE( 1.000000000000000082E-05 ), #2991, 'distance_accuracy_value', 'NONE');
#3329 = CARTESIAN_POINT ( 'NONE',  ( 1.999999999999999334, 1.581953906996889314, 3.637779991155306369 ) ) ;
#3330 = SURFACE_STYLE_FILL_AREA ( #1720 ) ;
#3331 = DIRECTION ( 'NONE',  ( -1.000000000000000000, -0.0000000000000000000, 0.0000000000000000000 ) ) ;
#3332 = CARTESIAN_POINT ( 'NONE',  ( 1.749999999999999556, 2.143131898507868051E-16, 4.258578643762690241 ) ) ;
#3333 = CARTESIAN_POINT ( 'NONE',  ( -2.000000000000000000, -1.958257569495584161, 3.250000000000000000 ) ) ;
#3334 = LINE ( 'NONE', #1672, #1466 ) ;
#3335 = CYLINDRICAL_SURFACE ( 'NONE', #101, 0.1499999999999999667 ) ;
#3336 = ORIENTED_EDGE ( 'NONE', *, *, #3377, .F. ) ;
#3337 = PLANE ( 'NONE',  #5062 ) ;
#3338 = PRESENTATION_STYLE_ASSIGNMENT (( #4879 ) ) ;
#3339 = SURFACE_STYLE_USAGE ( .BOTH. , #2518 ) ;
#3340 =( LENGTH_UNIT ( ) NAMED_UNIT ( * ) SI_UNIT ( .MILLI., .METRE. ) );
#3341 = ORIENTED_EDGE ( 'NONE', *, *, #4244, .T. ) ;
#3342 = EDGE_CURVE ( 'NONE', #1049, #2668, #4264, .T. ) ;
#3343 = ADVANCED_FACE ( 'NONE', ( #1945 ), #2021, .T. ) ;
#3344 = DIRECTION ( 'NONE',  ( 1.000000000000000000, -3.252606517456511724E-15, 0.0000000000000000000 ) ) ;
#3345 = SURFACE_STYLE_USAGE ( .BOTH. , #2975 ) ;
#3346 = ORIENTED_EDGE ( 'NONE', *, *, #82, .F. ) ;
#3347 = STYLED_ITEM ( 'NONE', ( #4675 ), #5209 ) ;
#3348 = ITEM_DEFINED_TRANSFORMATION ( 'NONE', 'NONE', #4378,  #1907 ) ;
#3349 = CARTESIAN_POINT ( 'NONE',  ( -4.500000000000000000, 2.591781170833500347, 0.2999999999999999889 ) ) ;
#3350 = PRESENTATION_LAYER_ASSIGNMENT (  '', '', ( #2840 ) ) ;
#3351 =( NAMED_UNIT ( * ) SI_UNIT ( $, .STERADIAN. ) SOLID_ANGLE_UNIT ( ) );
#3352 = MECHANICAL_DESIGN_GEOMETRIC_PRESENTATION_REPRESENTATION (  '', ( #1914 ), #322 ) ;
#3353 = VECTOR ( 'NONE', #4667, 1000.000000000000000 ) ;
#3354 = CARTESIAN_POINT ( 'NONE',  ( -1.649999999999999911, 0.0000000000000000000, 4.299999999999999822 ) ) ;
#3355 =( LENGTH_UNIT ( ) NAMED_UNIT ( * ) SI_UNIT ( .MILLI., .METRE. ) );
#3356 = CYLINDRICAL_SURFACE ( 'NONE', #4164, 0.3999999999999999667 ) ;
#3357 = PRODUCT_DEFINITION_FORMATION_WITH_SPECIFIED_SOURCE ( 'ANY', '', #549, .NOT_KNOWN. ) ;
#3358 = DIRECTION ( 'NONE',  ( 0.0000000000000000000, 1.000000000000000000, -0.0000000000000000000 ) ) ;
#3359 = MECHANICAL_DESIGN_GEOMETRIC_PRESENTATION_REPRESENTATION (  '', ( #4462 ), #2851 ) ;
#3360 = SURFACE_SIDE_STYLE ('',( #4096 ) ) ;
#3361 = ORIENTED_EDGE ( 'NONE', *, *, #456, .F. ) ;
#3362 =( NAMED_UNIT ( * ) PLANE_ANGLE_UNIT ( ) SI_UNIT ( $, .RADIAN. ) );
#3363 = PLANE ( 'NONE',  #3852 ) ;
#3364 = MECHANICAL_DESIGN_GEOMETRIC_PRESENTATION_REPRESENTATION (  '', ( #2437 ), #2290 ) ;
#3365 = FILL_AREA_STYLE_COLOUR ( '', #269 ) ;
#3366 = CIRCLE ( 'NONE', #2356, 0.09999999999999999167 ) ;
#3367 = ORIENTED_EDGE ( 'NONE', *, *, #3318, .T. ) ;
#3368 = CARTESIAN_POINT ( 'NONE',  ( 4.500000000000000000, 4.483562341667009399, 0.2999999999999999889 ) ) ;
#3369 =( NAMED_UNIT ( * ) PLANE_ANGLE_UNIT ( ) SI_UNIT ( $, .RADIAN. ) );
#3370 = COLOUR_RGB ( '',0.0000000000000000000, 0.0000000000000000000, 0.0000000000000000000 ) ;
#3371 = EDGE_CURVE ( 'NONE', #3108, #3121, #1242, .T. ) ;
#3372 = FACE_OUTER_BOUND ( 'NONE', #3584, .T. ) ;
#3373 = ORIENTED_EDGE ( 'NONE', *, *, #4832, .T. ) ;
#3374 = PRESENTATION_LAYER_ASSIGNMENT (  '', '', ( #3960 ) ) ;
#3375 = CIRCLE ( 'NONE', #3874, 1.750000000000000000 ) ;
#3376 = UNCERTAINTY_MEASURE_WITH_UNIT (LENGTH_MEASURE( 1.000000000000000082E-05 ), #539, 'distance_accuracy_value', 'NONE');
#3377 = EDGE_CURVE ( 'NONE', #2306, #532, #3630, .T. ) ;
#3378 = AXIS2_PLACEMENT_3D ( 'NONE', #2556, #484, #4960 ) ;
#3379 = LINE ( 'NONE', #1689, #2047 ) ;
#3380 = AXIS2_PLACEMENT_3D ( 'NONE', #487, #4113, #466 ) ;
#3381 = PRODUCT_RELATED_PRODUCT_CATEGORY ( 'part', '', ( #367 ) ) ;
#3382 = SURFACE_STYLE_USAGE ( .BOTH. , #4298 ) ;
#3383 =( NAMED_UNIT ( * ) SI_UNIT ( $, .STERADIAN. ) SOLID_ANGLE_UNIT ( ) );
#3384 = UNCERTAINTY_MEASURE_WITH_UNIT (LENGTH_MEASURE( 1.000000000000000082E-05 ), #930, 'distance_accuracy_value', 'NONE');
#3385 = STYLED_ITEM ( 'NONE', ( #3542 ), #4541 ) ;
#3386 = CARTESIAN_POINT ( 'NONE',  ( -3.750000000000000000, 2.591781170833500347, 0.0000000000000000000 ) ) ;
#3387 = DIRECTION ( 'NONE',  ( 1.000000000000000000, 0.0000000000000000000, 0.0000000000000000000 ) ) ;
#3388 = ORIENTED_EDGE ( 'NONE', *, *, #85, .F. ) ;
#3389 = DIRECTION ( 'NONE',  ( 1.000000000000000000, 0.0000000000000000000, 0.0000000000000000000 ) ) ;
#3390 = FACE_OUTER_BOUND ( 'NONE', #1541, .T. ) ;
#3391 = MECHANICAL_DESIGN_GEOMETRIC_PRESENTATION_REPRESENTATION (  '', ( #787 ), #1868 ) ;
#3392 = CARTESIAN_POINT ( 'NONE',  ( 3.749999999999998668, 2.591781170833499903, 0.3000000000000000444 ) ) ;
#3393 = STYLED_ITEM ( 'NONE', ( #602 ), #4961 ) ;
#3394 = CARTESIAN_POINT ( 'NONE',  ( 0.9999999999999937828, -2.500000000000009770, 3.450000000000000622 ) ) ;
#3395 = ORIENTED_EDGE ( 'NONE', *, *, #928, .F. ) ;
#3396 = CARTESIAN_POINT ( 'NONE',  ( -3.000000000000000000, -2.850000000000000089, 3.149999999999999911 ) ) ;
#3397 = LINE ( 'NONE', #1302, #2692 ) ;
#3398 = VECTOR ( 'NONE', #3817, 1000.000000000000000 ) ;
#3399 = CARTESIAN_POINT ( 'NONE',  ( 1.999999999999995559, 1.581953906996889092, 3.637779991155306369 ) ) ;
#3400 = STYLED_ITEM ( 'NONE', ( #1457 ), #3281 ) ;
#3401 = ORIENTED_EDGE ( 'NONE', *, *, #2746, .F. ) ;
#3402 = FACE_OUTER_BOUND ( 'NONE', #2816, .T. ) ;
#3403 = DIRECTION ( 'NONE',  ( -1.000000000000000000, 0.0000000000000000000, -0.0000000000000000000 ) ) ;
#3404 = ORIENTED_EDGE ( 'NONE', *, *, #239, .F. ) ;
#3405 = EDGE_CURVE ( 'NONE', #3650, #2340, #3948, .T. ) ;
#3406 = EDGE_CURVE ( 'NONE', #1521, #1793, #2899, .T. ) ;
#3407 = SURFACE_STYLE_USAGE ( .BOTH. , #980 ) ;
#3408 = SURFACE_SIDE_STYLE ('',( #1042 ) ) ;
#3409 = EDGE_LOOP ( 'NONE', ( #3613, #1823, #797, #5036 ) ) ;
#3410 = CYLINDRICAL_SURFACE ( 'NONE', #3972, 0.1499999999999999667 ) ;
#3411 =( NAMED_UNIT ( * ) SI_UNIT ( $, .STERADIAN. ) SOLID_ANGLE_UNIT ( ) );
#3412 =( NAMED_UNIT ( * ) PLANE_ANGLE_UNIT ( ) SI_UNIT ( $, .RADIAN. ) );
#3413 = ORIENTED_EDGE ( 'NONE', *, *, #2569, .T. ) ;
#3414 = DIRECTION ( 'NONE',  ( 1.000000000000000000, -3.252606517456511724E-15, 0.0000000000000000000 ) ) ;
#3415 = LINE ( 'NONE', #3826, #685 ) ;
#3416 = CARTESIAN_POINT ( 'NONE',  ( 2.836092186006231142, 2.418046093003110908, 3.637779991155306369 ) ) ;
#3417 = ORIENTED_EDGE ( 'NONE', *, *, #344, .T. ) ;
#3418 = COLOUR_RGB ( '',0.7529411764705882248, 0.7529411764705882248, 0.7529411764705882248 ) ;
#3419 = UNCERTAINTY_MEASURE_WITH_UNIT (LENGTH_MEASURE( 1.000000000000000082E-05 ), #471, 'distance_accuracy_value', 'NONE');
#3420 = CARTESIAN_POINT ( 'NONE',  ( 3.349999999999999645, 3.362671756250251498, 0.4000000000000000777 ) ) ;
#3421 = DIRECTION ( 'NONE',  ( 1.000000000000000000, 0.0000000000000000000, 0.0000000000000000000 ) ) ;
#3422 = CARTESIAN_POINT ( 'NONE',  ( -1.916515138991159661, 1.958257569495579498, 3.749999999999999556 ) ) ;
#3423 = ORIENTED_EDGE ( 'NONE', *, *, #2825, .F. ) ;
#3424 = CARTESIAN_POINT ( 'NONE',  ( -1.506745604006716421, -2.246627197996641012, 3.749999999999998668 ) ) ;
#3425 = CARTESIAN_POINT ( 'NONE',  ( 1.000000000000000000, -3.000000000000000444, 0.0000000000000000000 ) ) ;
#3426 = UNCERTAINTY_MEASURE_WITH_UNIT (LENGTH_MEASURE( 1.000000000000000082E-05 ), #3924, 'distance_accuracy_value', 'NONE');
#3427 = DIRECTION ( 'NONE',  ( 0.0000000000000000000, 0.0000000000000000000, -1.000000000000000000 ) ) ;
#3428 = EDGE_CURVE ( 'NONE', #74, #2472, #1218, .T. ) ;
#3429 = CYLINDRICAL_SURFACE ( 'NONE', #1304, 0.4000000000000001887 ) ;
#3430 = ADVANCED_FACE ( 'NONE', ( #2817 ), #399, .T. ) ;
#3431 = LINE ( 'NONE', #1926, #152 ) ;
#3432 =( GEOMETRIC_REPRESENTATION_CONTEXT ( 3 ) GLOBAL_UNCERTAINTY_ASSIGNED_CONTEXT ( ( #48 ) ) GLOBAL_UNIT_ASSIGNED_CONTEXT ( ( #4893, #2403, #2826 ) ) REPRESENTATION_CONTEXT ( 'NONE', 'WORKASPACE' ) );
#3433 = VERTEX_POINT ( 'NONE', #3306 ) ;
#3434 = FILL_AREA_STYLE_COLOUR ( '', #1952 ) ;
#3435 = AXIS2_PLACEMENT_3D ( 'NONE', #3216, #4803, #1105 ) ;
#3436 = CARTESIAN_POINT ( 'NONE',  ( -4.074999999999999289, 2.591781170833500347, 0.2999999999999999889 ) ) ;
#3437 = PRESENTATION_STYLE_ASSIGNMENT (( #1473 ) ) ;
#3438 =( LENGTH_UNIT ( ) NAMED_UNIT ( * ) SI_UNIT ( .MILLI., .METRE. ) );
#3439 = ADVANCED_FACE ( 'NONE', ( #520 ), #3356, .T. ) ;
#3440 = ORIENTED_EDGE ( 'NONE', *, *, #3683, .T. ) ;
#3441 = PRODUCT_RELATED_PRODUCT_CATEGORY ( 'part', '', ( #5159 ) ) ;
#3442 = ORIENTED_EDGE ( 'NONE', *, *, #1183, .F. ) ;
#3443 = CONTEXT_DEPENDENT_SHAPE_REPRESENTATION ( #2122, #1551 ) ;
#3444 = SURFACE_STYLE_USAGE ( .BOTH. , #222 ) ;
#3445 = CARTESIAN_POINT ( 'NONE',  ( -3.750000000000000000, -1.908218829166499875, 0.0000000000000000000 ) ) ;
#3446 = SURFACE_SIDE_STYLE ('',( #2677 ) ) ;
#3447 = ORIENTED_EDGE ( 'NONE', *, *, #2338, .F. ) ;
#3448 = DIRECTION ( 'NONE',  ( 1.000000000000000000, 0.0000000000000000000, -0.0000000000000000000 ) ) ;
#3449 = PRESENTATION_LAYER_ASSIGNMENT (  '', '', ( #5046 ) ) ;
#3450 = PRESENTATION_LAYER_ASSIGNMENT (  '', '', ( #2527 ) ) ;
#3451 = EDGE_LOOP ( 'NONE', ( #3599, #5116 ) ) ;
#3452 = MECHANICAL_DESIGN_GEOMETRIC_PRESENTATION_REPRESENTATION (  '', ( #3032 ), #938 ) ;
#3453 = CARTESIAN_POINT ( 'NONE',  ( 4.074999999999999289, 1.891781170833499948, 0.0000000000000000000 ) ) ;
#3454 = DIRECTION ( 'NONE',  ( 0.0000000000000000000, 0.0000000000000000000, 1.000000000000000000 ) ) ;
#3455 = EDGE_CURVE ( 'NONE', #1948, #5108, #4094, .T. ) ;
#3456 = PRESENTATION_STYLE_ASSIGNMENT (( #2235 ) ) ;
#3457 = CARTESIAN_POINT ( 'NONE',  ( 3.749999999999998668, 2.591781170833499903, 0.0000000000000000000 ) ) ;
#3458 = CIRCLE ( 'NONE', #2456, 0.4000000000000001887 ) ;
#3459 = ORIENTED_EDGE ( 'NONE', *, *, #2528, .T. ) ;
#3460 = ORIENTED_EDGE ( 'NONE', *, *, #3182, .F. ) ;
#3461 = PRESENTATION_STYLE_ASSIGNMENT (( #3046 ) ) ;
#3462 = DIRECTION ( 'NONE',  ( 0.0000000000000000000, 0.0000000000000000000, -1.000000000000000000 ) ) ;
#3463 = PRESENTATION_LAYER_ASSIGNMENT (  '', '', ( #3224 ) ) ;
#3464 = EDGE_CURVE ( 'NONE', #3804, #2278, #3666, .T. ) ;
#3465 = PLANE ( 'NONE',  #342 ) ;
#3466 =( GEOMETRIC_REPRESENTATION_CONTEXT ( 3 ) GLOBAL_UNCERTAINTY_ASSIGNED_CONTEXT ( ( #211 ) ) GLOBAL_UNIT_ASSIGNED_CONTEXT ( ( #3582, #4044, #413 ) ) REPRESENTATION_CONTEXT ( 'NONE', 'WORKASPACE' ) );
#3467 =( REPRESENTATION_RELATIONSHIP ('NONE','NONE', #302, #3864 ) REPRESENTATION_RELATIONSHIP_WITH_TRANSFORMATION ( #3076 )SHAPE_REPRESENTATION_RELATIONSHIP( ) );
#3468 =( NAMED_UNIT ( * ) SI_UNIT ( $, .STERADIAN. ) SOLID_ANGLE_UNIT ( ) );
#3469 = ORIENTED_EDGE ( 'NONE', *, *, #727, .F. ) ;
#3470 = MECHANICAL_DESIGN_GEOMETRIC_PRESENTATION_REPRESENTATION (  '', ( #3729 ), #1871 ) ;
#3471 = EDGE_LOOP ( 'NONE', ( #1066, #650, #3831, #2982 ) ) ;
#3472 = SHAPE_REPRESENTATION_RELATIONSHIP ( 'NONE' , 'NONE' ,  #267, #1850 ) ;
#3473 = CARTESIAN_POINT ( 'NONE',  ( -2.000000000000000000, 2.041742430504419392, 3.750000000000000000 ) ) ;
#3474 = DIRECTION ( 'NONE',  ( 1.000000000000000000, 0.0000000000000000000, 0.0000000000000000000 ) ) ;
#3475 = UNCERTAINTY_MEASURE_WITH_UNIT (LENGTH_MEASURE( 1.000000000000000082E-05 ), #4439, 'distance_accuracy_value', 'NONE');
#3476 =( NAMED_UNIT ( * ) SI_UNIT ( $, .STERADIAN. ) SOLID_ANGLE_UNIT ( ) );
#3477 = CARTESIAN_POINT ( 'NONE',  ( 3.250000000000000000, -2.258218829166500186, 1.300000000000000044 ) ) ;
#3478 = DIRECTION ( 'NONE',  ( 1.000000000000000000, 0.0000000000000000000, 0.0000000000000000000 ) ) ;
#3479 = PRESENTATION_STYLE_ASSIGNMENT (( #4253 ) ) ;
#3480 = SURFACE_STYLE_FILL_AREA ( #4341 ) ;
#3481 = UNCERTAINTY_MEASURE_WITH_UNIT (LENGTH_MEASURE( 1.000000000000000082E-05 ), #2671, 'distance_accuracy_value', 'NONE');
#3482 =( LENGTH_UNIT ( ) NAMED_UNIT ( * ) SI_UNIT ( .MILLI., .METRE. ) );
#3483 = CARTESIAN_POINT ( 'NONE',  ( 4.074999999999999289, -2.608218829166499830, 1.000000000000000000 ) ) ;
#3484 = ORIENTED_EDGE ( 'NONE', *, *, #3013, .T. ) ;
#3485 = VERTEX_POINT ( 'NONE', #1745 ) ;
#3486 = SURFACE_STYLE_USAGE ( .BOTH. , #4235 ) ;
#3487 = CARTESIAN_POINT ( 'NONE',  ( 3.650000000000001243, -1.908218829166499875, 0.1499999999999999944 ) ) ;
#3488 = CARTESIAN_POINT ( 'NONE',  ( 0.0000000000000000000, 0.0000000000000000000, 3.449999999999999734 ) ) ;
#3489 = CARTESIAN_POINT ( 'NONE',  ( 2.083484861008840117, 1.958257569495579498, 3.749999999999999556 ) ) ;
#3490 = EDGE_CURVE ( 'NONE', #3042, #4769, #2787, .T. ) ;
#3491 = EDGE_CURVE ( 'NONE', #3134, #1150, #4123, .T. ) ;
#3492 = ORIENTED_EDGE ( 'NONE', *, *, #2783, .T. ) ;
#3493 = DIRECTION ( 'NONE',  ( 0.0000000000000000000, 0.0000000000000000000, 1.000000000000000000 ) ) ;
#3494 = DIRECTION ( 'NONE',  ( 1.000000000000000000, -3.231085104332679983E-15, 0.0000000000000000000 ) ) ;
#3495 = ORIENTED_EDGE ( 'NONE', *, *, #3693, .F. ) ;
#3496 =( LENGTH_UNIT ( ) NAMED_UNIT ( * ) SI_UNIT ( .MILLI., .METRE. ) );
#3497 = CYLINDRICAL_SURFACE ( 'NONE', #3380, 0.09999999999999982514 ) ;
#3498 = FILL_AREA_STYLE ('',( #4201 ) ) ;
#3499 = DIRECTION ( 'NONE',  ( 1.000000000000000000, 0.0000000000000000000, 0.0000000000000000000 ) ) ;
#3500 = EDGE_LOOP ( 'NONE', ( #3313, #3824, #3569, #1449 ) ) ;
#3501 = MECHANICAL_DESIGN_GEOMETRIC_PRESENTATION_REPRESENTATION (  '', ( #3347 ), #1988 ) ;
#3502 = FILL_AREA_STYLE_COLOUR ( '', #911 ) ;
#3503 = PRODUCT_DEFINITION_SHAPE ( 'NONE', 'NONE',  #5229 ) ;
#3504 = DIRECTION ( 'NONE',  ( 1.000000000000000000, -3.252606517456511724E-15, 0.0000000000000000000 ) ) ;
#3505 = DIRECTION ( 'NONE',  ( 0.0000000000000000000, 0.0000000000000000000, 1.000000000000000000 ) ) ;
#3506 = STYLED_ITEM ( 'NONE', ( #4173 ), #1383 ) ;
#3507 = CARTESIAN_POINT ( 'NONE',  ( 6.938893903907229955E-15, 4.483562341667009399, 0.2999999999999999889 ) ) ;
#3508 = VERTEX_POINT ( 'NONE', #3768 ) ;
#3509 = ORIENTED_EDGE ( 'NONE', *, *, #2266, .T. ) ;
#3510 = CIRCLE ( 'NONE', #4027, 0.1499999999999999667 ) ;
#3511 = COLOUR_RGB ( '',0.7529411764705882248, 0.7529411764705882248, 0.7529411764705882248 ) ;
#3512 = PLANE ( 'NONE',  #3637 ) ;
#3513 = LINE ( 'NONE', #3857, #165 ) ;
#3514 = PRODUCT_DEFINITION_FORMATION_WITH_SPECIFIED_SOURCE ( 'ANY', '', #2510, .NOT_KNOWN. ) ;
#3515 = CARTESIAN_POINT ( 'NONE',  ( 0.0000000000000000000, 0.0000000000000000000, 3.449999999999999734 ) ) ;
#3516 = COLOUR_RGB ( '',0.7529411764705882248, 0.7529411764705882248, 0.7529411764705882248 ) ;
#3517 = CARTESIAN_POINT ( 'NONE',  ( 3.000000000000000000, -2.850000000000000089, 3.449999999999999734 ) ) ;
#3518 = ORIENTED_EDGE ( 'NONE', *, *, #574, .T. ) ;
#3519 = COLOUR_RGB ( '',0.7529411764705882248, 0.7529411764705882248, 0.7529411764705882248 ) ;
#3520 = EDGE_CURVE ( 'NONE', #3042, #1274, #3238, .T. ) ;
#3521 = PRODUCT_DEFINITION_CONTEXT ( 'detailed design', #2566, 'design' ) ;
#3522 = CARTESIAN_POINT ( 'NONE',  ( -1.506745604006714867, 1.753372802003352993, 3.749999999999998224 ) ) ;
#3523 = ORIENTED_EDGE ( 'NONE', *, *, #456, .T. ) ;
#3524 = COLOUR_RGB ( '',0.7529411764705882248, 0.7529411764705882248, 0.7529411764705882248 ) ;
#3525 = COLOUR_RGB ( '',0.0000000000000000000, 0.0000000000000000000, 0.0000000000000000000 ) ;
#3526 = CARTESIAN_POINT ( 'NONE',  ( 1.000000000000000000, 0.0000000000000000000, 0.0000000000000000000 ) ) ;
#3527 = FILL_AREA_STYLE_COLOUR ( '', #1438 ) ;
#3528 = EDGE_CURVE ( 'NONE', #1498, #4401, #3746, .T. ) ;
#3529 = CIRCLE ( 'NONE', #4212, 0.4000000000000001887 ) ;
#3530 = COLOUR_RGB ( '',0.7529411764705882248, 0.7529411764705882248, 0.7529411764705882248 ) ;
#3531 = PRODUCT_RELATED_PRODUCT_CATEGORY ( 'part', '', ( #3186 ) ) ;
#3532 = CARTESIAN_POINT ( 'NONE',  ( -3.750000000000000000, 2.591781170833500347, 0.3000000000000000444 ) ) ;
#3533 = CARTESIAN_POINT ( 'NONE',  ( 1.000000000000000000, -3.000000000000000000, 0.2999999999999999889 ) ) ;
#3534 =( NAMED_UNIT ( * ) PLANE_ANGLE_UNIT ( ) SI_UNIT ( $, .RADIAN. ) );
#3535 =( NAMED_UNIT ( * ) PLANE_ANGLE_UNIT ( ) SI_UNIT ( $, .RADIAN. ) );
#3536 = CIRCLE ( 'NONE', #2277, 0.1499999999999999667 ) ;
#3537 = PRESENTATION_STYLE_ASSIGNMENT (( #752 ) ) ;
#3538 = CARTESIAN_POINT ( 'NONE',  ( -2.850000000000000089, 3.000000000000000000, 3.149999999999999911 ) ) ;
#3539 = UNCERTAINTY_MEASURE_WITH_UNIT (LENGTH_MEASURE( 1.000000000000000082E-05 ), #1743, 'distance_accuracy_value', 'NONE');
#3540 = EDGE_LOOP ( 'NONE', ( #563, #2177, #3757, #2644 ) ) ;
#3541 =( NAMED_UNIT ( * ) PLANE_ANGLE_UNIT ( ) SI_UNIT ( $, .RADIAN. ) );
#3542 = PRESENTATION_STYLE_ASSIGNMENT (( #2467 ) ) ;
#3543 = FILL_AREA_STYLE ('',( #4715 ) ) ;
#3544 = VECTOR ( 'NONE', #4742, 1000.000000000000000 ) ;
#3545 = ORIENTED_EDGE ( 'NONE', *, *, #3982, .F. ) ;
#3546 = COLOUR_RGB ( '',0.7529411764705882248, 0.7529411764705882248, 0.7529411764705882248 ) ;
#3547 = AXIS2_PLACEMENT_3D ( 'NONE', #4604, #2161, #1848 ) ;
#3548 = CARTESIAN_POINT ( 'NONE',  ( -4.500000000000000000, 1.891781170833499948, 0.0000000000000000000 ) ) ;
#3549 = ORIENTED_EDGE ( 'NONE', *, *, #805, .T. ) ;
#3550 = COLOUR_RGB ( '',0.7529411764705882248, 0.7529411764705882248, 0.7529411764705882248 ) ;
#3551 = DIRECTION ( 'NONE',  ( 0.0000000000000000000, 0.0000000000000000000, 1.000000000000000000 ) ) ;
#3552 = PRESENTATION_LAYER_ASSIGNMENT (  '', '', ( #3151 ) ) ;
#3553 = DIRECTION ( 'NONE',  ( 0.0000000000000000000, 0.0000000000000000000, -1.000000000000000000 ) ) ;
#3554 = FACE_OUTER_BOUND ( 'NONE', #2240, .T. ) ;
#3555 = EDGE_CURVE ( 'NONE', #4266, #1071, #2205, .T. ) ;
#3556 = ADVANCED_FACE ( 'NONE', ( #4067 ), #4520, .T. ) ;
#3557 = CARTESIAN_POINT ( 'NONE',  ( -1.749999999999999556, -4.286263797015736102E-16, 4.258578643762690241 ) ) ;
#3558 = DIRECTION ( 'NONE',  ( -1.000000000000000000, 4.336808689942025625E-15, 0.0000000000000000000 ) ) ;
#3559 = DIRECTION ( 'NONE',  ( 0.0000000000000000000, 0.0000000000000000000, 1.000000000000000000 ) ) ;
#3560 = VERTEX_POINT ( 'NONE', #3838 ) ;
#3561 =( REPRESENTATION_RELATIONSHIP ('NONE','NONE', #302, #1419 ) REPRESENTATION_RELATIONSHIP_WITH_TRANSFORMATION ( #1478 )SHAPE_REPRESENTATION_RELATIONSHIP( ) );
#3562 = ORIENTED_EDGE ( 'NONE', *, *, #1736, .T. ) ;
#3563 = DIRECTION ( 'NONE',  ( -1.000000000000000000, -0.0000000000000000000, 0.0000000000000000000 ) ) ;
#3564 = SURFACE_STYLE_FILL_AREA ( #4375 ) ;
#3565 = DIRECTION ( 'NONE',  ( -0.0000000000000000000, -1.000000000000000000, 0.0000000000000000000 ) ) ;
#3566 = CARTESIAN_POINT ( 'NONE',  ( 3.250000000000001332, 2.591781170833500791, 0.9000000000000000222 ) ) ;
#3567 = CARTESIAN_POINT ( 'NONE',  ( 0.0000000000000000000, 3.000000000000000000, 0.0000000000000000000 ) ) ;
#3568 = CARTESIAN_POINT ( 'NONE',  ( -3.250000000000000000, -2.258218829166500186, 1.000000000000000000 ) ) ;
#3569 = ORIENTED_EDGE ( 'NONE', *, *, #1155, .F. ) ;
#3570 = SURFACE_STYLE_USAGE ( .BOTH. , #1969 ) ;
#3571 = VERTEX_POINT ( 'NONE', #3425 ) ;
#3572 = DIRECTION ( 'NONE',  ( 0.0000000000000000000, 0.0000000000000000000, 1.000000000000000000 ) ) ;
#3573 = UNCERTAINTY_MEASURE_WITH_UNIT (LENGTH_MEASURE( 1.000000000000000082E-05 ), #642, 'distance_accuracy_value', 'NONE');
#3574 = CARTESIAN_POINT ( 'NONE',  ( -4.500000000000000000, -2.258218829166500186, 0.0000000000000000000 ) ) ;
#3575 = DIRECTION ( 'NONE',  ( 0.0000000000000000000, 1.000000000000000000, 0.0000000000000000000 ) ) ;
#3576 = DIRECTION ( 'NONE',  ( 1.000000000000000000, 0.0000000000000000000, -0.0000000000000000000 ) ) ;
#3577 = SURFACE_STYLE_FILL_AREA ( #2429 ) ;
#3578 = PRESENTATION_LAYER_ASSIGNMENT (  '', '', ( #4523 ) ) ;
#3579 = EDGE_CURVE ( 'NONE', #1150, #4794, #516, .T. ) ;
#3580 = ADVANCED_FACE ( '6', ( #4700 ), #4221, .T. ) ;
#3581 = SURFACE_STYLE_USAGE ( .BOTH. , #387 ) ;
#3582 =( LENGTH_UNIT ( ) NAMED_UNIT ( * ) SI_UNIT ( .MILLI., .METRE. ) );
#3583 =( GEOMETRIC_REPRESENTATION_CONTEXT ( 3 ) GLOBAL_UNCERTAINTY_ASSIGNED_CONTEXT ( ( #153 ) ) GLOBAL_UNIT_ASSIGNED_CONTEXT ( ( #1892, #1141, #1516 ) ) REPRESENTATION_CONTEXT ( 'NONE', 'WORKASPACE' ) );
#3584 = EDGE_LOOP ( 'NONE', ( #4984, #3341, #3730, #1459 ) ) ;
#3585 = ORIENTED_EDGE ( 'NONE', *, *, #1582, .T. ) ;
#3586 =( NAMED_UNIT ( * ) SI_UNIT ( $, .STERADIAN. ) SOLID_ANGLE_UNIT ( ) );
#3587 = CARTESIAN_POINT ( 'NONE',  ( -2.000000000000000000, 2.418046093003111352, 3.637779991155306369 ) ) ;
#3588 =( GEOMETRIC_REPRESENTATION_CONTEXT ( 3 ) GLOBAL_UNCERTAINTY_ASSIGNED_CONTEXT ( ( #4069 ) ) GLOBAL_UNIT_ASSIGNED_CONTEXT ( ( #4616, #133, #2631 ) ) REPRESENTATION_CONTEXT ( 'NONE', 'WORKASPACE' ) );
#3589 = LINE ( 'NONE', #1271, #4213 ) ;
#3590 = EDGE_CURVE ( 'NONE', #1521, #2833, #2115, .T. ) ;
#3591 = PRODUCT_DEFINITION_SHAPE ( 'NONE', 'NONE',  #5227 ) ;
#3592 = DIRECTION ( 'NONE',  ( -3.231085104332679983E-15, -1.000000000000000000, -0.0000000000000000000 ) ) ;
#3593 = DIRECTION ( 'NONE',  ( 1.000000000000000000, 0.0000000000000000000, -0.0000000000000000000 ) ) ;
#3594 = CIRCLE ( 'NONE', #1346, 0.1000000000000000472 ) ;
#3595 = PRESENTATION_STYLE_ASSIGNMENT (( #2392 ) ) ;
#3596 = ORIENTED_EDGE ( 'NONE', *, *, #958, .F. ) ;
#3597 = MANIFOLD_SOLID_BREP ( 'Imported1', #2256 ) ;
#3598 = CARTESIAN_POINT ( 'NONE',  ( -3.649999999999999911, -2.608218829166499830, 1.300000000000000044 ) ) ;
#3599 = ORIENTED_EDGE ( 'NONE', *, *, #3318, .F. ) ;
#3600 =( GEOMETRIC_REPRESENTATION_CONTEXT ( 3 ) GLOBAL_UNCERTAINTY_ASSIGNED_CONTEXT ( ( #3696 ) ) GLOBAL_UNIT_ASSIGNED_CONTEXT ( ( #4379, #3265, #423 ) ) REPRESENTATION_CONTEXT ( 'NONE', 'WORKASPACE' ) );
#3601 = APPLICATION_PROTOCOL_DEFINITION ( 'draft international standard', 'automotive_design', 1998, #2566 ) ;
#3602 =( NAMED_UNIT ( * ) PLANE_ANGLE_UNIT ( ) SI_UNIT ( $, .RADIAN. ) );
#3603 = AXIS2_PLACEMENT_3D ( 'NONE', #3507, #2642, #673 ) ;
#3604 = DIRECTION ( 'NONE',  ( -0.0000000000000000000, 1.000000000000000000, 0.0000000000000000000 ) ) ;
#3605 = CARTESIAN_POINT ( 'NONE',  ( -1.000000000000000000, 0.0000000000000000000, 0.2999999999999999889 ) ) ;
#3606 =( GEOMETRIC_REPRESENTATION_CONTEXT ( 3 ) GLOBAL_UNCERTAINTY_ASSIGNED_CONTEXT ( ( #864 ) ) GLOBAL_UNIT_ASSIGNED_CONTEXT ( ( #1044, #4277, #271 ) ) REPRESENTATION_CONTEXT ( 'NONE', 'WORKASPACE' ) );
#3607 = DIRECTION ( 'NONE',  ( -0.0000000000000000000, -0.0000000000000000000, -1.000000000000000000 ) ) ;
#3608 = MANIFOLD_SOLID_BREP ( 'Imported1', #1930 ) ;
#3609 =( NAMED_UNIT ( * ) SI_UNIT ( $, .STERADIAN. ) SOLID_ANGLE_UNIT ( ) );
#3610 =( NAMED_UNIT ( * ) SI_UNIT ( $, .STERADIAN. ) SOLID_ANGLE_UNIT ( ) );
#3611 = MECHANICAL_DESIGN_GEOMETRIC_PRESENTATION_REPRESENTATION (  '', ( #5046 ), #87 ) ;
#3612 = FILL_AREA_STYLE_COLOUR ( '', #4234 ) ;
#3613 = ORIENTED_EDGE ( 'NONE', *, *, #2857, .F. ) ;
#3614 = AXIS2_PLACEMENT_3D ( 'NONE', #363, #870, #1206 ) ;
#3615 = MECHANICAL_DESIGN_GEOMETRIC_PRESENTATION_REPRESENTATION (  '', ( #2271 ), #434 ) ;
#3616 = ORIENTED_EDGE ( 'NONE', *, *, #3342, .T. ) ;
#3617 = EDGE_CURVE ( 'NONE', #901, #783, #2734, .T. ) ;
#3618 = DIRECTION ( 'NONE',  ( -0.0000000000000000000, -1.000000000000000000, -0.0000000000000000000 ) ) ;
#3619 = DIRECTION ( 'NONE',  ( 1.000000000000000000, 0.0000000000000000000, 0.0000000000000000000 ) ) ;
#3620 = CARTESIAN_POINT ( 'NONE',  ( 0.0000000000000000000, 0.0000000000000000000, 0.0000000000000000000 ) ) ;
#3621 = PRESENTATION_LAYER_ASSIGNMENT (  '', '', ( #684 ) ) ;
#3622 = FACE_OUTER_BOUND ( 'NONE', #983, .T. ) ;
#3623 = CARTESIAN_POINT ( 'NONE',  ( 0.0000000000000000000, 0.0000000000000000000, 3.750000000000000000 ) ) ;
#3624 = DIRECTION ( 'NONE',  ( -0.0000000000000000000, -0.0000000000000000000, -1.000000000000000000 ) ) ;
#3625 = ORIENTED_EDGE ( 'NONE', *, *, #2722, .F. ) ;
#3626 = EDGE_CURVE ( 'NONE', #4836, #1470, #349, .T. ) ;
#3627 = CARTESIAN_POINT ( 'NONE',  ( -2.000000000000000000, 2.500000000000000000, 3.449999999999999734 ) ) ;
#3628 = PRODUCT_DEFINITION_CONTEXT ( 'detailed design', #1428, 'design' ) ;
#3629 = MANIFOLD_SOLID_BREP ( 'Imported1', #2683 ) ;
#3630 = LINE ( 'NONE', #2841, #2050 ) ;
#3631 = CIRCLE ( 'NONE', #3724, 0.1499999999999999667 ) ;
#3632 = VERTEX_POINT ( 'NONE', #4781 ) ;
#3633 = DIRECTION ( 'NONE',  ( 0.0000000000000000000, 0.0000000000000000000, 1.000000000000000000 ) ) ;
#3634 = CARTESIAN_POINT ( 'NONE',  ( -3.750000000000000000, -4.500000000000000000, 0.0000000000000000000 ) ) ;
#3635 = CIRCLE ( 'NONE', #4492, 0.3999999999999999667 ) ;
#3636 = UNCERTAINTY_MEASURE_WITH_UNIT (LENGTH_MEASURE( 1.000000000000000082E-05 ), #1443, 'distance_accuracy_value', 'NONE');
#3637 = AXIS2_PLACEMENT_3D ( 'NONE', #2811, #5128, #1533 ) ;
#3638 = DIRECTION ( 'NONE',  ( 0.0000000000000000000, 0.0000000000000000000, 1.000000000000000000 ) ) ;
#3639 = DIRECTION ( 'NONE',  ( 0.0000000000000000000, 1.000000000000000000, 0.0000000000000000000 ) ) ;
#3640 = AXIS2_PLACEMENT_3D ( 'NONE', #5089, #3795, #1410 ) ;
#3641 = COLOUR_RGB ( '',0.7529411764705882248, 0.7529411764705882248, 0.7529411764705882248 ) ;
#3642 = CARTESIAN_POINT ( 'NONE',  ( -1.750000000000000000, 3.499999999999999112, 4.199999999999999289 ) ) ;
#3643 = MANIFOLD_SOLID_BREP ( 'Imported1', #1524 ) ;
#3644 = CIRCLE ( 'NONE', #4231, 0.4000000000000000222 ) ;
#3645 = LINE ( 'NONE', #1649, #2889 ) ;
#3646 = CARTESIAN_POINT ( 'NONE',  ( -3.350000000000000089, -2.258218829166500186, 0.9000000000000000222 ) ) ;
#3647 = AXIS2_PLACEMENT_3D ( 'NONE', #154, #4118, #2077 ) ;
#3648 = FACE_OUTER_BOUND ( 'NONE', #1714, .T. ) ;
#3649 = VECTOR ( 'NONE', #3219, 1000.000000000000000 ) ;
#3650 = VERTEX_POINT ( 'NONE', #856 ) ;
#3651 = ORIENTED_EDGE ( 'NONE', *, *, #2308, .T. ) ;
#3652 =( NAMED_UNIT ( * ) SI_UNIT ( $, .STERADIAN. ) SOLID_ANGLE_UNIT ( ) );
#3653 = DIRECTION ( 'NONE',  ( 0.0000000000000000000, 0.0000000000000000000, 1.000000000000000000 ) ) ;
#3654 = ORIENTED_EDGE ( 'NONE', *, *, #1126, .F. ) ;
#3655 = SURFACE_SIDE_STYLE ('',( #2903 ) ) ;
#3656 = ADVANCED_FACE ( 'NONE', ( #1592 ), #3497, .F. ) ;
#3657 = EDGE_CURVE ( 'NONE', #891, #2638, #885, .T. ) ;
#3658 =( LENGTH_UNIT ( ) NAMED_UNIT ( * ) SI_UNIT ( .MILLI., .METRE. ) );
#3659 = ORIENTED_EDGE ( 'NONE', *, *, #1974, .T. ) ;
#3660 = CARTESIAN_POINT ( 'NONE',  ( 0.0000000000000000000, 0.0000000000000000000, 0.0000000000000000000 ) ) ;
#3661 = CARTESIAN_POINT ( 'NONE',  ( 3.650000000000001243, -1.908218829166499875, 0.3999999999999999667 ) ) ;
#3662 =( NAMED_UNIT ( * ) SI_UNIT ( $, .STERADIAN. ) SOLID_ANGLE_UNIT ( ) );
#3663 = LINE ( 'NONE', #3688, #1131 ) ;
#3664 = CARTESIAN_POINT ( 'NONE',  ( 4.500000000000000000, 1.891781170833498837, 0.0000000000000000000 ) ) ;
#3665 = SHAPE_REPRESENTATION_RELATIONSHIP ( 'NONE' , 'NONE' ,  #3864, #4247 ) ;
#3666 = LINE ( 'NONE', #4501, #1214 ) ;
#3667 = LINE ( 'NONE', #1696, #3760 ) ;
#3668 = SURFACE_SIDE_STYLE ('',( #1979 ) ) ;
#3669 = ORIENTED_EDGE ( 'NONE', *, *, #3528, .T. ) ;
#3670 = EDGE_LOOP ( 'NONE', ( #3545, #2279 ) ) ;
#3671 = LINE ( 'NONE', #4478, #438 ) ;
#3672 = DIRECTION ( 'NONE',  ( -0.0000000000000000000, -0.0000000000000000000, -1.000000000000000000 ) ) ;
#3673 = DIRECTION ( 'NONE',  ( 1.000000000000000000, 0.0000000000000000000, 0.0000000000000000000 ) ) ;
#3674 = SURFACE_STYLE_FILL_AREA ( #1983 ) ;
#3675 =( GEOMETRIC_REPRESENTATION_CONTEXT ( 3 ) GLOBAL_UNCERTAINTY_ASSIGNED_CONTEXT ( ( #106 ) ) GLOBAL_UNIT_ASSIGNED_CONTEXT ( ( #595, #3816, #2207 ) ) REPRESENTATION_CONTEXT ( 'NONE', 'WORKASPACE' ) );
#3676 =( NAMED_UNIT ( * ) PLANE_ANGLE_UNIT ( ) SI_UNIT ( $, .RADIAN. ) );
#3677 = PLANE ( 'NONE',  #1267 ) ;
#3678 = VERTEX_POINT ( 'NONE', #3661 ) ;
#3679 = CARTESIAN_POINT ( 'NONE',  ( 3.000000000000000000, 0.0000000000000000000, 0.0000000000000000000 ) ) ;
#3680 = DIRECTION ( 'NONE',  ( 1.000000000000000000, 0.0000000000000000000, 0.0000000000000000000 ) ) ;
#3681 = ORIENTED_EDGE ( 'NONE', *, *, #1116, .F. ) ;
#3682 = AXIS2_PLACEMENT_3D ( 'NONE', #4414, #4387, #1190 ) ;
#3683 = EDGE_CURVE ( 'NONE', #4769, #913, #4806, .T. ) ;
#3684 = CIRCLE ( 'NONE', #4279, 0.1499999999999999667 ) ;
#3685 = CARTESIAN_POINT ( 'NONE',  ( -1.999999999999999556, -2.041742430504416284, 3.250000000000000000 ) ) ;
#3686 = UNCERTAINTY_MEASURE_WITH_UNIT (LENGTH_MEASURE( 1.000000000000000082E-05 ), #1045, 'distance_accuracy_value', 'NONE');
#3687 = PRODUCT_DEFINITION_FORMATION_WITH_SPECIFIED_SOURCE ( 'ANY', '', #3186, .NOT_KNOWN. ) ;
#3688 = CARTESIAN_POINT ( 'NONE',  ( 2.850000000000000089, 3.000000000000000000, 3.149999999999999911 ) ) ;
#3689 = CARTESIAN_POINT ( 'NONE',  ( -2.850000000000000089, 2.850000000000000089, 3.149999999999999911 ) ) ;
#3690 =( GEOMETRIC_REPRESENTATION_CONTEXT ( 3 ) GLOBAL_UNCERTAINTY_ASSIGNED_CONTEXT ( ( #4342 ) ) GLOBAL_UNIT_ASSIGNED_CONTEXT ( ( #4054, #4626, #896 ) ) REPRESENTATION_CONTEXT ( 'NONE', 'WORKASPACE' ) );
#3691 = SURFACE_STYLE_FILL_AREA ( #4149 ) ;
#3692 = CARTESIAN_POINT ( 'NONE',  ( -1.708578643762690419, 3.417157287525379505, 4.299999999999999822 ) ) ;
#3693 = EDGE_CURVE ( 'NONE', #5071, #5031, #3863, .T. ) ;
#3694 = SURFACE_STYLE_USAGE ( .BOTH. , #2062 ) ;
#3695 = VECTOR ( 'NONE', #2091, 1000.000000000000000 ) ;
#3696 = UNCERTAINTY_MEASURE_WITH_UNIT (LENGTH_MEASURE( 1.000000000000000082E-05 ), #4379, 'distance_accuracy_value', 'NONE');
#3697 = PRODUCT_DEFINITION ( 'UNKNOWN', '', #72, #2680 ) ;
#3698 = ORIENTED_EDGE ( 'NONE', *, *, #4934, .T. ) ;
#3699 = ORIENTED_EDGE ( 'NONE', *, *, #3490, .T. ) ;
#3700 = COLOUR_RGB ( '',0.0000000000000000000, 0.0000000000000000000, 0.0000000000000000000 ) ;
#3701 =( BOUNDED_CURVE ( )  B_SPLINE_CURVE ( 3, ( #2238, #5123, #1096, #1853 ),
 .UNSPECIFIED., .F., .T. ) 
 B_SPLINE_CURVE_WITH_KNOTS ( ( 4, 4 ),
 ( 0.0000000000000000000, 1.000000000000000000 ),
 .UNSPECIFIED. ) 
 CURVE ( )  GEOMETRIC_REPRESENTATION_ITEM ( )  RATIONAL_B_SPLINE_CURVE ( ( 1.000000000000000000, 0.3333333333333333703, 0.3333333333333333703, 1.000000000000000000 ) ) 
 REPRESENTATION_ITEM ( '' )  );
#3702 = PRESENTATION_STYLE_ASSIGNMENT (( #4160 ) ) ;
#3703 = DIRECTION ( 'NONE',  ( 3.231085104332679983E-15, 1.000000000000000000, -0.0000000000000000000 ) ) ;
#3704 = SURFACE_STYLE_FILL_AREA ( #4131 ) ;
#3705 = FACE_OUTER_BOUND ( 'NONE', #3054, .T. ) ;
#3706 = CARTESIAN_POINT ( 'NONE',  ( 2.000000000000000000, -1.581953906996889092, 3.637779991155306369 ) ) ;
#3707 = VECTOR ( 'NONE', #5026, 1000.000000000000000 ) ;
#3708 = STYLED_ITEM ( 'NONE', ( #4977 ), #4051 ) ;
#3709 = SURFACE_SIDE_STYLE ('',( #4202 ) ) ;
#3710 = ORIENTED_EDGE ( 'NONE', *, *, #3528, .F. ) ;
#3711 = DIRECTION ( 'NONE',  ( -0.0000000000000000000, -0.0000000000000000000, 1.000000000000000000 ) ) ;
#3712 = DIRECTION ( 'NONE',  ( -1.000000000000000000, 3.231085104332679983E-15, -0.0000000000000000000 ) ) ;
#3713 = COLOUR_RGB ( '',0.7529411764705882248, 0.7529411764705882248, 0.7529411764705882248 ) ;
#3714 = SURFACE_STYLE_FILL_AREA ( #508 ) ;
#3715 = ORIENTED_EDGE ( 'NONE', *, *, #1413, .F. ) ;
#3716 = CARTESIAN_POINT ( 'NONE',  ( -2.000000000000000000, -2.000000000000000000, 3.449999999999999734 ) ) ;
#3717 = FILL_AREA_STYLE_COLOUR ( '', #496 ) ;
#3718 = CARTESIAN_POINT ( 'NONE',  ( 1.506745604006717310, 1.753372802003359654, 3.749999999999998668 ) ) ;
#3719 = VECTOR ( 'NONE', #3462, 1000.000000000000000 ) ;
#3720 = CARTESIAN_POINT ( 'NONE',  ( 4.500000000000000000, -2.608218829166501163, 0.2999999999999999889 ) ) ;
#3721 = FACE_OUTER_BOUND ( 'NONE', #4029, .T. ) ;
#3722 = FILL_AREA_STYLE ('',( #4519 ) ) ;
#3723 = PRESENTATION_LAYER_ASSIGNMENT (  '', '', ( #695 ) ) ;
#3724 = AXIS2_PLACEMENT_3D ( 'NONE', #164, #4603, #985 ) ;
#3725 = DIRECTION ( 'NONE',  ( 0.0000000000000000000, 0.0000000000000000000, -1.000000000000000000 ) ) ;
#3726 = PRESENTATION_LAYER_ASSIGNMENT (  '', '', ( #4739 ) ) ;
#3727 = EDGE_CURVE ( 'NONE', #1616, #560, #2847, .T. ) ;
#3728 = PRESENTATION_LAYER_ASSIGNMENT (  '', '', ( #5068 ) ) ;
#3729 = STYLED_ITEM ( 'NONE', ( #2504 ), #3218 ) ;
#3730 = ORIENTED_EDGE ( 'NONE', *, *, #2434, .F. ) ;
#3731 = CARTESIAN_POINT ( 'NONE',  ( -1.000000000000000000, 3.000000000000000444, 0.0000000000000000000 ) ) ;
#3732 = VECTOR ( 'NONE', #4920, 1000.000000000000000 ) ;
#3733 = CARTESIAN_POINT ( 'NONE',  ( 3.650000000000001243, 2.591781170833500347, 0.3999999999999999667 ) ) ;
#3734 = PRESENTATION_LAYER_ASSIGNMENT (  '', '', ( #1552 ) ) ;
#3735 = COLOUR_RGB ( '',0.7529411764705882248, 0.7529411764705882248, 0.7529411764705882248 ) ;
#3736 = VERTEX_POINT ( 'NONE', #3349 ) ;
#3737 = FACE_OUTER_BOUND ( 'NONE', #2678, .T. ) ;
#3738 = CARTESIAN_POINT ( 'NONE',  ( -3.649999999999999911, -1.908218829166499875, 0.9000000000000000222 ) ) ;
#3739 = DIRECTION ( 'NONE',  ( -1.000000000000000000, 2.168404344971012812E-15, 0.0000000000000000000 ) ) ;
#3740 = ORIENTED_EDGE ( 'NONE', *, *, #4928, .F. ) ;
#3741 = APPLICATION_PROTOCOL_DEFINITION ( 'draft international standard', 'automotive_design', 1998, #1428 ) ;
#3742 = CARTESIAN_POINT ( 'NONE',  ( -3.000000000000000000, -2.608218829166499830, 1.000000000000000000 ) ) ;
#3743 = ADVANCED_BREP_SHAPE_REPRESENTATION ( '', ( #117, #1907 ), #1832 ) ;
#3744 = CARTESIAN_POINT ( 'NONE',  ( 1.000000000000001110, 1.500000000000002220, 3.450000000000000622 ) ) ;
#3745 =( NAMED_UNIT ( * ) SI_UNIT ( $, .STERADIAN. ) SOLID_ANGLE_UNIT ( ) );
#3746 = LINE ( 'NONE', #2081, #3896 ) ;
#3747 = UNCERTAINTY_MEASURE_WITH_UNIT (LENGTH_MEASURE( 1.000000000000000082E-05 ), #5006, 'distance_accuracy_value', 'NONE');
#3748 = CARTESIAN_POINT ( 'NONE',  ( 3.649999999999999911, 2.241781170833500259, 1.300000000000000044 ) ) ;
#3749 = VERTEX_POINT ( 'NONE', #4490 ) ;
#3750 = DIRECTION ( 'NONE',  ( 1.000000000000000000, 0.0000000000000000000, 0.0000000000000000000 ) ) ;
#3751 = LINE ( 'NONE', #3263, #2703 ) ;
#3752 = EDGE_CURVE ( 'NONE', #1890, #4464, #2530, .T. ) ;
#3753 = FILL_AREA_STYLE_COLOUR ( '', #768 ) ;
#3754 = EDGE_CURVE ( 'NONE', #1566, #498, #44, .T. ) ;
#3755 =( NAMED_UNIT ( * ) SI_UNIT ( $, .STERADIAN. ) SOLID_ANGLE_UNIT ( ) );
#3756 = PLANE ( 'NONE',  #5155 ) ;
#3757 = ORIENTED_EDGE ( 'NONE', *, *, #4351, .T. ) ;
#3758 = LINE ( 'NONE', #3368, #1015 ) ;
#3759 = EDGE_CURVE ( 'NONE', #4980, #2730, #2263, .T. ) ;
#3760 = VECTOR ( 'NONE', #833, 1000.000000000000000 ) ;
#3761 =( LENGTH_UNIT ( ) NAMED_UNIT ( * ) SI_UNIT ( .MILLI., .METRE. ) );
#3762 = ORIENTED_EDGE ( 'NONE', *, *, #2651, .T. ) ;
#3763 = STYLED_ITEM ( 'NONE', ( #4620 ), #2103 ) ;
#3764 = CARTESIAN_POINT ( 'NONE',  ( 1.999999999999999556, 1.753372802003358766, 3.749999999999998224 ) ) ;
#3765 = CIRCLE ( 'NONE', #1506, 0.5000000000000000000 ) ;
#3766 = CIRCLE ( 'NONE', #3435, 0.09999999999999982514 ) ;
#3767 = PLANE ( 'NONE',  #1441 ) ;
#3768 = CARTESIAN_POINT ( 'NONE',  ( 4.500000000000000888, 2.591781170833500347, 0.0000000000000000000 ) ) ;
#3769 = AXIS2_PLACEMENT_3D ( 'NONE', #2258, #3551, #717 ) ;
#3770 = PLANE ( 'NONE',  #4951 ) ;
#3771 =( GEOMETRIC_REPRESENTATION_CONTEXT ( 3 ) GLOBAL_UNCERTAINTY_ASSIGNED_CONTEXT ( ( #1231 ) ) GLOBAL_UNIT_ASSIGNED_CONTEXT ( ( #442, #2795, #4013 ) ) REPRESENTATION_CONTEXT ( 'NONE', 'WORKASPACE' ) );
#3772 = LINE ( 'NONE', #2542, #952 ) ;
#3773 = LINE ( 'NONE', #3796, #272 ) ;
#3774 = ORIENTED_EDGE ( 'NONE', *, *, #3579, .T. ) ;
#3775 = DIRECTION ( 'NONE',  ( 1.000000000000000000, -0.0000000000000000000, 0.0000000000000000000 ) ) ;
#3776 = FACE_OUTER_BOUND ( 'NONE', #3451, .T. ) ;
#3777 = DIRECTION ( 'NONE',  ( 1.000000000000000000, -0.0000000000000000000, 0.0000000000000000000 ) ) ;
#3778 = EDGE_CURVE ( 'NONE', #2668, #3805, #4539, .T. ) ;
#3779 = CLOSED_SHELL ( 'NONE', ( #1025, #2951, #511, #5040, #3218, #4541, #2896, #3811, #828, #552, #1883, #5174, #2652, #4833 ) ) ;
#3780 = VERTEX_POINT ( 'NONE', #2906 ) ;
#3781 =( NAMED_UNIT ( * ) SI_UNIT ( $, .STERADIAN. ) SOLID_ANGLE_UNIT ( ) );
#3782 = VECTOR ( 'NONE', #1640, 1000.000000000000000 ) ;
#3783 =( GEOMETRIC_REPRESENTATION_CONTEXT ( 3 ) GLOBAL_UNCERTAINTY_ASSIGNED_CONTEXT ( ( #4757 ) ) GLOBAL_UNIT_ASSIGNED_CONTEXT ( ( #1982, #4078, #2012 ) ) REPRESENTATION_CONTEXT ( 'NONE', 'WORKASPACE' ) );
#3784 = CARTESIAN_POINT ( 'NONE',  ( 1.999999999999999556, 1.958257569495580164, 3.750000000000000000 ) ) ;
#3785 = EDGE_CURVE ( 'NONE', #4875, #1993, #4145, .T. ) ;
#3786 = EDGE_CURVE ( 'NONE', #1274, #913, #4554, .T. ) ;
#3787 = VERTEX_POINT ( 'NONE', #926 ) ;
#3788 = VECTOR ( 'NONE', #992, 1000.000000000000000 ) ;
#3789 = MECHANICAL_DESIGN_GEOMETRIC_PRESENTATION_REPRESENTATION (  '', ( #1615 ), #5137 ) ;
#3790 = UNCERTAINTY_MEASURE_WITH_UNIT (LENGTH_MEASURE( 1.000000000000000082E-05 ), #12, 'distance_accuracy_value', 'NONE');
#3791 = SURFACE_STYLE_USAGE ( .BOTH. , #2253 ) ;
#3792 = ORIENTED_EDGE ( 'NONE', *, *, #2365, .T. ) ;
#3793 = FILL_AREA_STYLE ('',( #4990 ) ) ;
#3794 = UNCERTAINTY_MEASURE_WITH_UNIT (LENGTH_MEASURE( 1.000000000000000082E-05 ), #3833, 'distance_accuracy_value', 'NONE');
#3795 = DIRECTION ( 'NONE',  ( 1.000000000000000000, 0.0000000000000000000, 0.0000000000000000000 ) ) ;
#3796 = CARTESIAN_POINT ( 'NONE',  ( -3.000000000000000000, -1.908218829166499875, 0.0000000000000000000 ) ) ;
#3797 = AXIS2_PLACEMENT_3D ( 'NONE', #782, #2830, #1289 ) ;
#3798 = SURFACE_STYLE_FILL_AREA ( #1442 ) ;
#3799 =( GEOMETRIC_REPRESENTATION_CONTEXT ( 3 ) GLOBAL_UNCERTAINTY_ASSIGNED_CONTEXT ( ( #5172 ) ) GLOBAL_UNIT_ASSIGNED_CONTEXT ( ( #4508, #4001, #4435 ) ) REPRESENTATION_CONTEXT ( 'NONE', 'WORKASPACE' ) );
#3800 = FILL_AREA_STYLE ('',( #4557 ) ) ;
#3801 = CIRCLE ( 'NONE', #4992, 0.5000000000000000000 ) ;
#3802 = CARTESIAN_POINT ( 'NONE',  ( 2.000000000000004885, -2.500000000000000444, 3.449999999999999734 ) ) ;
#3803 = VECTOR ( 'NONE', #3818, 1000.000000000000000 ) ;
#3804 = VERTEX_POINT ( 'NONE', #2132 ) ;
#3805 = VERTEX_POINT ( 'NONE', #129 ) ;
#3806 = CYLINDRICAL_SURFACE ( 'NONE', #4721, 1.750000000000000000 ) ;
#3807 = DIRECTION ( 'NONE',  ( 1.000000000000000000, 0.0000000000000000000, 0.0000000000000000000 ) ) ;
#3808 = AXIS2_PLACEMENT_3D ( 'NONE', #312, #2884, #4867 ) ;
#3809 = VERTEX_POINT ( 'NONE', #3250 ) ;
#3810 = ADVANCED_FACE ( 'NONE', ( #1247 ), #4466, .T. ) ;
#3811 = ADVANCED_FACE ( 'NONE', ( #4320 ), #4773, .T. ) ;
#3812 = CARTESIAN_POINT ( 'NONE',  ( 0.0000000000000000000, 0.0000000000000000000, 0.0000000000000000000 ) ) ;
#3813 = SURFACE_STYLE_USAGE ( .BOTH. , #4219 ) ;
#3814 =( NAMED_UNIT ( * ) SI_UNIT ( $, .STERADIAN. ) SOLID_ANGLE_UNIT ( ) );
#3815 = FILL_AREA_STYLE ('',( #1840 ) ) ;
#3816 =( NAMED_UNIT ( * ) PLANE_ANGLE_UNIT ( ) SI_UNIT ( $, .RADIAN. ) );
#3817 = DIRECTION ( 'NONE',  ( 0.0000000000000000000, 1.000000000000000000, 0.0000000000000000000 ) ) ;
#3818 = DIRECTION ( 'NONE',  ( 0.0000000000000000000, 1.000000000000000000, -0.0000000000000000000 ) ) ;
#3819 = ORIENTED_EDGE ( 'NONE', *, *, #4511, .F. ) ;
#3820 = SURFACE_SIDE_STYLE ('',( #4227 ) ) ;
#3821 = DIRECTION ( 'NONE',  ( 1.000000000000000000, 0.0000000000000000000, 0.0000000000000000000 ) ) ;
#3822 = CARTESIAN_POINT ( 'NONE',  ( -3.649999999999999911, -2.258218829166500186, 1.300000000000000044 ) ) ;
#3823 = SURFACE_STYLE_FILL_AREA ( #4254 ) ;
#3824 = ORIENTED_EDGE ( 'NONE', *, *, #2264, .F. ) ;
#3825 = ORIENTED_EDGE ( 'NONE', *, *, #639, .T. ) ;
#3826 = CARTESIAN_POINT ( 'NONE',  ( 6.938893903907229955E-15, -1.908218829166499875, 0.2999999999999999889 ) ) ;
#3827 = ITEM_DEFINED_TRANSFORMATION ( 'NONE', 'NONE', #4622,  #1907 ) ;
#3828 = SURFACE_SIDE_STYLE ('',( #5078 ) ) ;
#3829 = APPLICATION_CONTEXT ( 'automotive_design' ) ;
#3830 = CARTESIAN_POINT ( 'NONE',  ( -2.000000000000000000, -2.041742430504419392, 3.750000000000000000 ) ) ;
#3831 = ORIENTED_EDGE ( 'NONE', *, *, #3252, .T. ) ;
#3832 = PRODUCT_DEFINITION_CONTEXT ( 'detailed design', #1332, 'design' ) ;
#3833 =( LENGTH_UNIT ( ) NAMED_UNIT ( * ) SI_UNIT ( .MILLI., .METRE. ) );
#3834 = FACE_OUTER_BOUND ( 'NONE', #3670, .T. ) ;
#3835 = VERTEX_POINT ( 'NONE', #1886 ) ;
#3836 = EDGE_CURVE ( 'NONE', #972, #4836, #3513, .T. ) ;
#3837 = CARTESIAN_POINT ( 'NONE',  ( -2.000000000000000000, -1.958257569495580608, 3.750000000000000000 ) ) ;
#3838 = CARTESIAN_POINT ( 'NONE',  ( 1.750000000000000000, 0.0000000000000000000, 3.449999999999999734 ) ) ;
#3839 = DIRECTION ( 'NONE',  ( 0.0000000000000000000, 0.0000000000000000000, 1.000000000000000000 ) ) ;
#3840 = UNCERTAINTY_MEASURE_WITH_UNIT (LENGTH_MEASURE( 1.000000000000000082E-05 ), #5144, 'distance_accuracy_value', 'NONE');
#3841 = SURFACE_STYLE_USAGE ( .BOTH. , #3408 ) ;
#3842 = CARTESIAN_POINT ( 'NONE',  ( -3.000000000000000000, 0.0000000000000000000, 3.149999999999999911 ) ) ;
#3843 = LINE ( 'NONE', #4653, #2427 ) ;
#3844 = COLOUR_RGB ( '',0.7921568627450980005, 0.8196078431372548767, 0.9333333333333333481 ) ;
#3845 = EDGE_CURVE ( 'NONE', #3678, #3787, #709, .T. ) ;
#3846 = CARTESIAN_POINT ( 'NONE',  ( -3.750000000000000000, 2.591781170833500347, 0.4000000000000000222 ) ) ;
#3847 = LINE ( 'NONE', #3007, #1115 ) ;
#3848 = PRODUCT_DEFINITION ( 'UNKNOWN', '', #3357, #1217 ) ;
#3849 = PRESENTATION_LAYER_ASSIGNMENT (  '', '', ( #3190 ) ) ;
#3850 = CARTESIAN_POINT ( 'NONE',  ( -3.649999999999999911, 2.241781170833500259, 0.8999999999999999112 ) ) ;
#3851 = CARTESIAN_POINT ( 'NONE',  ( 6.938893903907229955E-15, 4.483562341667009399, 0.0000000000000000000 ) ) ;
#3852 = AXIS2_PLACEMENT_3D ( 'NONE', #2163, #3777, #1777 ) ;
#3853 = ORIENTED_EDGE ( 'NONE', *, *, #2722, .T. ) ;
#3854 = SURFACE_STYLE_FILL_AREA ( #4771 ) ;
#3855 = FILL_AREA_STYLE ('',( #4258 ) ) ;
#3856 = SHAPE_DEFINITION_REPRESENTATION ( #1163, #130 ) ;
#3857 = CARTESIAN_POINT ( 'NONE',  ( 3.650000000000001243, 2.591781170833500347, 0.1499999999999999944 ) ) ;
#3858 = COLOUR_RGB ( '',0.7529411764705882248, 0.7529411764705882248, 0.7529411764705882248 ) ;
#3859 = STYLED_ITEM ( 'NONE', ( #3036 ), #33 ) ;
#3860 =( NAMED_UNIT ( * ) SI_UNIT ( $, .STERADIAN. ) SOLID_ANGLE_UNIT ( ) );
#3861 = VERTEX_POINT ( 'NONE', #1562 ) ;
#3862 = STYLED_ITEM ( 'NONE', ( #4864 ), #117 ) ;
#3863 = CIRCLE ( 'NONE', #1608, 0.5000000000000000000 ) ;
#3864 = SHAPE_REPRESENTATION ( '6', ( #1907 ), #1821 ) ;
#3865 = ADVANCED_BREP_SHAPE_REPRESENTATION ( '', ( #148, #1907 ), #4874 ) ;
#3866 = SURFACE_STYLE_USAGE ( .BOTH. , #762 ) ;
#3867 = CARTESIAN_POINT ( 'NONE',  ( 2.000000000000000000, 1.958257569495580608, 3.750000000000000000 ) ) ;
#3868 = DIRECTION ( 'NONE',  ( 0.0000000000000000000, -0.0000000000000000000, -1.000000000000000000 ) ) ;
#3869 = PRESENTATION_LAYER_ASSIGNMENT (  '', '', ( #3708 ) ) ;
#3870 = ORIENTED_EDGE ( 'NONE', *, *, #1787, .T. ) ;
#3871 = SURFACE_STYLE_FILL_AREA ( #1006 ) ;
#3872 =( NAMED_UNIT ( * ) SI_UNIT ( $, .STERADIAN. ) SOLID_ANGLE_UNIT ( ) );
#3873 = CARTESIAN_POINT ( 'NONE',  ( -3.250000000000000000, 2.591781170833500347, 0.9000000000000000222 ) ) ;
#3874 = AXIS2_PLACEMENT_3D ( 'NONE', #5094, #4736, #3821 ) ;
#3875 =( NAMED_UNIT ( * ) PLANE_ANGLE_UNIT ( ) SI_UNIT ( $, .RADIAN. ) );
#3876 = FACE_OUTER_BOUND ( 'NONE', #361, .T. ) ;
#3877 = ORIENTED_EDGE ( 'NONE', *, *, #5083, .T. ) ;
#3878 = FACE_OUTER_BOUND ( 'NONE', #1005, .T. ) ;
#3879 = SURFACE_SIDE_STYLE ('',( #5001 ) ) ;
#3880 = DIRECTION ( 'NONE',  ( 0.0000000000000000000, -1.000000000000000000, 0.0000000000000000000 ) ) ;
#3881 = EDGE_CURVE ( 'NONE', #398, #972, #4237, .T. ) ;
#3882 = FILL_AREA_STYLE ('',( #5067 ) ) ;
#3883 = CARTESIAN_POINT ( 'NONE',  ( 2.000000000000000000, 2.000000000000000000, 3.449999999999999734 ) ) ;
#3884 =( GEOMETRIC_REPRESENTATION_CONTEXT ( 3 ) GLOBAL_UNCERTAINTY_ASSIGNED_CONTEXT ( ( #953 ) ) GLOBAL_UNIT_ASSIGNED_CONTEXT ( ( #3233, #4446, #1977 ) ) REPRESENTATION_CONTEXT ( 'NONE', 'WORKASPACE' ) );
#3885 = VERTEX_POINT ( 'NONE', #1859 ) ;
#3886 = DIRECTION ( 'NONE',  ( 0.0000000000000000000, 0.0000000000000000000, 1.000000000000000000 ) ) ;
#3887 = MECHANICAL_DESIGN_GEOMETRIC_PRESENTATION_REPRESENTATION (  '', ( #3224 ), #4658 ) ;
#3888 = APPLICATION_PROTOCOL_DEFINITION ( 'draft international standard', 'automotive_design', 1998, #1149 ) ;
#3889 = DIRECTION ( 'NONE',  ( 0.0000000000000000000, 0.0000000000000000000, 1.000000000000000000 ) ) ;
#3890 = VECTOR ( 'NONE', #3286, 1000.000000000000000 ) ;
#3891 = STYLED_ITEM ( 'NONE', ( #2084 ), #1932 ) ;
#3892 = CARTESIAN_POINT ( 'NONE',  ( 2.000000000000000444, 2.041742430504419392, 3.750000000000000000 ) ) ;
#3893 = EDGE_LOOP ( 'NONE', ( #1579, #4215, #3018, #1785 ) ) ;
#3894 = CIRCLE ( 'NONE', #5070, 0.09999999999999982514 ) ;
#3895 =( GEOMETRIC_REPRESENTATION_CONTEXT ( 3 ) GLOBAL_UNCERTAINTY_ASSIGNED_CONTEXT ( ( #3426 ) ) GLOBAL_UNIT_ASSIGNED_CONTEXT ( ( #3924, #3171, #3986 ) ) REPRESENTATION_CONTEXT ( 'NONE', 'WORKASPACE' ) );
#3896 = VECTOR ( 'NONE', #54, 1000.000000000000000 ) ;
#3897 =( LENGTH_UNIT ( ) NAMED_UNIT ( * ) SI_UNIT ( .MILLI., .METRE. ) );
#3898 = CARTESIAN_POINT ( 'NONE',  ( -2.000000000000000444, 1.958257569495580164, 3.750000000000000000 ) ) ;
#3899 = AXIS2_PLACEMENT_3D ( 'NONE', #4593, #1564, #1158 ) ;
#3900 = SHAPE_REPRESENTATION ( '2', ( #1907 ), #3583 ) ;
#3901 = SURFACE_STYLE_USAGE ( .BOTH. , #4470 ) ;
#3902 = UNCERTAINTY_MEASURE_WITH_UNIT (LENGTH_MEASURE( 1.000000000000000082E-05 ), #4744, 'distance_accuracy_value', 'NONE');
#3903 = CARTESIAN_POINT ( 'NONE',  ( -3.350000000000000089, 2.241781170833500259, 0.9000000000000000222 ) ) ;
#3904 = CARTESIAN_POINT ( 'NONE',  ( -3.350000000000000089, 1.891781170833499948, 0.9000000000000000222 ) ) ;
#3905 =( NAMED_UNIT ( * ) SI_UNIT ( $, .STERADIAN. ) SOLID_ANGLE_UNIT ( ) );
#3906 =( REPRESENTATION_RELATIONSHIP ('NONE','NONE', #302, #3900 ) REPRESENTATION_RELATIONSHIP_WITH_TRANSFORMATION ( #1360 )SHAPE_REPRESENTATION_RELATIONSHIP( ) );
#3907 =( NAMED_UNIT ( * ) SI_UNIT ( $, .STERADIAN. ) SOLID_ANGLE_UNIT ( ) );
#3908 = UNCERTAINTY_MEASURE_WITH_UNIT (LENGTH_MEASURE( 1.000000000000000082E-05 ), #1825, 'distance_accuracy_value', 'NONE');
#3909 = CARTESIAN_POINT ( 'NONE',  ( -3.000000000000000000, -2.850000000000000089, 3.149999999999999911 ) ) ;
#3910 = EDGE_LOOP ( 'NONE', ( #2284, #2268, #1484, #4083 ) ) ;
#3911 = EDGE_LOOP ( 'NONE', ( #4608, #1078, #2067, #2593 ) ) ;
#3912 = ADVANCED_FACE ( 'NONE', ( #2674 ), #3465, .T. ) ;
#3913 = CARTESIAN_POINT ( 'NONE',  ( 3.350000000000000089, 2.241781170833500259, 0.0000000000000000000 ) ) ;
#3914 = SURFACE_STYLE_FILL_AREA ( #3102 ) ;
#3915 = LINE ( 'NONE', #4750, #4796 ) ;
#3916 = ORIENTED_EDGE ( 'NONE', *, *, #612, .F. ) ;
#3917 = ADVANCED_FACE ( 'NONE', ( #2470 ), #760, .T. ) ;
#3918 = PRODUCT_DEFINITION ( 'UNKNOWN', '', #5203, #429 ) ;
#3919 = CARTESIAN_POINT ( 'NONE',  ( -2.850000000000000089, -3.000000000000000000, 0.0000000000000000000 ) ) ;
#3920 = ORIENTED_EDGE ( 'NONE', *, *, #4209, .F. ) ;
#3921 = CARTESIAN_POINT ( 'NONE',  ( -3.649999999999999911, -1.908218829166499875, 0.0000000000000000000 ) ) ;
#3922 = SURFACE_SIDE_STYLE ('',( #2397 ) ) ;
#3923 = FILL_AREA_STYLE ('',( #2318 ) ) ;
#3924 =( LENGTH_UNIT ( ) NAMED_UNIT ( * ) SI_UNIT ( .MILLI., .METRE. ) );
#3925 = LINE ( 'NONE', #3034, #3803 ) ;
#3926 = CARTESIAN_POINT ( 'NONE',  ( 1.750000000000000000, 2.143131898507868297E-16, 4.200000000000000178 ) ) ;
#3927 =( GEOMETRIC_REPRESENTATION_CONTEXT ( 3 ) GLOBAL_UNCERTAINTY_ASSIGNED_CONTEXT ( ( #837 ) ) GLOBAL_UNIT_ASSIGNED_CONTEXT ( ( #2927, #45, #2056 ) ) REPRESENTATION_CONTEXT ( 'NONE', 'WORKASPACE' ) );
#3928 = PRODUCT_DEFINITION_SHAPE ( 'NONE', 'NONE',  #5222 ) ;
#3929 = CARTESIAN_POINT ( 'NONE',  ( 1.750000000000000222, -3.499999999999999112, 4.199999999999999289 ) ) ;
#3930 = FILL_AREA_STYLE ('',( #1199 ) ) ;
#3931 = CARTESIAN_POINT ( 'NONE',  ( -4.074999999999999289, 1.891781170833499948, 0.0000000000000000000 ) ) ;
#3932 = CARTESIAN_POINT ( 'NONE',  ( 0.0000000000000000000, 3.000000000000000000, 3.149999999999999911 ) ) ;
#3933 = ORIENTED_EDGE ( 'NONE', *, *, #308, .F. ) ;
#3934 = ORIENTED_EDGE ( 'NONE', *, *, #308, .T. ) ;
#3935 = VECTOR ( 'NONE', #844, 1000.000000000000000 ) ;
#3936 = CIRCLE ( 'NONE', #3100, 0.09999999999999999167 ) ;
#3937 = LINE ( 'NONE', #5126, #5049 ) ;
#3938 = LINE ( 'NONE', #5076, #1291 ) ;
#3939 = FILL_AREA_STYLE ('',( #3181 ) ) ;
#3940 = PRESENTATION_STYLE_ASSIGNMENT (( #287 ) ) ;
#3941 = PRODUCT_DEFINITION_FORMATION_WITH_SPECIFIED_SOURCE ( 'ANY', '', #5159, .NOT_KNOWN. ) ;
#3942 = PRESENTATION_LAYER_ASSIGNMENT (  '', '', ( #2341 ) ) ;
#3943 = CARTESIAN_POINT ( 'NONE',  ( -3.750000000000000000, 1.891781170833499948, 0.4000000000000000222 ) ) ;
#3944 = VERTEX_POINT ( 'NONE', #4456 ) ;
#3945 = VECTOR ( 'NONE', #4205, 1000.000000000000000 ) ;
#3946 = EDGE_CURVE ( 'NONE', #4464, #3632, #3589, .T. ) ;
#3947 = EDGE_CURVE ( 'NONE', #4261, #3295, #3183, .T. ) ;
#3948 = LINE ( 'NONE', #3548, #1307 ) ;
#3949 =( LENGTH_UNIT ( ) NAMED_UNIT ( * ) SI_UNIT ( .MILLI., .METRE. ) );
#3950 = VERTEX_POINT ( 'NONE', #2442 ) ;
#3951 = CARTESIAN_POINT ( 'NONE',  ( 4.500000000000000888, -1.908218829166499875, 0.0000000000000000000 ) ) ;
#3952 = FILL_AREA_STYLE_COLOUR ( '', #1755 ) ;
#3953 = CARTESIAN_POINT ( 'NONE',  ( 3.649999999999999911, 2.241781170833500259, 0.3999999999999999667 ) ) ;
#3954 = DIRECTION ( 'NONE',  ( 0.0000000000000000000, 0.0000000000000000000, 1.000000000000000000 ) ) ;
#3955 = UNCERTAINTY_MEASURE_WITH_UNIT (LENGTH_MEASURE( 1.000000000000000082E-05 ), #2772, 'distance_accuracy_value', 'NONE');
#3956 = VECTOR ( 'NONE', #3711, 1000.000000000000000 ) ;
#3957 = SURFACE_STYLE_FILL_AREA ( #2351 ) ;
#3958 = AXIS2_PLACEMENT_3D ( 'NONE', #1906, #3889, #2245 ) ;
#3959 = SURFACE_STYLE_USAGE ( .BOTH. , #3987 ) ;
#3960 = STYLED_ITEM ( 'NONE', ( #1151 ), #638 ) ;
#3961 = CARTESIAN_POINT ( 'NONE',  ( 1.999999999999999556, 1.500000000000000222, 3.449999999999999734 ) ) ;
#3962 = CARTESIAN_POINT ( 'NONE',  ( 2.000000000000000000, -2.000000000000000000, 3.449999999999999734 ) ) ;
#3963 = UNCERTAINTY_MEASURE_WITH_UNIT (LENGTH_MEASURE( 1.000000000000000082E-05 ), #1325, 'distance_accuracy_value', 'NONE');
#3964 = FILL_AREA_STYLE_COLOUR ( '', #3227 ) ;
#3965 = EDGE_LOOP ( 'NONE', ( #586, #4751, #1023, #4888, #2655, #1610, #706, #991 ) ) ;
#3966 = VERTEX_POINT ( 'NONE', #2812 ) ;
#3967 = SURFACE_SIDE_STYLE ('',( #1603 ) ) ;
#3968 = SURFACE_STYLE_FILL_AREA ( #4799 ) ;
#3969 = LINE ( 'NONE', #1002, #5073 ) ;
#3970 = FILL_AREA_STYLE_COLOUR ( '', #2936 ) ;
#3971 = ORIENTED_EDGE ( 'NONE', *, *, #3148, .F. ) ;
#3972 = AXIS2_PLACEMENT_3D ( 'NONE', #3037, #3454, #273 ) ;
#3973 = AXIS2_PLACEMENT_3D ( 'NONE', #3623, #3653, #3593 ) ;
#3974 = MECHANICAL_DESIGN_GEOMETRIC_PRESENTATION_REPRESENTATION (  '', ( #3393 ), #1549 ) ;
#3975 = DIRECTION ( 'NONE',  ( 1.000000000000000000, -1.224646799147353207E-16, 0.0000000000000000000 ) ) ;
#3976 = PRODUCT_DEFINITION_SHAPE ( 'NONE', 'NONE',  #5220 ) ;
#3977 = MECHANICAL_DESIGN_GEOMETRIC_PRESENTATION_REPRESENTATION (  '', ( #2628 ), #1710 ) ;
#3978 = CARTESIAN_POINT ( 'NONE',  ( 3.349999999999999645, 1.891781170833501280, 0.9000000000000000222 ) ) ;
#3979 = ORIENTED_EDGE ( 'NONE', *, *, #4694, .F. ) ;
#3980 = COLOUR_RGB ( '',0.7529411764705882248, 0.7529411764705882248, 0.7529411764705882248 ) ;
#3981 = EDGE_CURVE ( 'NONE', #4453, #4793, #5149, .T. ) ;
#3982 = EDGE_CURVE ( 'NONE', #175, #1793, #3293, .T. ) ;
#3983 = DIRECTION ( 'NONE',  ( -3.231085104332679983E-15, -1.000000000000000000, 0.0000000000000000000 ) ) ;
#3984 = SURFACE_SIDE_STYLE ('',( #3196 ) ) ;
#3985 = MECHANICAL_DESIGN_GEOMETRIC_PRESENTATION_REPRESENTATION (  '', ( #3319 ), #2383 ) ;
#3986 =( NAMED_UNIT ( * ) SI_UNIT ( $, .STERADIAN. ) SOLID_ANGLE_UNIT ( ) );
#3987 = SURFACE_SIDE_STYLE ('',( #2457 ) ) ;
#3988 = SURFACE_STYLE_USAGE ( .BOTH. , #1197 ) ;
#3989 = CARTESIAN_POINT ( 'NONE',  ( -3.349999999999999645, -3.379109414583250093, 0.4000000000000000222 ) ) ;
#3990 = EDGE_CURVE ( 'NONE', #1160, #4529, #2749, .T. ) ;
#3991 = SURFACE_SIDE_STYLE ('',( #697 ) ) ;
#3992 = CARTESIAN_POINT ( 'NONE',  ( -1.649999999999999023, -3.299999999999999378, 4.299999999999999822 ) ) ;
#3993 = CARTESIAN_POINT ( 'NONE',  ( -2.000000000000000000, -1.958257569495580164, 3.750000000000000000 ) ) ;
#3994 = SURFACE_STYLE_USAGE ( .BOTH. , #866 ) ;
#3995 = ORIENTED_EDGE ( 'NONE', *, *, #2682, .F. ) ;
#3996 = ORIENTED_EDGE ( 'NONE', *, *, #4049, .T. ) ;
#3997 =( NAMED_UNIT ( * ) PLANE_ANGLE_UNIT ( ) SI_UNIT ( $, .RADIAN. ) );
#3998 = PRESENTATION_STYLE_ASSIGNMENT (( #335 ) ) ;
#3999 = ADVANCED_BREP_SHAPE_REPRESENTATION ( '', ( #3608, #1907 ), #4880 ) ;
#4000 = LINE ( 'NONE', #1605, #2514 ) ;
#4001 =( NAMED_UNIT ( * ) PLANE_ANGLE_UNIT ( ) SI_UNIT ( $, .RADIAN. ) );
#4002 = VERTEX_POINT ( 'NONE', #1655 ) ;
#4003 = FILL_AREA_STYLE_COLOUR ( '', #4273 ) ;
#4004 = ORIENTED_EDGE ( 'NONE', *, *, #2850, .F. ) ;
#4005 = PRODUCT_CONTEXT ( 'NONE', #1055, 'mechanical' ) ;
#4006 = FILL_AREA_STYLE_COLOUR ( '', #2009 ) ;
#4007 = PRESENTATION_STYLE_ASSIGNMENT (( #2027 ) ) ;
#4008 = UNCERTAINTY_MEASURE_WITH_UNIT (LENGTH_MEASURE( 1.000000000000000082E-05 ), #53, 'distance_accuracy_value', 'NONE');
#4009 = FACE_OUTER_BOUND ( 'NONE', #1321, .T. ) ;
#4010 =( REPRESENTATION_RELATIONSHIP ('NONE','NONE', #302, #4985 ) REPRESENTATION_RELATIONSHIP_WITH_TRANSFORMATION ( #2219 )SHAPE_REPRESENTATION_RELATIONSHIP( ) );
#4011 = ADVANCED_FACE ( 'NONE', ( #5185 ), #3264, .T. ) ;
#4012 = DIRECTION ( 'NONE',  ( 0.0000000000000000000, 0.0000000000000000000, 1.000000000000000000 ) ) ;
#4013 =( NAMED_UNIT ( * ) SI_UNIT ( $, .STERADIAN. ) SOLID_ANGLE_UNIT ( ) );
#4014 = CARTESIAN_POINT ( 'NONE',  ( -1.750000000000000000, -4.286263797015736595E-16, 4.200000000000000178 ) ) ;
#4015 = CIRCLE ( 'NONE', #402, 0.4000000000000001887 ) ;
#4016 = UNCERTAINTY_MEASURE_WITH_UNIT (LENGTH_MEASURE( 1.000000000000000082E-05 ), #2957, 'distance_accuracy_value', 'NONE');
#4017 = SURFACE_STYLE_FILL_AREA ( #1200 ) ;
#4018 = EDGE_CURVE ( 'NONE', #5189, #2972, #2487, .T. ) ;
#4019 = CARTESIAN_POINT ( 'NONE',  ( -3.000000000000000000, -2.850000000000000089, 3.149999999999999911 ) ) ;
#4020 = COLOUR_RGB ( '',0.7529411764705882248, 0.7529411764705882248, 0.7529411764705882248 ) ;
#4021 = ORIENTED_EDGE ( 'NONE', *, *, #3371, .T. ) ;
#4022 = ORIENTED_EDGE ( 'NONE', *, *, #2589, .F. ) ;
#4023 = CIRCLE ( 'NONE', #1748, 0.1499999999999999667 ) ;
#4024 = CARTESIAN_POINT ( 'NONE',  ( -2.000000000000000000, 2.000000000000000000, 3.449999999999999734 ) ) ;
#4025 =( LENGTH_UNIT ( ) NAMED_UNIT ( * ) SI_UNIT ( .MILLI., .METRE. ) );
#4026 = LINE ( 'NONE', #2837, #4409 ) ;
#4027 = AXIS2_PLACEMENT_3D ( 'NONE', #1860, #635, #1480 ) ;
#4028 = DIRECTION ( 'NONE',  ( 0.0000000000000000000, 0.0000000000000000000, 1.000000000000000000 ) ) ;
#4029 = EDGE_LOOP ( 'NONE', ( #3596, #3825, #1235, #1531 ) ) ;
#4030 = AXIS2_PLACEMENT_3D ( 'NONE', #3660, #1221, #43 ) ;
#4031 = AXIS2_PLACEMENT_3D ( 'NONE', #2870, #2069, #503 ) ;
#4032 = FILL_AREA_STYLE ('',( #1643 ) ) ;
#4033 = ORIENTED_EDGE ( 'NONE', *, *, #3455, .T. ) ;
#4034 = APPLICATION_PROTOCOL_DEFINITION ( 'draft international standard', 'automotive_design', 1998, #3829 ) ;
#4035 =( NAMED_UNIT ( * ) PLANE_ANGLE_UNIT ( ) SI_UNIT ( $, .RADIAN. ) );
#4036 = MECHANICAL_DESIGN_GEOMETRIC_PRESENTATION_REPRESENTATION (  '', ( #2942 ), #3197 ) ;
#4037 = VECTOR ( 'NONE', #4761, 1000.000000000000000 ) ;
#4038 =( LENGTH_UNIT ( ) NAMED_UNIT ( * ) SI_UNIT ( .MILLI., .METRE. ) );
#4039 = FILL_AREA_STYLE_COLOUR ( '', #614 ) ;
#4040 = PRESENTATION_STYLE_ASSIGNMENT (( #4068 ) ) ;
#4041 = VECTOR ( 'NONE', #316, 1000.000000000000000 ) ;
#4042 = AXIS2_PLACEMENT_3D ( 'NONE', #2897, #2187, #2119 ) ;
#4043 =( NAMED_UNIT ( * ) SI_UNIT ( $, .STERADIAN. ) SOLID_ANGLE_UNIT ( ) );
#4044 =( NAMED_UNIT ( * ) PLANE_ANGLE_UNIT ( ) SI_UNIT ( $, .RADIAN. ) );
#4045 = VERTEX_POINT ( 'NONE', #4526 ) ;
#4046 = ORIENTED_EDGE ( 'NONE', *, *, #928, .T. ) ;
#4047 = CARTESIAN_POINT ( 'NONE',  ( -4.074999999999999289, 2.591781170833500347, 1.300000000000000044 ) ) ;
#4048 = DIRECTION ( 'NONE',  ( 3.231085104332679983E-15, 1.000000000000000000, 0.0000000000000000000 ) ) ;
#4049 = EDGE_CURVE ( 'NONE', #3804, #3885, #987, .T. ) ;
#4050 = CARTESIAN_POINT ( 'NONE',  ( 2.000000000000000000, 1.958257569495580608, 3.750000000000000000 ) ) ;
#4051 = ADVANCED_FACE ( 'NONE', ( #2915 ), #1910, .T. ) ;
#4052 = STYLED_ITEM ( 'NONE', ( #462 ), #668 ) ;
#4053 = DIRECTION ( 'NONE',  ( -0.0000000000000000000, -1.000000000000000000, -0.0000000000000000000 ) ) ;
#4054 =( LENGTH_UNIT ( ) NAMED_UNIT ( * ) SI_UNIT ( .MILLI., .METRE. ) );
#4055 = ORIENTED_EDGE ( 'NONE', *, *, #4208, .F. ) ;
#4056 = CARTESIAN_POINT ( 'NONE',  ( 2.850000000000000089, 3.000000000000000000, 0.0000000000000000000 ) ) ;
#4057 = FILL_AREA_STYLE_COLOUR ( '', #2022 ) ;
#4058 = ORIENTED_EDGE ( 'NONE', *, *, #800, .T. ) ;
#4059 = DIRECTION ( 'NONE',  ( 1.000000000000000000, 0.0000000000000000000, 0.0000000000000000000 ) ) ;
#4060 = ADVANCED_BREP_SHAPE_REPRESENTATION ( '', ( #3629, #1907 ), #4365 ) ;
#4061 = UNCERTAINTY_MEASURE_WITH_UNIT (LENGTH_MEASURE( 1.000000000000000082E-05 ), #1897, 'distance_accuracy_value', 'NONE');
#4062 = VECTOR ( 'NONE', #4873, 1000.000000000000000 ) ;
#4063 = CARTESIAN_POINT ( 'NONE',  ( 3.000000000000000000, 2.850000000000000089, 3.149999999999999911 ) ) ;
#4064 = FACE_OUTER_BOUND ( 'NONE', #192, .T. ) ;
#4065 = AXIS2_PLACEMENT_3D ( 'NONE', #1341, #4550, #4578 ) ;
#4066 = CARTESIAN_POINT ( 'NONE',  ( -1.708578643762690641, 0.0000000000000000000, 4.299999999999999822 ) ) ;
#4067 = FACE_OUTER_BOUND ( 'NONE', #4513, .T. ) ;
#4068 = SURFACE_STYLE_USAGE ( .BOTH. , #2541 ) ;
#4069 = UNCERTAINTY_MEASURE_WITH_UNIT (LENGTH_MEASURE( 1.000000000000000082E-05 ), #4616, 'distance_accuracy_value', 'NONE');
#4070 = STYLED_ITEM ( 'NONE', ( #3087 ), #2140 ) ;
#4071 = PRESENTATION_STYLE_ASSIGNMENT (( #2858 ) ) ;
#4072 = COLOUR_RGB ( '',0.0000000000000000000, 0.0000000000000000000, 0.0000000000000000000 ) ;
#4073 = VERTEX_POINT ( 'NONE', #2985 ) ;
#4074 = VERTEX_POINT ( 'NONE', #1445 ) ;
#4075 = FILL_AREA_STYLE ('',( #2440 ) ) ;
#4076 = CARTESIAN_POINT ( 'NONE',  ( 3.000000000000000000, -2.850000000000000089, 0.0000000000000000000 ) ) ;
#4077 = CARTESIAN_POINT ( 'NONE',  ( 3.250000000000000000, -2.258218829166500186, 0.9000000000000000222 ) ) ;
#4078 =( NAMED_UNIT ( * ) PLANE_ANGLE_UNIT ( ) SI_UNIT ( $, .RADIAN. ) );
#4079 =( NAMED_UNIT ( * ) PLANE_ANGLE_UNIT ( ) SI_UNIT ( $, .RADIAN. ) );
#4080 =( LENGTH_UNIT ( ) NAMED_UNIT ( * ) SI_UNIT ( .MILLI., .METRE. ) );
#4081 = FACE_OUTER_BOUND ( 'NONE', #4506, .T. ) ;
#4082 = ADVANCED_FACE ( '1', ( #5121 ), #301, .T. ) ;
#4083 = ORIENTED_EDGE ( 'NONE', *, *, #1978, .F. ) ;
#4084 = FACE_OUTER_BOUND ( 'NONE', #2117, .T. ) ;
#4085 = EDGE_CURVE ( 'NONE', #3950, #2587, #3094, .T. ) ;
#4086 = ORIENTED_EDGE ( 'NONE', *, *, #4418, .F. ) ;
#4087 = PRODUCT_DEFINITION ( 'UNKNOWN', '', #748, #3521 ) ;
#4088 = SHAPE_DEFINITION_REPRESENTATION ( #1668, #2649 ) ;
#4089 = SURFACE_SIDE_STYLE ('',( #1427 ) ) ;
#4090 = CARTESIAN_POINT ( 'NONE',  ( -3.750000000000000000, -2.608218829166499830, 0.3000000000000000444 ) ) ;
#4091 = SURFACE_STYLE_FILL_AREA ( #50 ) ;
#4092 = PRESENTATION_STYLE_ASSIGNMENT (( #2582 ) ) ;
#4093 = CARTESIAN_POINT ( 'NONE',  ( 2.850000000000000089, -2.850000000000000089, 0.0000000000000000000 ) ) ;
#4094 = LINE ( 'NONE', #1339, #2557 ) ;
#4095 = DIRECTION ( 'NONE',  ( 0.0000000000000000000, -1.000000000000000000, -0.0000000000000000000 ) ) ;
#4096 = SURFACE_STYLE_FILL_AREA ( #138 ) ;
#4097 = ORIENTED_EDGE ( 'NONE', *, *, #4631, .F. ) ;
#4098 = ORIENTED_EDGE ( 'NONE', *, *, #4381, .F. ) ;
#4099 = COLOUR_RGB ( '',0.7529411764705882248, 0.7529411764705882248, 0.7529411764705882248 ) ;
#4100 =( NAMED_UNIT ( * ) PLANE_ANGLE_UNIT ( ) SI_UNIT ( $, .RADIAN. ) );
#4101 = CARTESIAN_POINT ( 'NONE',  ( 2.000000000000000444, -2.041742430504419836, 3.750000000000000000 ) ) ;
#4102 = CARTESIAN_POINT ( 'NONE',  ( 1.000000000000000000, 0.0000000000000000000, 0.0000000000000000000 ) ) ;
#4103 = EDGE_LOOP ( 'NONE', ( #4684, #4246, #4255, #1148 ) ) ;
#4104 = COLOUR_RGB ( '',0.7529411764705882248, 0.7529411764705882248, 0.7529411764705882248 ) ;
#4105 =( GEOMETRIC_REPRESENTATION_CONTEXT ( 3 ) GLOBAL_UNCERTAINTY_ASSIGNED_CONTEXT ( ( #1554 ) ) GLOBAL_UNIT_ASSIGNED_CONTEXT ( ( #3949, #4779, #1614 ) ) REPRESENTATION_CONTEXT ( 'NONE', 'WORKASPACE' ) );
#4106 = MECHANICAL_DESIGN_GEOMETRIC_PRESENTATION_REPRESENTATION (  '', ( #2244 ), #1264 ) ;
#4107 = FILL_AREA_STYLE_COLOUR ( '', #69 ) ;
#4108 = PRODUCT_DEFINITION_FORMATION_WITH_SPECIFIED_SOURCE ( 'ANY', '', #2751, .NOT_KNOWN. ) ;
#4109 = ORIENTED_EDGE ( 'NONE', *, *, #4927, .T. ) ;
#4110 = APPLICATION_CONTEXT ( 'automotive_design' ) ;
#4111 =( NAMED_UNIT ( * ) PLANE_ANGLE_UNIT ( ) SI_UNIT ( $, .RADIAN. ) );
#4112 = VECTOR ( 'NONE', #3624, 1000.000000000000000 ) ;
#4113 = DIRECTION ( 'NONE',  ( -3.231085104332679983E-15, -1.000000000000000000, 0.0000000000000000000 ) ) ;
#4114 = EDGE_CURVE ( 'NONE', #498, #3134, #3039, .T. ) ;
#4115 = EDGE_CURVE ( 'NONE', #1470, #398, #2616, .T. ) ;
#4116 = UNCERTAINTY_MEASURE_WITH_UNIT (LENGTH_MEASURE( 1.000000000000000082E-05 ), #2004, 'distance_accuracy_value', 'NONE');
#4117 = DIRECTION ( 'NONE',  ( 1.000000000000000000, 0.0000000000000000000, 0.0000000000000000000 ) ) ;
#4118 = DIRECTION ( 'NONE',  ( 0.0000000000000000000, 1.000000000000000000, 0.0000000000000000000 ) ) ;
#4119 = PLANE ( 'NONE',  #2464 ) ;
#4120 = STYLED_ITEM ( 'NONE', ( #2321 ), #1086 ) ;
#4121 = SURFACE_STYLE_FILL_AREA ( #2908 ) ;
#4122 = CARTESIAN_POINT ( 'NONE',  ( 1.708578643762689753, 3.417157287525379505, 4.299999999999999822 ) ) ;
#4123 = LINE ( 'NONE', #961, #288 ) ;
#4124 = UNCERTAINTY_MEASURE_WITH_UNIT (LENGTH_MEASURE( 1.000000000000000082E-05 ), #2152, 'distance_accuracy_value', 'NONE');
#4125 = CARTESIAN_POINT ( 'NONE',  ( 2.850000000000000089, 2.850000000000000089, 3.149999999999999911 ) ) ;
#4126 =( LENGTH_UNIT ( ) NAMED_UNIT ( * ) SI_UNIT ( .MILLI., .METRE. ) );
#4127 = ORIENTED_EDGE ( 'NONE', *, *, #735, .T. ) ;
#4128 = COLOUR_RGB ( '',0.0000000000000000000, 0.0000000000000000000, 0.0000000000000000000 ) ;
#4129 = VECTOR ( 'NONE', #3276, 1000.000000000000000 ) ;
#4130 = LINE ( 'NONE', #843, #459 ) ;
#4131 = FILL_AREA_STYLE ('',( #4377 ) ) ;
#4132 = CARTESIAN_POINT ( 'NONE',  ( 3.750000000000000000, 4.483562341667009399, 0.0000000000000000000 ) ) ;
#4133 = CARTESIAN_POINT ( 'NONE',  ( 2.000000000000000000, -1.753372802003358544, 3.749999999999998224 ) ) ;
#4134 = STYLED_ITEM ( 'NONE', ( #4267 ), #146 ) ;
#4135 = MECHANICAL_DESIGN_GEOMETRIC_PRESENTATION_REPRESENTATION (  '', ( #1685 ), #2773 ) ;
#4136 = VERTEX_POINT ( 'NONE', #1523 ) ;
#4137 = DIRECTION ( 'NONE',  ( -3.231085104332679983E-15, -1.000000000000000000, 2.938735877055720084E-31 ) ) ;
#4138 = FILL_AREA_STYLE_COLOUR ( '', #4216 ) ;
#4139 = COLOUR_RGB ( '',0.7529411764705882248, 0.7529411764705882248, 0.7529411764705882248 ) ;
#4140 = VECTOR ( 'NONE', #245, 1000.000000000000000 ) ;
#4141 = DIRECTION ( 'NONE',  ( 1.000000000000000000, 0.0000000000000000000, 0.0000000000000000000 ) ) ;
#4142 = ORIENTED_EDGE ( 'NONE', *, *, #2011, .F. ) ;
#4143 = AXIS2_PLACEMENT_3D ( 'NONE', #1152, #2748, #3619 ) ;
#4144 = APPLICATION_PROTOCOL_DEFINITION ( 'draft international standard', 'automotive_design', 1998, #889 ) ;
#4145 = LINE ( 'NONE', #4515, #3205 ) ;
#4146 = SURFACE_SIDE_STYLE ('',( #4964 ) ) ;
#4147 = COLOUR_RGB ( '',0.7529411764705882248, 0.7529411764705882248, 0.7529411764705882248 ) ;
#4148 = SURFACE_SIDE_STYLE ('',( #4091 ) ) ;
#4149 = FILL_AREA_STYLE ('',( #2536 ) ) ;
#4150 = EDGE_CURVE ( 'NONE', #417, #1660, #3375, .T. ) ;
#4151 = EDGE_CURVE ( 'NONE', #3736, #3043, #1124, .T. ) ;
#4152 = COLOUR_RGB ( '',0.0000000000000000000, 0.0000000000000000000, 0.0000000000000000000 ) ;
#4153 = DIRECTION ( 'NONE',  ( -1.000000000000000000, 0.0000000000000000000, 0.0000000000000000000 ) ) ;
#4154 = STYLED_ITEM ( 'NONE', ( #385 ), #4731 ) ;
#4155 = DIRECTION ( 'NONE',  ( -1.000000000000000000, 3.231085104332679983E-15, 0.0000000000000000000 ) ) ;
#4156 = SURFACE_SIDE_STYLE ('',( #162 ) ) ;
#4157 = EDGE_CURVE ( 'NONE', #1352, #4197, #3011, .T. ) ;
#4158 = COLOUR_RGB ( '',0.7529411764705882248, 0.7529411764705882248, 0.7529411764705882248 ) ;
#4159 = ORIENTED_EDGE ( 'NONE', *, *, #5074, .T. ) ;
#4160 = SURFACE_STYLE_USAGE ( .BOTH. , #1345 ) ;
#4161 = PRODUCT_DEFINITION ( 'UNKNOWN', '', #655, #2417 ) ;
#4162 = CIRCLE ( 'NONE', #3647, 0.4000000000000000222 ) ;
#4163 = CARTESIAN_POINT ( 'NONE',  ( 2.000000000000000000, -1.499999999999999556, 3.449999999999999734 ) ) ;
#4164 = AXIS2_PLACEMENT_3D ( 'NONE', #1257, #4176, #495 ) ;
#4165 = CARTESIAN_POINT ( 'NONE',  ( 2.000000000000000000, -1.500000000000000000, 3.449999999999999734 ) ) ;
#4166 = COLOUR_RGB ( '',0.0000000000000000000, 0.0000000000000000000, 0.0000000000000000000 ) ;
#4167 = ORIENTED_EDGE ( 'NONE', *, *, #4115, .T. ) ;
#4168 = PLANE ( 'NONE',  #1854 ) ;
#4169 = PRESENTATION_STYLE_ASSIGNMENT (( #3345 ) ) ;
#4170 = VERTEX_POINT ( 'NONE', #330 ) ;
#4171 = CONTEXT_DEPENDENT_SHAPE_REPRESENTATION ( #3561, #3928 ) ;
#4172 = CARTESIAN_POINT ( 'NONE',  ( 0.0000000000000000000, 1.891781170833499948, 0.2999999999999999889 ) ) ;
#4173 = PRESENTATION_STYLE_ASSIGNMENT (( #2998 ) ) ;
#4174 = CARTESIAN_POINT ( 'NONE',  ( 1.649999999999999689, 3.299999999999999378, 4.299999999999999822 ) ) ;
#4175 =( NAMED_UNIT ( * ) SI_UNIT ( $, .STERADIAN. ) SOLID_ANGLE_UNIT ( ) );
#4176 = DIRECTION ( 'NONE',  ( 0.0000000000000000000, 1.000000000000000000, 0.0000000000000000000 ) ) ;
#4177 = FACE_OUTER_BOUND ( 'NONE', #4507, .T. ) ;
#4178 = EDGE_CURVE ( 'NONE', #740, #3134, #4280, .T. ) ;
#4179 = SURFACE_STYLE_USAGE ( .BOTH. , #160 ) ;
#4180 = DIRECTION ( 'NONE',  ( 1.000000000000000000, 0.0000000000000000000, -0.0000000000000000000 ) ) ;
#4181 = CARTESIAN_POINT ( 'NONE',  ( -4.074999999999999289, -1.908218829166499875, 1.300000000000000044 ) ) ;
#4182 = PLANE ( 'NONE',  #2196 ) ;
#4183 =( NAMED_UNIT ( * ) SI_UNIT ( $, .STERADIAN. ) SOLID_ANGLE_UNIT ( ) );
#4184 = ADVANCED_FACE ( 'NONE', ( #1849 ), #1018, .T. ) ;
#4185 = PRESENTATION_STYLE_ASSIGNMENT (( #971 ) ) ;
#4186 = APPLICATION_CONTEXT ( 'automotive_design' ) ;
#4187 = ORIENTED_EDGE ( 'NONE', *, *, #1444, .T. ) ;
#4188 = DIRECTION ( 'NONE',  ( 0.0000000000000000000, 1.000000000000000000, 0.0000000000000000000 ) ) ;
#4189 = SURFACE_STYLE_USAGE ( .BOTH. , #172 ) ;
#4190 = CIRCLE ( 'NONE', #1584, 0.5000000000000000000 ) ;
#4191 = FACE_OUTER_BOUND ( 'NONE', #3083, .T. ) ;
#4192 = ORIENTED_EDGE ( 'NONE', *, *, #611, .T. ) ;
#4193 = COLOUR_RGB ( '',0.7921568627450980005, 0.8196078431372548767, 0.9333333333333333481 ) ;
#4194 = CARTESIAN_POINT ( 'NONE',  ( 3.250000000000000444, 2.591781170833500791, 1.000000000000000000 ) ) ;
#4195 = DIRECTION ( 'NONE',  ( 0.0000000000000000000, -0.0000000000000000000, 1.000000000000000000 ) ) ;
#4196 = DIRECTION ( 'NONE',  ( -1.000000000000000000, 4.336808689942025625E-15, 0.0000000000000000000 ) ) ;
#4197 = VERTEX_POINT ( 'NONE', #3538 ) ;
#4198 = STYLED_ITEM ( 'NONE', ( #2395 ), #1517 ) ;
#4199 = FILL_AREA_STYLE_COLOUR ( '', #3844 ) ;
#4200 = AXIS2_PLACEMENT_3D ( 'NONE', #1226, #4394, #4496 ) ;
#4201 = FILL_AREA_STYLE_COLOUR ( '', #4497 ) ;
#4202 = SURFACE_STYLE_FILL_AREA ( #982 ) ;
#4203 = DIRECTION ( 'NONE',  ( -0.0000000000000000000, -1.000000000000000000, -0.0000000000000000000 ) ) ;
#4204 = SURFACE_STYLE_USAGE ( .BOTH. , #4707 ) ;
#4205 = DIRECTION ( 'NONE',  ( 0.0000000000000000000, 0.0000000000000000000, 1.000000000000000000 ) ) ;
#4206 =( GEOMETRIC_REPRESENTATION_CONTEXT ( 3 ) GLOBAL_UNCERTAINTY_ASSIGNED_CONTEXT ( ( #4702 ) ) GLOBAL_UNIT_ASSIGNED_CONTEXT ( ( #3117, #801, #3143 ) ) REPRESENTATION_CONTEXT ( 'NONE', 'WORKASPACE' ) );
#4207 = ORIENTED_EDGE ( 'NONE', *, *, #2567, .T. ) ;
#4208 = EDGE_CURVE ( 'NONE', #4073, #1833, #5148, .T. ) ;
#4209 = EDGE_CURVE ( 'NONE', #4923, #2702, #445, .T. ) ;
#4210 = FILL_AREA_STYLE_COLOUR ( '', #2276 ) ;
#4211 = CARTESIAN_POINT ( 'NONE',  ( 0.0000000000000000000, -3.000000000000000000, 3.149999999999999911 ) ) ;
#4212 = AXIS2_PLACEMENT_3D ( 'NONE', #1111, #4137, #3344 ) ;
#4213 = VECTOR ( 'NONE', #421, 1000.000000000000000 ) ;
#4214 = PRESENTATION_STYLE_ASSIGNMENT (( #1030 ) ) ;
#4215 = ORIENTED_EDGE ( 'NONE', *, *, #4730, .F. ) ;
#4216 = COLOUR_RGB ( '',0.0000000000000000000, 0.0000000000000000000, 0.0000000000000000000 ) ;
#4217 = UNCERTAINTY_MEASURE_WITH_UNIT (LENGTH_MEASURE( 1.000000000000000082E-05 ), #4349, 'distance_accuracy_value', 'NONE');
#4218 = DIRECTION ( 'NONE',  ( -1.000000000000000000, -0.0000000000000000000, 0.0000000000000000000 ) ) ;
#4219 = SURFACE_SIDE_STYLE ('',( #3061 ) ) ;
#4220 = EDGE_LOOP ( 'NONE', ( #3178, #1659, #572, #4711 ) ) ;
#4221 = PLANE ( 'NONE',  #1838 ) ;
#4222 = PRESENTATION_LAYER_ASSIGNMENT (  '', '', ( #1379 ) ) ;
#4223 = DIRECTION ( 'NONE',  ( 1.000000000000000000, -3.252606517456511724E-15, 0.0000000000000000000 ) ) ;
#4224 =( NAMED_UNIT ( * ) PLANE_ANGLE_UNIT ( ) SI_UNIT ( $, .RADIAN. ) );
#4225 = FILL_AREA_STYLE_COLOUR ( '', #3524 ) ;
#4226 =( GEOMETRIC_REPRESENTATION_CONTEXT ( 3 ) GLOBAL_UNCERTAINTY_ASSIGNED_CONTEXT ( ( #4968 ) ) GLOBAL_UNIT_ASSIGNED_CONTEXT ( ( #2912, #4552, #2568 ) ) REPRESENTATION_CONTEXT ( 'NONE', 'WORKASPACE' ) );
#4227 = SURFACE_STYLE_FILL_AREA ( #2984 ) ;
#4228 = DIRECTION ( 'NONE',  ( 0.0000000000000000000, -0.0000000000000000000, -1.000000000000000000 ) ) ;
#4229 = STYLED_ITEM ( 'NONE', ( #3479 ), #4987 ) ;
#4230 =( NAMED_UNIT ( * ) PLANE_ANGLE_UNIT ( ) SI_UNIT ( $, .RADIAN. ) );
#4231 = AXIS2_PLACEMENT_3D ( 'NONE', #1117, #240, #5090 ) ;
#4232 = ORIENTED_EDGE ( 'NONE', *, *, #929, .T. ) ;
#4233 = ORIENTED_EDGE ( 'NONE', *, *, #4694, .T. ) ;
#4234 = COLOUR_RGB ( '',0.7529411764705882248, 0.7529411764705882248, 0.7529411764705882248 ) ;
#4235 = SURFACE_SIDE_STYLE ('',( #5154 ) ) ;
#4236 = DIRECTION ( 'NONE',  ( 1.000000000000000000, -3.252606517456511724E-15, 0.0000000000000000000 ) ) ;
#4237 = LINE ( 'NONE', #1829, #854 ) ;
#4238 = DIRECTION ( 'NONE',  ( 0.0000000000000000000, 1.000000000000000000, 0.0000000000000000000 ) ) ;
#4239 = AXIS2_PLACEMENT_3D ( 'NONE', #2425, #1249, #1973 ) ;
#4240 =( NAMED_UNIT ( * ) PLANE_ANGLE_UNIT ( ) SI_UNIT ( $, .RADIAN. ) );
#4241 = AXIS2_PLACEMENT_3D ( 'NONE', #4919, #2460, #4941 ) ;
#4242 = ORIENTED_EDGE ( 'NONE', *, *, #4445, .F. ) ;
#4243 =( BOUNDED_SURFACE ( )  B_SPLINE_SURFACE ( 3, 3, ( 
 ( #1704, #2189, #93, #3016 ),
 ( #4133, #2917, #2520, #3321 ),
 ( #3706, #4633, #2987, #2164 ),
 ( #4165, #1756, #3394, #3802 ) ),
 .UNSPECIFIED., .F., .F., .F. ) 
 B_SPLINE_SURFACE_WITH_KNOTS ( ( 4, 4 ),
 ( 4, 4 ),
 ( 0.0000000000000000000, 1.000000000000000000 ),
 ( 0.0000000000000000000, 1.000000000000000000 ),
 .UNSPECIFIED. ) 
 GEOMETRIC_REPRESENTATION_ITEM ( )  RATIONAL_B_SPLINE_SURFACE ( (
 ( 1.000000000000000000, 0.3333333333333299842, 0.3333333333333299842, 1.000000000000000000),
 ( 0.8911066843560517814, 0.2970355614520142629, 0.2970355614520142629, 0.8911066843560517814),
 ( 0.8911066843560517814, 0.2970355614520142629, 0.2970355614520142629, 0.8911066843560517814),
 ( 1.000000000000000000, 0.3333333333333299842, 0.3333333333333299842, 1.000000000000000000) ) ) 
 REPRESENTATION_ITEM ( '' )  SURFACE ( )  );
#4244 = EDGE_CURVE ( 'NONE', #2249, #3129, #3536, .T. ) ;
#4245 = CARTESIAN_POINT ( 'NONE',  ( -4.074999999999999289, 2.591781170833500347, 0.0000000000000000000 ) ) ;
#4246 = ORIENTED_EDGE ( 'NONE', *, *, #2111, .F. ) ;
#4247 = ADVANCED_BREP_SHAPE_REPRESENTATION ( '', ( #97, #1907 ), #1821 ) ;
#4248 =( NAMED_UNIT ( * ) SI_UNIT ( $, .STERADIAN. ) SOLID_ANGLE_UNIT ( ) );
#4249 =( NAMED_UNIT ( * ) PLANE_ANGLE_UNIT ( ) SI_UNIT ( $, .RADIAN. ) );
#4250 = SURFACE_STYLE_FILL_AREA ( #2265 ) ;
#4251 = FILL_AREA_STYLE_COLOUR ( '', #1758 ) ;
#4252 = ORIENTED_EDGE ( 'NONE', *, *, #4730, .T. ) ;
#4253 = SURFACE_STYLE_USAGE ( .BOTH. , #3879 ) ;
#4254 = FILL_AREA_STYLE ('',( #1474 ) ) ;
#4255 = ORIENTED_EDGE ( 'NONE', *, *, #2339, .F. ) ;
#4256 = VERTEX_POINT ( 'NONE', #2524 ) ;
#4257 = PLANE ( 'NONE',  #3213 ) ;
#4258 = FILL_AREA_STYLE_COLOUR ( '', #2955 ) ;
#4259 = APPLICATION_PROTOCOL_DEFINITION ( 'draft international standard', 'automotive_design', 1998, #785 ) ;
#4260 = LINE ( 'NONE', #652, #2590 ) ;
#4261 = VERTEX_POINT ( 'NONE', #4590 ) ;
#4262 = SURFACE_STYLE_FILL_AREA ( #590 ) ;
#4263 = MECHANICAL_DESIGN_GEOMETRIC_PRESENTATION_REPRESENTATION (  '', ( #2416 ), #826 ) ;
#4264 = LINE ( 'NONE', #3598, #2474 ) ;
#4265 = CARTESIAN_POINT ( 'NONE',  ( -1.999999999999999556, 2.246627197996641900, 3.749999999999998224 ) ) ;
#4266 = VERTEX_POINT ( 'NONE', #3738 ) ;
#4267 = PRESENTATION_STYLE_ASSIGNMENT (( #3901 ) ) ;
#4268 = CIRCLE ( 'NONE', #578, 0.09999999999999982514 ) ;
#4269 = ADVANCED_FACE ( 'NONE', ( #4905 ), #974, .T. ) ;
#4270 = DIRECTION ( 'NONE',  ( 1.000000000000000000, 0.0000000000000000000, 0.0000000000000000000 ) ) ;
#4271 = EDGE_CURVE ( 'NONE', #532, #2385, #5050, .T. ) ;
#4272 = DIRECTION ( 'NONE',  ( 1.000000000000000000, -3.231085104332679983E-15, 0.0000000000000000000 ) ) ;
#4273 = COLOUR_RGB ( '',0.0000000000000000000, 0.0000000000000000000, 0.0000000000000000000 ) ;
#4274 = PLANE ( 'NONE',  #187 ) ;
#4275 = SURFACE_STYLE_FILL_AREA ( #1814 ) ;
#4276 = AXIS2_PLACEMENT_3D ( 'NONE', #1686, #435, #4859 ) ;
#4277 =( NAMED_UNIT ( * ) PLANE_ANGLE_UNIT ( ) SI_UNIT ( $, .RADIAN. ) );
#4278 = CARTESIAN_POINT ( 'NONE',  ( 3.350000000000000089, -2.258218829166500186, 0.0000000000000000000 ) ) ;
#4279 = AXIS2_PLACEMENT_3D ( 'NONE', #397, #1911, #3133 ) ;
#4280 = LINE ( 'NONE', #1929, #1022 ) ;
#4281 = LINE ( 'NONE', #2304, #2887 ) ;
#4282 = PRESENTATION_LAYER_ASSIGNMENT (  '', '', ( #4120 ) ) ;
#4283 = ORIENTED_EDGE ( 'NONE', *, *, #1661, .T. ) ;
#4284 = FILL_AREA_STYLE_COLOUR ( '', #2873 ) ;
#4285 = SURFACE_SIDE_STYLE ('',( #4686 ) ) ;
#4286 = CONTEXT_DEPENDENT_SHAPE_REPRESENTATION ( #3467, #4322 ) ;
#4287 = SURFACE_SIDE_STYLE ('',( #1075 ) ) ;
#4288 = STYLED_ITEM ( 'NONE', ( #5023 ), #1883 ) ;
#4289 = STYLED_ITEM ( 'NONE', ( #1121 ), #97 ) ;
#4290 = STYLED_ITEM ( 'NONE', ( #1489 ), #3580 ) ;
#4291 = CARTESIAN_POINT ( 'NONE',  ( 2.493254395993284689, 1.753372802003352993, 3.749999999999998224 ) ) ;
#4292 = EDGE_LOOP ( 'NONE', ( #3509, #2667, #1971, #2838 ) ) ;
#4293 = CARTESIAN_POINT ( 'NONE',  ( -4.500000000000000000, -2.608218829166499830, 0.2999999999999999889 ) ) ;
#4294 = MECHANICAL_DESIGN_GEOMETRIC_PRESENTATION_REPRESENTATION (  '', ( #259 ), #151 ) ;
#4295 = PLANE ( 'NONE',  #3009 ) ;
#4296 = PRESENTATION_LAYER_ASSIGNMENT (  '', '', ( #4560 ) ) ;
#4297 = ORIENTED_EDGE ( 'NONE', *, *, #2746, .T. ) ;
#4298 = SURFACE_SIDE_STYLE ('',( #262 ) ) ;
#4299 =( LENGTH_UNIT ( ) NAMED_UNIT ( * ) SI_UNIT ( .MILLI., .METRE. ) );
#4300 = SURFACE_STYLE_USAGE ( .BOTH. , #3085 ) ;
#4301 =( NAMED_UNIT ( * ) PLANE_ANGLE_UNIT ( ) SI_UNIT ( $, .RADIAN. ) );
#4302 = VECTOR ( 'NONE', #1418, 1000.000000000000000 ) ;
#4303 = CARTESIAN_POINT ( 'NONE',  ( 2.850000000000000089, 3.000000000000000000, 3.449999999999999734 ) ) ;
#4304 = EDGE_CURVE ( 'NONE', #2774, #4875, #3397, .T. ) ;
#4305 =( NAMED_UNIT ( * ) SI_UNIT ( $, .STERADIAN. ) SOLID_ANGLE_UNIT ( ) );
#4306 = DIRECTION ( 'NONE',  ( 1.000000000000000000, 0.0000000000000000000, -0.0000000000000000000 ) ) ;
#4307 = ORIENTED_EDGE ( 'NONE', *, *, #3520, .F. ) ;
#4308 =( NAMED_UNIT ( * ) PLANE_ANGLE_UNIT ( ) SI_UNIT ( $, .RADIAN. ) );
#4309 = CARTESIAN_POINT ( 'NONE',  ( 3.249999999999998668, 1.891781170833500836, 0.9000000000000000222 ) ) ;
#4310 = FILL_AREA_STYLE_COLOUR ( '', #4644 ) ;
#4311 =( NAMED_UNIT ( * ) PLANE_ANGLE_UNIT ( ) SI_UNIT ( $, .RADIAN. ) );
#4312 = EDGE_CURVE ( 'NONE', #5108, #2972, #96, .T. ) ;
#4313 = PLANE ( 'NONE',  #1300 ) ;
#4314 = COLOUR_RGB ( '',0.7529411764705882248, 0.7529411764705882248, 0.7529411764705882248 ) ;
#4315 = ORIENTED_EDGE ( 'NONE', *, *, #2116, .T. ) ;
#4316 = PRODUCT_RELATED_PRODUCT_CATEGORY ( 'part', '', ( #1908 ) ) ;
#4317 = ORIENTED_EDGE ( 'NONE', *, *, #209, .F. ) ;
#4318 =( NAMED_UNIT ( * ) PLANE_ANGLE_UNIT ( ) SI_UNIT ( $, .RADIAN. ) );
#4319 = MECHANICAL_DESIGN_GEOMETRIC_PRESENTATION_REPRESENTATION (  '', ( #695 ), #3053 ) ;
#4320 = FACE_OUTER_BOUND ( 'NONE', #3893, .T. ) ;
#4321 =( GEOMETRIC_REPRESENTATION_CONTEXT ( 3 ) GLOBAL_UNCERTAINTY_ASSIGNED_CONTEXT ( ( #2532 ) ) GLOBAL_UNIT_ASSIGNED_CONTEXT ( ( #1729, #4100, #141 ) ) REPRESENTATION_CONTEXT ( 'NONE', 'WORKASPACE' ) );
#4322 = PRODUCT_DEFINITION_SHAPE ( 'NONE', 'NONE',  #5224 ) ;
#4323 = SURFACE_STYLE_USAGE ( .BOTH. , #4748 ) ;
#4324 = STYLED_ITEM ( 'NONE', ( #2435 ), #1917 ) ;
#4325 = PRESENTATION_LAYER_ASSIGNMENT (  '', '', ( #1384 ) ) ;
#4326 = ORIENTED_EDGE ( 'NONE', *, *, #351, .F. ) ;
#4327 = COLOUR_RGB ( '',0.7529411764705882248, 0.7529411764705882248, 0.7529411764705882248 ) ;
#4328 = CIRCLE ( 'NONE', #546, 0.4000000000000001887 ) ;
#4329 = AXIS2_PLACEMENT_3D ( 'NONE', #2343, #4753, #1162 ) ;
#4330 = FILL_AREA_STYLE ('',( #2997 ) ) ;
#4331 = CARTESIAN_POINT ( 'NONE',  ( -1.999999999999999556, 2.418046093003111352, 3.637779991155306369 ) ) ;
#4332 = VERTEX_POINT ( 'NONE', #2597 ) ;
#4333 = CARTESIAN_POINT ( 'NONE',  ( -1.916515138991160105, 1.958257569495579276, 3.749999999999999556 ) ) ;
#4334 = SURFACE_STYLE_FILL_AREA ( #5141 ) ;
#4335 = CARTESIAN_POINT ( 'NONE',  ( 3.249999999999998668, -2.258218829166500186, 1.000000000000000000 ) ) ;
#4336 = UNCERTAINTY_MEASURE_WITH_UNIT (LENGTH_MEASURE( 1.000000000000000082E-05 ), #2139, 'distance_accuracy_value', 'NONE');
#4337 = LINE ( 'NONE', #1571, #464 ) ;
#4338 = DIRECTION ( 'NONE',  ( 0.0000000000000000000, -0.0000000000000000000, 1.000000000000000000 ) ) ;
#4339 = CARTESIAN_POINT ( 'NONE',  ( 1.749999999999999556, 3.499999999999999112, 4.199999999999999289 ) ) ;
#4340 = SURFACE_STYLE_FILL_AREA ( #2325 ) ;
#4341 = FILL_AREA_STYLE ('',( #4310 ) ) ;
#4342 = UNCERTAINTY_MEASURE_WITH_UNIT (LENGTH_MEASURE( 1.000000000000000082E-05 ), #4054, 'distance_accuracy_value', 'NONE');
#4343 = FILL_AREA_STYLE_COLOUR ( '', #4714 ) ;
#4344 = DIRECTION ( 'NONE',  ( -1.000000000000000000, 0.0000000000000000000, -0.0000000000000000000 ) ) ;
#4345 = ORIENTED_EDGE ( 'NONE', *, *, #612, .T. ) ;
#4346 = EDGE_LOOP ( 'NONE', ( #944, #475, #838, #1803 ) ) ;
#4347 = CARTESIAN_POINT ( 'NONE',  ( 0.0000000000000000000, 0.0000000000000000000, 3.449999999999999734 ) ) ;
#4348 = CARTESIAN_POINT ( 'NONE',  ( -3.349999999999999645, 1.120890585416750129, 0.4000000000000000222 ) ) ;
#4349 =( LENGTH_UNIT ( ) NAMED_UNIT ( * ) SI_UNIT ( .MILLI., .METRE. ) );
#4350 = ADVANCED_FACE ( 'NONE', ( #2553 ), #3297, .F. ) ;
#4351 = EDGE_CURVE ( 'NONE', #3560, #1660, #221, .T. ) ;
#4352 =( LENGTH_UNIT ( ) NAMED_UNIT ( * ) SI_UNIT ( .MILLI., .METRE. ) );
#4353 = CARTESIAN_POINT ( 'NONE',  ( -3.350000000000000089, -1.908218829166499875, 0.0000000000000000000 ) ) ;
#4354 = ORIENTED_EDGE ( 'NONE', *, *, #3786, .T. ) ;
#4355 = SURFACE_STYLE_USAGE ( .BOTH. , #2731 ) ;
#4356 = LINE ( 'NONE', #1534, #2757 ) ;
#4357 = ORIENTED_EDGE ( 'NONE', *, *, #5019, .F. ) ;
#4358 = CARTESIAN_POINT ( 'NONE',  ( -2.000000000000000000, 1.958257569495580608, 3.750000000000000000 ) ) ;
#4359 = SURFACE_SIDE_STYLE ('',( #4334 ) ) ;
#4360 = SURFACE_SIDE_STYLE ('',( #319 ) ) ;
#4361 = COLOUR_RGB ( '',0.7529411764705882248, 0.7529411764705882248, 0.7529411764705882248 ) ;
#4362 = DIRECTION ( 'NONE',  ( 0.0000000000000000000, -1.000000000000000000, 0.0000000000000000000 ) ) ;
#4363 = SURFACE_SIDE_STYLE ('',( #4275 ) ) ;
#4364 = CARTESIAN_POINT ( 'NONE',  ( 2.000000000000000000, -1.958257569495580608, 3.750000000000000000 ) ) ;
#4365 =( GEOMETRIC_REPRESENTATION_CONTEXT ( 3 ) GLOBAL_UNCERTAINTY_ASSIGNED_CONTEXT ( ( #4540 ) ) GLOBAL_UNIT_ASSIGNED_CONTEXT ( ( #1951, #264, #1972 ) ) REPRESENTATION_CONTEXT ( 'NONE', 'WORKASPACE' ) );
#4366 = PRODUCT_DEFINITION_SHAPE ( 'NONE', 'NONE',  #5219 ) ;
#4367 = SURFACE_STYLE_USAGE ( .BOTH. , #409 ) ;
#4368 = DIRECTION ( 'NONE',  ( 0.0000000000000000000, 0.0000000000000000000, -1.000000000000000000 ) ) ;
#4369 = FILL_AREA_STYLE ('',( #2742 ) ) ;
#4370 = COLOUR_RGB ( '',0.7921568627450980005, 0.8196078431372548767, 0.9333333333333333481 ) ;
#4371 = DIRECTION ( 'NONE',  ( 0.0000000000000000000, 0.0000000000000000000, 1.000000000000000000 ) ) ;
#4372 = ORIENTED_EDGE ( 'NONE', *, *, #422, .T. ) ;
#4373 = STYLED_ITEM ( 'NONE', ( #1487 ), #1482 ) ;
#4374 = FACE_OUTER_BOUND ( 'NONE', #1234, .T. ) ;
#4375 = FILL_AREA_STYLE ('',( #3211 ) ) ;
#4376 = CARTESIAN_POINT ( 'NONE',  ( -2.000000000000000000, 2.041742430504419836, 3.750000000000000000 ) ) ;
#4377 = FILL_AREA_STYLE_COLOUR ( '', #2687 ) ;
#4378 = AXIS2_PLACEMENT_3D ( 'NONE', #2763, #3572, #1462 ) ;
#4379 =( LENGTH_UNIT ( ) NAMED_UNIT ( * ) SI_UNIT ( .MILLI., .METRE. ) );
#4380 = STYLED_ITEM ( 'NONE', ( #3323 ), #1026 ) ;
#4381 = EDGE_CURVE ( 'NONE', #4332, #675, #3415, .T. ) ;
#4382 = ADVANCED_FACE ( 'NONE', ( #1073 ), #1826, .F. ) ;
#4383 = ORIENTED_EDGE ( 'NONE', *, *, #3990, .T. ) ;
#4384 = VECTOR ( 'NONE', #4950, 1000.000000000000000 ) ;
#4385 = CARTESIAN_POINT ( 'NONE',  ( -4.500000000000000000, -1.908218829166499875, 0.0000000000000000000 ) ) ;
#4386 = EDGE_CURVE ( 'NONE', #2578, #4256, #5044, .T. ) ;
#4387 = DIRECTION ( 'NONE',  ( 0.0000000000000000000, 0.0000000000000000000, -1.000000000000000000 ) ) ;
#4388 = ORIENTED_EDGE ( 'NONE', *, *, #5083, .F. ) ;
#4389 = PRODUCT_RELATED_PRODUCT_CATEGORY ( 'part', '', ( #549 ) ) ;
#4390 = SURFACE_STYLE_USAGE ( .BOTH. , #3922 ) ;
#4391 = CIRCLE ( 'NONE', #4639, 0.4000000000000001887 ) ;
#4392 = CARTESIAN_POINT ( 'NONE',  ( -3.350000000000000089, 2.241781170833500259, 0.0000000000000000000 ) ) ;
#4393 = CARTESIAN_POINT ( 'NONE',  ( -1.750000000000000000, 2.143131898507868297E-16, 3.449999999999999734 ) ) ;
#4394 = DIRECTION ( 'NONE',  ( 0.0000000000000000000, 0.0000000000000000000, 1.000000000000000000 ) ) ;
#4395 = CARTESIAN_POINT ( 'NONE',  ( 3.649999999999999911, -1.908218829166499875, 1.300000000000000044 ) ) ;
#4396 = AXIS2_PLACEMENT_3D ( 'NONE', #2146, #4141, #2452 ) ;
#4397 = CARTESIAN_POINT ( 'NONE',  ( 3.250000000000000000, 2.241781170833500259, 0.9000000000000000222 ) ) ;
#4398 = UNCERTAINTY_MEASURE_WITH_UNIT (LENGTH_MEASURE( 1.000000000000000082E-05 ), #303, 'distance_accuracy_value', 'NONE');
#4399 = SURFACE_SIDE_STYLE ('',( #4017 ) ) ;
#4400 = CARTESIAN_POINT ( 'NONE',  ( 0.0000000000000000000, 0.0000000000000000000, 3.750000000000000000 ) ) ;
#4401 = VERTEX_POINT ( 'NONE', #1052 ) ;
#4402 = ORIENTED_EDGE ( 'NONE', *, *, #4631, .T. ) ;
#4403 = LINE ( 'NONE', #4877, #3123 ) ;
#4404 = PRESENTATION_STYLE_ASSIGNMENT (( #2307 ) ) ;
#4405 = DIRECTION ( 'NONE',  ( 0.0000000000000000000, 0.0000000000000000000, 1.000000000000000000 ) ) ;
#4406 = STYLED_ITEM ( 'NONE', ( #758 ), #4534 ) ;
#4407 = FILL_AREA_STYLE_COLOUR ( '', #3010 ) ;
#4408 = ORIENTED_EDGE ( 'NONE', *, *, #2898, .T. ) ;
#4409 = VECTOR ( 'NONE', #4053, 1000.000000000000000 ) ;
#4410 = EDGE_CURVE ( 'NONE', #5086, #4627, #2647, .T. ) ;
#4411 = STYLED_ITEM ( 'NONE', ( #3998 ), #4805 ) ;
#4412 = PRODUCT_DEFINITION_SHAPE ( 'NONE', 'NONE',  #4641 ) ;
#4413 = AXIS2_PLACEMENT_3D ( 'NONE', #4442, #1196, #2766 ) ;
#4414 = CARTESIAN_POINT ( 'NONE',  ( 0.0000000000000000000, 0.0000000000000000000, 3.149999999999999911 ) ) ;
#4415 = EDGE_LOOP ( 'NONE', ( #599, #3484, #2407, #2098 ) ) ;
#4416 = SHAPE_DEFINITION_REPRESENTATION ( #1991, #3864 ) ;
#4417 = LINE ( 'NONE', #2711, #2661 ) ;
#4418 = EDGE_CURVE ( 'NONE', #3121, #89, #3938, .T. ) ;
#4419 = AXIS2_PLACEMENT_3D ( 'NONE', #3812, #5051, #3403 ) ;
#4420 = PRESENTATION_STYLE_ASSIGNMENT (( #4782 ) ) ;
#4421 = CARTESIAN_POINT ( 'NONE',  ( -3.000000000000000000, -2.850000000000000089, 0.0000000000000000000 ) ) ;
#4422 = SURFACE_STYLE_USAGE ( .BOTH. , #1620 ) ;
#4423 = FILL_AREA_STYLE ('',( #1574 ) ) ;
#4424 = PRODUCT_CONTEXT ( 'NONE', #137, 'mechanical' ) ;
#4425 = DIRECTION ( 'NONE',  ( 0.0000000000000000000, 0.0000000000000000000, 1.000000000000000000 ) ) ;
#4426 =( BOUNDED_SURFACE ( )  B_SPLINE_SURFACE ( 3, 3, ( 
 ( #356, #3929, #30, #4014 ),
 ( #4845, #4818, #1958, #3557 ),
 ( #444, #2827, #1575, #2380 ),
 ( #1229, #1173, #3992, #408 ) ),
 .UNSPECIFIED., .F., .F., .T. ) 
 B_SPLINE_SURFACE_WITH_KNOTS ( ( 4, 4 ),
 ( 4, 4 ),
 ( 0.0000000000000000000, 1.000000000000000000 ),
 ( 0.0000000000000000000, 1.000000000000000000 ),
 .UNSPECIFIED. ) 
 GEOMETRIC_REPRESENTATION_ITEM ( )  RATIONAL_B_SPLINE_SURFACE ( (
 ( 1.000000000000000000, 0.3333333333333334259, 0.3333333333333334259, 1.000000000000000000),
 ( 0.8047378541243649375, 0.2682459513747884050, 0.2682459513747884050, 0.8047378541243649375),
 ( 0.8047378541243649375, 0.2682459513747884050, 0.2682459513747884050, 0.8047378541243649375),
 ( 1.000000000000000000, 0.3333333333333334259, 0.3333333333333334259, 1.000000000000000000) ) ) 
 REPRESENTATION_ITEM ( '' )  SURFACE ( )  );
#4427 =( NAMED_UNIT ( * ) PLANE_ANGLE_UNIT ( ) SI_UNIT ( $, .RADIAN. ) );
#4428 = ORIENTED_EDGE ( 'NONE', *, *, #411, .T. ) ;
#4429 = ORIENTED_EDGE ( 'NONE', *, *, #2495, .F. ) ;
#4430 = SURFACE_STYLE_USAGE ( .BOTH. , #3967 ) ;
#4431 =( LENGTH_UNIT ( ) NAMED_UNIT ( * ) SI_UNIT ( .MILLI., .METRE. ) );
#4432 = CARTESIAN_POINT ( 'NONE',  ( -2.000000000000000444, 1.753372802003357878, 3.749999999999998224 ) ) ;
#4433 = PRESENTATION_STYLE_ASSIGNMENT (( #4826 ) ) ;
#4434 = DIRECTION ( 'NONE',  ( 0.0000000000000000000, 0.0000000000000000000, -1.000000000000000000 ) ) ;
#4435 =( NAMED_UNIT ( * ) SI_UNIT ( $, .STERADIAN. ) SOLID_ANGLE_UNIT ( ) );
#4436 = DIRECTION ( 'NONE',  ( -1.000000000000000000, 3.231085104332679983E-15, 0.0000000000000000000 ) ) ;
#4437 = ORIENTED_EDGE ( 'NONE', *, *, #3778, .T. ) ;
#4438 = PRODUCT_DEFINITION_CONTEXT ( 'detailed design', #306, 'design' ) ;
#4439 =( LENGTH_UNIT ( ) NAMED_UNIT ( * ) SI_UNIT ( .MILLI., .METRE. ) );
#4440 = ORIENTED_EDGE ( 'NONE', *, *, #4049, .F. ) ;
#4441 = PRODUCT_CONTEXT ( 'NONE', #1224, 'mechanical' ) ;
#4442 = CARTESIAN_POINT ( 'NONE',  ( -4.074999999999999289, -2.608218829166499830, 0.0000000000000000000 ) ) ;
#4443 = FILL_AREA_STYLE ('',( #4843 ) ) ;
#4444 = EDGE_CURVE ( 'NONE', #1833, #3678, #2672, .T. ) ;
#4445 = EDGE_CURVE ( 'NONE', #913, #1274, #1618, .T. ) ;
#4446 =( NAMED_UNIT ( * ) PLANE_ANGLE_UNIT ( ) SI_UNIT ( $, .RADIAN. ) );
#4447 = CARTESIAN_POINT ( 'NONE',  ( -3.000000000000000000, 2.850000000000000089, 3.149999999999999911 ) ) ;
#4448 = AXIS2_PLACEMENT_3D ( 'NONE', #1286, #4155, #2431 ) ;
#4449 = UNCERTAINTY_MEASURE_WITH_UNIT (LENGTH_MEASURE( 1.000000000000000082E-05 ), #3285, 'distance_accuracy_value', 'NONE');
#4450 = CARTESIAN_POINT ( 'NONE',  ( -2.000000000000000000, -2.041742430504419392, 3.750000000000000000 ) ) ;
#4451 = PLANE ( 'NONE',  #1545 ) ;
#4452 = STYLED_ITEM ( 'NONE', ( #4007 ), #3865 ) ;
#4453 = VERTEX_POINT ( 'NONE', #285 ) ;
#4454 = ORIENTED_EDGE ( 'NONE', *, *, #122, .T. ) ;
#4455 = CIRCLE ( 'NONE', #2157, 0.09999999999999982514 ) ;
#4456 = CARTESIAN_POINT ( 'NONE',  ( -3.250000000000000000, 1.891781170833499948, 1.000000000000000000 ) ) ;
#4457 = PRESENTATION_LAYER_ASSIGNMENT (  '', '', ( #1589 ) ) ;
#4458 = PRESENTATION_LAYER_ASSIGNMENT (  '', '', ( #410 ) ) ;
#4459 = MECHANICAL_DESIGN_GEOMETRIC_PRESENTATION_REPRESENTATION (  '', ( #3190 ), #583 ) ;
#4460 = ORIENTED_EDGE ( 'NONE', *, *, #4668, .F. ) ;
#4461 = CARTESIAN_POINT ( 'NONE',  ( -1.916515138991159439, 2.041742430504419836, 3.749999999999999556 ) ) ;
#4462 = STYLED_ITEM ( 'NONE', ( #380 ), #1294 ) ;
#4463 = DIRECTION ( 'NONE',  ( 0.0000000000000000000, -1.000000000000000000, 0.0000000000000000000 ) ) ;
#4464 = VERTEX_POINT ( 'NONE', #3131 ) ;
#4465 = APPLICATION_PROTOCOL_DEFINITION ( 'draft international standard', 'automotive_design', 1998, #1332 ) ;
#4466 = CYLINDRICAL_SURFACE ( 'NONE', #3958, 0.1499999999999999667 ) ;
#4467 = LINE ( 'NONE', #4890, #1715 ) ;
#4468 =( GEOMETRIC_REPRESENTATION_CONTEXT ( 3 ) GLOBAL_UNCERTAINTY_ASSIGNED_CONTEXT ( ( #3235 ) ) GLOBAL_UNIT_ASSIGNED_CONTEXT ( ( #4940, #2080, #3304 ) ) REPRESENTATION_CONTEXT ( 'NONE', 'WORKASPACE' ) );
#4469 =( GEOMETRIC_REPRESENTATION_CONTEXT ( 3 ) GLOBAL_UNCERTAINTY_ASSIGNED_CONTEXT ( ( #550 ) ) GLOBAL_UNIT_ASSIGNED_CONTEXT ( ( #2055, #4911, #4860 ) ) REPRESENTATION_CONTEXT ( 'NONE', 'WORKASPACE' ) );
#4470 = SURFACE_SIDE_STYLE ('',( #3255 ) ) ;
#4471 = APPLICATION_PROTOCOL_DEFINITION ( 'draft international standard', 'automotive_design', 1998, #4186 ) ;
#4472 = COLOUR_RGB ( '',0.0000000000000000000, 0.0000000000000000000, 0.0000000000000000000 ) ;
#4473 = MECHANICAL_DESIGN_GEOMETRIC_PRESENTATION_REPRESENTATION (  '', ( #2527 ), #522 ) ;
#4474 = EDGE_CURVE ( 'NONE', #4136, #1675, #3458, .T. ) ;
#4475 = CARTESIAN_POINT ( 'NONE',  ( -3.000000000000003997, -2.500000000000008882, 3.450000000000000622 ) ) ;
#4476 = ORIENTED_EDGE ( 'NONE', *, *, #3778, .F. ) ;
#4477 = ORIENTED_EDGE ( 'NONE', *, *, #1788, .T. ) ;
#4478 = CARTESIAN_POINT ( 'NONE',  ( 1.000000000000000000, 0.0000000000000000000, 0.2999999999999999889 ) ) ;
#4479 = FILL_AREA_STYLE_COLOUR ( '', #2029 ) ;
#4480 = SURFACE_STYLE_USAGE ( .BOTH. , #2864 ) ;
#4481 = ADVANCED_FACE ( 'NONE', ( #5099 ), #1133, .T. ) ;
#4482 = FILL_AREA_STYLE ('',( #1273 ) ) ;
#4483 = PRESENTATION_STYLE_ASSIGNMENT (( #5018 ) ) ;
#4484 = ORIENTED_EDGE ( 'NONE', *, *, #4897, .T. ) ;
#4485 =( NAMED_UNIT ( * ) SI_UNIT ( $, .STERADIAN. ) SOLID_ANGLE_UNIT ( ) );
#4486 = MECHANICAL_DESIGN_GEOMETRIC_PRESENTATION_REPRESENTATION (  '', ( #1379 ), #4650 ) ;
#4487 =( GEOMETRIC_REPRESENTATION_CONTEXT ( 3 ) GLOBAL_UNCERTAINTY_ASSIGNED_CONTEXT ( ( #2423 ) ) GLOBAL_UNIT_ASSIGNED_CONTEXT ( ( #5147, #5177, #2740 ) ) REPRESENTATION_CONTEXT ( 'NONE', 'WORKASPACE' ) );
#4488 = ORIENTED_EDGE ( 'NONE', *, *, #1851, .T. ) ;
#4489 = DIRECTION ( 'NONE',  ( 0.0000000000000000000, 0.0000000000000000000, 1.000000000000000000 ) ) ;
#4490 = CARTESIAN_POINT ( 'NONE',  ( -3.250000000000000000, 2.591781170833500347, 1.300000000000000044 ) ) ;
#4491 =( NAMED_UNIT ( * ) SI_UNIT ( $, .STERADIAN. ) SOLID_ANGLE_UNIT ( ) );
#4492 = AXIS2_PLACEMENT_3D ( 'NONE', #559, #1350, #630 ) ;
#4493 = UNCERTAINTY_MEASURE_WITH_UNIT (LENGTH_MEASURE( 1.000000000000000082E-05 ), #3020, 'distance_accuracy_value', 'NONE');
#4494 = COLOUR_RGB ( '',0.7529411764705882248, 0.7529411764705882248, 0.7529411764705882248 ) ;
#4495 = FILL_AREA_STYLE_COLOUR ( '', #2044 ) ;
#4496 = DIRECTION ( 'NONE',  ( 1.000000000000000000, 0.0000000000000000000, 0.0000000000000000000 ) ) ;
#4497 = COLOUR_RGB ( '',0.7529411764705882248, 0.7529411764705882248, 0.7529411764705882248 ) ;
#4498 = CYLINDRICAL_SURFACE ( 'NONE', #2359, 0.1499999999999999667 ) ;
#4499 = PRESENTATION_STYLE_ASSIGNMENT (( #3694 ) ) ;
#4500 = PRESENTATION_LAYER_ASSIGNMENT (  '', '', ( #3319 ) ) ;
#4501 = CARTESIAN_POINT ( 'NONE',  ( 0.0000000000000000000, 3.000000000000000000, 0.2999999999999999889 ) ) ;
#4502 = DIRECTION ( 'NONE',  ( 0.0000000000000000000, 0.0000000000000000000, 1.000000000000000000 ) ) ;
#4503 = UNCERTAINTY_MEASURE_WITH_UNIT (LENGTH_MEASURE( 1.000000000000000082E-05 ), #1060, 'distance_accuracy_value', 'NONE');
#4504 = SURFACE_STYLE_FILL_AREA ( #2064 ) ;
#4505 = CARTESIAN_POINT ( 'NONE',  ( -3.250000000000000000, -1.908218829166499875, 1.000000000000000000 ) ) ;
#4506 = EDGE_LOOP ( 'NONE', ( #1203, #2558, #3346, #5011 ) ) ;
#4507 = EDGE_LOOP ( 'NONE', ( #1837, #4058, #3373, #4021, #2902, #1422, #3268, #950, #4402, #897, #3934, #4315 ) ) ;
#4508 =( LENGTH_UNIT ( ) NAMED_UNIT ( * ) SI_UNIT ( .MILLI., .METRE. ) );
#4509 = SURFACE_SIDE_STYLE ('',( #1013 ) ) ;
#4510 = ORIENTED_EDGE ( 'NONE', *, *, #4151, .T. ) ;
#4511 = EDGE_CURVE ( 'NONE', #3749, #740, #3262, .T. ) ;
#4512 = CYLINDRICAL_SURFACE ( 'NONE', #1915, 0.1499999999999999667 ) ;
#4513 = EDGE_LOOP ( 'NONE', ( #291, #756, #348, #4437 ) ) ;
#4514 = APPLICATION_PROTOCOL_DEFINITION ( 'draft international standard', 'automotive_design', 1998, #860 ) ;
#4515 = CARTESIAN_POINT ( 'NONE',  ( 3.000000000000000000, -2.258218829166500186, 1.300000000000000044 ) ) ;
#4516 = DIRECTION ( 'NONE',  ( 1.000000000000000000, 0.0000000000000000000, 0.0000000000000000000 ) ) ;
#4517 = CARTESIAN_POINT ( 'NONE',  ( 3.000000000000000000, 0.0000000000000000000, 3.149999999999999911 ) ) ;
#4518 =( NAMED_UNIT ( * ) PLANE_ANGLE_UNIT ( ) SI_UNIT ( $, .RADIAN. ) );
#4519 = FILL_AREA_STYLE_COLOUR ( '', #1602 ) ;
#4520 = PLANE ( 'NONE',  #3025 ) ;
#4521 = ORIENTED_EDGE ( 'NONE', *, *, #1356, .T. ) ;
#4522 = ORIENTED_EDGE ( 'NONE', *, *, #3377, .T. ) ;
#4523 = STYLED_ITEM ( 'NONE', ( #1899 ), #5040 ) ;
#4524 =( LENGTH_UNIT ( ) NAMED_UNIT ( * ) SI_UNIT ( .MILLI., .METRE. ) );
#4525 = CARTESIAN_POINT ( 'NONE',  ( 2.850000000000000089, -2.850000000000000089, 3.149999999999999911 ) ) ;
#4526 = CARTESIAN_POINT ( 'NONE',  ( -1.649999999999999911, -8.082668874372519433E-17, 4.299999999999999822 ) ) ;
#4527 = SURFACE_STYLE_FILL_AREA ( #3800 ) ;
#4528 = SURFACE_STYLE_FILL_AREA ( #4930 ) ;
#4529 = VERTEX_POINT ( 'NONE', #1269 ) ;
#4530 = AXIS2_PLACEMENT_3D ( 'NONE', #4939, #492, #1406 ) ;
#4531 = FILL_AREA_STYLE_COLOUR ( '', #2099 ) ;
#4532 = DIRECTION ( 'NONE',  ( 1.000000000000000000, 0.0000000000000000000, 0.0000000000000000000 ) ) ;
#4533 = EDGE_CURVE ( 'NONE', #2197, #2621, #3041, .T. ) ;
#4534 = ADVANCED_FACE ( 'NONE', ( #364 ), #2863, .T. ) ;
#4535 = SURFACE_STYLE_FILL_AREA ( #2949 ) ;
#4536 = AXIS2_PLACEMENT_3D ( 'NONE', #661, #486, #2074 ) ;
#4537 = ORIENTED_EDGE ( 'NONE', *, *, #422, .F. ) ;
#4538 = ITEM_DEFINED_TRANSFORMATION ( 'NONE', 'NONE', #4962,  #1907 ) ;
#4539 = LINE ( 'NONE', #3742, #2526 ) ;
#4540 = UNCERTAINTY_MEASURE_WITH_UNIT (LENGTH_MEASURE( 1.000000000000000082E-05 ), #1951, 'distance_accuracy_value', 'NONE');
#4541 = ADVANCED_FACE ( 'NONE', ( #1237 ), #392, .T. ) ;
#4542 = DIRECTION ( 'NONE',  ( 0.0000000000000000000, 0.0000000000000000000, 1.000000000000000000 ) ) ;
#4543 = CIRCLE ( 'NONE', #4200, 0.1499999999999999667 ) ;
#4544 = PRODUCT_RELATED_PRODUCT_CATEGORY ( 'part', '', ( #4788 ) ) ;
#4545 = SURFACE_STYLE_FILL_AREA ( #1665 ) ;
#4546 = DIRECTION ( 'NONE',  ( -1.000000000000000000, -0.0000000000000000000, 0.0000000000000000000 ) ) ;
#4547 = COLOUR_RGB ( '',0.7529411764705882248, 0.7529411764705882248, 0.7529411764705882248 ) ;
#4548 = UNCERTAINTY_MEASURE_WITH_UNIT (LENGTH_MEASURE( 1.000000000000000082E-05 ), #263, 'distance_accuracy_value', 'NONE');
#4549 = STYLED_ITEM ( 'NONE', ( #518 ), #145 ) ;
#4550 = DIRECTION ( 'NONE',  ( -1.000000000000000000, 0.0000000000000000000, 0.0000000000000000000 ) ) ;
#4551 =( GEOMETRIC_REPRESENTATION_CONTEXT ( 3 ) GLOBAL_UNCERTAINTY_ASSIGNED_CONTEXT ( ( #1064 ) ) GLOBAL_UNIT_ASSIGNED_CONTEXT ( ( #743, #3602, #4727 ) ) REPRESENTATION_CONTEXT ( 'NONE', 'WORKASPACE' ) );
#4552 =( NAMED_UNIT ( * ) PLANE_ANGLE_UNIT ( ) SI_UNIT ( $, .RADIAN. ) );
#4553 = ORIENTED_EDGE ( 'NONE', *, *, #3012, .F. ) ;
#4554 = CIRCLE ( 'NONE', #1844, 0.5000000000000000000 ) ;
#4555 = DIRECTION ( 'NONE',  ( 0.0000000000000000000, 0.0000000000000000000, 1.000000000000000000 ) ) ;
#4556 = CARTESIAN_POINT ( 'NONE',  ( 2.000000000000000888, -2.500000000000000000, 3.449999999999999734 ) ) ;
#4557 = FILL_AREA_STYLE_COLOUR ( '', #3519 ) ;
#4558 = FILL_AREA_STYLE_COLOUR ( '', #1864 ) ;
#4559 = VECTOR ( 'NONE', #2316, 1000.000000000000000 ) ;
#4560 = STYLED_ITEM ( 'NONE', ( #365 ), #3917 ) ;
#4561 =( REPRESENTATION_RELATIONSHIP ('NONE','NONE', #302, #130 ) REPRESENTATION_RELATIONSHIP_WITH_TRANSFORMATION ( #3103 )SHAPE_REPRESENTATION_RELATIONSHIP( ) );
#4562 = ORIENTED_EDGE ( 'NONE', *, *, #4018, .T. ) ;
#4563 = CARTESIAN_POINT ( 'NONE',  ( 3.000000000000001332, 2.591781170833500347, 1.000000000000000000 ) ) ;
#4564 = VECTOR ( 'NONE', #3563, 1000.000000000000000 ) ;
#4565 = SURFACE_SIDE_STYLE ('',( #923 ) ) ;
#4566 = VERTEX_POINT ( 'NONE', #2118 ) ;
#4567 = COLOUR_RGB ( '',0.0000000000000000000, 0.0000000000000000000, 0.0000000000000000000 ) ;
#4568 = ADVANCED_FACE ( 'NONE', ( #4583 ), #4925, .F. ) ;
#4569 = CARTESIAN_POINT ( 'NONE',  ( -3.000000000000000000, 2.850000000000000089, 3.149999999999999911 ) ) ;
#4570 = STYLED_ITEM ( 'NONE', ( #3702 ), #4573 ) ;
#4571 =( NAMED_UNIT ( * ) SI_UNIT ( $, .STERADIAN. ) SOLID_ANGLE_UNIT ( ) );
#4572 = CIRCLE ( 'NONE', #105, 0.5000000000000000000 ) ;
#4573 = ADVANCED_FACE ( 'NONE', ( #914 ), #3337, .F. ) ;
#4574 = SHAPE_REPRESENTATION_RELATIONSHIP ( 'NONE' , 'NONE' ,  #2649, #2103 ) ;
#4575 =( LENGTH_UNIT ( ) NAMED_UNIT ( * ) SI_UNIT ( .MILLI., .METRE. ) );
#4576 = COLOUR_RGB ( '',0.0000000000000000000, 0.0000000000000000000, 0.0000000000000000000 ) ;
#4577 = PRESENTATION_LAYER_ASSIGNMENT (  '', '', ( #180 ) ) ;
#4578 = DIRECTION ( 'NONE',  ( 0.0000000000000000000, 1.000000000000000000, 0.0000000000000000000 ) ) ;
#4579 = MECHANICAL_DESIGN_GEOMETRIC_PRESENTATION_REPRESENTATION (  '', ( #3891 ), #4995 ) ;
#4580 =( NAMED_UNIT ( * ) PLANE_ANGLE_UNIT ( ) SI_UNIT ( $, .RADIAN. ) );
#4581 =( GEOMETRIC_REPRESENTATION_CONTEXT ( 3 ) GLOBAL_UNCERTAINTY_ASSIGNED_CONTEXT ( ( #2148 ) ) GLOBAL_UNIT_ASSIGNED_CONTEXT ( ( #1017, #2615, #1522 ) ) REPRESENTATION_CONTEXT ( 'NONE', 'WORKASPACE' ) );
#4582 = VERTEX_POINT ( 'NONE', #3731 ) ;
#4583 = FACE_OUTER_BOUND ( 'NONE', #3910, .T. ) ;
#4584 = MECHANICAL_DESIGN_GEOMETRIC_PRESENTATION_REPRESENTATION (  '', ( #4070 ), #957 ) ;
#4585 = DIRECTION ( 'NONE',  ( -1.000000000000000000, 3.231085104332679983E-15, 0.0000000000000000000 ) ) ;
#4586 =( NAMED_UNIT ( * ) PLANE_ANGLE_UNIT ( ) SI_UNIT ( $, .RADIAN. ) );
#4587 = LINE ( 'NONE', #4102, #3695 ) ;
#4588 = ORIENTED_EDGE ( 'NONE', *, *, #1364, .T. ) ;
#4589 = DIRECTION ( 'NONE',  ( 0.0000000000000000000, 0.0000000000000000000, -1.000000000000000000 ) ) ;
#4590 = CARTESIAN_POINT ( 'NONE',  ( -4.500000000000000000, -2.608218829166499830, 0.0000000000000000000 ) ) ;
#4591 = ORIENTED_EDGE ( 'NONE', *, *, #4157, .T. ) ;
#4592 = UNCERTAINTY_MEASURE_WITH_UNIT (LENGTH_MEASURE( 1.000000000000000082E-05 ), #4878, 'distance_accuracy_value', 'NONE');
#4593 = CARTESIAN_POINT ( 'NONE',  ( 6.938893903907229955E-15, -0.01643765833298820034, 0.2999999999999999889 ) ) ;
#4594 =( NAMED_UNIT ( * ) SI_UNIT ( $, .STERADIAN. ) SOLID_ANGLE_UNIT ( ) );
#4595 = SURFACE_SIDE_STYLE ('',( #136 ) ) ;
#4596 = UNCERTAINTY_MEASURE_WITH_UNIT (LENGTH_MEASURE( 1.000000000000000082E-05 ), #5194, 'distance_accuracy_value', 'NONE');
#4597 =( NAMED_UNIT ( * ) PLANE_ANGLE_UNIT ( ) SI_UNIT ( $, .RADIAN. ) );
#4598 = EDGE_CURVE ( 'NONE', #3780, #3105, #4948, .T. ) ;
#4599 = SURFACE_STYLE_USAGE ( .BOTH. , #4156 ) ;
#4600 = EDGE_CURVE ( 'NONE', #1660, #417, #4738, .T. ) ;
#4601 =( LENGTH_UNIT ( ) NAMED_UNIT ( * ) SI_UNIT ( .MILLI., .METRE. ) );
#4602 = ORIENTED_EDGE ( 'NONE', *, *, #553, .T. ) ;
#4603 = DIRECTION ( 'NONE',  ( -0.0000000000000000000, -0.0000000000000000000, -1.000000000000000000 ) ) ;
#4604 = CARTESIAN_POINT ( 'NONE',  ( 3.749999999999995115, 1.891781170833499948, 0.4000000000000000222 ) ) ;
#4605 = DIRECTION ( 'NONE',  ( -0.0000000000000000000, -0.0000000000000000000, -1.000000000000000000 ) ) ;
#4606 = SURFACE_STYLE_USAGE ( .BOTH. , #970 ) ;
#4607 = ORIENTED_EDGE ( 'NONE', *, *, #1356, .F. ) ;
#4608 = ORIENTED_EDGE ( 'NONE', *, *, #2475, .T. ) ;
#4609 = DIRECTION ( 'NONE',  ( -3.231085104332679983E-15, -1.000000000000000000, 2.938735877055720084E-31 ) ) ;
#4610 = DIRECTION ( 'NONE',  ( 0.0000000000000000000, 0.0000000000000000000, -1.000000000000000000 ) ) ;
#4611 = CARTESIAN_POINT ( 'NONE',  ( -3.000000000000000444, 2.591781170833500347, 1.300000000000000044 ) ) ;
#4612 = ORIENTED_EDGE ( 'NONE', *, *, #3982, .T. ) ;
#4613 =( BOUNDED_SURFACE ( )  B_SPLINE_SURFACE ( 3, 3, ( 
 ( #1839, #3064, #5014, #3837 ),
 ( #206, #3424, #233, #5053 ),
 ( #2051, #2449, #898, #2018 ),
 ( #1301, #4856, #3142, #2071 ) ),
 .UNSPECIFIED., .F., .F., .T. ) 
 B_SPLINE_SURFACE_WITH_KNOTS ( ( 4, 4 ),
 ( 4, 4 ),
 ( 0.0000000000000000000, 1.000000000000000000 ),
 ( 0.0000000000000000000, 1.000000000000000000 ),
 .UNSPECIFIED. ) 
 GEOMETRIC_REPRESENTATION_ITEM ( )  RATIONAL_B_SPLINE_SURFACE ( (
 ( 1.000000000000000000, 0.3333333333333337034, 0.3333333333333337034, 1.000000000000000000),
 ( 0.8911066843560517814, 0.2970355614520175935, 0.2970355614520175935, 0.8911066843560517814),
 ( 0.8911066843560517814, 0.2970355614520175935, 0.2970355614520175935, 0.8911066843560517814),
 ( 1.000000000000000000, 0.3333333333333337034, 0.3333333333333337034, 1.000000000000000000) ) ) 
 REPRESENTATION_ITEM ( '' )  SURFACE ( )  );
#4614 = PRESENTATION_LAYER_ASSIGNMENT (  '', '', ( #1913 ) ) ;
#4615 = CARTESIAN_POINT ( 'NONE',  ( 0.0000000000000000000, 0.0000000000000000000, 3.449999999999999734 ) ) ;
#4616 =( LENGTH_UNIT ( ) NAMED_UNIT ( * ) SI_UNIT ( .MILLI., .METRE. ) );
#4617 = ORIENTED_EDGE ( 'NONE', *, *, #4150, .T. ) ;
#4618 = COLOUR_RGB ( '',0.0000000000000000000, 0.0000000000000000000, 0.0000000000000000000 ) ;
#4619 =( GEOMETRIC_REPRESENTATION_CONTEXT ( 3 ) GLOBAL_UNCERTAINTY_ASSIGNED_CONTEXT ( ( #2803 ) ) GLOBAL_UNIT_ASSIGNED_CONTEXT ( ( #1504, #4240, #3468 ) ) REPRESENTATION_CONTEXT ( 'NONE', 'WORKASPACE' ) );
#4620 = PRESENTATION_STYLE_ASSIGNMENT (( #208 ) ) ;
#4621 = PRESENTATION_STYLE_ASSIGNMENT (( #4300 ) ) ;
#4622 = AXIS2_PLACEMENT_3D ( 'NONE', #2054, #2876, #2396 ) ;
#4623 = VECTOR ( 'NONE', #213, 1000.000000000000000 ) ;
#4624 = FILL_AREA_STYLE ('',( #5059 ) ) ;
#4625 = CARTESIAN_POINT ( 'NONE',  ( 2.850000000000000089, -3.000000000000000000, 3.149999999999999911 ) ) ;
#4626 =( NAMED_UNIT ( * ) PLANE_ANGLE_UNIT ( ) SI_UNIT ( $, .RADIAN. ) );
#4627 = VERTEX_POINT ( 'NONE', #4076 ) ;
#4628 = PRESENTATION_LAYER_ASSIGNMENT (  '', '', ( #2599 ) ) ;
#4629 = PRESENTATION_STYLE_ASSIGNMENT (( #4204 ) ) ;
#4630 = PRESENTATION_STYLE_ASSIGNMENT (( #1495 ) ) ;
#4631 = EDGE_CURVE ( 'NONE', #1071, #1056, #2983, .T. ) ;
#4632 = SURFACE_STYLE_USAGE ( .BOTH. , #629 ) ;
#4633 = CARTESIAN_POINT ( 'NONE',  ( 1.163907813993769080, -1.581953906996888648, 3.637779991155306369 ) ) ;
#4634 = ORIENTED_EDGE ( 'NONE', *, *, #5142, .T. ) ;
#4635 = ORIENTED_EDGE ( 'NONE', *, *, #2656, .F. ) ;
#4636 = CARTESIAN_POINT ( 'NONE',  ( 3.000000000000000000, 2.850000000000000089, 0.0000000000000000000 ) ) ;
#4637 = DIRECTION ( 'NONE',  ( 0.0000000000000000000, 0.0000000000000000000, 1.000000000000000000 ) ) ;
#4638 = EDGE_CURVE ( 'NONE', #5086, #2472, #3631, .T. ) ;
#4639 = AXIS2_PLACEMENT_3D ( 'NONE', #2575, #4609, #3414 ) ;
#4640 = MECHANICAL_DESIGN_GEOMETRIC_PRESENTATION_REPRESENTATION (  '', ( #3028 ), #680 ) ;
#4641 = PRODUCT_DEFINITION ( 'UNKNOWN', '', #3941, #4438 ) ;
#4642 = DIRECTION ( 'NONE',  ( 0.0000000000000000000, 0.0000000000000000000, -1.000000000000000000 ) ) ;
#4643 = ORIENTED_EDGE ( 'NONE', *, *, #482, .T. ) ;
#4644 = COLOUR_RGB ( '',0.7529411764705882248, 0.7529411764705882248, 0.7529411764705882248 ) ;
#4645 = UNCERTAINTY_MEASURE_WITH_UNIT (LENGTH_MEASURE( 1.000000000000000082E-05 ), #234, 'distance_accuracy_value', 'NONE');
#4646 = PLANE ( 'NONE',  #3145 ) ;
#4647 = CARTESIAN_POINT ( 'NONE',  ( 3.349999999999999201, 2.591781170833500347, 0.4000000000000000777 ) ) ;
#4648 =( LENGTH_UNIT ( ) NAMED_UNIT ( * ) SI_UNIT ( .MILLI., .METRE. ) );
#4649 = UNCERTAINTY_MEASURE_WITH_UNIT (LENGTH_MEASURE( 1.000000000000000082E-05 ), #2085, 'distance_accuracy_value', 'NONE');
#4650 =( GEOMETRIC_REPRESENTATION_CONTEXT ( 3 ) GLOBAL_UNCERTAINTY_ASSIGNED_CONTEXT ( ( #589 ) ) GLOBAL_UNIT_ASSIGNED_CONTEXT ( ( #5127, #2409, #1604 ) ) REPRESENTATION_CONTEXT ( 'NONE', 'WORKASPACE' ) );
#4651 = SURFACE_STYLE_FILL_AREA ( #4624 ) ;
#4652 = LINE ( 'NONE', #3842, #2126 ) ;
#4653 = CARTESIAN_POINT ( 'NONE',  ( 3.500000000000000000, 2.591781170833500347, 1.000000000000000000 ) ) ;
#4654 = STYLED_ITEM ( 'NONE', ( #601 ), #4725 ) ;
#4655 =( GEOMETRIC_REPRESENTATION_CONTEXT ( 3 ) GLOBAL_UNCERTAINTY_ASSIGNED_CONTEXT ( ( #3170 ) ) GLOBAL_UNIT_ASSIGNED_CONTEXT ( ( #4126, #1799, #4945 ) ) REPRESENTATION_CONTEXT ( 'NONE', 'WORKASPACE' ) );
#4656 = LINE ( 'NONE', #2691, #1623 ) ;
#4657 =( NAMED_UNIT ( * ) PLANE_ANGLE_UNIT ( ) SI_UNIT ( $, .RADIAN. ) );
#4658 =( GEOMETRIC_REPRESENTATION_CONTEXT ( 3 ) GLOBAL_UNCERTAINTY_ASSIGNED_CONTEXT ( ( #265 ) ) GLOBAL_UNIT_ASSIGNED_CONTEXT ( ( #1326, #4230, #2943 ) ) REPRESENTATION_CONTEXT ( 'NONE', 'WORKASPACE' ) );
#4659 = PRESENTATION_LAYER_ASSIGNMENT (  '', '', ( #4229 ) ) ;
#4660 = SURFACE_STYLE_USAGE ( .BOTH. , #5096 ) ;
#4661 = VECTOR ( 'NONE', #1742, 1000.000000000000000 ) ;
#4662 = ORIENTED_EDGE ( 'NONE', *, *, #2528, .F. ) ;
#4663 = ORIENTED_EDGE ( 'NONE', *, *, #3785, .F. ) ;
#4664 = DIRECTION ( 'NONE',  ( -0.0000000000000000000, -1.000000000000000000, -0.0000000000000000000 ) ) ;
#4665 = DIRECTION ( 'NONE',  ( 3.231085104332679983E-15, 1.000000000000000000, -2.938735877055720084E-31 ) ) ;
#4666 = CIRCLE ( 'NONE', #2555, 0.1000000000000000472 ) ;
#4667 = DIRECTION ( 'NONE',  ( 1.000000000000000000, -0.0000000000000000000, 0.0000000000000000000 ) ) ;
#4668 = EDGE_CURVE ( 'NONE', #10, #3944, #2033, .T. ) ;
#4669 = ORIENTED_EDGE ( 'NONE', *, *, #2309, .T. ) ;
#4670 = CARTESIAN_POINT ( 'NONE',  ( 3.250000000000000444, -1.908218829166499431, 1.300000000000000044 ) ) ;
#4671 = DIRECTION ( 'NONE',  ( -0.0000000000000000000, 1.000000000000000000, -0.0000000000000000000 ) ) ;
#4672 = ORIENTED_EDGE ( 'NONE', *, *, #2825, .T. ) ;
#4673 = SURFACE_SIDE_STYLE ('',( #3871 ) ) ;
#4674 =( NAMED_UNIT ( * ) PLANE_ANGLE_UNIT ( ) SI_UNIT ( $, .RADIAN. ) );
#4675 = PRESENTATION_STYLE_ASSIGNMENT (( #3407 ) ) ;
#4676 = FILL_AREA_STYLE ('',( #1895 ) ) ;
#4677 = FACE_OUTER_BOUND ( 'NONE', #5153, .T. ) ;
#4678 =( NAMED_UNIT ( * ) PLANE_ANGLE_UNIT ( ) SI_UNIT ( $, .RADIAN. ) );
#4679 = FACE_OUTER_BOUND ( 'NONE', #124, .T. ) ;
#4680 =( NAMED_UNIT ( * ) PLANE_ANGLE_UNIT ( ) SI_UNIT ( $, .RADIAN. ) );
#4681 = FACE_OUTER_BOUND ( 'NONE', #4705, .T. ) ;
#4682 = LINE ( 'NONE', #2666, #1783 ) ;
#4683 = ORIENTED_EDGE ( 'NONE', *, *, #2302, .F. ) ;
#4684 = ORIENTED_EDGE ( 'NONE', *, *, #4151, .F. ) ;
#4685 =( NAMED_UNIT ( * ) SI_UNIT ( $, .STERADIAN. ) SOLID_ANGLE_UNIT ( ) );
#4686 = SURFACE_STYLE_FILL_AREA ( #3855 ) ;
#4687 = PRODUCT_CONTEXT ( 'NONE', #343, 'mechanical' ) ;
#4688 =( LENGTH_UNIT ( ) NAMED_UNIT ( * ) SI_UNIT ( .MILLI., .METRE. ) );
#4689 = LINE ( 'NONE', #223, #1753 ) ;
#4690 = CARTESIAN_POINT ( 'NONE',  ( 2.000000000000000444, 2.499999999999999556, 3.449999999999999734 ) ) ;
#4691 = ORIENTED_EDGE ( 'NONE', *, *, #1222, .F. ) ;
#4692 = COLOUR_RGB ( '',0.0000000000000000000, 0.0000000000000000000, 0.0000000000000000000 ) ;
#4693 = ADVANCED_FACE ( 'NONE', ( #3092 ), #3410, .T. ) ;
#4694 = EDGE_CURVE ( 'NONE', #225, #1454, #4656, .T. ) ;
#4695 = LINE ( 'NONE', #657, #1989 ) ;
#4696 = ORIENTED_EDGE ( 'NONE', *, *, #3455, .F. ) ;
#4697 = SURFACE_STYLE_USAGE ( .BOTH. , #4673 ) ;
#4698 =( GEOMETRIC_REPRESENTATION_CONTEXT ( 3 ) GLOBAL_UNCERTAINTY_ASSIGNED_CONTEXT ( ( #3539 ) ) GLOBAL_UNIT_ASSIGNED_CONTEXT ( ( #1743, #566, #2505 ) ) REPRESENTATION_CONTEXT ( 'NONE', 'WORKASPACE' ) );
#4699 = PRESENTATION_STYLE_ASSIGNMENT (( #1543 ) ) ;
#4700 = FACE_OUTER_BOUND ( 'NONE', #2419, .T. ) ;
#4701 = EDGE_CURVE ( 'NONE', #3017, #1888, #3847, .T. ) ;
#4702 = UNCERTAINTY_MEASURE_WITH_UNIT (LENGTH_MEASURE( 1.000000000000000082E-05 ), #3117, 'distance_accuracy_value', 'NONE');
#4703 = VECTOR ( 'NONE', #1503, 1000.000000000000000 ) ;
#4704 = DIRECTION ( 'NONE',  ( 0.0000000000000000000, -1.000000000000000000, -0.0000000000000000000 ) ) ;
#4705 = EDGE_LOOP ( 'NONE', ( #497, #2650, #4777, #3324 ) ) ;
#4706 =( NAMED_UNIT ( * ) PLANE_ANGLE_UNIT ( ) SI_UNIT ( $, .RADIAN. ) );
#4707 = SURFACE_SIDE_STYLE ('',( #2614 ) ) ;
#4708 = MECHANICAL_DESIGN_GEOMETRIC_PRESENTATION_REPRESENTATION (  '', ( #4120 ), #329 ) ;
#4709 = SURFACE_SIDE_STYLE ('',( #3480 ) ) ;
#4710 = UNCERTAINTY_MEASURE_WITH_UNIT (LENGTH_MEASURE( 1.000000000000000082E-05 ), #584, 'distance_accuracy_value', 'NONE');
#4711 = ORIENTED_EDGE ( 'NONE', *, *, #3252, .F. ) ;
#4712 = ORIENTED_EDGE ( 'NONE', *, *, #2783, .F. ) ;
#4713 = SURFACE_SIDE_STYLE ('',( #3914 ) ) ;
#4714 = COLOUR_RGB ( '',0.0000000000000000000, 0.0000000000000000000, 0.0000000000000000000 ) ;
#4715 = FILL_AREA_STYLE_COLOUR ( '', #1080 ) ;
#4716 = CLOSED_SHELL ( 'NONE', ( #4011, #1328, #4961, #4858, #1086, #1917, #2784, #2952, #5105, #3656, #2494, #3917, #2076, #1548 ) ) ;
#4717 = MECHANICAL_DESIGN_GEOMETRIC_PRESENTATION_REPRESENTATION (  '', ( #246 ), #2097 ) ;
#4718 = LINE ( 'NONE', #733, #1081 ) ;
#4719 = ORIENTED_EDGE ( 'NONE', *, *, #1641, .F. ) ;
#4720 = SURFACE_SIDE_STYLE ('',( #656 ) ) ;
#4721 = AXIS2_PLACEMENT_3D ( 'NONE', #4347, #3074, #2280 ) ;
#4722 = CARTESIAN_POINT ( 'NONE',  ( -2.000000000000005329, 1.500000000000000000, 3.449999999999999734 ) ) ;
#4723 = VECTOR ( 'NONE', #3155, 1000.000000000000000 ) ;
#4724 = EDGE_LOOP ( 'NONE', ( #4855, #4004, #4033, #3157 ) ) ;
#4725 = ADVANCED_FACE ( 'NONE', ( #3878 ), #5092, .T. ) ;
#4726 = DIRECTION ( 'NONE',  ( -1.000000000000000000, 0.0000000000000000000, -0.0000000000000000000 ) ) ;
#4727 =( NAMED_UNIT ( * ) SI_UNIT ( $, .STERADIAN. ) SOLID_ANGLE_UNIT ( ) );
#4728 = PLANE ( 'NONE',  #3640 ) ;
#4729 = PLANE ( 'NONE',  #1432 ) ;
#4730 = EDGE_CURVE ( 'NONE', #398, #1890, #178, .T. ) ;
#4731 = ADVANCED_FACE ( 'NONE', ( #2300 ), #2186, .T. ) ;
#4732 = CARTESIAN_POINT ( 'NONE',  ( 2.083484861008838784, -1.958257569495579942, 3.750000000000000000 ) ) ;
#4733 =( LENGTH_UNIT ( ) NAMED_UNIT ( * ) SI_UNIT ( .MILLI., .METRE. ) );
#4734 = COLOUR_RGB ( '',0.7529411764705882248, 0.7529411764705882248, 0.7529411764705882248 ) ;
#4735 = CARTESIAN_POINT ( 'NONE',  ( 1.000000000000000000, -3.000000000000000000, 0.0000000000000000000 ) ) ;
#4736 = DIRECTION ( 'NONE',  ( -0.0000000000000000000, -0.0000000000000000000, -1.000000000000000000 ) ) ;
#4737 = DIRECTION ( 'NONE',  ( 0.0000000000000000000, -0.0000000000000000000, 1.000000000000000000 ) ) ;
#4738 = CIRCLE ( 'NONE', #360, 1.750000000000000000 ) ;
#4739 = STYLED_ITEM ( 'NONE', ( #4971 ), #2951 ) ;
#4740 = ORIENTED_EDGE ( 'NONE', *, *, #4934, .F. ) ;
#4741 = DIRECTION ( 'NONE',  ( -1.000000000000000000, 3.231085104332679983E-15, 0.0000000000000000000 ) ) ;
#4742 = DIRECTION ( 'NONE',  ( -0.0000000000000000000, -0.0000000000000000000, -1.000000000000000000 ) ) ;
#4743 = LINE ( 'NONE', #3242, #2376 ) ;
#4744 =( LENGTH_UNIT ( ) NAMED_UNIT ( * ) SI_UNIT ( .MILLI., .METRE. ) );
#4745 =( GEOMETRIC_REPRESENTATION_CONTEXT ( 3 ) GLOBAL_UNCERTAINTY_ASSIGNED_CONTEXT ( ( #437 ) ) GLOBAL_UNIT_ASSIGNED_CONTEXT ( ( #915, #90, #4926 ) ) REPRESENTATION_CONTEXT ( 'NONE', 'WORKASPACE' ) );
#4746 = PRODUCT_DEFINITION_SHAPE ( 'NONE', 'NONE',  #2373 ) ;
#4747 = MECHANICAL_DESIGN_GEOMETRIC_PRESENTATION_REPRESENTATION (  '', ( #2623 ), #3466 ) ;
#4748 = SURFACE_SIDE_STYLE ('',( #2310 ) ) ;
#4749 = STYLED_ITEM ( 'NONE', ( #4822 ), #1893 ) ;
#4750 = CARTESIAN_POINT ( 'NONE',  ( -4.074999999999999289, 2.591781170833500347, 0.0000000000000000000 ) ) ;
#4751 = ORIENTED_EDGE ( 'NONE', *, *, #3759, .F. ) ;
#4752 = VECTOR ( 'NONE', #1835, 1000.000000000000000 ) ;
#4753 = DIRECTION ( 'NONE',  ( 0.0000000000000000000, 0.0000000000000000000, 1.000000000000000000 ) ) ;
#4754 = DIRECTION ( 'NONE',  ( 0.0000000000000000000, -1.000000000000000000, 0.0000000000000000000 ) ) ;
#4755 = ORIENTED_EDGE ( 'NONE', *, *, #4896, .F. ) ;
#4756 = CARTESIAN_POINT ( 'NONE',  ( 1.916515138991160105, -2.041742430504420724, 3.749999999999999556 ) ) ;
#4757 = UNCERTAINTY_MEASURE_WITH_UNIT (LENGTH_MEASURE( 1.000000000000000082E-05 ), #1982, 'distance_accuracy_value', 'NONE');
#4758 = CARTESIAN_POINT ( 'NONE',  ( 3.000000000000000000, 2.850000000000000089, 3.149999999999999911 ) ) ;
#4759 = LINE ( 'NONE', #379, #368 ) ;
#4760 = CARTESIAN_POINT ( 'NONE',  ( -3.250000000000000000, 2.591781170833500347, 1.000000000000000000 ) ) ;
#4761 = DIRECTION ( 'NONE',  ( -0.0000000000000000000, -1.000000000000000000, -0.0000000000000000000 ) ) ;
#4762 =( LENGTH_UNIT ( ) NAMED_UNIT ( * ) SI_UNIT ( .MILLI., .METRE. ) );
#4763 = PRESENTATION_STYLE_ASSIGNMENT (( #1928 ) ) ;
#4764 = DIRECTION ( 'NONE',  ( -1.000000000000000000, 0.0000000000000000000, -0.0000000000000000000 ) ) ;
#4765 = UNCERTAINTY_MEASURE_WITH_UNIT (LENGTH_MEASURE( 1.000000000000000082E-05 ), #3438, 'distance_accuracy_value', 'NONE');
#4766 = EDGE_CURVE ( 'NONE', #2638, #2087, #1866, .T. ) ;
#4767 = ADVANCED_FACE ( 'NONE', ( #2801 ), #4426, .T. ) ;
#4768 = CARTESIAN_POINT ( 'NONE',  ( -1.649999999999999911, -8.082668874372519433E-17, 4.299999999999999822 ) ) ;
#4769 = VERTEX_POINT ( 'NONE', #2003 ) ;
#4770 = ORIENTED_EDGE ( 'NONE', *, *, #2821, .T. ) ;
#4771 = FILL_AREA_STYLE ('',( #4284 ) ) ;
#4772 = CARTESIAN_POINT ( 'NONE',  ( -2.999999999999999556, 2.500000000000000000, 3.450000000000000622 ) ) ;
#4773 = CYLINDRICAL_SURFACE ( 'NONE', #5134, 0.4000000000000001887 ) ;
#4774 = DIRECTION ( 'NONE',  ( 1.000000000000000000, 0.0000000000000000000, -0.0000000000000000000 ) ) ;
#4775 = DIRECTION ( 'NONE',  ( 0.0000000000000000000, 0.0000000000000000000, 1.000000000000000000 ) ) ;
#4776 = CARTESIAN_POINT ( 'NONE',  ( -3.750000000000000000, -1.908218829166499875, 0.4000000000000000222 ) ) ;
#4777 = ORIENTED_EDGE ( 'NONE', *, *, #735, .F. ) ;
#4778 = FILL_AREA_STYLE ('',( #1919 ) ) ;
#4779 =( NAMED_UNIT ( * ) PLANE_ANGLE_UNIT ( ) SI_UNIT ( $, .RADIAN. ) );
#4780 = ORIENTED_EDGE ( 'NONE', *, *, #3491, .T. ) ;
#4781 = CARTESIAN_POINT ( 'NONE',  ( 3.000000000000000888, 2.591781170833500347, 1.300000000000000044 ) ) ;
#4782 = SURFACE_STYLE_USAGE ( .BOTH. , #1617 ) ;
#4783 =( NAMED_UNIT ( * ) PLANE_ANGLE_UNIT ( ) SI_UNIT ( $, .RADIAN. ) );
#4784 = PRESENTATION_STYLE_ASSIGNMENT (( #2428 ) ) ;
#4785 = MECHANICAL_DESIGN_GEOMETRIC_PRESENTATION_REPRESENTATION (  '', ( #3506 ), #3588 ) ;
#4786 = COLOUR_RGB ( '',0.7921568627450980005, 0.8196078431372548767, 0.9333333333333333481 ) ;
#4787 =( LENGTH_UNIT ( ) NAMED_UNIT ( * ) SI_UNIT ( .MILLI., .METRE. ) );
#4788 = PRODUCT ( '4', '4', '', ( #4687 ) ) ;
#4789 = DIRECTION ( 'NONE',  ( -1.000000000000000000, 0.0000000000000000000, 0.0000000000000000000 ) ) ;
#4790 = AXIS2_PLACEMENT_3D ( 'NONE', #1243, #4754, #1138 ) ;
#4791 = CARTESIAN_POINT ( 'NONE',  ( 3.249999999999999556, 1.891781170833501280, 1.300000000000000044 ) ) ;
#4792 = LINE ( 'NONE', #4019, #20 ) ;
#4793 = VERTEX_POINT ( 'NONE', #832 ) ;
#4794 = VERTEX_POINT ( 'NONE', #2032 ) ;
#4795 = EDGE_CURVE ( 'NONE', #4582, #4566, #3645, .T. ) ;
#4796 = VECTOR ( 'NONE', #2754, 1000.000000000000000 ) ;
#4797 = DIRECTION ( 'NONE',  ( -3.231085104332679983E-15, -1.000000000000000000, 0.0000000000000000000 ) ) ;
#4798 = CARTESIAN_POINT ( 'NONE',  ( -3.000000000000000444, 1.500000000000001332, 3.450000000000000622 ) ) ;
#4799 = FILL_AREA_STYLE ('',( #2835 ) ) ;
#4800 = CARTESIAN_POINT ( 'NONE',  ( 0.0000000000000000000, 0.0000000000000000000, 3.149999999999999911 ) ) ;
#4801 = CARTESIAN_POINT ( 'NONE',  ( -3.649999999999999911, 1.891781170833499948, 0.1499999999999999944 ) ) ;
#4802 = VECTOR ( 'NONE', #2688, 1000.000000000000000 ) ;
#4803 = DIRECTION ( 'NONE',  ( -3.231085104332679983E-15, -1.000000000000000000, 0.0000000000000000000 ) ) ;
#4804 = ORIENTED_EDGE ( 'NONE', *, *, #309, .F. ) ;
#4805 = ADVANCED_FACE ( 'NONE', ( #3002 ), #2620, .T. ) ;
#4806 = CIRCLE ( 'NONE', #2521, 0.5000000000000000000 ) ;
#4807 = DIRECTION ( 'NONE',  ( 0.0000000000000000000, 0.0000000000000000000, 1.000000000000000000 ) ) ;
#4808 = SURFACE_STYLE_FILL_AREA ( #822 ) ;
#4809 = ORIENTED_EDGE ( 'NONE', *, *, #2495, .T. ) ;
#4810 = COLOUR_RGB ( '',0.7529411764705882248, 0.7529411764705882248, 0.7529411764705882248 ) ;
#4811 = PRODUCT_CONTEXT ( 'NONE', #523, 'mechanical' ) ;
#4812 = UNCERTAINTY_MEASURE_WITH_UNIT (LENGTH_MEASURE( 1.000000000000000082E-05 ), #1923, 'distance_accuracy_value', 'NONE');
#4813 = FILL_AREA_STYLE_COLOUR ( '', #3735 ) ;
#4814 = COLOUR_RGB ( '',0.7529411764705882248, 0.7529411764705882248, 0.7529411764705882248 ) ;
#4815 =( NAMED_UNIT ( * ) SI_UNIT ( $, .STERADIAN. ) SOLID_ANGLE_UNIT ( ) );
#4816 = DIRECTION ( 'NONE',  ( 0.0000000000000000000, 0.0000000000000000000, 1.000000000000000000 ) ) ;
#4817 = PRESENTATION_LAYER_ASSIGNMENT (  '', '', ( #605 ) ) ;
#4818 = CARTESIAN_POINT ( 'NONE',  ( 1.750000000000000444, -3.499999999999999112, 4.258578643762691129 ) ) ;
#4819 = COLOUR_RGB ( '',0.7529411764705882248, 0.7529411764705882248, 0.7529411764705882248 ) ;
#4820 = DIRECTION ( 'NONE',  ( -3.231085104332679983E-15, -1.000000000000000000, 0.0000000000000000000 ) ) ;
#4821 = UNCERTAINTY_MEASURE_WITH_UNIT (LENGTH_MEASURE( 1.000000000000000082E-05 ), #184, 'distance_accuracy_value', 'NONE');
#4822 = PRESENTATION_STYLE_ASSIGNMENT (( #3581 ) ) ;
#4823 = ORIENTED_EDGE ( 'NONE', *, *, #3405, .T. ) ;
#4824 = AXIS2_PLACEMENT_3D ( 'NONE', #3047, #4637, #729 ) ;
#4825 =( NAMED_UNIT ( * ) PLANE_ANGLE_UNIT ( ) SI_UNIT ( $, .RADIAN. ) );
#4826 = SURFACE_STYLE_USAGE ( .BOTH. , #4287 ) ;
#4827 = CARTESIAN_POINT ( 'NONE',  ( 3.000000000000000000, 1.891781170833503500, 0.0000000000000000000 ) ) ;
#4828 = MECHANICAL_DESIGN_GEOMETRIC_PRESENTATION_REPRESENTATION (  '', ( #4654 ), #2372 ) ;
#4829 = CARTESIAN_POINT ( 'NONE',  ( -3.649999999999999911, 1.891781170833499948, 0.9000000000000000222 ) ) ;
#4830 = FILL_AREA_STYLE ('',( #3970 ) ) ;
#4831 = STYLED_ITEM ( 'NONE', ( #4763 ), #4767 ) ;
#4832 = EDGE_CURVE ( 'NONE', #1616, #3108, #4743, .T. ) ;
#4833 = ADVANCED_FACE ( '1', ( #5156 ), #3512, .T. ) ;
#4834 = STYLED_ITEM ( 'NONE', ( #36 ), #4858 ) ;
#4835 = DIRECTION ( 'NONE',  ( 0.0000000000000000000, 0.0000000000000000000, -1.000000000000000000 ) ) ;
#4836 = VERTEX_POINT ( 'NONE', #3733 ) ;
#4837 = AXIS2_PLACEMENT_3D ( 'NONE', #3146, #745, #5173 ) ;
#4838 = PRODUCT_CONTEXT ( 'NONE', #1122, 'mechanical' ) ;
#4839 = SURFACE_STYLE_FILL_AREA ( #1194 ) ;
#4840 = AXIS2_PLACEMENT_3D ( 'NONE', #1509, #3110, #3421 ) ;
#4841 = FILL_AREA_STYLE_COLOUR ( '', #1472 ) ;
#4842 =( LENGTH_UNIT ( ) NAMED_UNIT ( * ) SI_UNIT ( .MILLI., .METRE. ) );
#4843 = FILL_AREA_STYLE_COLOUR ( '', #3516 ) ;
#4844 = SURFACE_SIDE_STYLE ('',( #3174 ) ) ;
#4845 = CARTESIAN_POINT ( 'NONE',  ( 1.749999999999999556, 2.143131898507868051E-16, 4.258578643762690241 ) ) ;
#4846 = CYLINDRICAL_SURFACE ( 'NONE', #2328, 0.1499999999999999667 ) ;
#4847 = CARTESIAN_POINT ( 'NONE',  ( -1.999999999999997780, -2.246627197996641012, 3.749999999999998224 ) ) ;
#4848 = EDGE_LOOP ( 'NONE', ( #3361, #3300, #4562, #4484 ) ) ;
#4849 = EDGE_LOOP ( 'NONE', ( #4086, #2946, #5063, #2166 ) ) ;
#4850 =( NAMED_UNIT ( * ) PLANE_ANGLE_UNIT ( ) SI_UNIT ( $, .RADIAN. ) );
#4851 = CARTESIAN_POINT ( 'NONE',  ( -2.836092186006221816, 2.418046093003111352, 3.637779991155306814 ) ) ;
#4852 = SURFACE_STYLE_USAGE ( .BOTH. , #394 ) ;
#4853 = FILL_AREA_STYLE ('',( #1656 ) ) ;
#4854 = FILL_AREA_STYLE_COLOUR ( '', #1000 ) ;
#4855 = ORIENTED_EDGE ( 'NONE', *, *, #4018, .F. ) ;
#4856 = CARTESIAN_POINT ( 'NONE',  ( -1.000000000000000222, -2.499999999999998668, 3.450000000000000622 ) ) ;
#4857 = ORIENTED_EDGE ( 'NONE', *, *, #3617, .F. ) ;
#4858 = ADVANCED_FACE ( 'NONE', ( #120 ), #2939, .F. ) ;
#4859 = DIRECTION ( 'NONE',  ( 1.000000000000000000, 0.0000000000000000000, 0.0000000000000000000 ) ) ;
#4860 =( NAMED_UNIT ( * ) SI_UNIT ( $, .STERADIAN. ) SOLID_ANGLE_UNIT ( ) );
#4861 =( LENGTH_UNIT ( ) NAMED_UNIT ( * ) SI_UNIT ( .MILLI., .METRE. ) );
#4862 = UNCERTAINTY_MEASURE_WITH_UNIT (LENGTH_MEASURE( 1.000000000000000082E-05 ), #4861, 'distance_accuracy_value', 'NONE');
#4863 = FACE_OUTER_BOUND ( 'NONE', #480, .T. ) ;
#4864 = PRESENTATION_STYLE_ASSIGNMENT (( #83 ) ) ;
#4865 = ADVANCED_FACE ( 'NONE', ( #3290 ), #2469, .T. ) ;
#4866 = SURFACE_STYLE_USAGE ( .BOTH. , #29 ) ;
#4867 = DIRECTION ( 'NONE',  ( 0.0000000000000000000, -0.0000000000000000000, -1.000000000000000000 ) ) ;
#4868 = LINE ( 'NONE', #3646, #3176 ) ;
#4869 = STYLED_ITEM ( 'NONE', ( #3003 ), #5181 ) ;
#4870 = UNCERTAINTY_MEASURE_WITH_UNIT (LENGTH_MEASURE( 1.000000000000000082E-05 ), #1460, 'distance_accuracy_value', 'NONE');
#4871 = PRODUCT_DEFINITION ( 'UNKNOWN', '', #3687, #1834 ) ;
#4872 =( NAMED_UNIT ( * ) PLANE_ANGLE_UNIT ( ) SI_UNIT ( $, .RADIAN. ) );
#4873 = DIRECTION ( 'NONE',  ( -0.0000000000000000000, 0.0000000000000000000, -1.000000000000000000 ) ) ;
#4874 =( GEOMETRIC_REPRESENTATION_CONTEXT ( 3 ) GLOBAL_UNCERTAINTY_ASSIGNED_CONTEXT ( ( #4862 ) ) GLOBAL_UNIT_ASSIGNED_CONTEXT ( ( #4861, #404, #2422 ) ) REPRESENTATION_CONTEXT ( 'NONE', 'WORKASPACE' ) );
#4875 = VERTEX_POINT ( 'NONE', #63 ) ;
#4876 = ORIENTED_EDGE ( 'NONE', *, *, #16, .T. ) ;
#4877 = CARTESIAN_POINT ( 'NONE',  ( 3.250000000000000000, 2.241781170833500259, 1.300000000000000044 ) ) ;
#4878 =( LENGTH_UNIT ( ) NAMED_UNIT ( * ) SI_UNIT ( .MILLI., .METRE. ) );
#4879 = SURFACE_STYLE_USAGE ( .BOTH. , #2966 ) ;
#4880 =( GEOMETRIC_REPRESENTATION_CONTEXT ( 3 ) GLOBAL_UNCERTAINTY_ASSIGNED_CONTEXT ( ( #4008 ) ) GLOBAL_UNIT_ASSIGNED_CONTEXT ( ( #53, #806, #3231 ) ) REPRESENTATION_CONTEXT ( 'NONE', 'WORKASPACE' ) );
#4881 = DIRECTION ( 'NONE',  ( 0.0000000000000000000, 0.0000000000000000000, 1.000000000000000000 ) ) ;
#4882 = PRESENTATION_LAYER_ASSIGNMENT (  '', '', ( #1914 ) ) ;
#4883 = STYLED_ITEM ( 'NONE', ( #2922 ), #702 ) ;
#4884 = ORIENTED_EDGE ( 'NONE', *, *, #5102, .F. ) ;
#4885 = CARTESIAN_POINT ( 'NONE',  ( 3.350000000000001421, 2.591781170833500347, 0.9000000000000000222 ) ) ;
#4886 = STYLED_ITEM ( 'NONE', ( #4699 ), #3743 ) ;
#4887 = PRESENTATION_LAYER_ASSIGNMENT (  '', '', ( #665 ) ) ;
#4888 = ORIENTED_EDGE ( 'NONE', *, *, #4638, .F. ) ;
#4889 = APPLICATION_PROTOCOL_DEFINITION ( 'draft international standard', 'automotive_design', 1998, #1055 ) ;
#4890 = CARTESIAN_POINT ( 'NONE',  ( -4.500000000000000000, 2.241781170833500259, 0.0000000000000000000 ) ) ;
#4891 = COLOUR_RGB ( '',0.7529411764705882248, 0.7529411764705882248, 0.7529411764705882248 ) ;
#4892 = FACE_OUTER_BOUND ( 'NONE', #4972, .T. ) ;
#4893 =( LENGTH_UNIT ( ) NAMED_UNIT ( * ) SI_UNIT ( .MILLI., .METRE. ) );
#4894 = DIRECTION ( 'NONE',  ( 1.000000000000000000, 0.0000000000000000000, 0.0000000000000000000 ) ) ;
#4895 = FACE_OUTER_BOUND ( 'NONE', #2123, .T. ) ;
#4896 = EDGE_CURVE ( 'NONE', #4793, #5031, #3801, .T. ) ;
#4897 = EDGE_CURVE ( 'NONE', #2972, #1764, #1628, .T. ) ;
#4898 = COLOUR_RGB ( '',0.7529411764705882248, 0.7529411764705882248, 0.7529411764705882248 ) ;
#4899 = EDGE_LOOP ( 'NONE', ( #1130, #2384, #1683, #509 ) ) ;
#4900 = CARTESIAN_POINT ( 'NONE',  ( -3.250000000000000000, 1.891781170833499948, 0.9000000000000000222 ) ) ;
#4901 = CARTESIAN_POINT ( 'NONE',  ( 1.999999999999999556, 1.958257569495584605, 3.250000000000000000 ) ) ;
#4902 = DIRECTION ( 'NONE',  ( 0.0000000000000000000, 0.0000000000000000000, 1.000000000000000000 ) ) ;
#4903 = FILL_AREA_STYLE ('',( #4854 ) ) ;
#4904 = ORIENTED_EDGE ( 'NONE', *, *, #1057, .T. ) ;
#4905 = FACE_OUTER_BOUND ( 'NONE', #3500, .T. ) ;
#4906 =( GEOMETRIC_REPRESENTATION_CONTEXT ( 3 ) GLOBAL_UNCERTAINTY_ASSIGNED_CONTEXT ( ( #4592 ) ) GLOBAL_UNIT_ASSIGNED_CONTEXT ( ( #4878, #3997, #5207 ) ) REPRESENTATION_CONTEXT ( 'NONE', 'WORKASPACE' ) );
#4907 =( NAMED_UNIT ( * ) SI_UNIT ( $, .STERADIAN. ) SOLID_ANGLE_UNIT ( ) );
#4908 = ORIENTED_EDGE ( 'NONE', *, *, #1757, .F. ) ;
#4909 = STYLED_ITEM ( 'NONE', ( #1726 ), #2923 ) ;
#4910 = DIRECTION ( 'NONE',  ( 1.000000000000000000, 0.0000000000000000000, 0.0000000000000000000 ) ) ;
#4911 =( NAMED_UNIT ( * ) PLANE_ANGLE_UNIT ( ) SI_UNIT ( $, .RADIAN. ) );
#4912 =( LENGTH_UNIT ( ) NAMED_UNIT ( * ) SI_UNIT ( .MILLI., .METRE. ) );
#4913 = CIRCLE ( 'NONE', #18, 0.3999999999999999667 ) ;
#4914 = CIRCLE ( 'NONE', #3547, 0.09999999999999982514 ) ;
#4915 = CARTESIAN_POINT ( 'NONE',  ( 2.000000000000000000, 2.500000000000000000, 3.449999999999999734 ) ) ;
#4916 = CARTESIAN_POINT ( 'NONE',  ( 0.0000000000000000000, 3.000000000000000000, 3.149999999999999911 ) ) ;
#4917 = VECTOR ( 'NONE', #1371, 1000.000000000000000 ) ;
#4918 =( LENGTH_UNIT ( ) NAMED_UNIT ( * ) SI_UNIT ( .MILLI., .METRE. ) );
#4919 = CARTESIAN_POINT ( 'NONE',  ( -3.250000000000000000, -1.908218829166499875, 0.9000000000000000222 ) ) ;
#4920 = DIRECTION ( 'NONE',  ( -0.0000000000000000000, -1.000000000000000000, -0.0000000000000000000 ) ) ;
#4921 = SURFACE_STYLE_FILL_AREA ( #1960 ) ;
#4922 = MECHANICAL_DESIGN_GEOMETRIC_PRESENTATION_REPRESENTATION (  '', ( #1964 ), #80 ) ;
#4923 = VERTEX_POINT ( 'NONE', #2090 ) ;
#4924 = ORIENTED_EDGE ( 'NONE', *, *, #1949, .F. ) ;
#4925 = CYLINDRICAL_SURFACE ( 'NONE', #13, 0.09999999999999999167 ) ;
#4926 =( NAMED_UNIT ( * ) SI_UNIT ( $, .STERADIAN. ) SOLID_ANGLE_UNIT ( ) );
#4927 = EDGE_CURVE ( 'NONE', #3485, #42, #619, .T. ) ;
#4928 = EDGE_CURVE ( 'NONE', #2393, #3966, #3751, .T. ) ;
#4929 = DIRECTION ( 'NONE',  ( 1.000000000000000000, -0.0000000000000000000, 0.0000000000000000000 ) ) ;
#4930 = FILL_AREA_STYLE ('',( #4558 ) ) ;
#4931 = ORIENTED_EDGE ( 'NONE', *, *, #4444, .T. ) ;
#4932 = DIRECTION ( 'NONE',  ( 0.0000000000000000000, 0.0000000000000000000, 1.000000000000000000 ) ) ;
#4933 = PRESENTATION_STYLE_ASSIGNMENT (( #4189 ) ) ;
#4934 = EDGE_CURVE ( 'NONE', #3571, #74, #4130, .T. ) ;
#4935 = ORIENTED_EDGE ( 'NONE', *, *, #3464, .T. ) ;
#4936 = CONTEXT_DEPENDENT_SHAPE_REPRESENTATION ( #3072, #3591 ) ;
#4937 = DIRECTION ( 'NONE',  ( -1.000000000000000000, 3.231085104332679983E-15, -0.0000000000000000000 ) ) ;
#4938 = PLANE ( 'NONE',  #2554 ) ;
#4939 = CARTESIAN_POINT ( 'NONE',  ( 3.250000000000001332, -1.908218829166499431, 0.9000000000000000222 ) ) ;
#4940 =( LENGTH_UNIT ( ) NAMED_UNIT ( * ) SI_UNIT ( .MILLI., .METRE. ) );
#4941 = DIRECTION ( 'NONE',  ( 0.0000000000000000000, 0.0000000000000000000, 1.000000000000000000 ) ) ;
#4942 =( LENGTH_UNIT ( ) NAMED_UNIT ( * ) SI_UNIT ( .MILLI., .METRE. ) );
#4943 = DIRECTION ( 'NONE',  ( 1.000000000000000000, 0.0000000000000000000, -0.0000000000000000000 ) ) ;
#4944 = ADVANCED_BREP_SHAPE_REPRESENTATION ( '', ( #1893, #1907 ), #60 ) ;
#4945 =( NAMED_UNIT ( * ) SI_UNIT ( $, .STERADIAN. ) SOLID_ANGLE_UNIT ( ) );
#4946 = ORIENTED_EDGE ( 'NONE', *, *, #2981, .F. ) ;
#4947 = AXIS2_PLACEMENT_3D ( 'NONE', #2769, #3203, #300 ) ;
#4948 = LINE ( 'NONE', #140, #1781 ) ;
#4949 =( NAMED_UNIT ( * ) PLANE_ANGLE_UNIT ( ) SI_UNIT ( $, .RADIAN. ) );
#4950 = DIRECTION ( 'NONE',  ( 0.0000000000000000000, 1.000000000000000000, 0.0000000000000000000 ) ) ;
#4951 = AXIS2_PLACEMENT_3D ( 'NONE', #2350, #5112, #3954 ) ;
#4952 = DIRECTION ( 'NONE',  ( 0.0000000000000000000, -1.000000000000000000, 0.0000000000000000000 ) ) ;
#4953 = ORIENTED_EDGE ( 'NONE', *, *, #4668, .T. ) ;
#4954 = VECTOR ( 'NONE', #3868, 1000.000000000000000 ) ;
#4955 = PRESENTATION_STYLE_ASSIGNMENT (( #1381 ) ) ;
#4956 = DIRECTION ( 'NONE',  ( 0.0000000000000000000, 1.000000000000000000, 0.0000000000000000000 ) ) ;
#4957 =( BOUNDED_CURVE ( )  B_SPLINE_CURVE ( 3, ( #3830, #610, #2577, #682 ),
 .UNSPECIFIED., .F., .F. ) 
 B_SPLINE_CURVE_WITH_KNOTS ( ( 4, 4 ),
 ( 0.0000000000000000000, 1.000000000000000000 ),
 .UNSPECIFIED. ) 
 CURVE ( )  GEOMETRIC_REPRESENTATION_ITEM ( )  RATIONAL_B_SPLINE_CURVE ( ( 1.000000000000000000, 0.3333333333333299286, 0.3333333333333299286, 1.000000000000000000 ) ) 
 REPRESENTATION_ITEM ( '' )  );
#4958 = AXIS2_PLACEMENT_3D ( 'NONE', #1947, #375, #3247 ) ;
#4959 =( GEOMETRIC_REPRESENTATION_CONTEXT ( 3 ) GLOBAL_UNCERTAINTY_ASSIGNED_CONTEXT ( ( #2741 ) ) GLOBAL_UNIT_ASSIGNED_CONTEXT ( ( #3658, #1277, #882 ) ) REPRESENTATION_CONTEXT ( 'NONE', 'WORKASPACE' ) );
#4960 = DIRECTION ( 'NONE',  ( 0.0000000000000000000, 0.0000000000000000000, 1.000000000000000000 ) ) ;
#4961 = ADVANCED_FACE ( 'NONE', ( #3390 ), #4182, .T. ) ;
#4962 = AXIS2_PLACEMENT_3D ( 'NONE', #2086, #4489, #465 ) ;
#4963 = PRODUCT_DEFINITION_SHAPE ( 'NONE', 'NONE',  #3848 ) ;
#4964 = SURFACE_STYLE_FILL_AREA ( #998 ) ;
#4965 = DIRECTION ( 'NONE',  ( 0.0000000000000000000, 0.0000000000000000000, 1.000000000000000000 ) ) ;
#4966 = AXIS2_PLACEMENT_3D ( 'NONE', #2767, #3639, #4816 ) ;
#4967 = SURFACE_STYLE_USAGE ( .BOTH. , #472 ) ;
#4968 = UNCERTAINTY_MEASURE_WITH_UNIT (LENGTH_MEASURE( 1.000000000000000082E-05 ), #2912, 'distance_accuracy_value', 'NONE');
#4969 = LINE ( 'NONE', #981, #3732 ) ;
#4970 = PRESENTATION_LAYER_ASSIGNMENT (  '', '', ( #246 ) ) ;
#4971 = PRESENTATION_STYLE_ASSIGNMENT (( #890 ) ) ;
#4972 = EDGE_LOOP ( 'NONE', ( #183, #4242 ) ) ;
#4973 = PRESENTATION_LAYER_ASSIGNMENT (  '', '', ( #4134 ) ) ;
#4974 = DIRECTION ( 'NONE',  ( 0.0000000000000000000, 0.0000000000000000000, -1.000000000000000000 ) ) ;
#4975 = PRESENTATION_LAYER_ASSIGNMENT (  '', '', ( #3028 ) ) ;
#4976 = DIRECTION ( 'NONE',  ( -1.000000000000000000, 4.336808689942025625E-15, 0.0000000000000000000 ) ) ;
#4977 = PRESENTATION_STYLE_ASSIGNMENT (( #3339 ) ) ;
#4978 = CARTESIAN_POINT ( 'NONE',  ( 3.000000000000000000, -2.850000000000000089, 3.149999999999999911 ) ) ;
#4979 = FILL_AREA_STYLE ('',( #3365 ) ) ;
#4980 = VERTEX_POINT ( 'NONE', #3038 ) ;
#4981 = SURFACE_SIDE_STYLE ('',( #945 ) ) ;
#4982 = FILL_AREA_STYLE ('',( #4138 ) ) ;
#4983 = FILL_AREA_STYLE ('',( #1357 ) ) ;
#4984 = ORIENTED_EDGE ( 'NONE', *, *, #1388, .F. ) ;
#4985 = SHAPE_REPRESENTATION ( '7', ( #1907 ), #4880 ) ;
#4986 = EDGE_CURVE ( 'NONE', #1888, #1470, #4914, .T. ) ;
#4987 = ADVANCED_FACE ( '6', ( #3776 ), #3008, .T. ) ;
#4988 = CARTESIAN_POINT ( 'NONE',  ( -3.349999999999999645, -1.908218829166499875, 0.4000000000000000222 ) ) ;
#4989 = SURFACE_SIDE_STYLE ('',( #3691 ) ) ;
#4990 = FILL_AREA_STYLE_COLOUR ( '', #767 ) ;
#4991 = CARTESIAN_POINT ( 'NONE',  ( -3.000000000000000000, -2.258218829166500186, 1.000000000000000000 ) ) ;
#4992 = AXIS2_PLACEMENT_3D ( 'NONE', #4901, #1752, #1701 ) ;
#4993 = MECHANICAL_DESIGN_GEOMETRIC_PRESENTATION_REPRESENTATION (  '', ( #180 ), #2039 ) ;
#4994 = PLANE ( 'NONE',  #540 ) ;
#4995 =( GEOMETRIC_REPRESENTATION_CONTEXT ( 3 ) GLOBAL_UNCERTAINTY_ASSIGNED_CONTEXT ( ( #4449 ) ) GLOBAL_UNIT_ASSIGNED_CONTEXT ( ( #3285, #4597, #1319 ) ) REPRESENTATION_CONTEXT ( 'NONE', 'WORKASPACE' ) );
#4996 = SURFACE_SIDE_STYLE ('',( #4921 ) ) ;
#4997 = PRESENTATION_LAYER_ASSIGNMENT (  '', '', ( #2198 ) ) ;
#4998 = ORIENTED_EDGE ( 'NONE', *, *, #1974, .F. ) ;
#4999 = DIRECTION ( 'NONE',  ( -3.231085104332679983E-15, -1.000000000000000000, 0.0000000000000000000 ) ) ;
#5000 = STYLED_ITEM ( 'NONE', ( #904 ), #2274 ) ;
#5001 = SURFACE_STYLE_FILL_AREA ( #671 ) ;
#5002 = VECTOR ( 'NONE', #2785, 1000.000000000000000 ) ;
#5003 = LINE ( 'NONE', #4132, #4384 ) ;
#5004 = ORIENTED_EDGE ( 'NONE', *, *, #1451, .T. ) ;
#5005 = FILL_AREA_STYLE ('',( #4531 ) ) ;
#5006 =( LENGTH_UNIT ( ) NAMED_UNIT ( * ) SI_UNIT ( .MILLI., .METRE. ) );
#5007 = CARTESIAN_POINT ( 'NONE',  ( 2.000000000000000444, 2.418046093003111352, 3.637779991155306369 ) ) ;
#5008 = EDGE_LOOP ( 'NONE', ( #2138, #2066, #1106, #1407 ) ) ;
#5009 = SURFACE_STYLE_USAGE ( .BOTH. , #1035 ) ;
#5010 = FACE_OUTER_BOUND ( 'NONE', #1031, .T. ) ;
#5011 = ORIENTED_EDGE ( 'NONE', *, *, #835, .F. ) ;
#5012 = ADVANCED_FACE ( 'NONE', ( #4679 ), #1775, .T. ) ;
#5013 = SHAPE_REPRESENTATION ( '11', ( #1907 ), #1832 ) ;
#5014 = CARTESIAN_POINT ( 'NONE',  ( -1.916515138991161660, -1.958257569495580608, 3.750000000000000444 ) ) ;
#5015 = FILL_AREA_STYLE ('',( #5056 ) ) ;
#5016 = UNCERTAINTY_MEASURE_WITH_UNIT (LENGTH_MEASURE( 1.000000000000000082E-05 ), #169, 'distance_accuracy_value', 'NONE');
#5017 = CARTESIAN_POINT ( 'NONE',  ( 6.938893903907229955E-15, -0.01643765833298820034, 0.0000000000000000000 ) ) ;
#5018 = SURFACE_STYLE_USAGE ( .BOTH. , #1395 ) ;
#5019 = EDGE_CURVE ( 'NONE', #3571, #1192, #1174, .T. ) ;
#5020 = ORIENTED_EDGE ( 'NONE', *, *, #2434, .T. ) ;
#5021 = FILL_AREA_STYLE_COLOUR ( '', #366 ) ;
#5022 = DIRECTION ( 'NONE',  ( -0.0000000000000000000, 0.0000000000000000000, -1.000000000000000000 ) ) ;
#5023 = PRESENTATION_STYLE_ASSIGNMENT (( #3070 ) ) ;
#5024 = CARTESIAN_POINT ( 'NONE',  ( -3.250000000000000000, -2.258218829166500186, 0.9000000000000000222 ) ) ;
#5025 = ORIENTED_EDGE ( 'NONE', *, *, #2302, .T. ) ;
#5026 = DIRECTION ( 'NONE',  ( 0.0000000000000000000, 1.000000000000000000, 0.0000000000000000000 ) ) ;
#5027 = ORIENTED_EDGE ( 'NONE', *, *, #2538, .F. ) ;
#5028 =( GEOMETRIC_REPRESENTATION_CONTEXT ( 3 ) GLOBAL_UNCERTAINTY_ASSIGNED_CONTEXT ( ( #1739 ) ) GLOBAL_UNIT_ASSIGNED_CONTEXT ( ( #1195, #4301, #802 ) ) REPRESENTATION_CONTEXT ( 'NONE', 'WORKASPACE' ) );
#5029 = LINE ( 'NONE', #3420, #4752 ) ;
#5030 = CARTESIAN_POINT ( 'NONE',  ( -1.506745604006711314, 2.246627197996641012, 3.749999999999998224 ) ) ;
#5031 = VERTEX_POINT ( 'NONE', #3961 ) ;
#5032 = AXIS2_PLACEMENT_3D ( 'NONE', #820, #4436, #1536 ) ;
#5033 = PRESENTATION_LAYER_ASSIGNMENT (  '', '', ( #4290 ) ) ;
#5034 = DIRECTION ( 'NONE',  ( -3.231085104332679983E-15, -1.000000000000000000, 2.938735877055720084E-31 ) ) ;
#5035 = CARTESIAN_POINT ( 'NONE',  ( -3.250000000000000000, -2.608218829166499830, 1.300000000000000044 ) ) ;
#5036 = ORIENTED_EDGE ( 'NONE', *, *, #2689, .T. ) ;
#5037 = PRESENTATION_LAYER_ASSIGNMENT (  '', '', ( #510 ) ) ;
#5038 = CARTESIAN_POINT ( 'NONE',  ( -2.850000000000000089, 3.000000000000000000, 3.149999999999999911 ) ) ;
#5039 = EDGE_CURVE ( 'NONE', #4401, #2726, #1070, .T. ) ;
#5040 = ADVANCED_FACE ( 'NONE', ( #808 ), #2719, .F. ) ;
#5041 = EDGE_LOOP ( 'NONE', ( #1431, #3740, #2185, #4857 ) ) ;
#5042 = ORIENTED_EDGE ( 'NONE', *, *, #2167, .F. ) ;
#5043 = SURFACE_SIDE_STYLE ('',( #3854 ) ) ;
#5044 = LINE ( 'NONE', #4348, #943 ) ;
#5045 = PRESENTATION_STYLE_ASSIGNMENT (( #3444 ) ) ;
#5046 = STYLED_ITEM ( 'NONE', ( #4955 ), #449 ) ;
#5047 = CARTESIAN_POINT ( 'NONE',  ( 2.000000000000000444, 2.246627197996641012, 3.749999999999998224 ) ) ;
#5048 = ORIENTED_EDGE ( 'NONE', *, *, #3406, .F. ) ;
#5049 = VECTOR ( 'NONE', #333, 1000.000000000000000 ) ;
#5050 = CIRCLE ( 'NONE', #88, 0.09999999999999999167 ) ;
#5051 = DIRECTION ( 'NONE',  ( 0.0000000000000000000, 0.0000000000000000000, -1.000000000000000000 ) ) ;
#5052 = ORIENTED_EDGE ( 'NONE', *, *, #1183, .T. ) ;
#5053 = CARTESIAN_POINT ( 'NONE',  ( -2.000000000000000000, -1.753372802003358766, 3.749999999999998224 ) ) ;
#5054 = SURFACE_STYLE_FILL_AREA ( #3001 ) ;
#5055 = FILL_AREA_STYLE_COLOUR ( '', #2770 ) ;
#5056 = FILL_AREA_STYLE_COLOUR ( '', #4361 ) ;
#5057 = UNCERTAINTY_MEASURE_WITH_UNIT (LENGTH_MEASURE( 1.000000000000000082E-05 ), #934, 'distance_accuracy_value', 'NONE');
#5058 =( GEOMETRIC_REPRESENTATION_CONTEXT ( 3 ) GLOBAL_UNCERTAINTY_ASSIGNED_CONTEXT ( ( #2478 ) ) GLOBAL_UNIT_ASSIGNED_CONTEXT ( ( #4524, #3362, #2089 ) ) REPRESENTATION_CONTEXT ( 'NONE', 'WORKASPACE' ) );
#5059 = FILL_AREA_STYLE_COLOUR ( '', #884 ) ;
#5060 = SURFACE_SIDE_STYLE ('',( #4250 ) ) ;
#5061 = DIRECTION ( 'NONE',  ( -0.0000000000000000000, -1.000000000000000000, -0.0000000000000000000 ) ) ;
#5062 = AXIS2_PLACEMENT_3D ( 'NONE', #1323, #3750, #528 ) ;
#5063 = ORIENTED_EDGE ( 'NONE', *, *, #2201, .F. ) ;
#5064 =( GEOMETRIC_REPRESENTATION_CONTEXT ( 3 ) GLOBAL_UNCERTAINTY_ASSIGNED_CONTEXT ( ( #4649 ) ) GLOBAL_UNIT_ASSIGNED_CONTEXT ( ( #2085, #4580, #3088 ) ) REPRESENTATION_CONTEXT ( 'NONE', 'WORKASPACE' ) );
#5065 = DIRECTION ( 'NONE',  ( 0.0000000000000000000, 0.0000000000000000000, 1.000000000000000000 ) ) ;
#5066 =( GEOMETRIC_REPRESENTATION_CONTEXT ( 3 ) GLOBAL_UNCERTAINTY_ASSIGNED_CONTEXT ( ( #2433 ) ) GLOBAL_UNIT_ASSIGNED_CONTEXT ( ( #2262, #238, #3476 ) ) REPRESENTATION_CONTEXT ( 'NONE', 'WORKASPACE' ) );
#5067 = FILL_AREA_STYLE_COLOUR ( '', #3858 ) ;
#5068 = STYLED_ITEM ( 'NONE', ( #4404 ), #4833 ) ;
#5069 = PRESENTATION_STYLE_ASSIGNMENT (( #4660 ) ) ;
#5070 = AXIS2_PLACEMENT_3D ( 'NONE', #1975, #1225, #2374 ) ;
#5071 = VERTEX_POINT ( 'NONE', #5178 ) ;
#5072 = ORIENTED_EDGE ( 'NONE', *, *, #4986, .F. ) ;
#5073 = VECTOR ( 'NONE', #977, 1000.000000000000000 ) ;
#5074 = EDGE_CURVE ( 'NONE', #1454, #2755, #4015, .T. ) ;
#5075 = ADVANCED_FACE ( 'NONE', ( #2404 ), #722, .T. ) ;
#5076 = CARTESIAN_POINT ( 'NONE',  ( -4.074999999999999289, -1.908218829166499875, 0.2999999999999999889 ) ) ;
#5077 = APPLICATION_PROTOCOL_DEFINITION ( 'draft international standard', 'automotive_design', 1998, #1494 ) ;
#5078 = SURFACE_STYLE_FILL_AREA ( #3049 ) ;
#5079 = PRESENTATION_LAYER_ASSIGNMENT (  '', '', ( #3400 ) ) ;
#5080 = CARTESIAN_POINT ( 'NONE',  ( 4.074999999999999289, -1.908218829166499875, 0.0000000000000000000 ) ) ;
#5081 = VECTOR ( 'NONE', #1663, 1000.000000000000000 ) ;
#5082 = ORIENTED_EDGE ( 'NONE', *, *, #247, .T. ) ;
#5083 = EDGE_CURVE ( 'NONE', #1299, #3017, #3667, .T. ) ;
#5084 = CARTESIAN_POINT ( 'NONE',  ( -2.850000000000000089, -2.850000000000000089, 0.0000000000000000000 ) ) ;
#5085 =( REPRESENTATION_RELATIONSHIP ('NONE','NONE', #302, #1880 ) REPRESENTATION_RELATIONSHIP_WITH_TRANSFORMATION ( #3827 )SHAPE_REPRESENTATION_RELATIONSHIP( ) );
#5086 = VERTEX_POINT ( 'NONE', #908 ) ;
#5087 =( NAMED_UNIT ( * ) PLANE_ANGLE_UNIT ( ) SI_UNIT ( $, .RADIAN. ) );
#5088 = FILL_AREA_STYLE ('',( #5055 ) ) ;
#5089 = CARTESIAN_POINT ( 'NONE',  ( -3.000000000000000000, 2.241781170833500259, 1.000000000000000000 ) ) ;
#5090 = DIRECTION ( 'NONE',  ( 0.0000000000000000000, 0.0000000000000000000, 1.000000000000000000 ) ) ;
#5091 = CARTESIAN_POINT ( 'NONE',  ( 2.850000000000000089, 3.000000000000000000, 0.0000000000000000000 ) ) ;
#5092 = CYLINDRICAL_SURFACE ( 'NONE', #100, 0.4000000000000000222 ) ;
#5093 = FILL_AREA_STYLE ('',( #1068 ) ) ;
#5094 = CARTESIAN_POINT ( 'NONE',  ( 0.0000000000000000000, 0.0000000000000000000, 4.200000000000000178 ) ) ;
#5095 = DIRECTION ( 'NONE',  ( -0.0000000000000000000, 0.0000000000000000000, 1.000000000000000000 ) ) ;
#5096 = SURFACE_SIDE_STYLE ('',( #3823 ) ) ;
#5097 = VERTEX_POINT ( 'NONE', #4447 ) ;
#5098 =( NAMED_UNIT ( * ) PLANE_ANGLE_UNIT ( ) SI_UNIT ( $, .RADIAN. ) );
#5099 = FACE_OUTER_BOUND ( 'NONE', #3540, .T. ) ;
#5100 = PRODUCT_CONTEXT ( 'NONE', #2832, 'mechanical' ) ;
#5101 =( NAMED_UNIT ( * ) SI_UNIT ( $, .STERADIAN. ) SOLID_ANGLE_UNIT ( ) );
#5102 = EDGE_CURVE ( 'NONE', #2007, #3780, #4868, .T. ) ;
#5103 = CARTESIAN_POINT ( 'NONE',  ( 3.249999999999997780, -2.608218829166498942, 1.000000000000000000 ) ) ;
#5104 = ORIENTED_EDGE ( 'NONE', *, *, #4271, .T. ) ;
#5105 = ADVANCED_FACE ( 'NONE', ( #863 ), #2063, .F. ) ;
#5106 = MECHANICAL_DESIGN_GEOMETRIC_PRESENTATION_REPRESENTATION (  '', ( #4452 ), #3927 ) ;
#5107 = FACE_OUTER_BOUND ( 'NONE', #1278, .T. ) ;
#5108 = VERTEX_POINT ( 'NONE', #1650 ) ;
#5109 = LINE ( 'NONE', #849, #3782 ) ;
#5110 = COLOUR_RGB ( '',0.7529411764705882248, 0.7529411764705882248, 0.7529411764705882248 ) ;
#5111 =( NAMED_UNIT ( * ) SI_UNIT ( $, .STERADIAN. ) SOLID_ANGLE_UNIT ( ) );
#5112 = DIRECTION ( 'NONE',  ( -1.000000000000000000, 0.0000000000000000000, 0.0000000000000000000 ) ) ;
#5113 = UNCERTAINTY_MEASURE_WITH_UNIT (LENGTH_MEASURE( 1.000000000000000082E-05 ), #4688, 'distance_accuracy_value', 'NONE');
#5114 = CIRCLE ( 'NONE', #2844, 0.09999999999999982514 ) ;
#5115 = FACE_OUTER_BOUND ( 'NONE', #1921, .T. ) ;
#5116 = ORIENTED_EDGE ( 'NONE', *, *, #3981, .F. ) ;
#5117 =( LENGTH_UNIT ( ) NAMED_UNIT ( * ) SI_UNIT ( .MILLI., .METRE. ) );
#5118 =( NAMED_UNIT ( * ) PLANE_ANGLE_UNIT ( ) SI_UNIT ( $, .RADIAN. ) );
#5119 = CARTESIAN_POINT ( 'NONE',  ( -3.649999999999999911, 2.241781170833500259, 1.300000000000000044 ) ) ;
#5120 = MECHANICAL_DESIGN_GEOMETRIC_PRESENTATION_REPRESENTATION (  '', ( #665 ), #3690 ) ;
#5121 = FACE_OUTER_BOUND ( 'NONE', #2988, .T. ) ;
#5122 = UNCERTAINTY_MEASURE_WITH_UNIT (LENGTH_MEASURE( 1.000000000000000082E-05 ), #2747, 'distance_accuracy_value', 'NONE');
#5123 = CARTESIAN_POINT ( 'NONE',  ( 1.650000000000000577, -3.299999999999999822, 4.299999999999999822 ) ) ;
#5124 = AXIS2_PLACEMENT_3D ( 'NONE', #894, #989, #1295 ) ;
#5125 = EDGE_LOOP ( 'NONE', ( #3699, #3440, #5204, #4307 ) ) ;
#5126 = CARTESIAN_POINT ( 'NONE',  ( 3.350000000000000089, 2.241781170833500259, 0.9000000000000000222 ) ) ;
#5127 =( LENGTH_UNIT ( ) NAMED_UNIT ( * ) SI_UNIT ( .MILLI., .METRE. ) );
#5128 = DIRECTION ( 'NONE',  ( 3.231085104332679983E-15, 1.000000000000000000, -0.0000000000000000000 ) ) ;
#5129 = CARTESIAN_POINT ( 'NONE',  ( 3.649999999999999911, -2.258218829166500186, 0.3999999999999999667 ) ) ;
#5130 = SURFACE_STYLE_FILL_AREA ( #3543 ) ;
#5131 = PRESENTATION_LAYER_ASSIGNMENT (  '', '', ( #161 ) ) ;
#5132 = CARTESIAN_POINT ( 'NONE',  ( 3.250000000000000444, -1.908218829166499875, 1.000000000000000000 ) ) ;
#5133 = ORIENTED_EDGE ( 'NONE', *, *, #2977, .T. ) ;
#5134 = AXIS2_PLACEMENT_3D ( 'NONE', #732, #5157, #1102 ) ;
#5135 =( NAMED_UNIT ( * ) PLANE_ANGLE_UNIT ( ) SI_UNIT ( $, .RADIAN. ) );
#5136 = DIRECTION ( 'NONE',  ( -1.000000000000000000, 0.0000000000000000000, -0.0000000000000000000 ) ) ;
#5137 =( GEOMETRIC_REPRESENTATION_CONTEXT ( 3 ) GLOBAL_UNCERTAINTY_ASSIGNED_CONTEXT ( ( #320 ) ) GLOBAL_UNIT_ASSIGNED_CONTEXT ( ( #3069, #4680, #276 ) ) REPRESENTATION_CONTEXT ( 'NONE', 'WORKASPACE' ) );
#5138 = ORIENTED_EDGE ( 'NONE', *, *, #4600, .F. ) ;
#5139 = PRESENTATION_STYLE_ASSIGNMENT (( #1140 ) ) ;
#5140 = ADVANCED_FACE ( 'NONE', ( #1258 ), #4846, .T. ) ;
#5141 = FILL_AREA_STYLE ('',( #3952 ) ) ;
#5142 = EDGE_CURVE ( 'NONE', #1793, #175, #4190, .T. ) ;
#5143 = SHAPE_REPRESENTATION_RELATIONSHIP ( 'NONE' , 'NONE' ,  #130, #4060 ) ;
#5144 =( LENGTH_UNIT ( ) NAMED_UNIT ( * ) SI_UNIT ( .MILLI., .METRE. ) );
#5145 =( NAMED_UNIT ( * ) SI_UNIT ( $, .STERADIAN. ) SOLID_ANGLE_UNIT ( ) );
#5146 = PRESENTATION_STYLE_ASSIGNMENT (( #2717 ) ) ;
#5147 =( LENGTH_UNIT ( ) NAMED_UNIT ( * ) SI_UNIT ( .MILLI., .METRE. ) );
#5148 = LINE ( 'NONE', #2355, #4723 ) ;
#5149 =( BOUNDED_CURVE ( )  B_SPLINE_CURVE ( 3, ( #816, #1678, #2411, #4050 ),
 .UNSPECIFIED., .F., .F. ) 
 B_SPLINE_CURVE_WITH_KNOTS ( ( 4, 4 ),
 ( 0.0000000000000000000, 1.000000000000000000 ),
 .UNSPECIFIED. ) 
 CURVE ( )  GEOMETRIC_REPRESENTATION_ITEM ( )  RATIONAL_B_SPLINE_CURVE ( ( 1.000000000000000000, 0.3333333333333299286, 0.3333333333333299286, 1.000000000000000000 ) ) 
 REPRESENTATION_ITEM ( '' )  );
#5150 = DIRECTION ( 'NONE',  ( 1.000000000000000000, 0.0000000000000000000, -0.0000000000000000000 ) ) ;
#5151 = AXIS2_PLACEMENT_3D ( 'NONE', #3175, #4789, #327 ) ;
#5152 = ORIENTED_EDGE ( 'NONE', *, *, #4157, .F. ) ;
#5153 = EDGE_LOOP ( 'NONE', ( #3495, #3625 ) ) ;
#5154 = SURFACE_STYLE_FILL_AREA ( #2727 ) ;
#5155 = AXIS2_PLACEMENT_3D ( 'NONE', #3851, #2643, #4344 ) ;
#5156 = FACE_OUTER_BOUND ( 'NONE', #2964, .T. ) ;
#5157 = DIRECTION ( 'NONE',  ( -3.231085104332679983E-15, -1.000000000000000000, 2.938735877055720084E-31 ) ) ;
#5158 = PRESENTATION_LAYER_ASSIGNMENT (  '', '', ( #1956 ) ) ;
#5159 = PRODUCT ( '2', '2', '', ( #1501 ) ) ;
#5160 = MECHANICAL_DESIGN_GEOMETRIC_PRESENTATION_REPRESENTATION (  '', ( #2198 ), #2712 ) ;
#5161 =( NAMED_UNIT ( * ) SI_UNIT ( $, .STERADIAN. ) SOLID_ANGLE_UNIT ( ) );
#5162 = PLANE ( 'NONE',  #3899 ) ;
#5163 = LINE ( 'NONE', #765, #2511 ) ;
#5164 = ORIENTED_EDGE ( 'NONE', *, *, #4897, .F. ) ;
#5165 = STYLED_ITEM ( 'NONE', ( #737 ), #3343 ) ;
#5166 = SURFACE_STYLE_FILL_AREA ( #4778 ) ;
#5167 = SURFACE_STYLE_FILL_AREA ( #2344 ) ;
#5168 = ORIENTED_EDGE ( 'NONE', *, *, #4474, .T. ) ;
#5169 = CARTESIAN_POINT ( 'NONE',  ( 0.0000000000000000000, 0.0000000000000000000, 0.0000000000000000000 ) ) ;
#5170 = FILL_AREA_STYLE ('',( #1113 ) ) ;
#5171 = DIRECTION ( 'NONE',  ( 0.0000000000000000000, 0.0000000000000000000, 1.000000000000000000 ) ) ;
#5172 = UNCERTAINTY_MEASURE_WITH_UNIT (LENGTH_MEASURE( 1.000000000000000082E-05 ), #4508, 'distance_accuracy_value', 'NONE');
#5173 = DIRECTION ( 'NONE',  ( 1.000000000000000000, 0.0000000000000000000, 0.0000000000000000000 ) ) ;
#5174 = ADVANCED_FACE ( 'NONE', ( #1624 ), #2828, .T. ) ;
#5175 = FACE_OUTER_BOUND ( 'NONE', #1492, .T. ) ;
#5176 = DIRECTION ( 'NONE',  ( -1.000000000000000000, -0.0000000000000000000, 0.0000000000000000000 ) ) ;
#5177 =( NAMED_UNIT ( * ) PLANE_ANGLE_UNIT ( ) SI_UNIT ( $, .RADIAN. ) );
#5178 = CARTESIAN_POINT ( 'NONE',  ( 2.000000000000000000, 2.500000000000000000, 3.449999999999999734 ) ) ;
#5179 = UNCERTAINTY_MEASURE_WITH_UNIT (LENGTH_MEASURE( 1.000000000000000082E-05 ), #4352, 'distance_accuracy_value', 'NONE');
#5180 = CARTESIAN_POINT ( 'NONE',  ( -2.836092186006230698, -1.581953906996888648, 3.637779991155306369 ) ) ;
#5181 = ADVANCED_FACE ( 'NONE', ( #4177 ), #236, .T. ) ;
#5182 = CARTESIAN_POINT ( 'NONE',  ( 1.649999999999999911, 2.020667218593132755E-16, 4.200000000000000178 ) ) ;
#5183 = ORIENTED_EDGE ( 'NONE', *, *, #1288, .F. ) ;
#5184 = FILL_AREA_STYLE_COLOUR ( '', #4494 ) ;
#5185 = FACE_OUTER_BOUND ( 'NONE', #715, .T. ) ;
#5186 = DIRECTION ( 'NONE',  ( -1.000000000000000000, 4.336808689942025625E-15, 0.0000000000000000000 ) ) ;
#5187 = CARTESIAN_POINT ( 'NONE',  ( 3.650000000000001243, 2.591781170833500347, 0.9000000000000000222 ) ) ;
#5188 = ORIENTED_EDGE ( 'NONE', *, *, #966, .T. ) ;
#5189 = VERTEX_POINT ( 'NONE', #1796 ) ;
#5190 = APPLICATION_PROTOCOL_DEFINITION ( 'draft international standard', 'automotive_design', 1998, #3209 ) ;
#5191 = CARTESIAN_POINT ( 'NONE',  ( 0.0000000000000000000, 0.0000000000000000000, 0.0000000000000000000 ) ) ;
#5192 = CONTEXT_DEPENDENT_SHAPE_REPRESENTATION ( #2430, #3503 ) ;
#5193 = AXIS2_PLACEMENT_3D ( 'NONE', #3031, #3358, #3839 ) ;
#5194 =( LENGTH_UNIT ( ) NAMED_UNIT ( * ) SI_UNIT ( .MILLI., .METRE. ) );
#5195 = CYLINDRICAL_SURFACE ( 'NONE', #500, 0.4000000000000001887 ) ;
#5196 = STYLED_ITEM ( 'NONE', ( #4499 ), #3999 ) ;
#5197 =( NAMED_UNIT ( * ) SI_UNIT ( $, .STERADIAN. ) SOLID_ANGLE_UNIT ( ) );
#5198 = PRODUCT_DEFINITION_SHAPE ( 'NONE', 'NONE',  #4087 ) ;
#5199 = FILL_AREA_STYLE_COLOUR ( '', #4099 ) ;
#5200 =( GEOMETRIC_REPRESENTATION_CONTEXT ( 3 ) GLOBAL_UNCERTAINTY_ASSIGNED_CONTEXT ( ( #5179 ) ) GLOBAL_UNIT_ASSIGNED_CONTEXT ( ( #4352, #2335, #5161 ) ) REPRESENTATION_CONTEXT ( 'NONE', 'WORKASPACE' ) );
#5201 = PRESENTATION_LAYER_ASSIGNMENT (  '', '', ( #2244 ) ) ;
#5202 = DIRECTION ( 'NONE',  ( -0.0000000000000000000, -0.0000000000000000000, -1.000000000000000000 ) ) ;
#5203 = PRODUCT_DEFINITION_FORMATION_WITH_SPECIFIED_SOURCE ( 'ANY', '', #4788, .NOT_KNOWN. ) ;
#5204 = ORIENTED_EDGE ( 'NONE', *, *, #4445, .T. ) ;
#5205 = ORIENTED_EDGE ( 'NONE', *, *, #2052, .F. ) ;
#5206 = AXIS2_PLACEMENT_3D ( 'NONE', #3294, #479, #623 ) ;
#5207 =( NAMED_UNIT ( * ) SI_UNIT ( $, .STERADIAN. ) SOLID_ANGLE_UNIT ( ) );
#5208 = SURFACE_STYLE_FILL_AREA ( #3939 ) ;
#5209 = ADVANCED_FACE ( 'NONE', ( #2979 ), #3770, .T. ) ;
#5210 = CARTESIAN_POINT ( 'NONE',  ( -4.500000000000000000, -2.608218829166499830, 0.0000000000000000000 ) ) ;
#5211 = EDGE_CURVE ( 'NONE', #1675, #232, #4417, .T. ) ;
#5212 = CARTESIAN_POINT ( 'NONE',  ( 4.500000000000000000, 2.241781170833500259, 0.0000000000000000000 ) ) ;
#5213 = VECTOR ( 'NONE', #1846, 1000.000000000000000 ) ;
#5214 = DIRECTION ( 'NONE',  ( -0.0000000000000000000, 1.000000000000000000, -0.0000000000000000000 ) ) ;
#5215 = ORIENTED_EDGE ( 'NONE', *, *, #3217, .F. ) ;
#5216 =( GEOMETRIC_REPRESENTATION_CONTEXT ( 3 ) GLOBAL_UNCERTAINTY_ASSIGNED_CONTEXT ( ( #4398 ) ) GLOBAL_UNIT_ASSIGNED_CONTEXT ( ( #303, #4311, #2664 ) ) REPRESENTATION_CONTEXT ( 'NONE', 'WORKASPACE' ) );
#5217 = PRESENTATION_LAYER_ASSIGNMENT (  '', '', ( #4549 ) ) ;
#5218 = CARTESIAN_POINT ( 'NONE',  ( 3.250000000000001332, 2.591781170833501236, 0.9000000000000000222 ) ) ;
#5219 = NEXT_ASSEMBLY_USAGE_OCCURRENCE ( 'NAUO1', ' ', ' ', #524, #182, $ ) ;
#5220 = NEXT_ASSEMBLY_USAGE_OCCURRENCE ( 'NAUO2', ' ', ' ', #524, #4641, $ ) ;
#5221 = NEXT_ASSEMBLY_USAGE_OCCURRENCE ( 'NAUO3', ' ', ' ', #524, #2373, $ ) ;
#5222 = NEXT_ASSEMBLY_USAGE_OCCURRENCE ( 'NAUO4', ' ', ' ', #524, #3918, $ ) ;
#5223 = NEXT_ASSEMBLY_USAGE_OCCURRENCE ( 'NAUO5', ' ', ' ', #524, #352, $ ) ;
#5224 = NEXT_ASSEMBLY_USAGE_OCCURRENCE ( 'NAUO6', ' ', ' ', #524, #2204, $ ) ;
#5225 = NEXT_ASSEMBLY_USAGE_OCCURRENCE ( 'NAUO7', ' ', ' ', #524, #4087, $ ) ;
#5226 = NEXT_ASSEMBLY_USAGE_OCCURRENCE ( 'NAUO8', ' ', ' ', #524, #4871, $ ) ;
#5227 = NEXT_ASSEMBLY_USAGE_OCCURRENCE ( 'NAUO9', ' ', ' ', #524, #3697, $ ) ;
#5228 = NEXT_ASSEMBLY_USAGE_OCCURRENCE ( 'NAUO10', ' ', ' ', #524, #4161, $ ) ;
#5229 = NEXT_ASSEMBLY_USAGE_OCCURRENCE ( 'NAUO11', ' ', ' ', #524, #3848, $ ) ;
ENDSEC;
END-ISO-10303-21;
