ISO-10303-21;
HEADER;
FILE_DESCRIPTION (( 'STEP AP214' ),
    '1' );
FILE_NAME ('User Library-LED_1006_R.STEP',
    '2026-08-16T06:53:17',
    ( '' ),
    ( '' ),
    'SwSTEP 2.0',
    'SolidWorks 2022',
    '' );
FILE_SCHEMA (( 'AUTOMOTIVE_DESIGN' ));
ENDSEC;

DATA;
#1 = ORIENTED_EDGE ( 'NONE', *, *, #3116, .F. ) ;
#2 = LINE ( 'NONE', #930, #917 ) ;
#3 = CARTESIAN_POINT ( 'NONE',  ( 0.3713942890050658252, -0.2600000000000331490, -3.184081677784105993E-17 ) ) ;
#4 = EDGE_CURVE ( 'NONE', #2546, #1292, #2433, .T. ) ;
#5 = ORIENTED_EDGE ( 'NONE', *, *, #671, .T. ) ;
#6 = DIRECTION ( 'NONE',  ( 0.0000000000000000000, 1.000000000000000000, -1.224646799146999945E-16 ) ) ;
#7 =( REPRESENTATION_RELATIONSHIP ('NONE','NONE', #1405, #2313 ) REPRESENTATION_RELATIONSHIP_WITH_TRANSFORMATION ( #2063 )SHAPE_REPRESENTATION_RELATIONSHIP( ) );
#8 = EDGE_CURVE ( 'NONE', #3404, #2890, #74, .T. ) ;
#9 = ORIENTED_EDGE ( 'NONE', *, *, #2325, .F. ) ;
#10 = AXIS2_PLACEMENT_3D ( 'NONE', #3302, #2299, #4275 ) ;
#11 =( NAMED_UNIT ( * ) SI_UNIT ( $, .STERADIAN. ) SOLID_ANGLE_UNIT ( ) );
#12 = DIRECTION ( 'NONE',  ( -0.0000000000000000000, 1.000000000000000000, 0.0000000000000000000 ) ) ;
#13 = CARTESIAN_POINT ( 'NONE',  ( 0.1000000000000000194, 0.2999999999999999889, 0.0000000000000000000 ) ) ;
#14 = FILL_AREA_STYLE_COLOUR ( '', #1500 ) ;
#15 = ORIENTED_EDGE ( 'NONE', *, *, #933, .T. ) ;
#16 = DIRECTION ( 'NONE',  ( 0.0000000000000000000, 1.000000000000000000, -1.355252715606880543E-16 ) ) ;
#17 = PRESENTATION_LAYER_ASSIGNMENT (  '', '', ( #848 ) ) ;
#18 = CARTESIAN_POINT ( 'NONE',  ( 0.0000000000000000000, 0.0000000000000000000, 0.0000000000000000000 ) ) ;
#19 = SURFACE_STYLE_USAGE ( .BOTH. , #340 ) ;
#20 = MECHANICAL_DESIGN_GEOMETRIC_PRESENTATION_REPRESENTATION (  '', ( #3908 ), #2040 ) ;
#21 = LINE ( 'NONE', #2029, #2884 ) ;
#22 = ORIENTED_EDGE ( 'NONE', *, *, #1758, .T. ) ;
#23 = FILL_AREA_STYLE ('',( #1945 ) ) ;
#24 = AXIS2_PLACEMENT_3D ( 'NONE', #1890, #3285, #2366 ) ;
#25 = STYLED_ITEM ( 'NONE', ( #2617 ), #958 ) ;
#26 = CARTESIAN_POINT ( 'NONE',  ( -0.2999999999999999889, -0.2999999999999999889, 0.0000000000000000000 ) ) ;
#27 = SURFACE_STYLE_FILL_AREA ( #3383 ) ;
#28 = UNCERTAINTY_MEASURE_WITH_UNIT (LENGTH_MEASURE( 1.000000000000000082E-05 ), #642, 'distance_accuracy_value', 'NONE');
#29 = SURFACE_STYLE_FILL_AREA ( #2294 ) ;
#30 = CARTESIAN_POINT ( 'NONE',  ( 0.2849999999999999756, -0.2849999999999999756, 0.1400000000000000133 ) ) ;
#31 = UNCERTAINTY_MEASURE_WITH_UNIT (LENGTH_MEASURE( 1.000000000000000082E-05 ), #1085, 'distance_accuracy_value', 'NONE');
#32 = MECHANICAL_DESIGN_GEOMETRIC_PRESENTATION_REPRESENTATION (  '', ( #518 ), #928 ) ;
#33 = PLANE ( 'NONE',  #1260 ) ;
#34 = SURFACE_STYLE_FILL_AREA ( #3010 ) ;
#35 = EDGE_CURVE ( 'NONE', #190, #1156, #1138, .T. ) ;
#36 = EDGE_CURVE ( 'NONE', #3021, #2306, #969, .T. ) ;
#37 = AXIS2_PLACEMENT_3D ( 'NONE', #2665, #2991, #907 ) ;
#38 = SURFACE_SIDE_STYLE ('',( #2065 ) ) ;
#39 = DIRECTION ( 'NONE',  ( -0.0000000000000000000, 1.000000000000000000, 0.0000000000000000000 ) ) ;
#40 = PRESENTATION_STYLE_ASSIGNMENT (( #1729 ) ) ;
#41 = AXIS2_PLACEMENT_3D ( 'NONE', #2337, #2693, #393 ) ;
#42 = FILL_AREA_STYLE ('',( #2682 ) ) ;
#43 = PRESENTATION_STYLE_ASSIGNMENT (( #694 ) ) ;
#44 = DIRECTION ( 'NONE',  ( -0.0000000000000000000, -0.0000000000000000000, -1.000000000000000000 ) ) ;
#45 = VERTEX_POINT ( 'NONE', #1770 ) ;
#46 = DIRECTION ( 'NONE',  ( 0.0000000000000000000, 0.0000000000000000000, 1.000000000000000000 ) ) ;
#47 = DIRECTION ( 'NONE',  ( 0.0000000000000000000, 1.000000000000000000, -0.0000000000000000000 ) ) ;
#48 = MECHANICAL_DESIGN_GEOMETRIC_PRESENTATION_REPRESENTATION (  '', ( #3106 ), #1708 ) ;
#49 = ORIENTED_EDGE ( 'NONE', *, *, #3990, .F. ) ;
#50 = CARTESIAN_POINT ( 'NONE',  ( -0.4949999999999999956, -0.2999999999999999889, 0.06000000000000000472 ) ) ;
#51 = APPLICATION_PROTOCOL_DEFINITION ( 'draft international standard', 'automotive_design', 1998, #1631 ) ;
#52 =( LENGTH_UNIT ( ) NAMED_UNIT ( * ) SI_UNIT ( .MILLI., .METRE. ) );
#53 = PRESENTATION_LAYER_ASSIGNMENT (  '', '', ( #486 ) ) ;
#54 = ORIENTED_EDGE ( 'NONE', *, *, #2677, .F. ) ;
#55 = STYLED_ITEM ( 'NONE', ( #3214 ), #3755 ) ;
#56 = SURFACE_STYLE_USAGE ( .BOTH. , #2720 ) ;
#57 = ADVANCED_FACE ( 'NONE', ( #2067 ), #427, .T. ) ;
#58 = EDGE_CURVE ( 'NONE', #2836, #1087, #559, .T. ) ;
#59 = SURFACE_STYLE_USAGE ( .BOTH. , #3081 ) ;
#60 = ORIENTED_EDGE ( 'NONE', *, *, #1397, .F. ) ;
#61 = SURFACE_SIDE_STYLE ('',( #2995 ) ) ;
#62 = ORIENTED_EDGE ( 'NONE', *, *, #1070, .T. ) ;
#63 = FILL_AREA_STYLE_COLOUR ( '', #3542 ) ;
#64 = UNCERTAINTY_MEASURE_WITH_UNIT (LENGTH_MEASURE( 1.000000000000000082E-05 ), #2010, 'distance_accuracy_value', 'NONE');
#65 = CARTESIAN_POINT ( 'NONE',  ( -0.5000000000000000000, -0.2999999999999999889, 0.0000000000000000000 ) ) ;
#66 = CARTESIAN_POINT ( 'NONE',  ( 0.2937867965644035406, -0.2937867965644035406, 0.1399999999999999856 ) ) ;
#67 = CARTESIAN_POINT ( 'NONE',  ( 0.5000000000000000000, -0.2085786437628452672, 0.08000000000000000167 ) ) ;
#68 = ORIENTED_EDGE ( 'NONE', *, *, #2089, .F. ) ;
#69 =( GEOMETRIC_REPRESENTATION_CONTEXT ( 3 ) GLOBAL_UNCERTAINTY_ASSIGNED_CONTEXT ( ( #3073 ) ) GLOBAL_UNIT_ASSIGNED_CONTEXT ( ( #1842, #221, #2169 ) ) REPRESENTATION_CONTEXT ( 'NONE', 'WORKASPACE' ) );
#70 = UNCERTAINTY_MEASURE_WITH_UNIT (LENGTH_MEASURE( 1.000000000000000082E-05 ), #827, 'distance_accuracy_value', 'NONE');
#71 = SHAPE_DEFINITION_REPRESENTATION ( #1671, #2313 ) ;
#72 = DIRECTION ( 'NONE',  ( -0.0000000000000000000, 0.0000000000000000000, 1.000000000000000000 ) ) ;
#73 = VERTEX_POINT ( 'NONE', #3372 ) ;
#74 = LINE ( 'NONE', #2390, #1723 ) ;
#75 = DIRECTION ( 'NONE',  ( -1.000000000000000000, -0.0000000000000000000, 0.0000000000000000000 ) ) ;
#76 =( NAMED_UNIT ( * ) PLANE_ANGLE_UNIT ( ) SI_UNIT ( $, .RADIAN. ) );
#77 = CARTESIAN_POINT ( 'NONE',  ( 0.4949999999999999956, 0.1891429205787729384, 0.05999999999999999778 ) ) ;
#78 = AXIS2_PLACEMENT_3D ( 'NONE', #1903, #936, #3583 ) ;
#79 = ORIENTED_EDGE ( 'NONE', *, *, #781, .F. ) ;
#80 = CARTESIAN_POINT ( 'NONE',  ( -0.5000000000000000000, -0.2599999999999999534, 0.0000000000000000000 ) ) ;
#81 = VERTEX_POINT ( 'NONE', #2745 ) ;
#82 = MECHANICAL_DESIGN_GEOMETRIC_PRESENTATION_REPRESENTATION (  '', ( #3701 ), #2314 ) ;
#83 = DIRECTION ( 'NONE',  ( 0.0000000000000000000, -0.0000000000000000000, 1.000000000000000000 ) ) ;
#84 = EDGE_CURVE ( 'NONE', #3351, #1369, #2415, .T. ) ;
#85 = VECTOR ( 'NONE', #2750, 1000.000000000000000 ) ;
#86 = EDGE_CURVE ( 'NONE', #3290, #1503, #2049, .T. ) ;
#87 =( GEOMETRIC_REPRESENTATION_CONTEXT ( 3 ) GLOBAL_UNCERTAINTY_ASSIGNED_CONTEXT ( ( #3384 ) ) GLOBAL_UNIT_ASSIGNED_CONTEXT ( ( #826, #2501, #3877 ) ) REPRESENTATION_CONTEXT ( 'NONE', 'WORKASPACE' ) );
#88 = AXIS2_PLACEMENT_3D ( 'NONE', #1628, #1263, #2278 ) ;
#89 = PRESENTATION_STYLE_ASSIGNMENT (( #3360 ) ) ;
#90 = CIRCLE ( 'NONE', #511, 0.1700000000000000122 ) ;
#91 = DIRECTION ( 'NONE',  ( 0.0000000000000000000, 1.000000000000000000, 1.185846126156020228E-16 ) ) ;
#92 = PRESENTATION_STYLE_ASSIGNMENT (( #465 ) ) ;
#93 = ORIENTED_EDGE ( 'NONE', *, *, #854, .T. ) ;
#94 = DIRECTION ( 'NONE',  ( -0.0000000000000000000, -0.0000000000000000000, -1.000000000000000000 ) ) ;
#95 = AXIS2_PLACEMENT_3D ( 'NONE', #378, #2341, #3670 ) ;
#96 = AXIS2_PLACEMENT_3D ( 'NONE', #4176, #895, #3862 ) ;
#97 =( NAMED_UNIT ( * ) PLANE_ANGLE_UNIT ( ) SI_UNIT ( $, .RADIAN. ) );
#98 = ORIENTED_EDGE ( 'NONE', *, *, #750, .T. ) ;
#99 = DIRECTION ( 'NONE',  ( -0.0000000000000000000, -0.0000000000000000000, -1.000000000000000000 ) ) ;
#100 = LINE ( 'NONE', #3417, #4259 ) ;
#101 = AXIS2_PLACEMENT_3D ( 'NONE', #3737, #2092, #3418 ) ;
#102 = FACE_OUTER_BOUND ( 'NONE', #329, .T. ) ;
#103 = CARTESIAN_POINT ( 'NONE',  ( -0.4085786437630000156, -0.2999999999999999889, 0.0000000000000000000 ) ) ;
#104 = CARTESIAN_POINT ( 'NONE',  ( 0.4749999999999319766, 0.1645950378226359312, 0.07999999999999998779 ) ) ;
#105 = VERTEX_POINT ( 'NONE', #1726 ) ;
#106 =( GEOMETRIC_REPRESENTATION_CONTEXT ( 3 ) GLOBAL_UNCERTAINTY_ASSIGNED_CONTEXT ( ( #109 ) ) GLOBAL_UNIT_ASSIGNED_CONTEXT ( ( #1009, #2316, #3338 ) ) REPRESENTATION_CONTEXT ( 'NONE', 'WORKASPACE' ) );
#107 = PLANE ( 'NONE',  #899 ) ;
#108 = VERTEX_POINT ( 'NONE', #1793 ) ;
#109 = UNCERTAINTY_MEASURE_WITH_UNIT (LENGTH_MEASURE( 1.000000000000000082E-05 ), #1009, 'distance_accuracy_value', 'NONE');
#110 = ADVANCED_FACE ( 'NONE', ( #3126 ), #3052, .F. ) ;
#111 = CARTESIAN_POINT ( 'NONE',  ( 0.5500000000000000444, -0.3499999999999999778, 0.05999999999999999778 ) ) ;
#112 = EDGE_CURVE ( 'NONE', #261, #2414, #840, .T. ) ;
#113 =( LENGTH_UNIT ( ) NAMED_UNIT ( * ) SI_UNIT ( .MILLI., .METRE. ) );
#114 =( NAMED_UNIT ( * ) SI_UNIT ( $, .STERADIAN. ) SOLID_ANGLE_UNIT ( ) );
#115 = ORIENTED_EDGE ( 'NONE', *, *, #112, .T. ) ;
#116 = ORIENTED_EDGE ( 'NONE', *, *, #697, .F. ) ;
#117 = DIRECTION ( 'NONE',  ( -1.000000000000000000, 0.0000000000000000000, -0.0000000000000000000 ) ) ;
#118 = ORIENTED_EDGE ( 'NONE', *, *, #3446, .T. ) ;
#119 = SURFACE_STYLE_USAGE ( .BOTH. , #3102 ) ;
#120 = PRESENTATION_LAYER_ASSIGNMENT (  '', '', ( #2488 ) ) ;
#121 = CARTESIAN_POINT ( 'NONE',  ( -0.2000000000000000111, -0.2999999999999999889, 0.0000000000000000000 ) ) ;
#122 =( GEOMETRIC_REPRESENTATION_CONTEXT ( 3 ) GLOBAL_UNCERTAINTY_ASSIGNED_CONTEXT ( ( #1409 ) ) GLOBAL_UNIT_ASSIGNED_CONTEXT ( ( #2452, #3526, #3479 ) ) REPRESENTATION_CONTEXT ( 'NONE', 'WORKASPACE' ) );
#123 = AXIS2_PLACEMENT_3D ( 'NONE', #1219, #3277, #3621 ) ;
#124 = ORIENTED_EDGE ( 'NONE', *, *, #3363, .T. ) ;
#125 = ORIENTED_EDGE ( 'NONE', *, *, #1876, .F. ) ;
#126 = EDGE_LOOP ( 'NONE', ( #3027, #4294, #3146 ) ) ;
#127 = SURFACE_STYLE_USAGE ( .BOTH. , #4172 ) ;
#128 = CARTESIAN_POINT ( 'NONE',  ( 0.3563508326900000078, 0.2999999999999999889, 0.0000000000000000000 ) ) ;
#129 = CARTESIAN_POINT ( 'NONE',  ( 0.2000000000000000111, -0.2600000000000000089, 0.02000000000000000042 ) ) ;
#130 = COLOUR_RGB ( '',0.7921568627450980005, 0.8196078431372548767, 0.9333333333333333481 ) ;
#131 = ADVANCED_FACE ( 'NONE', ( #4162 ), #1860, .F. ) ;
#132 = VERTEX_POINT ( 'NONE', #3174 ) ;
#133 = FACE_OUTER_BOUND ( 'NONE', #2653, .T. ) ;
#134 = DIRECTION ( 'NONE',  ( 1.000000000000000000, -9.274621392321998436E-15, 1.135813540141000073E-30 ) ) ;
#135 = FILL_AREA_STYLE ('',( #1790 ) ) ;
#136 =( NAMED_UNIT ( * ) PLANE_ANGLE_UNIT ( ) SI_UNIT ( $, .RADIAN. ) );
#137 = ORIENTED_EDGE ( 'NONE', *, *, #1046, .F. ) ;
#138 = DIRECTION ( 'NONE',  ( 0.0000000000000000000, 0.0000000000000000000, -1.000000000000000000 ) ) ;
#139 = AXIS2_PLACEMENT_3D ( 'NONE', #2127, #3079, #138 ) ;
#140 = MECHANICAL_DESIGN_GEOMETRIC_PRESENTATION_REPRESENTATION (  '', ( #3829 ), #1962 ) ;
#141 = CARTESIAN_POINT ( 'NONE',  ( -0.05000000000000000278, 0.1499999999999999944, -1.551054894538499630E-19 ) ) ;
#142 =( NAMED_UNIT ( * ) PLANE_ANGLE_UNIT ( ) SI_UNIT ( $, .RADIAN. ) );
#143 = ORIENTED_EDGE ( 'NONE', *, *, #1958, .T. ) ;
#144 = FILL_AREA_STYLE_COLOUR ( '', #3158 ) ;
#145 = COLOUR_RGB ( '',0.7803921568627451011, 0.5686274509803921351, 0.1137254901960784298 ) ;
#146 = ORIENTED_EDGE ( 'NONE', *, *, #698, .F. ) ;
#147 = LINE ( 'NONE', #3486, #3356 ) ;
#148 =( LENGTH_UNIT ( ) NAMED_UNIT ( * ) SI_UNIT ( .MILLI., .METRE. ) );
#149 =( GEOMETRIC_REPRESENTATION_CONTEXT ( 3 ) GLOBAL_UNCERTAINTY_ASSIGNED_CONTEXT ( ( #3297 ) ) GLOBAL_UNIT_ASSIGNED_CONTEXT ( ( #1294, #276, #3617 ) ) REPRESENTATION_CONTEXT ( 'NONE', 'WORKASPACE' ) );
#150 = AXIS2_PLACEMENT_3D ( 'NONE', #1733, #2645, #2729 ) ;
#151 =( NAMED_UNIT ( * ) SI_UNIT ( $, .STERADIAN. ) SOLID_ANGLE_UNIT ( ) );
#152 = CARTESIAN_POINT ( 'NONE',  ( 0.4949999999999999956, -0.1891429205790000068, 0.02000000000000000042 ) ) ;
#153 = STYLED_ITEM ( 'NONE', ( #2177 ), #1727 ) ;
#154 = MECHANICAL_DESIGN_GEOMETRIC_PRESENTATION_REPRESENTATION (  '', ( #25 ), #1600 ) ;
#155 = ORIENTED_EDGE ( 'NONE', *, *, #1121, .T. ) ;
#156 = PLANE ( 'NONE',  #3972 ) ;
#157 = UNCERTAINTY_MEASURE_WITH_UNIT (LENGTH_MEASURE( 1.000000000000000082E-05 ), #1164, 'distance_accuracy_value', 'NONE');
#158 = CYLINDRICAL_SURFACE ( 'NONE', #159, 0.1700000000000000122 ) ;
#159 = AXIS2_PLACEMENT_3D ( 'NONE', #3210, #1474, #898 ) ;
#160 = CARTESIAN_POINT ( 'NONE',  ( -0.4085786437627249024, 0.2999999999999027889, 0.0000000000000000000 ) ) ;
#161 = CARTESIAN_POINT ( 'NONE',  ( 0.1000000000000000056, -0.2999999999999999889, 0.0000000000000000000 ) ) ;
#162 = UNCERTAINTY_MEASURE_WITH_UNIT (LENGTH_MEASURE( 1.000000000000000082E-05 ), #52, 'distance_accuracy_value', 'NONE');
#163 = ADVANCED_FACE ( 'NONE', ( #3478 ), #573, .F. ) ;
#164 = CARTESIAN_POINT ( 'NONE',  ( -0.05000000000000000278, 0.1499999999999999944, -3.877637236346249075E-20 ) ) ;
#165 = EDGE_CURVE ( 'NONE', #2288, #444, #1283, .T. ) ;
#166 = CARTESIAN_POINT ( 'NONE',  ( -0.4949999999999999956, 0.2999999999999999889, 0.02000000000000000042 ) ) ;
#167 = DIRECTION ( 'NONE',  ( -0.0000000000000000000, -0.0000000000000000000, 1.000000000000000000 ) ) ;
#168 = PRESENTATION_LAYER_ASSIGNMENT (  '', '', ( #1476 ) ) ;
#169 = VERTEX_POINT ( 'NONE', #3904 ) ;
#170 = CARTESIAN_POINT ( 'NONE',  ( 0.2999999999999999889, -0.2999999999999999889, 0.0000000000000000000 ) ) ;
#171 = DIRECTION ( 'NONE',  ( 1.000000000000000000, -9.274621392321998436E-15, 1.135813540141000073E-30 ) ) ;
#172 = ORIENTED_EDGE ( 'NONE', *, *, #3705, .F. ) ;
#173 = CYLINDRICAL_SURFACE ( 'NONE', #2175, 0.2000000000000000389 ) ;
#174 = SURFACE_STYLE_FILL_AREA ( #2156 ) ;
#175 = VECTOR ( 'NONE', #419, 1000.000000000000000 ) ;
#176 = PRESENTATION_STYLE_ASSIGNMENT (( #2862 ) ) ;
#177 = SURFACE_SIDE_STYLE ('',( #3745 ) ) ;
#178 = EDGE_LOOP ( 'NONE', ( #1560, #3886, #1128, #3798 ) ) ;
#179 =( NAMED_UNIT ( * ) PLANE_ANGLE_UNIT ( ) SI_UNIT ( $, .RADIAN. ) );
#180 = SURFACE_SIDE_STYLE ('',( #513 ) ) ;
#181 = FILL_AREA_STYLE ('',( #4210 ) ) ;
#182 = PRODUCT_RELATED_PRODUCT_CATEGORY ( 'part', '', ( #1937 ) ) ;
#183 = DIRECTION ( 'NONE',  ( 0.0000000000000000000, 0.0000000000000000000, 1.000000000000000000 ) ) ;
#184 = EDGE_CURVE ( 'NONE', #2531, #264, #3623, .T. ) ;
#185 = AXIS2_PLACEMENT_3D ( 'NONE', #1423, #3140, #2780 ) ;
#186 = ORIENTED_EDGE ( 'NONE', *, *, #990, .T. ) ;
#187 = PRESENTATION_LAYER_ASSIGNMENT (  '', '', ( #1783 ) ) ;
#188 = DIRECTION ( 'NONE',  ( 0.0000000000000000000, 0.0000000000000000000, -1.000000000000000000 ) ) ;
#189 = EDGE_CURVE ( 'NONE', #3021, #2582, #2570, .T. ) ;
#190 = VERTEX_POINT ( 'NONE', #984 ) ;
#191 = MECHANICAL_DESIGN_GEOMETRIC_PRESENTATION_REPRESENTATION (  '', ( #55 ), #3111 ) ;
#192 = CARTESIAN_POINT ( 'NONE',  ( -0.2999999999999999889, 0.2999999999999999889, 0.1337867965644035650 ) ) ;
#193 = SURFACE_STYLE_USAGE ( .BOTH. , #912 ) ;
#194 = VECTOR ( 'NONE', #4082, 1000.000000000000000 ) ;
#195 = CARTESIAN_POINT ( 'NONE',  ( 0.4949999999999999956, -0.2999999999999999889, 0.06000000000000000472 ) ) ;
#196 = ORIENTED_EDGE ( 'NONE', *, *, #4091, .F. ) ;
#197 = FACE_OUTER_BOUND ( 'NONE', #580, .T. ) ;
#198 = CARTESIAN_POINT ( 'NONE',  ( -0.3875192319069999947, 0.2999999999999999889, 0.0000000000000000000 ) ) ;
#199 = CLOSED_SHELL ( 'NONE', ( #3419, #1402, #1697, #3334, #616, #992, #2322, #1728, #4207, #885, #2457, #2513, #1452, #1727, #3788, #3627, #3728, #3281, #2657, #3755, #2376, #2377, #1482, #3812, #2481, #292 ) ) ;
#200 = COLOUR_RGB ( '',1.000000000000000000, 0.0000000000000000000, 0.0000000000000000000 ) ;
#201 = LINE ( 'NONE', #864, #3658 ) ;
#202 = DIRECTION ( 'NONE',  ( -0.0000000000000000000, -0.0000000000000000000, -1.000000000000000000 ) ) ;
#203 =( NAMED_UNIT ( * ) PLANE_ANGLE_UNIT ( ) SI_UNIT ( $, .RADIAN. ) );
#204 = CARTESIAN_POINT ( 'NONE',  ( -0.3875192319071404379, 0.2999999999999999889, 0.02000000000000003858 ) ) ;
#205 = EDGE_LOOP ( 'NONE', ( #2483, #941, #464, #3270 ) ) ;
#206 = MECHANICAL_DESIGN_GEOMETRIC_PRESENTATION_REPRESENTATION (  '', ( #3554 ), #69 ) ;
#207 = CARTESIAN_POINT ( 'NONE',  ( 0.3875192319071404379, -0.2999999999999999889, 0.05999999999999999778 ) ) ;
#208 = SURFACE_SIDE_STYLE ('',( #3549 ) ) ;
#209 = VERTEX_POINT ( 'NONE', #1980 ) ;
#210 = CARTESIAN_POINT ( 'NONE',  ( 0.4085786437628452505, 0.2999999999999999889, 0.08000000000000000167 ) ) ;
#211 = ADVANCED_FACE ( 'NONE', ( #2616 ), #922, .F. ) ;
#212 = EDGE_CURVE ( 'NONE', #1676, #806, #1262, .T. ) ;
#213 =( NAMED_UNIT ( * ) PLANE_ANGLE_UNIT ( ) SI_UNIT ( $, .RADIAN. ) );
#214 =( GEOMETRIC_REPRESENTATION_CONTEXT ( 3 ) GLOBAL_UNCERTAINTY_ASSIGNED_CONTEXT ( ( #1360 ) ) GLOBAL_UNIT_ASSIGNED_CONTEXT ( ( #897, #2163, #1837 ) ) REPRESENTATION_CONTEXT ( 'NONE', 'WORKASPACE' ) );
#215 = SURFACE_STYLE_FILL_AREA ( #1924 ) ;
#216 = VERTEX_POINT ( 'NONE', #639 ) ;
#217 = STYLED_ITEM ( 'NONE', ( #2466 ), #1482 ) ;
#218 = VECTOR ( 'NONE', #1297, 1000.000000000000000 ) ;
#219 = COLOUR_RGB ( '',0.7803921568627451011, 0.5686274509803921351, 0.1137254901960784298 ) ;
#220 = CARTESIAN_POINT ( 'NONE',  ( 0.5500000000000000444, -0.3499999999999999778, 4.286263797010733491E-17 ) ) ;
#221 =( NAMED_UNIT ( * ) PLANE_ANGLE_UNIT ( ) SI_UNIT ( $, .RADIAN. ) );
#222 = PRESENTATION_LAYER_ASSIGNMENT (  '', '', ( #4110 ) ) ;
#223 = DIRECTION ( 'NONE',  ( 0.0000000000000000000, 1.000000000000000000, -1.224646799146999699E-16 ) ) ;
#224 = DIRECTION ( 'NONE',  ( 0.0000000000000000000, 0.0000000000000000000, 1.000000000000000000 ) ) ;
#225 = CARTESIAN_POINT ( 'NONE',  ( -0.4999999999999102385, 0.1563508326896523304, -1.914745467975008224E-17 ) ) ;
#226 = COLOUR_RGB ( '',0.7803921568627451011, 0.5686274509803921351, 0.1137254901960784298 ) ;
#227 = MECHANICAL_DESIGN_GEOMETRIC_PRESENTATION_REPRESENTATION (  '', ( #3981 ), #989 ) ;
#228 = CARTESIAN_POINT ( 'NONE',  ( -0.5500000000000000444, -0.3499999999999999778, 0.0000000000000000000 ) ) ;
#229 = AXIS2_PLACEMENT_3D ( 'NONE', #987, #2676, #3113 ) ;
#230 = COLOUR_RGB ( '',0.7803921568627451011, 0.5686274509803921351, 0.1137254901960784298 ) ;
#231 = ORIENTED_EDGE ( 'NONE', *, *, #4287, .T. ) ;
#232 =( GEOMETRIC_REPRESENTATION_CONTEXT ( 3 ) GLOBAL_UNCERTAINTY_ASSIGNED_CONTEXT ( ( #1239 ) ) GLOBAL_UNIT_ASSIGNED_CONTEXT ( ( #3595, #2286, #1635 ) ) REPRESENTATION_CONTEXT ( 'NONE', 'WORKASPACE' ) );
#233 = CARTESIAN_POINT ( 'NONE',  ( 0.2849999999999999756, 0.2999999999999999889, 0.1250000000000000000 ) ) ;
#234 = FILL_AREA_STYLE ('',( #4201 ) ) ;
#235 = EDGE_CURVE ( 'NONE', #1289, #350, #3258, .T. ) ;
#236 = EDGE_CURVE ( 'NONE', #2675, #2539, #1243, .T. ) ;
#237 = SURFACE_STYLE_FILL_AREA ( #306 ) ;
#238 = UNCERTAINTY_MEASURE_WITH_UNIT (LENGTH_MEASURE( 1.000000000000000082E-05 ), #148, 'distance_accuracy_value', 'NONE');
#239 = AXIS2_PLACEMENT_3D ( 'NONE', #1183, #3129, #2453 ) ;
#240 = SURFACE_STYLE_USAGE ( .BOTH. , #2843 ) ;
#241 = VECTOR ( 'NONE', #1952, 1000.000000000000000 ) ;
#242 = DIRECTION ( 'NONE',  ( -0.0000000000000000000, 1.224646799146999945E-16, 1.000000000000000000 ) ) ;
#243 = LINE ( 'NONE', #3256, #3740 ) ;
#244 = VERTEX_POINT ( 'NONE', #942 ) ;
#245 = DIRECTION ( 'NONE',  ( 1.000000000000000000, 0.0000000000000000000, 0.0000000000000000000 ) ) ;
#246 = SURFACE_SIDE_STYLE ('',( #3241 ) ) ;
#247 = LINE ( 'NONE', #2561, #3432 ) ;
#248 = DIRECTION ( 'NONE',  ( 0.0000000000000000000, -1.000000000000000000, -0.0000000000000000000 ) ) ;
#249 = PRESENTATION_LAYER_ASSIGNMENT (  '', '', ( #3803 ) ) ;
#250 = PRESENTATION_STYLE_ASSIGNMENT (( #2643 ) ) ;
#251 = ORIENTED_EDGE ( 'NONE', *, *, #1271, .F. ) ;
#252 = SURFACE_STYLE_USAGE ( .BOTH. , #627 ) ;
#253 = DIRECTION ( 'NONE',  ( 0.0000000000000000000, 0.0000000000000000000, -1.000000000000000000 ) ) ;
#254 = CARTESIAN_POINT ( 'NONE',  ( -0.4949999999999222799, 0.1577111547697281346, -1.931404608786746271E-17 ) ) ;
#255 = LINE ( 'NONE', #322, #2764 ) ;
#256 = MECHANICAL_DESIGN_GEOMETRIC_PRESENTATION_REPRESENTATION (  '', ( #1714 ), #4150 ) ;
#257 = SURFACE_STYLE_FILL_AREA ( #2932 ) ;
#258 = FACE_OUTER_BOUND ( 'NONE', #456, .T. ) ;
#259 = COLOUR_RGB ( '',1.000000000000000000, 0.0000000000000000000, 0.0000000000000000000 ) ;
#260 = DIRECTION ( 'NONE',  ( 0.0000000000000000000, 1.224646799146999945E-16, -1.000000000000000000 ) ) ;
#261 = VERTEX_POINT ( 'NONE', #621 ) ;
#262 = VECTOR ( 'NONE', #4214, 1000.000000000000000 ) ;
#263 = CARTESIAN_POINT ( 'NONE',  ( -0.4949999999999999956, -0.2999999999999999889, 0.06000000000000000472 ) ) ;
#264 = VERTEX_POINT ( 'NONE', #285 ) ;
#265 = FILL_AREA_STYLE_COLOUR ( '', #3780 ) ;
#266 = EDGE_CURVE ( 'NONE', #1292, #2432, #2985, .T. ) ;
#267 = EDGE_CURVE ( 'NONE', #3036, #209, #3345, .T. ) ;
#268 =( NAMED_UNIT ( * ) PLANE_ANGLE_UNIT ( ) SI_UNIT ( $, .RADIAN. ) );
#269 = CARTESIAN_POINT ( 'NONE',  ( 0.5500000000000000444, 0.3499999999999999778, 0.02000000000000000042 ) ) ;
#270 = PLANE ( 'NONE',  #3606 ) ;
#271 = ORIENTED_EDGE ( 'NONE', *, *, #3466, .T. ) ;
#272 = STYLED_ITEM ( 'NONE', ( #2699 ), #57 ) ;
#273 = CARTESIAN_POINT ( 'NONE',  ( 0.4085786437630000156, 0.2999999999999999889, 0.0000000000000000000 ) ) ;
#274 = DIRECTION ( 'NONE',  ( 1.000000000000000000, 0.0000000000000000000, 0.0000000000000000000 ) ) ;
#275 = ORIENTED_EDGE ( 'NONE', *, *, #3003, .F. ) ;
#276 =( NAMED_UNIT ( * ) PLANE_ANGLE_UNIT ( ) SI_UNIT ( $, .RADIAN. ) );
#277 = CARTESIAN_POINT ( 'NONE',  ( 0.3152661081139450094, 0.2999999999999999889, 0.06000000000000000472 ) ) ;
#278 = SURFACE_STYLE_FILL_AREA ( #1999 ) ;
#279 = DIRECTION ( 'NONE',  ( -0.0000000000000000000, -1.224646799146999945E-16, 1.000000000000000000 ) ) ;
#280 = UNCERTAINTY_MEASURE_WITH_UNIT (LENGTH_MEASURE( 1.000000000000000082E-05 ), #2395, 'distance_accuracy_value', 'NONE');
#281 = CARTESIAN_POINT ( 'NONE',  ( 0.4999999999999101274, -0.1563508326896523304, 1.914745467975008224E-17 ) ) ;
#282 =( GEOMETRIC_REPRESENTATION_CONTEXT ( 3 ) GLOBAL_UNCERTAINTY_ASSIGNED_CONTEXT ( ( #2512 ) ) GLOBAL_UNIT_ASSIGNED_CONTEXT ( ( #3019, #2440, #2669 ) ) REPRESENTATION_CONTEXT ( 'NONE', 'WORKASPACE' ) );
#283 = SURFACE_STYLE_USAGE ( .BOTH. , #3300 ) ;
#284 = ORIENTED_EDGE ( 'NONE', *, *, #3116, .T. ) ;
#285 = CARTESIAN_POINT ( 'NONE',  ( -0.1000000000000000056, 0.1499999999999999944, -0.01000000000000000021 ) ) ;
#286 =( NAMED_UNIT ( * ) SI_UNIT ( $, .STERADIAN. ) SOLID_ANGLE_UNIT ( ) );
#287 = CARTESIAN_POINT ( 'NONE',  ( -0.3563508326896407952, -0.2999999999999550804, 0.01999999999999999695 ) ) ;
#288 = PRESENTATION_LAYER_ASSIGNMENT (  '', '', ( #3701 ) ) ;
#289 = VECTOR ( 'NONE', #2684, 1000.000000000000000 ) ;
#290 = CARTESIAN_POINT ( 'NONE',  ( 0.4949999999999999956, -0.2999999999999999889, 0.02000000000000000042 ) ) ;
#291 = VERTEX_POINT ( 'NONE', #663 ) ;
#292 = ADVANCED_FACE ( 'NONE', ( #3985 ), #3667, .F. ) ;
#293 = CIRCLE ( 'NONE', #3642, 0.1499999999999999667 ) ;
#294 = EDGE_CURVE ( 'NONE', #291, #73, #3387, .T. ) ;
#295 = LINE ( 'NONE', #1990, #4187 ) ;
#296 = FILL_AREA_STYLE_COLOUR ( '', #4088 ) ;
#297 = MECHANICAL_DESIGN_GEOMETRIC_PRESENTATION_REPRESENTATION (  '', ( #2589 ), #3296 ) ;
#298 = PRESENTATION_STYLE_ASSIGNMENT (( #3287 ) ) ;
#299 = ORIENTED_EDGE ( 'NONE', *, *, #1121, .F. ) ;
#300 =( NAMED_UNIT ( * ) PLANE_ANGLE_UNIT ( ) SI_UNIT ( $, .RADIAN. ) );
#301 = MECHANICAL_DESIGN_GEOMETRIC_PRESENTATION_REPRESENTATION (  '', ( #1608 ), #1905 ) ;
#302 = CARTESIAN_POINT ( 'NONE',  ( -0.05000000000000000278, -0.1499999999999999944, 0.0000000000000000000 ) ) ;
#303 = CARTESIAN_POINT ( 'NONE',  ( 0.4749999999999334754, 0.1645950378226353483, 0.01999999999999999001 ) ) ;
#304 = DIRECTION ( 'NONE',  ( 0.0000000000000000000, 0.0000000000000000000, 1.000000000000000000 ) ) ;
#305 =( GEOMETRIC_REPRESENTATION_CONTEXT ( 3 ) GLOBAL_UNCERTAINTY_ASSIGNED_CONTEXT ( ( #2549 ) ) GLOBAL_UNIT_ASSIGNED_CONTEXT ( ( #1277, #608, #630 ) ) REPRESENTATION_CONTEXT ( 'NONE', 'WORKASPACE' ) );
#306 = FILL_AREA_STYLE ('',( #1949 ) ) ;
#307 = CARTESIAN_POINT ( 'NONE',  ( 0.2937867965644035406, 0.2937867965644035406, 0.1399999999999999856 ) ) ;
#308 = VECTOR ( 'NONE', #1521, 1000.000000000000000 ) ;
#309 = CARTESIAN_POINT ( 'NONE',  ( -0.3563508326896523415, -0.2999999999999102274, -3.673940397441400060E-17 ) ) ;
#310 = VERTEX_POINT ( 'NONE', #3409 ) ;
#311 = SURFACE_STYLE_FILL_AREA ( #3609 ) ;
#312 = ORIENTED_EDGE ( 'NONE', *, *, #2631, .T. ) ;
#313 = DIRECTION ( 'NONE',  ( -1.000000000000000000, -9.274621392321998436E-15, 1.135813540141000073E-30 ) ) ;
#314 = VECTOR ( 'NONE', #962, 1000.000000000000000 ) ;
#315 = DIRECTION ( 'NONE',  ( 0.0000000000000000000, 1.224646799146999945E-16, -1.000000000000000000 ) ) ;
#316 = VERTEX_POINT ( 'NONE', #67 ) ;
#317 = EDGE_CURVE ( 'NONE', #2522, #715, #395, .T. ) ;
#318 = VERTEX_POINT ( 'NONE', #1716 ) ;
#319 = DIRECTION ( 'NONE',  ( -0.0000000000000000000, 1.224646799146999945E-16, 1.000000000000000000 ) ) ;
#320 = PLANE ( 'NONE',  #2578 ) ;
#321 = COLOUR_RGB ( '',0.8274509803921568096, 0.8274509803921568096, 0.8274509803921568096 ) ;
#322 = CARTESIAN_POINT ( 'NONE',  ( 0.5000000000000000000, 0.1563508326899999967, 0.0000000000000000000 ) ) ;
#323 = ADVANCED_FACE ( 'NONE', ( #3097 ), #3364, .T. ) ;
#324 = DIRECTION ( 'NONE',  ( 0.0000000000000000000, 0.0000000000000000000, -1.000000000000000000 ) ) ;
#325 = UNCERTAINTY_MEASURE_WITH_UNIT (LENGTH_MEASURE( 1.000000000000000082E-05 ), #1513, 'distance_accuracy_value', 'NONE');
#326 = PRODUCT_DEFINITION_SHAPE ( 'NONE', 'NONE',  #4303 ) ;
#327 = DIRECTION ( 'NONE',  ( 0.0000000000000000000, -1.224646799146999945E-16, -1.000000000000000000 ) ) ;
#328 = MECHANICAL_DESIGN_GEOMETRIC_PRESENTATION_REPRESENTATION (  '', ( #3465 ), #611 ) ;
#329 = EDGE_LOOP ( 'NONE', ( #3998, #845, #2639, #3482 ) ) ;
#330 = PRESENTATION_STYLE_ASSIGNMENT (( #3590 ) ) ;
#331 =( NAMED_UNIT ( * ) PLANE_ANGLE_UNIT ( ) SI_UNIT ( $, .RADIAN. ) );
#332 = AXIS2_PLACEMENT_3D ( 'NONE', #233, #1553, #2881 ) ;
#333 = DIRECTION ( 'NONE',  ( -1.135813540141000073E-30, -1.053424055708070232E-44, -1.000000000000000000 ) ) ;
#334 = APPLICATION_PROTOCOL_DEFINITION ( 'draft international standard', 'automotive_design', 1998, #2235 ) ;
#335 =( GEOMETRIC_REPRESENTATION_CONTEXT ( 3 ) GLOBAL_UNCERTAINTY_ASSIGNED_CONTEXT ( ( #3177 ) ) GLOBAL_UNIT_ASSIGNED_CONTEXT ( ( #1296, #2997, #3643 ) ) REPRESENTATION_CONTEXT ( 'NONE', 'WORKASPACE' ) );
#336 = CARTESIAN_POINT ( 'NONE',  ( 0.3000000000000000444, 0.2950000000000000400, 0.0000000000000000000 ) ) ;
#337 = ORIENTED_EDGE ( 'NONE', *, *, #957, .F. ) ;
#338 = CARTESIAN_POINT ( 'NONE',  ( -0.5000000000000000000, 0.2999999999999999889, 0.0000000000000000000 ) ) ;
#339 = MECHANICAL_DESIGN_GEOMETRIC_PRESENTATION_REPRESENTATION (  '', ( #2083 ), #552 ) ;
#340 = SURFACE_SIDE_STYLE ('',( #1273 ) ) ;
#341 = ORIENTED_EDGE ( 'NONE', *, *, #3229, .T. ) ;
#342 = SURFACE_SIDE_STYLE ('',( #1393 ) ) ;
#343 = PRESENTATION_STYLE_ASSIGNMENT (( #3759 ) ) ;
#344 =( NAMED_UNIT ( * ) SI_UNIT ( $, .STERADIAN. ) SOLID_ANGLE_UNIT ( ) );
#345 = EDGE_CURVE ( 'NONE', #2521, #4117, #1182, .T. ) ;
#346 = CARTESIAN_POINT ( 'NONE',  ( -0.2999999999999999889, 0.2950000000000000955, 0.0000000000000000000 ) ) ;
#347 = EDGE_CURVE ( 'NONE', #1079, #108, #792, .T. ) ;
#348 =( GEOMETRIC_REPRESENTATION_CONTEXT ( 3 ) GLOBAL_UNCERTAINTY_ASSIGNED_CONTEXT ( ( #4158 ) ) GLOBAL_UNIT_ASSIGNED_CONTEXT ( ( #1072, #3429, #2102 ) ) REPRESENTATION_CONTEXT ( 'NONE', 'WORKASPACE' ) );
#349 = VERTEX_POINT ( 'NONE', #881 ) ;
#350 = VERTEX_POINT ( 'NONE', #3493 ) ;
#351 = CIRCLE ( 'NONE', #3562, 0.2400000000000000466 ) ;
#352 = SURFACE_STYLE_USAGE ( .BOTH. , #1982 ) ;
#353 = CYLINDRICAL_SURFACE ( 'NONE', #3367, 0.1499999999999999667 ) ;
#354 = CONTEXT_DEPENDENT_SHAPE_REPRESENTATION ( #3267, #3399 ) ;
#355 = MECHANICAL_DESIGN_GEOMETRIC_PRESENTATION_REPRESENTATION (  '', ( #1822 ), #3428 ) ;
#356 = SURFACE_STYLE_USAGE ( .BOTH. , #3714 ) ;
#357 = VERTEX_POINT ( 'NONE', #1449 ) ;
#358 = AXIS2_PLACEMENT_3D ( 'NONE', #3688, #742, #1090 ) ;
#359 = CARTESIAN_POINT ( 'NONE',  ( -0.5500000000000000444, -0.3499999999999999778, 0.08000000000000002942 ) ) ;
#360 =( GEOMETRIC_REPRESENTATION_CONTEXT ( 3 ) GLOBAL_UNCERTAINTY_ASSIGNED_CONTEXT ( ( #771 ) ) GLOBAL_UNIT_ASSIGNED_CONTEXT ( ( #2505, #3533, #526 ) ) REPRESENTATION_CONTEXT ( 'NONE', 'WORKASPACE' ) );
#361 = CARTESIAN_POINT ( 'NONE',  ( 0.2999999999999999889, -0.2849999999999999756, 0.1400000000000000133 ) ) ;
#362 = PRESENTATION_LAYER_ASSIGNMENT (  '', '', ( #787 ) ) ;
#363 = FILL_AREA_STYLE_COLOUR ( '', #1495 ) ;
#364 = ORIENTED_EDGE ( 'NONE', *, *, #1641, .T. ) ;
#365 = LINE ( 'NONE', #2014, #852 ) ;
#366 = CYLINDRICAL_SURFACE ( 'NONE', #2249, 0.1499999999999999667 ) ;
#367 = ORIENTED_EDGE ( 'NONE', *, *, #1757, .F. ) ;
#368 = CIRCLE ( 'NONE', #857, 0.2400000000000000189 ) ;
#369 = FACE_OUTER_BOUND ( 'NONE', #1163, .T. ) ;
#370 = VECTOR ( 'NONE', #789, 1000.000000000000000 ) ;
#371 = FACE_OUTER_BOUND ( 'NONE', #2444, .T. ) ;
#372 = PRESENTATION_LAYER_ASSIGNMENT (  '', '', ( #518 ) ) ;
#373 = EDGE_CURVE ( 'NONE', #2853, #2832, #812, .T. ) ;
#374 = ADVANCED_FACE ( 'NONE', ( #133 ), #156, .F. ) ;
#375 = SURFACE_STYLE_FILL_AREA ( #3072 ) ;
#376 = COLOUR_RGB ( '',0.7803921568627451011, 0.5686274509803921351, 0.1137254901960784298 ) ;
#377 = EDGE_LOOP ( 'NONE', ( #3485, #380, #1579 ) ) ;
#378 = CARTESIAN_POINT ( 'NONE',  ( 0.5500000000000000444, 0.3499999999999999778, 0.02000000000000000042 ) ) ;
#379 = FILL_AREA_STYLE ('',( #2047 ) ) ;
#380 = ORIENTED_EDGE ( 'NONE', *, *, #751, .T. ) ;
#381 = FILL_AREA_STYLE ('',( #2785 ) ) ;
#382 = VECTOR ( 'NONE', #3945, 1000.000000000000000 ) ;
#383 = PLANE ( 'NONE',  #3851 ) ;
#384 = DIRECTION ( 'NONE',  ( -0.0000000000000000000, -0.0000000000000000000, 1.000000000000000000 ) ) ;
#385 = CYLINDRICAL_SURFACE ( 'NONE', #1355, 0.1499999999999999667 ) ;
#386 = VERTEX_POINT ( 'NONE', #1808 ) ;
#387 =( NAMED_UNIT ( * ) PLANE_ANGLE_UNIT ( ) SI_UNIT ( $, .RADIAN. ) );
#388 = ORIENTED_EDGE ( 'NONE', *, *, #2946, .F. ) ;
#389 = FACE_OUTER_BOUND ( 'NONE', #2728, .T. ) ;
#390 =( BOUNDED_CURVE ( )  B_SPLINE_CURVE ( 3, ( #30, #66, #661, #743 ),
 .UNSPECIFIED., .F., .T. ) 
 B_SPLINE_CURVE_WITH_KNOTS ( ( 4, 4 ),
 ( 4.712388980384689674, 6.283185307179586232 ),
 .UNSPECIFIED. ) 
 CURVE ( )  GEOMETRIC_REPRESENTATION_ITEM ( )  RATIONAL_B_SPLINE_CURVE ( ( 1.000000000000000000, 0.8047378541243649375, 0.8047378541243649375, 1.000000000000000000 ) ) 
 REPRESENTATION_ITEM ( '' )  );
#391 = PRESENTATION_STYLE_ASSIGNMENT (( #1340 ) ) ;
#392 = DIRECTION ( 'NONE',  ( -1.000000000000000000, 0.0000000000000000000, 0.0000000000000000000 ) ) ;
#393 = DIRECTION ( 'NONE',  ( 1.000000000000000000, 0.0000000000000000000, -0.0000000000000000000 ) ) ;
#394 =( GEOMETRIC_REPRESENTATION_CONTEXT ( 3 ) GLOBAL_UNCERTAINTY_ASSIGNED_CONTEXT ( ( #3127 ) ) GLOBAL_UNIT_ASSIGNED_CONTEXT ( ( #2456, #1392, #2727 ) ) REPRESENTATION_CONTEXT ( 'NONE', 'WORKASPACE' ) );
#395 = LINE ( 'NONE', #1380, #2912 ) ;
#396 = EDGE_LOOP ( 'NONE', ( #2741, #196, #1885, #54 ) ) ;
#397 = CARTESIAN_POINT ( 'NONE',  ( -0.05000000000000000278, 0.2999999999999999889, 0.0000000000000000000 ) ) ;
#398 = PRODUCT_DEFINITION ( 'UNKNOWN', '', #1719, #1812 ) ;
#399 = STYLED_ITEM ( 'NONE', ( #1961 ), #3602 ) ;
#400 = APPLICATION_PROTOCOL_DEFINITION ( 'draft international standard', 'automotive_design', 1998, #2747 ) ;
#401 = DIRECTION ( 'NONE',  ( -0.0000000000000000000, 1.000000000000000000, 1.034036596358999946E-18 ) ) ;
#402 = DIRECTION ( 'NONE',  ( 1.000000000000000000, 0.0000000000000000000, 0.0000000000000000000 ) ) ;
#403 =( GEOMETRIC_REPRESENTATION_CONTEXT ( 3 ) GLOBAL_UNCERTAINTY_ASSIGNED_CONTEXT ( ( #4027 ) ) GLOBAL_UNIT_ASSIGNED_CONTEXT ( ( #2746, #710, #2052 ) ) REPRESENTATION_CONTEXT ( 'NONE', 'WORKASPACE' ) );
#404 = ORIENTED_EDGE ( 'NONE', *, *, #3496, .F. ) ;
#405 = CIRCLE ( 'NONE', #1789, 0.2400000000000000189 ) ;
#406 = DIRECTION ( 'NONE',  ( -0.0000000000000000000, -0.0000000000000000000, 1.000000000000000000 ) ) ;
#407 = ADVANCED_FACE ( 'NONE', ( #197 ), #2144, .F. ) ;
#408 = LINE ( 'NONE', #273, #574 ) ;
#409 = AXIS2_PLACEMENT_3D ( 'NONE', #2268, #2250, #1314 ) ;
#410 = SHAPE_REPRESENTATION_RELATIONSHIP ( 'NONE' , 'NONE' ,  #1869, #1135 ) ;
#411 = PRESENTATION_STYLE_ASSIGNMENT (( #4100 ) ) ;
#412 = ORIENTED_EDGE ( 'NONE', *, *, #1068, .F. ) ;
#413 = CIRCLE ( 'NONE', #3045, 0.2000000000000000389 ) ;
#414 = DIRECTION ( 'NONE',  ( -1.000000000000000000, -0.0000000000000000000, 0.0000000000000000000 ) ) ;
#415 = ORIENTED_EDGE ( 'NONE', *, *, #3580, .F. ) ;
#416 = SURFACE_STYLE_USAGE ( .BOTH. , #3109 ) ;
#417 = UNCERTAINTY_MEASURE_WITH_UNIT (LENGTH_MEASURE( 1.000000000000000082E-05 ), #4127, 'distance_accuracy_value', 'NONE');
#418 = CARTESIAN_POINT ( 'NONE',  ( 0.2999999999999999889, -0.2999999999999999889, 0.1250000000000000000 ) ) ;
#419 = DIRECTION ( 'NONE',  ( -0.0000000000000000000, 0.0000000000000000000, 1.000000000000000000 ) ) ;
#420 = EDGE_LOOP ( 'NONE', ( #118, #49, #3410, #1627 ) ) ;
#421 = UNCERTAINTY_MEASURE_WITH_UNIT (LENGTH_MEASURE( 1.000000000000000082E-05 ), #3043, 'distance_accuracy_value', 'NONE');
#422 = ORIENTED_EDGE ( 'NONE', *, *, #2761, .T. ) ;
#423 =( NAMED_UNIT ( * ) SI_UNIT ( $, .STERADIAN. ) SOLID_ANGLE_UNIT ( ) );
#424 = DIRECTION ( 'NONE',  ( 1.000000000000000000, 0.0000000000000000000, -0.0000000000000000000 ) ) ;
#425 = SURFACE_STYLE_USAGE ( .BOTH. , #2744 ) ;
#426 = EDGE_LOOP ( 'NONE', ( #2340, #3838, #275, #1836 ) ) ;
#427 = CYLINDRICAL_SURFACE ( 'NONE', #139, 0.01499999999999999944 ) ;
#428 = VECTOR ( 'NONE', #3982, 1000.000000000000000 ) ;
#429 = EDGE_CURVE ( 'NONE', #2330, #3371, #351, .T. ) ;
#430 = SURFACE_STYLE_FILL_AREA ( #42 ) ;
#431 = ADVANCED_FACE ( 'NONE', ( #4180 ), #2532, .T. ) ;
#432 = VECTOR ( 'NONE', #1401, 1000.000000000000000 ) ;
#433 = COLOUR_RGB ( '',1.000000000000000000, 0.0000000000000000000, 0.0000000000000000000 ) ;
#434 = CARTESIAN_POINT ( 'NONE',  ( -0.3875192319072686686, -0.3000000000000395128, 0.02000000000000000042 ) ) ;
#435 = DIRECTION ( 'NONE',  ( -1.000000000000000000, 0.0000000000000000000, 0.0000000000000000000 ) ) ;
#436 = ORIENTED_EDGE ( 'NONE', *, *, #2945, .T. ) ;
#437 = COLOUR_RGB ( '',0.0000000000000000000, 0.3333333333333333148, 0.0000000000000000000 ) ;
#438 = FACE_OUTER_BOUND ( 'NONE', #1056, .T. ) ;
#439 = COLOUR_RGB ( '',0.7803921568627451011, 0.5686274509803921351, 0.1137254901960784298 ) ;
#440 = VECTOR ( 'NONE', #1268, 1000.000000000000000 ) ;
#441 = LINE ( 'NONE', #65, #443 ) ;
#442 = VECTOR ( 'NONE', #39, 1000.000000000000000 ) ;
#443 = VECTOR ( 'NONE', #718, 1000.000000000000000 ) ;
#444 = VERTEX_POINT ( 'NONE', #632 ) ;
#445 = DIRECTION ( 'NONE',  ( -1.000000000000000000, 0.0000000000000000000, 0.0000000000000000000 ) ) ;
#446 = AXIS2_PLACEMENT_3D ( 'NONE', #2600, #623, #223 ) ;
#447 = CARTESIAN_POINT ( 'NONE',  ( 0.3875192319072565672, -0.3000000000000789258, 0.02000000000000000042 ) ) ;
#448 =( GEOMETRIC_REPRESENTATION_CONTEXT ( 3 ) GLOBAL_UNCERTAINTY_ASSIGNED_CONTEXT ( ( #1318 ) ) GLOBAL_UNIT_ASSIGNED_CONTEXT ( ( #3488, #2186, #673 ) ) REPRESENTATION_CONTEXT ( 'NONE', 'WORKASPACE' ) );
#449 = DIRECTION ( 'NONE',  ( -0.0000000000000000000, -1.000000000000000000, 0.0000000000000000000 ) ) ;
#450 = DIRECTION ( 'NONE',  ( 0.0000000000000000000, 1.000000000000000000, -1.355252715606880296E-16 ) ) ;
#451 = CYLINDRICAL_SURFACE ( 'NONE', #602, 0.005000000000000013115 ) ;
#452 = VECTOR ( 'NONE', #2771, 1000.000000000000000 ) ;
#453 = ORIENTED_EDGE ( 'NONE', *, *, #2325, .T. ) ;
#454 = LINE ( 'NONE', #103, #991 ) ;
#455 = SURFACE_STYLE_USAGE ( .BOTH. , #2833 ) ;
#456 = EDGE_LOOP ( 'NONE', ( #703, #2824, #2073, #1763 ) ) ;
#457 = EDGE_CURVE ( 'NONE', #1908, #2281, #1645, .T. ) ;
#458 = AXIS2_PLACEMENT_3D ( 'NONE', #2425, #3491, #3095 ) ;
#459 = SURFACE_STYLE_USAGE ( .BOTH. , #2378 ) ;
#460 = ORIENTED_EDGE ( 'NONE', *, *, #490, .F. ) ;
#461 =( LENGTH_UNIT ( ) NAMED_UNIT ( * ) SI_UNIT ( .MILLI., .METRE. ) );
#462 = CARTESIAN_POINT ( 'NONE',  ( 0.3152661081139450094, 0.2999999999999999889, 0.07999999999999998779 ) ) ;
#463 = EDGE_CURVE ( 'NONE', #1786, #3404, #3233, .T. ) ;
#464 = ORIENTED_EDGE ( 'NONE', *, *, #2201, .F. ) ;
#465 = SURFACE_STYLE_USAGE ( .BOTH. , #746 ) ;
#466 = ORIENTED_EDGE ( 'NONE', *, *, #2037, .F. ) ;
#467 = STYLED_ITEM ( 'NONE', ( #3247 ), #3329 ) ;
#468 = DIRECTION ( 'NONE',  ( 0.0000000000000000000, 0.0000000000000000000, 1.000000000000000000 ) ) ;
#469 = DIRECTION ( 'NONE',  ( -0.0000000000000000000, 1.224646799146999945E-16, 1.000000000000000000 ) ) ;
#470 = ORIENTED_EDGE ( 'NONE', *, *, #1780, .F. ) ;
#471 = DIRECTION ( 'NONE',  ( 0.0000000000000000000, -1.000000000000000000, -0.0000000000000000000 ) ) ;
#472 = VECTOR ( 'NONE', #3324, 1000.000000000000000 ) ;
#473 = MECHANICAL_DESIGN_GEOMETRIC_PRESENTATION_REPRESENTATION (  '', ( #486 ), #3039 ) ;
#474 = CARTESIAN_POINT ( 'NONE',  ( -0.1000000000000000056, 0.1499999999999999944, 0.0000000000000000000 ) ) ;
#475 = DIRECTION ( 'NONE',  ( 0.0000000000000000000, -1.224646799146999945E-16, -1.000000000000000000 ) ) ;
#476 = FILL_AREA_STYLE ('',( #1870 ) ) ;
#477 = MECHANICAL_DESIGN_GEOMETRIC_PRESENTATION_REPRESENTATION (  '', ( #4155 ), #1572 ) ;
#478 = ORIENTED_EDGE ( 'NONE', *, *, #1557, .T. ) ;
#479 = FILL_AREA_STYLE ('',( #2855 ) ) ;
#480 = DIRECTION ( 'NONE',  ( -1.000000000000000000, 0.0000000000000000000, 0.0000000000000000000 ) ) ;
#481 = AXIS2_PLACEMENT_3D ( 'NONE', #2523, #3857, #3200 ) ;
#482 = ORIENTED_EDGE ( 'NONE', *, *, #4036, .T. ) ;
#483 = SURFACE_STYLE_FILL_AREA ( #1778 ) ;
#484 = FACE_OUTER_BOUND ( 'NONE', #3173, .T. ) ;
#485 =( NAMED_UNIT ( * ) PLANE_ANGLE_UNIT ( ) SI_UNIT ( $, .RADIAN. ) );
#486 = STYLED_ITEM ( 'NONE', ( #3543 ), #1089 ) ;
#487 = SURFACE_STYLE_FILL_AREA ( #3164 ) ;
#488 = APPLICATION_PROTOCOL_DEFINITION ( 'draft international standard', 'automotive_design', 1998, #1547 ) ;
#489 = DIRECTION ( 'NONE',  ( 0.0000000000000000000, 1.000000000000000000, 1.224646799146999945E-16 ) ) ;
#490 = EDGE_CURVE ( 'NONE', #1064, #875, #916, .T. ) ;
#491 = EDGE_LOOP ( 'NONE', ( #2026, #640, #1344, #4105 ) ) ;
#492 = DIRECTION ( 'NONE',  ( 0.0000000000000000000, 1.000000000000000000, -1.185846126156020475E-16 ) ) ;
#493 = DIRECTION ( 'NONE',  ( 0.0000000000000000000, 1.000000000000000000, 1.224646799146999945E-16 ) ) ;
#494 = SURFACE_STYLE_FILL_AREA ( #3128 ) ;
#495 =( NAMED_UNIT ( * ) SI_UNIT ( $, .STERADIAN. ) SOLID_ANGLE_UNIT ( ) );
#496 = MECHANICAL_DESIGN_GEOMETRIC_PRESENTATION_REPRESENTATION (  '', ( #2989 ), #348 ) ;
#497 = CARTESIAN_POINT ( 'NONE',  ( 0.5500000000000000444, -0.3499999999999999778, 0.06000000000000001166 ) ) ;
#498 = PRESENTATION_STYLE_ASSIGNMENT (( #3481 ) ) ;
#499 = COLOUR_RGB ( '',0.0000000000000000000, 0.3333333333333333148, 0.0000000000000000000 ) ;
#500 = ORIENTED_EDGE ( 'NONE', *, *, #617, .F. ) ;
#501 =( LENGTH_UNIT ( ) NAMED_UNIT ( * ) SI_UNIT ( .MILLI., .METRE. ) );
#502 = EDGE_LOOP ( 'NONE', ( #3786, #2834, #1647, #3225 ) ) ;
#503 = SURFACE_STYLE_FILL_AREA ( #2183 ) ;
#504 = PLANE ( 'NONE',  #2174 ) ;
#505 = VECTOR ( 'NONE', #2155, 1000.000000000000000 ) ;
#506 =( LENGTH_UNIT ( ) NAMED_UNIT ( * ) SI_UNIT ( .MILLI., .METRE. ) );
#507 = ORIENTED_EDGE ( 'NONE', *, *, #3626, .F. ) ;
#508 = PRESENTATION_STYLE_ASSIGNMENT (( #240 ) ) ;
#509 = AXIS2_PLACEMENT_3D ( 'NONE', #558, #1632, #2968 ) ;
#510 = EDGE_CURVE ( 'NONE', #797, #1156, #959, .T. ) ;
#511 = AXIS2_PLACEMENT_3D ( 'NONE', #111, #2117, #392 ) ;
#512 = EDGE_CURVE ( 'NONE', #1206, #3915, #707, .T. ) ;
#513 = SURFACE_STYLE_FILL_AREA ( #135 ) ;
#514 = UNCERTAINTY_MEASURE_WITH_UNIT (LENGTH_MEASURE( 1.000000000000000082E-05 ), #3797, 'distance_accuracy_value', 'NONE');
#515 = VECTOR ( 'NONE', #1221, 1000.000000000000000 ) ;
#516 = FILL_AREA_STYLE_COLOUR ( '', #1129 ) ;
#517 = UNCERTAINTY_MEASURE_WITH_UNIT (LENGTH_MEASURE( 1.000000000000000082E-05 ), #506, 'distance_accuracy_value', 'NONE');
#518 = STYLED_ITEM ( 'NONE', ( #3919 ), #2376 ) ;
#519 = LINE ( 'NONE', #225, #1205 ) ;
#520 = SURFACE_SIDE_STYLE ('',( #4212 ) ) ;
#521 = EDGE_LOOP ( 'NONE', ( #2802, #68, #756, #3984 ) ) ;
#522 = FACE_OUTER_BOUND ( 'NONE', #1237, .T. ) ;
#523 = VERTEX_POINT ( 'NONE', #2293 ) ;
#524 = CARTESIAN_POINT ( 'NONE',  ( 0.2950000000000000400, 0.2950000000000000400, 0.0000000000000000000 ) ) ;
#525 = ORIENTED_EDGE ( 'NONE', *, *, #2815, .F. ) ;
#526 =( NAMED_UNIT ( * ) SI_UNIT ( $, .STERADIAN. ) SOLID_ANGLE_UNIT ( ) );
#527 = CIRCLE ( 'NONE', #4279, 0.2000000000000000389 ) ;
#528 = FILL_AREA_STYLE_COLOUR ( '', #4083 ) ;
#529 = CARTESIAN_POINT ( 'NONE',  ( 0.1000000000000000194, 0.2999999999999999889, -0.01000000000000000021 ) ) ;
#530 = ORIENTED_EDGE ( 'NONE', *, *, #1141, .F. ) ;
#531 = DIRECTION ( 'NONE',  ( 0.0000000000000000000, -1.000000000000000000, -1.034036596358999946E-18 ) ) ;
#532 = DIRECTION ( 'NONE',  ( -0.0000000000000000000, 0.0000000000000000000, -1.000000000000000000 ) ) ;
#533 = CARTESIAN_POINT ( 'NONE',  ( 0.5000000000000000000, -0.2999999999999999889, 0.08000000000000000167 ) ) ;
#534 = FACE_OUTER_BOUND ( 'NONE', #3330, .T. ) ;
#535 = ADVANCED_FACE ( 'NONE', ( #1317 ), #2000, .T. ) ;
#536 = MANIFOLD_SOLID_BREP ( 'Imported1', #619 ) ;
#537 = CARTESIAN_POINT ( 'NONE',  ( -0.05000000000000000278, 0.2999999999999999889, 0.0000000000000000000 ) ) ;
#538 = DIRECTION ( 'NONE',  ( -1.000000000000000000, 0.0000000000000000000, 0.0000000000000000000 ) ) ;
#539 = MECHANICAL_DESIGN_GEOMETRIC_PRESENTATION_REPRESENTATION (  '', ( #3803 ), #2345 ) ;
#540 = ADVANCED_FACE ( 'NONE', ( #3686 ), #1661, .T. ) ;
#541 = ADVANCED_FACE ( 'NONE', ( #1048 ), #3743, .T. ) ;
#542 = ORIENTED_EDGE ( 'NONE', *, *, #643, .T. ) ;
#543 = CARTESIAN_POINT ( 'NONE',  ( -0.3275140453870559187, -0.2600000000001834732, 0.06000000000000001166 ) ) ;
#544 =( NAMED_UNIT ( * ) SI_UNIT ( $, .STERADIAN. ) SOLID_ANGLE_UNIT ( ) );
#545 = VECTOR ( 'NONE', #260, 1000.000000000000000 ) ;
#546 = VECTOR ( 'NONE', #4288, 1000.000000000000000 ) ;
#547 = DIRECTION ( 'NONE',  ( -1.000000000000000000, -0.0000000000000000000, 0.0000000000000000000 ) ) ;
#548 = ORIENTED_EDGE ( 'NONE', *, *, #3201, .T. ) ;
#549 = SURFACE_STYLE_USAGE ( .BOTH. , #2469 ) ;
#550 = UNCERTAINTY_MEASURE_WITH_UNIT (LENGTH_MEASURE( 1.000000000000000082E-05 ), #2816, 'distance_accuracy_value', 'NONE');
#551 = SURFACE_SIDE_STYLE ('',( #2491 ) ) ;
#552 =( GEOMETRIC_REPRESENTATION_CONTEXT ( 3 ) GLOBAL_UNCERTAINTY_ASSIGNED_CONTEXT ( ( #3566 ) ) GLOBAL_UNIT_ASSIGNED_CONTEXT ( ( #2223, #4104, #1465 ) ) REPRESENTATION_CONTEXT ( 'NONE', 'WORKASPACE' ) );
#553 =( NAMED_UNIT ( * ) PLANE_ANGLE_UNIT ( ) SI_UNIT ( $, .RADIAN. ) );
#554 = FILL_AREA_STYLE_COLOUR ( '', #4195 ) ;
#555 = DIRECTION ( 'NONE',  ( 1.000000000000000000, 0.0000000000000000000, 0.0000000000000000000 ) ) ;
#556 =( NAMED_UNIT ( * ) PLANE_ANGLE_UNIT ( ) SI_UNIT ( $, .RADIAN. ) );
#557 = PRESENTATION_STYLE_ASSIGNMENT (( #1162 ) ) ;
#558 = CARTESIAN_POINT ( 'NONE',  ( -0.5500000000000000444, -0.3499999999999999778, 0.02000000000000002470 ) ) ;
#559 = CIRCLE ( 'NONE', #3483, 0.1700000000000000122 ) ;
#560 = EDGE_CURVE ( 'NONE', #715, #2836, #2734, .T. ) ;
#561 = ADVANCED_FACE ( 'NONE', ( #876 ), #2137, .T. ) ;
#562 =( NAMED_UNIT ( * ) PLANE_ANGLE_UNIT ( ) SI_UNIT ( $, .RADIAN. ) );
#563 = VECTOR ( 'NONE', #2276, 1000.000000000000000 ) ;
#564 = ORIENTED_EDGE ( 'NONE', *, *, #1951, .F. ) ;
#565 = DIRECTION ( 'NONE',  ( 2.331034670843834533E-14, 1.000000000000000000, -1.224646799146999945E-16 ) ) ;
#566 = CARTESIAN_POINT ( 'NONE',  ( -0.3713942890050658252, 0.2600000000000332046, 3.184081677784106609E-17 ) ) ;
#567 = PRESENTATION_STYLE_ASSIGNMENT (( #2230 ) ) ;
#568 =( GEOMETRIC_REPRESENTATION_CONTEXT ( 3 ) GLOBAL_UNCERTAINTY_ASSIGNED_CONTEXT ( ( #238 ) ) GLOBAL_UNIT_ASSIGNED_CONTEXT ( ( #148, #3553, #3811 ) ) REPRESENTATION_CONTEXT ( 'NONE', 'WORKASPACE' ) );
#569 = VECTOR ( 'NONE', #2227, 1000.000000000000000 ) ;
#570 = DIRECTION ( 'NONE',  ( 0.0000000000000000000, 1.224646799146999945E-16, -1.000000000000000000 ) ) ;
#571 = CARTESIAN_POINT ( 'NONE',  ( -0.4949999999999222799, -0.1577111547697281346, 1.931404608786746271E-17 ) ) ;
#572 = ORIENTED_EDGE ( 'NONE', *, *, #235, .T. ) ;
#573 = PLANE ( 'NONE',  #977 ) ;
#574 = VECTOR ( 'NONE', #2262, 1000.000000000000000 ) ;
#575 = PRESENTATION_LAYER_ASSIGNMENT (  '', '', ( #2650 ) ) ;
#576 = CARTESIAN_POINT ( 'NONE',  ( 0.0000000000000000000, 0.0000000000000000000, 0.06010000000000000064 ) ) ;
#577 = STYLED_ITEM ( 'NONE', ( #1286 ), #2011 ) ;
#578 = CARTESIAN_POINT ( 'NONE',  ( 0.0000000000000000000, 0.0000000000000000000, 0.0000000000000000000 ) ) ;
#579 = PRESENTATION_LAYER_ASSIGNMENT (  '', '', ( #2192 ) ) ;
#580 = EDGE_LOOP ( 'NONE', ( #4090, #3395, #688, #116 ) ) ;
#581 = DIRECTION ( 'NONE',  ( 0.0000000000000000000, -1.224646799146999945E-16, -1.000000000000000000 ) ) ;
#582 = ADVANCED_FACE ( 'NONE', ( #2837 ), #1443, .T. ) ;
#583 = CARTESIAN_POINT ( 'NONE',  ( 0.5000000000000000000, 0.2999999999999999889, 0.06000000000000000472 ) ) ;
#584 =( GEOMETRIC_REPRESENTATION_CONTEXT ( 3 ) GLOBAL_UNCERTAINTY_ASSIGNED_CONTEXT ( ( #280 ) ) GLOBAL_UNIT_ASSIGNED_CONTEXT ( ( #2395, #3056, #4075 ) ) REPRESENTATION_CONTEXT ( 'NONE', 'WORKASPACE' ) );
#585 = SURFACE_STYLE_USAGE ( .BOTH. , #955 ) ;
#586 = PRESENTATION_STYLE_ASSIGNMENT (( #1947 ) ) ;
#587 = EDGE_LOOP ( 'NONE', ( #1548, #367, #4247, #3538 ) ) ;
#588 = UNCERTAINTY_MEASURE_WITH_UNIT (LENGTH_MEASURE( 1.000000000000000082E-05 ), #2904, 'distance_accuracy_value', 'NONE');
#589 = AXIS2_PLACEMENT_3D ( 'NONE', #290, #1607, #3628 ) ;
#590 = EDGE_CURVE ( 'NONE', #3751, #1114, #1527, .T. ) ;
#591 = CARTESIAN_POINT ( 'NONE',  ( 0.2999999999999999889, 0.2999999999999999889, 0.0000000000000000000 ) ) ;
#592 = EDGE_CURVE ( 'NONE', #350, #2525, #147, .T. ) ;
#593 = STYLED_ITEM ( 'NONE', ( #1665 ), #3202 ) ;
#594 = DIRECTION ( 'NONE',  ( -1.000000000000000000, 0.0000000000000000000, 0.0000000000000000000 ) ) ;
#595 = DIRECTION ( 'NONE',  ( 0.0000000000000000000, 1.000000000000000000, 1.224646799146999699E-16 ) ) ;
#596 = ORIENTED_EDGE ( 'NONE', *, *, #3874, .T. ) ;
#597 = DIRECTION ( 'NONE',  ( 0.0000000000000000000, -1.000000000000000000, -1.224646799146999945E-16 ) ) ;
#598 = FACE_OUTER_BOUND ( 'NONE', #587, .T. ) ;
#599 = DIRECTION ( 'NONE',  ( 0.0000000000000000000, 0.0000000000000000000, 1.000000000000000000 ) ) ;
#600 = CYLINDRICAL_SURFACE ( 'NONE', #24, 0.1700000000000000122 ) ;
#601 = DIRECTION ( 'NONE',  ( 0.0000000000000000000, 0.0000000000000000000, 1.000000000000000000 ) ) ;
#602 = AXIS2_PLACEMENT_3D ( 'NONE', #735, #3105, #4016 ) ;
#603 = CARTESIAN_POINT ( 'NONE',  ( 0.3563508326898146561, -0.2999999999999999889, 0.02000000000000000042 ) ) ;
#604 = PRODUCT ( 'Cut006', 'Cut006', '', ( #684 ) ) ;
#605 = ORIENTED_EDGE ( 'NONE', *, *, #2556, .F. ) ;
#606 = LINE ( 'NONE', #3271, #1258 ) ;
#607 =( GEOMETRIC_REPRESENTATION_CONTEXT ( 3 ) GLOBAL_UNCERTAINTY_ASSIGNED_CONTEXT ( ( #1820 ) ) GLOBAL_UNIT_ASSIGNED_CONTEXT ( ( #1247, #3933, #970 ) ) REPRESENTATION_CONTEXT ( 'NONE', 'WORKASPACE' ) );
#608 =( NAMED_UNIT ( * ) PLANE_ANGLE_UNIT ( ) SI_UNIT ( $, .RADIAN. ) );
#609 = CARTESIAN_POINT ( 'NONE',  ( 0.5000000000000000000, -0.2599999999999999534, 0.0000000000000000000 ) ) ;
#610 =( GEOMETRIC_REPRESENTATION_CONTEXT ( 3 ) GLOBAL_UNCERTAINTY_ASSIGNED_CONTEXT ( ( #3076 ) ) GLOBAL_UNIT_ASSIGNED_CONTEXT ( ( #820, #2811, #1122 ) ) REPRESENTATION_CONTEXT ( 'NONE', 'WORKASPACE' ) );
#611 =( GEOMETRIC_REPRESENTATION_CONTEXT ( 3 ) GLOBAL_UNCERTAINTY_ASSIGNED_CONTEXT ( ( #2809 ) ) GLOBAL_UNIT_ASSIGNED_CONTEXT ( ( #3077, #136, #1118 ) ) REPRESENTATION_CONTEXT ( 'NONE', 'WORKASPACE' ) );
#612 = VERTEX_POINT ( 'NONE', #4132 ) ;
#613 =( LENGTH_UNIT ( ) NAMED_UNIT ( * ) SI_UNIT ( .MILLI., .METRE. ) );
#614 = LINE ( 'NONE', #346, #2722 ) ;
#615 = VECTOR ( 'NONE', #3663, 1000.000000000000000 ) ;
#616 = ADVANCED_FACE ( 'NONE', ( #1151 ), #173, .T. ) ;
#617 = EDGE_CURVE ( 'NONE', #2298, #216, #2, .T. ) ;
#618 = FACE_OUTER_BOUND ( 'NONE', #1648, .T. ) ;
#619 = CLOSED_SHELL ( 'NONE', ( #1483, #1143, #2658, #1814, #3732, #1614, #163, #407, #2765, #3392 ) ) ;
#620 = VERTEX_POINT ( 'NONE', #1638 ) ;
#621 = CARTESIAN_POINT ( 'NONE',  ( -0.3275140453870559187, 0.2600000000001834732, 0.05999999999999999084 ) ) ;
#622 = SURFACE_STYLE_FILL_AREA ( #3624 ) ;
#623 = DIRECTION ( 'NONE',  ( -0.0000000000000000000, 1.224646799146999945E-16, 1.000000000000000000 ) ) ;
#624 = FILL_AREA_STYLE ('',( #14 ) ) ;
#625 =( LENGTH_UNIT ( ) NAMED_UNIT ( * ) SI_UNIT ( .MILLI., .METRE. ) );
#626 = SURFACE_STYLE_FILL_AREA ( #3615 ) ;
#627 = SURFACE_SIDE_STYLE ('',( #3552 ) ) ;
#628 = DIRECTION ( 'NONE',  ( 1.000000000000000000, 0.0000000000000000000, 0.0000000000000000000 ) ) ;
#629 = AXIS2_PLACEMENT_3D ( 'NONE', #161, #867, #3799 ) ;
#630 =( NAMED_UNIT ( * ) SI_UNIT ( $, .STERADIAN. ) SOLID_ANGLE_UNIT ( ) );
#631 = DIRECTION ( 'NONE',  ( 1.000000000000000000, 0.0000000000000000000, 0.0000000000000000000 ) ) ;
#632 = CARTESIAN_POINT ( 'NONE',  ( -0.4949999999999304956, 0.1891429205785696566, 0.01999999999999999001 ) ) ;
#633 = CARTESIAN_POINT ( 'NONE',  ( 0.3875192319072686686, 0.3000000000000394018, 0.05999999999999999778 ) ) ;
#634 = CARTESIAN_POINT ( 'NONE',  ( 0.3563508326898146561, -0.2999999999999999889, -1.836970198720899710E-17 ) ) ;
#635 = AXIS2_PLACEMENT_3D ( 'NONE', #3818, #837, #3900 ) ;
#636 = MECHANICAL_DESIGN_GEOMETRIC_PRESENTATION_REPRESENTATION (  '', ( #2518 ), #3697 ) ;
#637 =( NAMED_UNIT ( * ) PLANE_ANGLE_UNIT ( ) SI_UNIT ( $, .RADIAN. ) );
#638 = VERTEX_POINT ( 'NONE', #1995 ) ;
#639 = CARTESIAN_POINT ( 'NONE',  ( -0.3000000000000000444, -0.2950000000000000400, 0.0000000000000000000 ) ) ;
#640 = ORIENTED_EDGE ( 'NONE', *, *, #3942, .F. ) ;
#641 = CARTESIAN_POINT ( 'NONE',  ( -0.05000000000000000971, -0.2999999999999999889, -0.01000000000000000021 ) ) ;
#642 =( LENGTH_UNIT ( ) NAMED_UNIT ( * ) SI_UNIT ( .MILLI., .METRE. ) );
#643 = EDGE_CURVE ( 'NONE', #2959, #875, #3315, .T. ) ;
#644 = AXIS2_PLACEMENT_3D ( 'NONE', #2423, #2403, #3727 ) ;
#645 =( NAMED_UNIT ( * ) SI_UNIT ( $, .STERADIAN. ) SOLID_ANGLE_UNIT ( ) );
#646 = SURFACE_STYLE_USAGE ( .BOTH. , #2239 ) ;
#647 = ORIENTED_EDGE ( 'NONE', *, *, #165, .F. ) ;
#648 = STYLED_ITEM ( 'NONE', ( #2205 ), #1697 ) ;
#649 = AXIS2_PLACEMENT_3D ( 'NONE', #2637, #2937, #3649 ) ;
#650 = DIRECTION ( 'NONE',  ( 0.0000000000000000000, 0.0000000000000000000, -1.000000000000000000 ) ) ;
#651 =( GEOMETRIC_REPRESENTATION_CONTEXT ( 3 ) GLOBAL_UNCERTAINTY_ASSIGNED_CONTEXT ( ( #3065 ) ) GLOBAL_UNIT_ASSIGNED_CONTEXT ( ( #3397, #3148, #841 ) ) REPRESENTATION_CONTEXT ( 'NONE', 'WORKASPACE' ) );
#652 = LINE ( 'NONE', #1270, #262 ) ;
#653 = AXIS2_PLACEMENT_3D ( 'NONE', #3319, #327, #6 ) ;
#654 = ORIENTED_EDGE ( 'NONE', *, *, #3003, .T. ) ;
#655 = CARTESIAN_POINT ( 'NONE',  ( 0.5500000000000000444, 0.3499999999999999778, -4.286263797015999754E-17 ) ) ;
#656 = DIRECTION ( 'NONE',  ( 1.000000000000000000, 0.0000000000000000000, -0.0000000000000000000 ) ) ;
#657 = LINE ( 'NONE', #675, #546 ) ;
#658 = COLOUR_RGB ( '',0.7803921568627451011, 0.5686274509803921351, 0.1137254901960784298 ) ;
#659 = FILL_AREA_STYLE_COLOUR ( '', #1255 ) ;
#660 = VECTOR ( 'NONE', #1847, 1000.000000000000000 ) ;
#661 = CARTESIAN_POINT ( 'NONE',  ( 0.2999999999999999889, -0.2999999999999999889, 0.1337867965644035650 ) ) ;
#662 = ORIENTED_EDGE ( 'NONE', *, *, #1217, .T. ) ;
#663 = CARTESIAN_POINT ( 'NONE',  ( 0.3275140453870559187, 0.2600000000001834732, 0.07999999999999998779 ) ) ;
#664 = ORIENTED_EDGE ( 'NONE', *, *, #1529, .T. ) ;
#665 = CARTESIAN_POINT ( 'NONE',  ( 0.3875192319072565672, 0.3000000000000788702, 0.02000000000000000042 ) ) ;
#666 = SURFACE_STYLE_FILL_AREA ( #1246 ) ;
#667 = SURFACE_STYLE_USAGE ( .BOTH. , #1914 ) ;
#668 = EDGE_LOOP ( 'NONE', ( #3521, #1274, #3763, #2033 ) ) ;
#669 = CYLINDRICAL_SURFACE ( 'NONE', #1724, 0.01500000000000001159 ) ;
#670 = CARTESIAN_POINT ( 'NONE',  ( 0.5500000000000000444, -0.3499999999999999778, -4.286263797015999754E-17 ) ) ;
#671 = EDGE_CURVE ( 'NONE', #785, #2525, #3976, .T. ) ;
#672 = SURFACE_STYLE_FILL_AREA ( #3918 ) ;
#673 =( NAMED_UNIT ( * ) SI_UNIT ( $, .STERADIAN. ) SOLID_ANGLE_UNIT ( ) );
#674 = STYLED_ITEM ( 'NONE', ( #4135 ), #3281 ) ;
#675 = CARTESIAN_POINT ( 'NONE',  ( -0.3275140453871118185, 0.2600000000000452505, 0.06000000000000001166 ) ) ;
#676 = AXIS2_PLACEMENT_3D ( 'NONE', #3675, #2107, #402 ) ;
#677 = PRESENTATION_LAYER_ASSIGNMENT (  '', '', ( #1788 ) ) ;
#678 = AXIS2_PLACEMENT_3D ( 'NONE', #1931, #4246, #2274 ) ;
#679 = CARTESIAN_POINT ( 'NONE',  ( -0.4949999999999999956, -0.2999999999999999889, 0.02000000000000000042 ) ) ;
#680 = UNCERTAINTY_MEASURE_WITH_UNIT (LENGTH_MEASURE( 1.000000000000000082E-05 ), #1549, 'distance_accuracy_value', 'NONE');
#681 = ORIENTED_EDGE ( 'NONE', *, *, #3782, .T. ) ;
#682 = DIRECTION ( 'NONE',  ( 0.0000000000000000000, 1.000000000000000000, -1.129377263005733621E-16 ) ) ;
#683 = CARTESIAN_POINT ( 'NONE',  ( -0.1999999999999999833, 0.2999999999999999889, 0.0000000000000000000 ) ) ;
#684 = PRODUCT_CONTEXT ( 'NONE', #1547, 'mechanical' ) ;
#685 = PRESENTATION_LAYER_ASSIGNMENT (  '', '', ( #3683 ) ) ;
#686 = CARTESIAN_POINT ( 'NONE',  ( 0.1000000000000000056, -0.2999999999999999889, 0.0000000000000000000 ) ) ;
#687 = CARTESIAN_POINT ( 'NONE',  ( 0.2999999999999999889, 0.2999999999999999889, 0.1250000000000000000 ) ) ;
#688 = ORIENTED_EDGE ( 'NONE', *, *, #3115, .T. ) ;
#689 = FACE_OUTER_BOUND ( 'NONE', #1882, .T. ) ;
#690 = SURFACE_STYLE_FILL_AREA ( #1040 ) ;
#691 = CARTESIAN_POINT ( 'NONE',  ( -0.3875192319071404379, -0.2999999999999999889, 0.02000000000000000042 ) ) ;
#692 = SURFACE_STYLE_USAGE ( .BOTH. , #914 ) ;
#693 = EDGE_LOOP ( 'NONE', ( #1312, #2794, #4256, #2114 ) ) ;
#694 = SURFACE_STYLE_USAGE ( .BOTH. , #1705 ) ;
#695 = DIRECTION ( 'NONE',  ( -0.0000000000000000000, -0.0000000000000000000, -1.000000000000000000 ) ) ;
#696 = VERTEX_POINT ( 'NONE', #3597 ) ;
#697 = EDGE_CURVE ( 'NONE', #726, #2288, #1899, .T. ) ;
#698 = EDGE_CURVE ( 'NONE', #244, #316, #3616, .T. ) ;
#699 = CARTESIAN_POINT ( 'NONE',  ( 0.4949999999999222799, -0.1577111547697281346, 1.931404608786746271E-17 ) ) ;
#700 = SURFACE_STYLE_FILL_AREA ( #2357 ) ;
#701 = DIRECTION ( 'NONE',  ( -0.0000000000000000000, -0.0000000000000000000, -1.000000000000000000 ) ) ;
#702 = SURFACE_STYLE_USAGE ( .BOTH. , #2003 ) ;
#703 = ORIENTED_EDGE ( 'NONE', *, *, #3523, .T. ) ;
#704 = PLANE ( 'NONE',  #1750 ) ;
#705 = CARTESIAN_POINT ( 'NONE',  ( 0.3875192319071404379, 0.2999999999999999889, 0.05999999999999999778 ) ) ;
#706 = SHAPE_DEFINITION_REPRESENTATION ( #1636, #3952 ) ;
#707 = CIRCLE ( 'NONE', #78, 0.2000000000000000111 ) ;
#708 = FACE_OUTER_BOUND ( 'NONE', #1717, .T. ) ;
#709 = VECTOR ( 'NONE', #253, 1000.000000000000000 ) ;
#710 =( NAMED_UNIT ( * ) PLANE_ANGLE_UNIT ( ) SI_UNIT ( $, .RADIAN. ) );
#711 = CARTESIAN_POINT ( 'NONE',  ( 0.4999999999999027445, 0.2085786437627249190, 0.0000000000000000000 ) ) ;
#712 = PRESENTATION_LAYER_ASSIGNMENT (  '', '', ( #2585 ) ) ;
#713 = PRESENTATION_STYLE_ASSIGNMENT (( #798 ) ) ;
#714 = ORIENTED_EDGE ( 'NONE', *, *, #1271, .T. ) ;
#715 = VERTEX_POINT ( 'NONE', #975 ) ;
#716 =( GEOMETRIC_REPRESENTATION_CONTEXT ( 3 ) GLOBAL_UNCERTAINTY_ASSIGNED_CONTEXT ( ( #1623 ) ) GLOBAL_UNIT_ASSIGNED_CONTEXT ( ( #1546, #2902, #1915 ) ) REPRESENTATION_CONTEXT ( 'NONE', 'WORKASPACE' ) );
#717 = CIRCLE ( 'NONE', #3504, 0.2000000000000000111 ) ;
#718 = DIRECTION ( 'NONE',  ( 1.000000000000000000, 0.0000000000000000000, -0.0000000000000000000 ) ) ;
#719 =( GEOMETRIC_REPRESENTATION_CONTEXT ( 3 ) GLOBAL_UNCERTAINTY_ASSIGNED_CONTEXT ( ( #1904 ) ) GLOBAL_UNIT_ASSIGNED_CONTEXT ( ( #501, #562, #3203 ) ) REPRESENTATION_CONTEXT ( 'NONE', 'WORKASPACE' ) );
#720 = DIRECTION ( 'NONE',  ( -1.000000000000000000, -9.274621392321998436E-15, 1.135813540141000073E-30 ) ) ;
#721 = ADVANCED_FACE ( 'NONE', ( #2307 ), #911, .T. ) ;
#722 = EDGE_CURVE ( 'NONE', #791, #4186, #3637, .T. ) ;
#723 = CARTESIAN_POINT ( 'NONE',  ( 0.3275140453870000190, -0.2600000000000000089, 0.06000000000000000472 ) ) ;
#724 = UNCERTAINTY_MEASURE_WITH_UNIT (LENGTH_MEASURE( 1.000000000000000082E-05 ), #1484, 'distance_accuracy_value', 'NONE');
#725 = CIRCLE ( 'NONE', #1406, 0.2000000000000000389 ) ;
#726 = VERTEX_POINT ( 'NONE', #434 ) ;
#727 = CARTESIAN_POINT ( 'NONE',  ( -0.2000000000000000111, -0.2600000000000000089, 0.02000000000000000042 ) ) ;
#728 = VECTOR ( 'NONE', #424, 1000.000000000000000 ) ;
#729 = DIRECTION ( 'NONE',  ( 0.0000000000000000000, 1.000000000000000000, -1.129377263005733621E-16 ) ) ;
#730 = CARTESIAN_POINT ( 'NONE',  ( -0.3152661081140000210, -0.2999999999999999889, 0.0000000000000000000 ) ) ;
#731 = APPLICATION_CONTEXT ( 'automotive_design' ) ;
#732 = COLOUR_RGB ( '',0.7803921568627451011, 0.5686274509803921351, 0.1137254901960784298 ) ;
#733 = CARTESIAN_POINT ( 'NONE',  ( -0.05000000000000000278, 0.2999999999999999889, 0.0000000000000000000 ) ) ;
#734 =( LENGTH_UNIT ( ) NAMED_UNIT ( * ) SI_UNIT ( .MILLI., .METRE. ) );
#735 = CARTESIAN_POINT ( 'NONE',  ( -0.2950000000000000400, -0.2950000000000000400, 0.0000000000000000000 ) ) ;
#736 = ORIENTED_EDGE ( 'NONE', *, *, #3143, .T. ) ;
#737 = CARTESIAN_POINT ( 'NONE',  ( 0.4949999999999999956, -0.2999999999999999889, 0.02000000000000000042 ) ) ;
#738 = ORIENTED_EDGE ( 'NONE', *, *, #3992, .F. ) ;
#739 = PRODUCT_DEFINITION_CONTEXT ( 'detailed design', #2975, 'design' ) ;
#740 = DIRECTION ( 'NONE',  ( -0.0000000000000000000, 1.000000000000000000, 0.0000000000000000000 ) ) ;
#741 =( LENGTH_UNIT ( ) NAMED_UNIT ( * ) SI_UNIT ( .MILLI., .METRE. ) );
#742 = DIRECTION ( 'NONE',  ( -0.0000000000000000000, 1.000000000000000000, 0.0000000000000000000 ) ) ;
#743 = CARTESIAN_POINT ( 'NONE',  ( 0.2975000000000000977, -0.2974999999999999867, 0.1250000000000000000 ) ) ;
#744 = CIRCLE ( 'NONE', #185, 0.1700000000000000122 ) ;
#745 = VERTEX_POINT ( 'NONE', #1313 ) ;
#746 = SURFACE_SIDE_STYLE ('',( #375 ) ) ;
#747 = ORIENTED_EDGE ( 'NONE', *, *, #236, .T. ) ;
#748 = CARTESIAN_POINT ( 'NONE',  ( 0.4749999999999999778, -0.1645950378230000011, 2.015707862250000449E-17 ) ) ;
#749 = AXIS2_PLACEMENT_3D ( 'NONE', #2619, #2940, #3263 ) ;
#750 = EDGE_CURVE ( 'NONE', #2122, #3746, #3061, .T. ) ;
#751 = EDGE_CURVE ( 'NONE', #310, #3511, #3070, .T. ) ;
#752 = APPLICATION_PROTOCOL_DEFINITION ( 'draft international standard', 'automotive_design', 1998, #2375 ) ;
#753 = CARTESIAN_POINT ( 'NONE',  ( -0.2999999999999999889, -0.2999999999999999889, 0.0000000000000000000 ) ) ;
#754 = SURFACE_STYLE_USAGE ( .BOTH. , #38 ) ;
#755 = PRODUCT_DEFINITION_FORMATION_WITH_SPECIFIED_SOURCE ( 'ANY', '', #1564, .NOT_KNOWN. ) ;
#756 = ORIENTED_EDGE ( 'NONE', *, *, #3707, .F. ) ;
#757 = COLOUR_RGB ( '',0.7803921568627451011, 0.5686274509803921351, 0.1137254901960784298 ) ;
#758 = CARTESIAN_POINT ( 'NONE',  ( -0.3275140453870000190, 0.2999999999999999889, 0.08000000000000000167 ) ) ;
#759 = CLOSED_SHELL ( 'NONE', ( #863, #2980, #4064, #535, #831, #561, #1926, #3420, #3602, #1248, #3094, #4122, #431, #2243, #4147, #2407, #3179, #1095, #958, #1666, #805, #2091, #2634, #721, #541, #3657 ) ) ;
#760 =( GEOMETRIC_REPRESENTATION_CONTEXT ( 3 ) GLOBAL_UNCERTAINTY_ASSIGNED_CONTEXT ( ( #517 ) ) GLOBAL_UNIT_ASSIGNED_CONTEXT ( ( #506, #3514, #151 ) ) REPRESENTATION_CONTEXT ( 'NONE', 'WORKASPACE' ) );
#761 = CARTESIAN_POINT ( 'NONE',  ( 0.2000000000000000111, -0.2600000000000000089, -3.184081677782999738E-17 ) ) ;
#762 =( NAMED_UNIT ( * ) SI_UNIT ( $, .STERADIAN. ) SOLID_ANGLE_UNIT ( ) );
#763 = SURFACE_STYLE_USAGE ( .BOTH. , #342 ) ;
#764 =( GEOMETRIC_REPRESENTATION_CONTEXT ( 3 ) GLOBAL_UNCERTAINTY_ASSIGNED_CONTEXT ( ( #1363 ) ) GLOBAL_UNIT_ASSIGNED_CONTEXT ( ( #625, #973, #3268 ) ) REPRESENTATION_CONTEXT ( 'NONE', 'WORKASPACE' ) );
#765 = DIRECTION ( 'NONE',  ( 0.0000000000000000000, -1.224646799146999945E-16, -1.000000000000000000 ) ) ;
#766 = ORIENTED_EDGE ( 'NONE', *, *, #3869, .T. ) ;
#767 = UNCERTAINTY_MEASURE_WITH_UNIT (LENGTH_MEASURE( 1.000000000000000082E-05 ), #1559, 'distance_accuracy_value', 'NONE');
#768 =( NAMED_UNIT ( * ) PLANE_ANGLE_UNIT ( ) SI_UNIT ( $, .RADIAN. ) );
#769 = ORIENTED_EDGE ( 'NONE', *, *, #2017, .F. ) ;
#770 = CARTESIAN_POINT ( 'NONE',  ( -0.5500000000000000444, -0.3499999999999999778, 0.02000000000000000042 ) ) ;
#771 = UNCERTAINTY_MEASURE_WITH_UNIT (LENGTH_MEASURE( 1.000000000000000082E-05 ), #2505, 'distance_accuracy_value', 'NONE');
#772 = ORIENTED_EDGE ( 'NONE', *, *, #3544, .F. ) ;
#773 = PRESENTATION_STYLE_ASSIGNMENT (( #356 ) ) ;
#774 = COLOUR_RGB ( '',1.000000000000000000, 0.0000000000000000000, 0.0000000000000000000 ) ;
#775 = FILL_AREA_STYLE_COLOUR ( '', #3676 ) ;
#776 = ORIENTED_EDGE ( 'NONE', *, *, #832, .F. ) ;
#777 = EDGE_CURVE ( 'NONE', #4117, #357, #3401, .T. ) ;
#778 = PRESENTATION_STYLE_ASSIGNMENT (( #4164 ) ) ;
#779 = DIRECTION ( 'NONE',  ( 0.0000000000000000000, 1.000000000000000000, 1.224646799146999945E-16 ) ) ;
#780 = AXIS2_PLACEMENT_3D ( 'NONE', #3467, #2528, #1528 ) ;
#781 = EDGE_CURVE ( 'NONE', #3915, #927, #3331, .T. ) ;
#782 = ORIENTED_EDGE ( 'NONE', *, *, #2430, .F. ) ;
#783 = CYLINDRICAL_SURFACE ( 'NONE', #1506, 0.2000000000000000389 ) ;
#784 = AXIS2_PLACEMENT_3D ( 'NONE', #3860, #2465, #3790 ) ;
#785 = VERTEX_POINT ( 'NONE', #4019 ) ;
#786 = CARTESIAN_POINT ( 'NONE',  ( 0.4949999999999999956, -0.2999999999999999889, 0.02000000000000000042 ) ) ;
#787 = STYLED_ITEM ( 'NONE', ( #3154 ), #1721 ) ;
#788 = VECTOR ( 'NONE', #1134, 1000.000000000000000 ) ;
#789 = DIRECTION ( 'NONE',  ( 0.0000000000000000000, 1.000000000000000000, 1.224646799146999945E-16 ) ) ;
#790 = STYLED_ITEM ( 'NONE', ( #2051 ), #1868 ) ;
#791 = VERTEX_POINT ( 'NONE', #3722 ) ;
#792 = LINE ( 'NONE', #1694, #1320 ) ;
#793 = ORIENTED_EDGE ( 'NONE', *, *, #854, .F. ) ;
#794 = LINE ( 'NONE', #1741, #4115 ) ;
#795 = VECTOR ( 'NONE', #12, 1000.000000000000000 ) ;
#796 = CARTESIAN_POINT ( 'NONE',  ( -0.4999999999999551470, 0.1563508326896407286, 0.07999999999999998779 ) ) ;
#797 = VERTEX_POINT ( 'NONE', #1374 ) ;
#798 = SURFACE_STYLE_USAGE ( .BOTH. , #1101 ) ;
#799 = STYLED_ITEM ( 'NONE', ( #4120 ), #2634 ) ;
#800 = FILL_AREA_STYLE ('',( #3785 ) ) ;
#801 = SURFACE_SIDE_STYLE ('',( #2460 ) ) ;
#802 = VERTEX_POINT ( 'NONE', #3739 ) ;
#803 = DIRECTION ( 'NONE',  ( 0.0000000000000000000, 0.0000000000000000000, -1.000000000000000000 ) ) ;
#804 = EDGE_CURVE ( 'NONE', #4238, #2925, #365, .T. ) ;
#805 = ADVANCED_FACE ( 'NONE', ( #3682 ), #3352, .T. ) ;
#806 = VERTEX_POINT ( 'NONE', #1656 ) ;
#807 = CARTESIAN_POINT ( 'NONE',  ( 0.5000000000000000000, 0.2999999999999999889, 0.0000000000000000000 ) ) ;
#808 = DIRECTION ( 'NONE',  ( 0.0000000000000000000, 0.0000000000000000000, -1.000000000000000000 ) ) ;
#809 = PLANE ( 'NONE',  #2289 ) ;
#810 = DIRECTION ( 'NONE',  ( -0.0000000000000000000, 1.224646799146999945E-16, -1.000000000000000000 ) ) ;
#811 = ORIENTED_EDGE ( 'NONE', *, *, #1779, .F. ) ;
#812 = LINE ( 'NONE', #2212, #3213 ) ;
#813 = UNCERTAINTY_MEASURE_WITH_UNIT (LENGTH_MEASURE( 1.000000000000000082E-05 ), #1919, 'distance_accuracy_value', 'NONE');
#814 =( LENGTH_UNIT ( ) NAMED_UNIT ( * ) SI_UNIT ( .MILLI., .METRE. ) );
#815 = AXIS2_PLACEMENT_3D ( 'NONE', #195, #810, #2822 ) ;
#816 = CARTESIAN_POINT ( 'NONE',  ( 0.1999999999999999833, 0.2600000000000000089, 0.0000000000000000000 ) ) ;
#817 = DIRECTION ( 'NONE',  ( -0.0000000000000000000, -0.0000000000000000000, -1.000000000000000000 ) ) ;
#818 = VERTEX_POINT ( 'NONE', #1752 ) ;
#819 = AXIS2_PLACEMENT_3D ( 'NONE', #228, #3480, #3891 ) ;
#820 =( LENGTH_UNIT ( ) NAMED_UNIT ( * ) SI_UNIT ( .MILLI., .METRE. ) );
#821 =( GEOMETRIC_REPRESENTATION_CONTEXT ( 3 ) GLOBAL_UNCERTAINTY_ASSIGNED_CONTEXT ( ( #1076 ) ) GLOBAL_UNIT_ASSIGNED_CONTEXT ( ( #1501, #1846, #3801 ) ) REPRESENTATION_CONTEXT ( 'NONE', 'WORKASPACE' ) );
#822 = MECHANICAL_DESIGN_GEOMETRIC_PRESENTATION_REPRESENTATION (  '', ( #2623 ), #1030 ) ;
#823 = SURFACE_SIDE_STYLE ('',( #4190 ) ) ;
#824 = DIRECTION ( 'NONE',  ( 0.0000000000000000000, 1.000000000000000000, -1.129377263005733621E-16 ) ) ;
#825 = EDGE_LOOP ( 'NONE', ( #2126, #4276, #124, #1011, #2464, #3716, #596, #3638 ) ) ;
#826 =( LENGTH_UNIT ( ) NAMED_UNIT ( * ) SI_UNIT ( .MILLI., .METRE. ) );
#827 =( LENGTH_UNIT ( ) NAMED_UNIT ( * ) SI_UNIT ( .MILLI., .METRE. ) );
#828 = CARTESIAN_POINT ( 'NONE',  ( -0.4949999999999999956, -0.2999999999999999889, 0.02000000000000000042 ) ) ;
#829 = ORIENTED_EDGE ( 'NONE', *, *, #2815, .T. ) ;
#830 = SURFACE_SIDE_STYLE ('',( #1468 ) ) ;
#831 = ADVANCED_FACE ( 'NONE', ( #2703 ), #2994, .T. ) ;
#832 = EDGE_CURVE ( 'NONE', #3404, #2450, #2478, .T. ) ;
#833 = DIRECTION ( 'NONE',  ( -0.0000000000000000000, -0.0000000000000000000, -1.000000000000000000 ) ) ;
#834 = CARTESIAN_POINT ( 'NONE',  ( -0.1000000000000000056, 0.1499999999999999944, 0.0000000000000000000 ) ) ;
#835 = CARTESIAN_POINT ( 'NONE',  ( -0.4749999999999999778, -0.2999999999999999889, 0.06000000000000000472 ) ) ;
#836 = EDGE_LOOP ( 'NONE', ( #572, #2253, #915, #2791 ) ) ;
#837 = DIRECTION ( 'NONE',  ( 0.0000000000000000000, 0.0000000000000000000, -1.000000000000000000 ) ) ;
#838 = FACE_OUTER_BOUND ( 'NONE', #2207, .T. ) ;
#839 = CARTESIAN_POINT ( 'NONE',  ( -0.3713942890050741519, 0.2600000000000166067, 3.184081677784202751E-17 ) ) ;
#840 = LINE ( 'NONE', #3500, #3055 ) ;
#841 =( NAMED_UNIT ( * ) SI_UNIT ( $, .STERADIAN. ) SOLID_ANGLE_UNIT ( ) );
#842 = SHAPE_REPRESENTATION_RELATIONSHIP ( 'NONE' , 'NONE' ,  #3343, #2688 ) ;
#843 = CARTESIAN_POINT ( 'NONE',  ( -0.05000000000000000971, -0.2999999999999999889, -1.551054894538499630E-19 ) ) ;
#844 =( NAMED_UNIT ( * ) SI_UNIT ( $, .STERADIAN. ) SOLID_ANGLE_UNIT ( ) );
#845 = ORIENTED_EDGE ( 'NONE', *, *, #1348, .T. ) ;
#846 = SURFACE_STYLE_USAGE ( .BOTH. , #1799 ) ;
#847 = FILL_AREA_STYLE ('',( #3157 ) ) ;
#848 = STYLED_ITEM ( 'NONE', ( #1238 ), #535 ) ;
#849 = ORIENTED_EDGE ( 'NONE', *, *, #832, .T. ) ;
#850 = DIRECTION ( 'NONE',  ( 0.0000000000000000000, 1.224646799146999945E-16, -1.000000000000000000 ) ) ;
#851 = PLANE ( 'NONE',  #3288 ) ;
#852 = VECTOR ( 'NONE', #2030, 1000.000000000000000 ) ;
#853 = FILL_AREA_STYLE_COLOUR ( '', #259 ) ;
#854 = EDGE_CURVE ( 'NONE', #3789, #1570, #2500, .T. ) ;
#855 = FACE_OUTER_BOUND ( 'NONE', #3119, .T. ) ;
#856 = COLOUR_RGB ( '',0.7803921568627451011, 0.5686274509803921351, 0.1137254901960784298 ) ;
#857 = AXIS2_PLACEMENT_3D ( 'NONE', #3691, #2962, #682 ) ;
#858 = VERTEX_POINT ( 'NONE', #1438 ) ;
#859 = CARTESIAN_POINT ( 'NONE',  ( 0.5500000000000000444, 0.3499999999999999778, 0.05999999999999999778 ) ) ;
#860 =( NAMED_UNIT ( * ) SI_UNIT ( $, .STERADIAN. ) SOLID_ANGLE_UNIT ( ) );
#861 = PRESENTATION_LAYER_ASSIGNMENT (  '', '', ( #790 ) ) ;
#862 = EDGE_CURVE ( 'NONE', #3444, #1052, #454, .T. ) ;
#863 = ADVANCED_FACE ( 'NONE', ( #4125 ), #3758, .F. ) ;
#864 = CARTESIAN_POINT ( 'NONE',  ( 0.4085786437627249024, -0.2999999999999027334, 0.0000000000000000000 ) ) ;
#865 = PRESENTATION_STYLE_ASSIGNMENT (( #4161 ) ) ;
#866 = VERTEX_POINT ( 'NONE', #3460 ) ;
#867 = DIRECTION ( 'NONE',  ( 0.0000000000000000000, 1.000000000000000000, -0.0000000000000000000 ) ) ;
#868 =( NAMED_UNIT ( * ) SI_UNIT ( $, .STERADIAN. ) SOLID_ANGLE_UNIT ( ) );
#869 = MECHANICAL_DESIGN_GEOMETRIC_PRESENTATION_REPRESENTATION (  '', ( #1071 ), #448 ) ;
#870 = SURFACE_STYLE_USAGE ( .BOTH. , #4098 ) ;
#871 =( NAMED_UNIT ( * ) SI_UNIT ( $, .STERADIAN. ) SOLID_ANGLE_UNIT ( ) );
#872 = EDGE_LOOP ( 'NONE', ( #4216, #1133, #3134, #2686 ) ) ;
#873 = EDGE_LOOP ( 'NONE', ( #983, #2226, #3614, #4045, #1524, #1127, #2636, #2644, #902, #470, #1707, #1442, #4065, #1368 ) ) ;
#874 = PRESENTATION_LAYER_ASSIGNMENT (  '', '', ( #1343 ) ) ;
#875 = VERTEX_POINT ( 'NONE', #923 ) ;
#876 = FACE_OUTER_BOUND ( 'NONE', #2502, .T. ) ;
#877 = DIRECTION ( 'NONE',  ( 0.0000000000000000000, 0.0000000000000000000, 1.000000000000000000 ) ) ;
#878 = COLOUR_RGB ( '',0.7803921568627451011, 0.5686274509803921351, 0.1137254901960784298 ) ;
#879 =( LENGTH_UNIT ( ) NAMED_UNIT ( * ) SI_UNIT ( .MILLI., .METRE. ) );
#880 = ORIENTED_EDGE ( 'NONE', *, *, #1018, .F. ) ;
#881 = CARTESIAN_POINT ( 'NONE',  ( -0.1000000000000000056, -0.1500000000000000222, -1.163291170903874963E-19 ) ) ;
#882 = LINE ( 'NONE', #447, #3377 ) ;
#883 = EDGE_CURVE ( 'NONE', #2080, #244, #2386, .T. ) ;
#884 = DIRECTION ( 'NONE',  ( 0.0000000000000000000, 0.0000000000000000000, 1.000000000000000000 ) ) ;
#885 = ADVANCED_FACE ( 'NONE', ( #1798 ), #3132, .T. ) ;
#886 = STYLED_ITEM ( 'NONE', ( #567 ), #3392 ) ;
#887 = DIRECTION ( 'NONE',  ( -1.000000000000000000, -0.0000000000000000000, 0.0000000000000000000 ) ) ;
#888 = COLOUR_RGB ( '',0.7803921568627451011, 0.5686274509803921351, 0.1137254901960784298 ) ;
#889 = DIRECTION ( 'NONE',  ( 0.0000000000000000000, 1.000000000000000000, 0.0000000000000000000 ) ) ;
#890 = PRESENTATION_LAYER_ASSIGNMENT (  '', '', ( #2623 ) ) ;
#891 = CARTESIAN_POINT ( 'NONE',  ( -0.05000000000000000278, 0.1499999999999999944, 0.0000000000000000000 ) ) ;
#892 = ORIENTED_EDGE ( 'NONE', *, *, #58, .T. ) ;
#893 = FILL_AREA_STYLE ('',( #3639 ) ) ;
#894 = CARTESIAN_POINT ( 'NONE',  ( -0.4949999999999999956, 0.2999999999999999889, 0.05999999999999999778 ) ) ;
#895 = DIRECTION ( 'NONE',  ( -1.000000000000000000, 0.0000000000000000000, 0.0000000000000000000 ) ) ;
#896 = DIRECTION ( 'NONE',  ( 0.0000000000000000000, -0.0000000000000000000, -1.000000000000000000 ) ) ;
#897 =( LENGTH_UNIT ( ) NAMED_UNIT ( * ) SI_UNIT ( .MILLI., .METRE. ) );
#898 = DIRECTION ( 'NONE',  ( -1.000000000000000000, 0.0000000000000000000, 0.0000000000000000000 ) ) ;
#899 = AXIS2_PLACEMENT_3D ( 'NONE', #3041, #740, #83 ) ;
#900 = MECHANICAL_DESIGN_GEOMETRIC_PRESENTATION_REPRESENTATION (  '', ( #272 ), #4241 ) ;
#901 = PRESENTATION_STYLE_ASSIGNMENT (( #2888 ) ) ;
#902 = ORIENTED_EDGE ( 'NONE', *, *, #3836, .F. ) ;
#903 =( LENGTH_UNIT ( ) NAMED_UNIT ( * ) SI_UNIT ( .MILLI., .METRE. ) );
#904 = PLANE ( 'NONE',  #3508 ) ;
#905 = CARTESIAN_POINT ( 'NONE',  ( -0.2999999999999999889, 0.2999999999999999889, 0.0000000000000000000 ) ) ;
#906 = CARTESIAN_POINT ( 'NONE',  ( -0.5500000000000000444, 0.3499999999999999778, -4.286263797010733491E-17 ) ) ;
#907 = DIRECTION ( 'NONE',  ( 0.0000000000000000000, 0.0000000000000000000, -1.000000000000000000 ) ) ;
#908 = ADVANCED_FACE ( 'NONE', ( #2913 ), #704, .F. ) ;
#909 = MECHANICAL_DESIGN_GEOMETRIC_PRESENTATION_REPRESENTATION (  '', ( #2167 ), #214 ) ;
#910 = VERTEX_POINT ( 'NONE', #1285 ) ;
#911 = CYLINDRICAL_SURFACE ( 'NONE', #4039, 0.1700000000000000122 ) ;
#912 = SURFACE_SIDE_STYLE ('',( #1154 ) ) ;
#913 = CARTESIAN_POINT ( 'NONE',  ( 0.5000000000000000000, 0.2999999999999999889, 0.08000000000000000167 ) ) ;
#914 = SURFACE_SIDE_STYLE ('',( #215 ) ) ;
#915 = ORIENTED_EDGE ( 'NONE', *, *, #4231, .T. ) ;
#916 = LINE ( 'NONE', #978, #1523 ) ;
#917 = VECTOR ( 'NONE', #4239, 1000.000000000000000 ) ;
#918 = CARTESIAN_POINT ( 'NONE',  ( -0.3563508326896407952, -0.2999999999999550804, -3.673940397441449980E-17 ) ) ;
#919 = COLOUR_RGB ( '',0.7803921568627451011, 0.5686274509803921351, 0.1137254901960784298 ) ;
#920 = DIRECTION ( 'NONE',  ( -1.000000000000000000, 0.0000000000000000000, -0.0000000000000000000 ) ) ;
#921 = ORIENTED_EDGE ( 'NONE', *, *, #1925, .T. ) ;
#922 = PLANE ( 'NONE',  #1588 ) ;
#923 = CARTESIAN_POINT ( 'NONE',  ( -0.3563508326896408507, 0.2999999999999550804, 0.02000000000000000042 ) ) ;
#924 = STYLED_ITEM ( 'NONE', ( #1057 ), #1926 ) ;
#925 = PRESENTATION_LAYER_ASSIGNMENT (  '', '', ( #3911 ) ) ;
#926 = AXIS2_PLACEMENT_3D ( 'NONE', #3282, #2895, #245 ) ;
#927 = VERTEX_POINT ( 'NONE', #3669 ) ;
#928 =( GEOMETRIC_REPRESENTATION_CONTEXT ( 3 ) GLOBAL_UNCERTAINTY_ASSIGNED_CONTEXT ( ( #1662 ) ) GLOBAL_UNIT_ASSIGNED_CONTEXT ( ( #1619, #3960, #3183 ) ) REPRESENTATION_CONTEXT ( 'NONE', 'WORKASPACE' ) );
#929 = ORIENTED_EDGE ( 'NONE', *, *, #2840, .T. ) ;
#930 = CARTESIAN_POINT ( 'NONE',  ( -0.2999999999999999889, 0.2999999999999999889, 0.0000000000000000000 ) ) ;
#931 = DIRECTION ( 'NONE',  ( 0.0000000000000000000, 1.000000000000000000, -1.129377263005733621E-16 ) ) ;
#932 = EDGE_CURVE ( 'NONE', #802, #2281, #2315, .T. ) ;
#933 = EDGE_CURVE ( 'NONE', #1369, #2062, #368, .T. ) ;
#934 = VECTOR ( 'NONE', #1200, 1000.000000000000000 ) ;
#935 = LINE ( 'NONE', #3, #615 ) ;
#936 = DIRECTION ( 'NONE',  ( -0.0000000000000000000, -1.224646799146999945E-16, 1.000000000000000000 ) ) ;
#937 = STYLED_ITEM ( 'NONE', ( #901 ), #3094 ) ;
#938 = SURFACE_STYLE_USAGE ( .BOTH. , #3645 ) ;
#939 = PRESENTATION_STYLE_ASSIGNMENT (( #2827 ) ) ;
#940 = CARTESIAN_POINT ( 'NONE',  ( -0.3152661081139450094, 0.2999999999999999889, 0.07999999999999998779 ) ) ;
#941 = ORIENTED_EDGE ( 'NONE', *, *, #2200, .T. ) ;
#942 = CARTESIAN_POINT ( 'NONE',  ( 0.4999999999999551470, -0.1563508326896407286, 0.08000000000000001554 ) ) ;
#943 = ORIENTED_EDGE ( 'NONE', *, *, #2060, .T. ) ;
#944 =( NAMED_UNIT ( * ) SI_UNIT ( $, .STERADIAN. ) SOLID_ANGLE_UNIT ( ) );
#945 = FILL_AREA_STYLE ('',( #1938 ) ) ;
#946 = DIRECTION ( 'NONE',  ( -1.000000000000000000, 0.0000000000000000000, 0.0000000000000000000 ) ) ;
#947 = VERTEX_POINT ( 'NONE', #641 ) ;
#948 = DIRECTION ( 'NONE',  ( 0.0000000000000000000, 1.000000000000000000, -1.224646799146999699E-16 ) ) ;
#950 = DIRECTION ( 'NONE',  ( -1.000000000000000000, 0.0000000000000000000, 0.0000000000000000000 ) ) ;
#949 = APPLICATION_CONTEXT ( 'automotive_design' ) ;
#951 = DIRECTION ( 'NONE',  ( 0.0000000000000000000, 1.000000000000000000, -0.0000000000000000000 ) ) ;
#952 = ORIENTED_EDGE ( 'NONE', *, *, #345, .T. ) ;
#953 = DIRECTION ( 'NONE',  ( 0.0000000000000000000, 1.000000000000000000, -0.0000000000000000000 ) ) ;
#954 = SURFACE_STYLE_USAGE ( .BOTH. , #2927 ) ;
#955 = SURFACE_SIDE_STYLE ('',( #278 ) ) ;
#956 = PRESENTATION_LAYER_ASSIGNMENT (  '', '', ( #3465 ) ) ;
#957 = EDGE_CURVE ( 'NONE', #2330, #2119, #4005, .T. ) ;
#958 = ADVANCED_FACE ( 'NONE', ( #3341 ), #33, .T. ) ;
#959 = LINE ( 'NONE', #3275, #218 ) ;
#960 = FILL_AREA_STYLE ('',( #2955 ) ) ;
#961 = ORIENTED_EDGE ( 'NONE', *, *, #3525, .T. ) ;
#962 = DIRECTION ( 'NONE',  ( -1.000000000000000000, 0.0000000000000000000, -0.0000000000000000000 ) ) ;
#963 = EDGE_CURVE ( 'NONE', #2066, #2521, #1115, .T. ) ;
#964 =( LENGTH_UNIT ( ) NAMED_UNIT ( * ) SI_UNIT ( .MILLI., .METRE. ) );
#965 = VERTEX_POINT ( 'NONE', #1787 ) ;
#966 = ORIENTED_EDGE ( 'NONE', *, *, #3466, .F. ) ;
#967 = FILL_AREA_STYLE_COLOUR ( '', #2252 ) ;
#968 = SURFACE_STYLE_FILL_AREA ( #1984 ) ;
#969 = CIRCLE ( 'NONE', #3122, 0.1700000000000000122 ) ;
#970 =( NAMED_UNIT ( * ) SI_UNIT ( $, .STERADIAN. ) SOLID_ANGLE_UNIT ( ) );
#971 = ORIENTED_EDGE ( 'NONE', *, *, #294, .T. ) ;
#972 =( NAMED_UNIT ( * ) SI_UNIT ( $, .STERADIAN. ) SOLID_ANGLE_UNIT ( ) );
#973 =( NAMED_UNIT ( * ) PLANE_ANGLE_UNIT ( ) SI_UNIT ( $, .RADIAN. ) );
#974 = ORIENTED_EDGE ( 'NONE', *, *, #3685, .F. ) ;
#975 = CARTESIAN_POINT ( 'NONE',  ( 0.4949999999999999956, 0.1891429205787729384, 0.02000000000000002123 ) ) ;
#976 = DIRECTION ( 'NONE',  ( -1.000000000000000000, -0.0000000000000000000, -0.0000000000000000000 ) ) ;
#977 = AXIS2_PLACEMENT_3D ( 'NONE', #3216, #2596, #2910 ) ;
#978 = CARTESIAN_POINT ( 'NONE',  ( -0.3563508326896523970, 0.2999999999999102274, 3.673940397441400060E-17 ) ) ;
#979 = VECTOR ( 'NONE', #2590, 1000.000000000000000 ) ;
#980 = PRESENTATION_STYLE_ASSIGNMENT (( #702 ) ) ;
#981 = VECTOR ( 'NONE', #532, 1000.000000000000000 ) ;
#982 = PRESENTATION_LAYER_ASSIGNMENT (  '', '', ( #1822 ) ) ;
#983 = ORIENTED_EDGE ( 'NONE', *, *, #990, .F. ) ;
#984 = CARTESIAN_POINT ( 'NONE',  ( 0.2950000000000000400, 0.3000000000000000444, 0.0000000000000000000 ) ) ;
#985 = ORIENTED_EDGE ( 'NONE', *, *, #804, .T. ) ;
#986 = DIRECTION ( 'NONE',  ( 0.0000000000000000000, -1.000000000000000000, 0.0000000000000000000 ) ) ;
#987 = CARTESIAN_POINT ( 'NONE',  ( -0.5500000000000000444, -0.3499999999999999778, 0.01999999999999999001 ) ) ;
#988 = PRODUCT_DEFINITION_SHAPE ( 'NONE', 'NONE',  #4302 ) ;
#989 =( GEOMETRIC_REPRESENTATION_CONTEXT ( 3 ) GLOBAL_UNCERTAINTY_ASSIGNED_CONTEXT ( ( #2632 ) ) GLOBAL_UNIT_ASSIGNED_CONTEXT ( ( #461, #4061, #3112 ) ) REPRESENTATION_CONTEXT ( 'NONE', 'WORKASPACE' ) );
#990 = EDGE_CURVE ( 'NONE', #2446, #1853, #3366, .T. ) ;
#991 = VECTOR ( 'NONE', #1415, 1000.000000000000000 ) ;
#992 = ADVANCED_FACE ( 'NONE', ( #1429 ), #1450, .T. ) ;
#993 = SHAPE_DEFINITION_REPRESENTATION ( #2310, #3343 ) ;
#994 =( LENGTH_UNIT ( ) NAMED_UNIT ( * ) SI_UNIT ( .MILLI., .METRE. ) );
#995 = FILL_AREA_STYLE_COLOUR ( '', #3189 ) ;
#996 = ORIENTED_EDGE ( 'NONE', *, *, #1175, .T. ) ;
#997 =( GEOMETRIC_REPRESENTATION_CONTEXT ( 3 ) GLOBAL_UNCERTAINTY_ASSIGNED_CONTEXT ( ( #4060 ) ) GLOBAL_UNIT_ASSIGNED_CONTEXT ( ( #1375, #1023, #2031 ) ) REPRESENTATION_CONTEXT ( 'NONE', 'WORKASPACE' ) );
#998 = AXIS2_PLACEMENT_3D ( 'NONE', #4101, #1125, #1561 ) ;
#999 = VECTOR ( 'NONE', #1039, 1000.000000000000000 ) ;
#1000 = SURFACE_STYLE_FILL_AREA ( #1230 ) ;
#1001 = VECTOR ( 'NONE', #1689, 1000.000000000000000 ) ;
#1002 = FILL_AREA_STYLE_COLOUR ( '', #3014 ) ;
#1003 = ORIENTED_EDGE ( 'NONE', *, *, #1193, .F. ) ;
#1004 = VECTOR ( 'NONE', #4278, 1000.000000000000000 ) ;
#1005 = CARTESIAN_POINT ( 'NONE',  ( -0.2950000000000000955, -0.2999999999999999889, 0.0000000000000000000 ) ) ;
#1006 =( LENGTH_UNIT ( ) NAMED_UNIT ( * ) SI_UNIT ( .MILLI., .METRE. ) );
#1007 = DIRECTION ( 'NONE',  ( 1.572093150103981429E-14, 1.000000000000000000, -1.355252715606880543E-16 ) ) ;
#1008 = AXIS2_PLACEMENT_3D ( 'NONE', #670, #4261, #3935 ) ;
#1009 =( LENGTH_UNIT ( ) NAMED_UNIT ( * ) SI_UNIT ( .MILLI., .METRE. ) );
#1010 = AXIS2_PLACEMENT_3D ( 'NONE', #1475, #3456, #2767 ) ;
#1011 = ORIENTED_EDGE ( 'NONE', *, *, #36, .T. ) ;
#1012 = CARTESIAN_POINT ( 'NONE',  ( -0.4749999999998638645, -0.1645950378226634647, 2.015707862251541810E-17 ) ) ;
#1013 = ORIENTED_EDGE ( 'NONE', *, *, #1843, .T. ) ;
#1014 = LINE ( 'NONE', #2007, #1910 ) ;
#1015 =( LENGTH_UNIT ( ) NAMED_UNIT ( * ) SI_UNIT ( .MILLI., .METRE. ) );
#1016 = PRESENTATION_STYLE_ASSIGNMENT (( #1650 ) ) ;
#1017 = EDGE_LOOP ( 'NONE', ( #3264, #4157, #2136, #1695 ) ) ;
#1018 = EDGE_CURVE ( 'NONE', #386, #310, #1382, .T. ) ;
#1019 = EDGE_CURVE ( 'NONE', #2853, #1927, #4067, .T. ) ;
#1020 = DIRECTION ( 'NONE',  ( -1.000000000000000000, 0.0000000000000000000, 0.0000000000000000000 ) ) ;
#1021 = DIRECTION ( 'NONE',  ( -1.000000000000000000, 0.0000000000000000000, -0.0000000000000000000 ) ) ;
#1022 = ORIENTED_EDGE ( 'NONE', *, *, #4262, .T. ) ;
#1023 =( NAMED_UNIT ( * ) PLANE_ANGLE_UNIT ( ) SI_UNIT ( $, .RADIAN. ) );
#1024 = ORIENTED_EDGE ( 'NONE', *, *, #3143, .F. ) ;
#1025 = VECTOR ( 'NONE', #3738, 1000.000000000000000 ) ;
#1026 = FILL_AREA_STYLE ('',( #1338 ) ) ;
#1027 = MECHANICAL_DESIGN_GEOMETRIC_PRESENTATION_REPRESENTATION (  '', ( #2488 ), #607 ) ;
#1028 = PRODUCT_DEFINITION_SHAPE ( 'NONE', 'NONE',  #1396 ) ;
#1029 = DIRECTION ( 'NONE',  ( 1.000000000000000000, 0.0000000000000000000, 0.0000000000000000000 ) ) ;
#1030 =( GEOMETRIC_REPRESENTATION_CONTEXT ( 3 ) GLOBAL_UNCERTAINTY_ASSIGNED_CONTEXT ( ( #1861 ) ) GLOBAL_UNIT_ASSIGNED_CONTEXT ( ( #1884, #2168, #1159 ) ) REPRESENTATION_CONTEXT ( 'NONE', 'WORKASPACE' ) );
#1031 = FILL_AREA_STYLE ('',( #2405 ) ) ;
#1032 = ORIENTED_EDGE ( 'NONE', *, *, #2579, .F. ) ;
#1033 = FILL_AREA_STYLE ('',( #967 ) ) ;
#1034 = SURFACE_STYLE_USAGE ( .BOTH. , #4235 ) ;
#1035 = PRESENTATION_STYLE_ASSIGNMENT (( #4006 ) ) ;
#1036 = SHAPE_DEFINITION_REPRESENTATION ( #1028, #1869 ) ;
#1037 = AXIS2_PLACEMENT_3D ( 'NONE', #891, #1508, #803 ) ;
#1038 = ORIENTED_EDGE ( 'NONE', *, *, #3626, .T. ) ;
#1039 = DIRECTION ( 'NONE',  ( -0.0000000000000000000, 1.224646799146999945E-16, -1.000000000000000000 ) ) ;
#1040 = FILL_AREA_STYLE ('',( #3374 ) ) ;
#1041 =( NAMED_UNIT ( * ) PLANE_ANGLE_UNIT ( ) SI_UNIT ( $, .RADIAN. ) );
#1042 = VERTEX_POINT ( 'NONE', #3749 ) ;
#1043 = FILL_AREA_STYLE ('',( #2668 ) ) ;
#1044 = CARTESIAN_POINT ( 'NONE',  ( -0.5500000000000000444, 0.3499999999999999778, 0.02000000000000000042 ) ) ;
#1045 = ORIENTED_EDGE ( 'NONE', *, *, #883, .F. ) ;
#1046 = EDGE_CURVE ( 'NONE', #1587, #2439, #794, .T. ) ;
#1047 = EDGE_CURVE ( 'NONE', #2143, #3751, #293, .T. ) ;
#1048 = FACE_OUTER_BOUND ( 'NONE', #521, .T. ) ;
#1049 = LINE ( 'NONE', #3091, #1199 ) ;
#1050 = COLOUR_RGB ( '',0.8274509803921568096, 0.8274509803921568096, 0.8274509803921568096 ) ;
#1051 = PLANE ( 'NONE',  #458 ) ;
#1052 = VERTEX_POINT ( 'NONE', #3390 ) ;
#1053 = CARTESIAN_POINT ( 'NONE',  ( -0.3563508326896408507, 0.2999999999999550804, 3.673940397442249318E-17 ) ) ;
#1054 = AXIS2_PLACEMENT_3D ( 'NONE', #1736, #1400, #2999 ) ;
#1055 =( NAMED_UNIT ( * ) SI_UNIT ( $, .STERADIAN. ) SOLID_ANGLE_UNIT ( ) );
#1056 = EDGE_LOOP ( 'NONE', ( #4025, #3455, #4035, #2698, #3804, #3190, #364, #2858 ) ) ;
#1057 = PRESENTATION_STYLE_ASSIGNMENT (( #59 ) ) ;
#1058 = DIRECTION ( 'NONE',  ( 0.0000000000000000000, -1.000000000000000000, -1.224646799146999945E-16 ) ) ;
#1059 = AXIS2_PLACEMENT_3D ( 'NONE', #2303, #3632, #650 ) ;
#1060 = AXIS2_PLACEMENT_3D ( 'NONE', #748, #134, #2742 ) ;
#1061 = EDGE_LOOP ( 'NONE', ( #3471, #143, #530, #1621 ) ) ;
#1062 =( NAMED_UNIT ( * ) PLANE_ANGLE_UNIT ( ) SI_UNIT ( $, .RADIAN. ) );
#1063 = DIRECTION ( 'NONE',  ( 0.0000000000000000000, 1.000000000000000000, -1.355252715606880296E-16 ) ) ;
#1064 = VERTEX_POINT ( 'NONE', #1053 ) ;
#1065 = VECTOR ( 'NONE', #1349, 1000.000000000000000 ) ;
#1066 = COLOUR_RGB ( '',0.8274509803921568096, 0.8274509803921568096, 0.8274509803921568096 ) ;
#1067 = DIRECTION ( 'NONE',  ( -0.0000000000000000000, 1.224646799146999945E-16, -1.000000000000000000 ) ) ;
#1068 = EDGE_CURVE ( 'NONE', #2182, #3458, #3711, .T. ) ;
#1069 = CARTESIAN_POINT ( 'NONE',  ( 0.4949999999999222799, 0.1577111547697281069, -1.931404608786746271E-17 ) ) ;
#1070 = EDGE_CURVE ( 'NONE', #965, #2836, #2471, .T. ) ;
#1071 = STYLED_ITEM ( 'NONE', ( #2565 ), #2296 ) ;
#1072 =( LENGTH_UNIT ( ) NAMED_UNIT ( * ) SI_UNIT ( .MILLI., .METRE. ) );
#1073 = AXIS2_PLACEMENT_3D ( 'NONE', #761, #1058, #3718 ) ;
#1074 = EDGE_LOOP ( 'NONE', ( #2086, #2911, #647, #3085 ) ) ;
#1075 = SURFACE_STYLE_USAGE ( .BOTH. , #1362 ) ;
#1076 = UNCERTAINTY_MEASURE_WITH_UNIT (LENGTH_MEASURE( 1.000000000000000082E-05 ), #1501, 'distance_accuracy_value', 'NONE');
#1077 = CARTESIAN_POINT ( 'NONE',  ( 0.3275140453871118185, -0.2600000000000453615, 0.05999999999999999084 ) ) ;
#1078 = CYLINDRICAL_SURFACE ( 'NONE', #2218, 0.2400000000000000466 ) ;
#1079 = VERTEX_POINT ( 'NONE', #3431 ) ;
#1080 = CARTESIAN_POINT ( 'NONE',  ( 0.5500000000000000444, -0.3499999999999999778, 0.02000000000000000042 ) ) ;
#1081 = FILL_AREA_STYLE ('',( #3659 ) ) ;
#1082 =( NAMED_UNIT ( * ) PLANE_ANGLE_UNIT ( ) SI_UNIT ( $, .RADIAN. ) );
#1083 = CARTESIAN_POINT ( 'NONE',  ( -0.5000000000000000000, 0.2999999999999999889, 0.0000000000000000000 ) ) ;
#1084 = ORIENTED_EDGE ( 'NONE', *, *, #2919, .T. ) ;
#1085 =( LENGTH_UNIT ( ) NAMED_UNIT ( * ) SI_UNIT ( .MILLI., .METRE. ) );
#1086 = FILL_AREA_STYLE_COLOUR ( '', #856 ) ;
#1087 = VERTEX_POINT ( 'NONE', #2042 ) ;
#1088 = SURFACE_STYLE_USAGE ( .BOTH. , #2732 ) ;
#1089 = ADVANCED_BREP_SHAPE_REPRESENTATION ( '', ( #1929, #2977 ), #4232 ) ;
#1090 = DIRECTION ( 'NONE',  ( 0.0000000000000000000, -0.0000000000000000000, 1.000000000000000000 ) ) ;
#1091 = VERTEX_POINT ( 'NONE', #1766 ) ;
#1092 = PRESENTATION_STYLE_ASSIGNMENT (( #3771 ) ) ;
#1093 = ORIENTED_EDGE ( 'NONE', *, *, #84, .T. ) ;
#1094 = AXIS2_PLACEMENT_3D ( 'NONE', #1204, #315, #3613 ) ;
#1095 = ADVANCED_FACE ( 'NONE', ( #1198 ), #3519, .T. ) ;
#1096 = CARTESIAN_POINT ( 'NONE',  ( -0.4949999999999999956, -0.2999999999999999889, 0.02000000000000000042 ) ) ;
#1097 = VERTEX_POINT ( 'NONE', #1494 ) ;
#1098 =( LENGTH_UNIT ( ) NAMED_UNIT ( * ) SI_UNIT ( .MILLI., .METRE. ) );
#1099 = PRESENTATION_LAYER_ASSIGNMENT (  '', '', ( #4221 ) ) ;
#1100 =( NAMED_UNIT ( * ) PLANE_ANGLE_UNIT ( ) SI_UNIT ( $, .RADIAN. ) );
#1101 = SURFACE_SIDE_STYLE ('',( #430 ) ) ;
#1102 = PRESENTATION_LAYER_ASSIGNMENT (  '', '', ( #1877 ) ) ;
#1103 = DIRECTION ( 'NONE',  ( -0.0000000000000000000, -1.000000000000000000, -1.224646799146999945E-16 ) ) ;
#1104 = ORIENTED_EDGE ( 'NONE', *, *, #1047, .F. ) ;
#1105 = CARTESIAN_POINT ( 'NONE',  ( -0.2000000000000000111, 0.2600000000000000089, 3.184081677782999738E-17 ) ) ;
#1106 = VERTEX_POINT ( 'NONE', #2231 ) ;
#1107 = PRESENTATION_STYLE_ASSIGNMENT (( #1710 ) ) ;
#1108 = UNCERTAINTY_MEASURE_WITH_UNIT (LENGTH_MEASURE( 1.000000000000000082E-05 ), #1906, 'distance_accuracy_value', 'NONE');
#1109 = DIRECTION ( 'NONE',  ( 0.0000000000000000000, 0.0000000000000000000, 1.000000000000000000 ) ) ;
#1110 = VECTOR ( 'NONE', #3414, 1000.000000000000000 ) ;
#1111 = CARTESIAN_POINT ( 'NONE',  ( -0.2950000000000000400, -0.2999999999999999889, 0.0000000000000000000 ) ) ;
#1112 = DIRECTION ( 'NONE',  ( 0.0000000000000000000, 0.0000000000000000000, 1.000000000000000000 ) ) ;
#1113 = UNCERTAINTY_MEASURE_WITH_UNIT (LENGTH_MEASURE( 1.000000000000000082E-05 ), #2713, 'distance_accuracy_value', 'NONE');
#1114 = VERTEX_POINT ( 'NONE', #4159 ) ;
#1115 = LINE ( 'NONE', #1408, #1902 ) ;
#1116 = DIRECTION ( 'NONE',  ( 0.0000000000000000000, -1.224646799146999945E-16, 1.000000000000000000 ) ) ;
#1117 = VECTOR ( 'NONE', #1933, 1000.000000000000000 ) ;
#1118 =( NAMED_UNIT ( * ) SI_UNIT ( $, .STERADIAN. ) SOLID_ANGLE_UNIT ( ) );
#1119 = CARTESIAN_POINT ( 'NONE',  ( -0.4749999999999999778, 0.2999999999999999889, 0.08000000000000000167 ) ) ;
#1120 = EDGE_CURVE ( 'NONE', #4128, #2608, #1556, .T. ) ;
#1121 = EDGE_CURVE ( 'NONE', #866, #2048, #2145, .T. ) ;
#1122 =( NAMED_UNIT ( * ) SI_UNIT ( $, .STERADIAN. ) SOLID_ANGLE_UNIT ( ) );
#1123 = FACE_OUTER_BOUND ( 'NONE', #1954, .T. ) ;
#1124 = STYLED_ITEM ( 'NONE', ( #1276 ), #1483 ) ;
#1125 = DIRECTION ( 'NONE',  ( 0.0000000000000000000, 0.0000000000000000000, 1.000000000000000000 ) ) ;
#1126 = CARTESIAN_POINT ( 'NONE',  ( 0.5500000000000000444, 0.3499999999999999778, 0.0000000000000000000 ) ) ;
#1127 = ORIENTED_EDGE ( 'NONE', *, *, #1958, .F. ) ;
#1128 = ORIENTED_EDGE ( 'NONE', *, *, #3175, .F. ) ;
#1129 = COLOUR_RGB ( '',0.0000000000000000000, 0.3333333333333333148, 0.0000000000000000000 ) ;
#1130 = STYLED_ITEM ( 'NONE', ( #4026 ), #992 ) ;
#1131 = CARTESIAN_POINT ( 'NONE',  ( -0.3875192319071404379, -0.2999999999999999889, 0.05999999999999999778 ) ) ;
#1132 = COLOUR_RGB ( '',0.7803921568627451011, 0.5686274509803921351, 0.1137254901960784298 ) ;
#1133 = ORIENTED_EDGE ( 'NONE', *, *, #86, .F. ) ;
#1134 = DIRECTION ( 'NONE',  ( 0.0000000000000000000, -1.000000000000000000, -1.034036596358999946E-18 ) ) ;
#1135 = ADVANCED_BREP_SHAPE_REPRESENTATION ( '', ( #536, #2977 ), #403 ) ;
#1136 = STYLED_ITEM ( 'NONE', ( #250 ), #2457 ) ;
#1137 = ORIENTED_EDGE ( 'NONE', *, *, #2896, .F. ) ;
#1138 = LINE ( 'NONE', #1435, #3335 ) ;
#1139 = LINE ( 'NONE', #2496, #2526 ) ;
#1140 = CIRCLE ( 'NONE', #2195, 0.005000000000000013115 ) ;
#1141 = EDGE_CURVE ( 'NONE', #2949, #2959, #2533, .T. ) ;
#1142 = CARTESIAN_POINT ( 'NONE',  ( 0.4749999999999999778, -0.2999999999999999889, 0.06000000000000000472 ) ) ;
#1143 = ADVANCED_FACE ( 'NONE', ( #3473 ), #158, .F. ) ;
#1144 = VECTOR ( 'NONE', #3750, 1000.000000000000000 ) ;
#1145 = SURFACE_STYLE_FILL_AREA ( #2792 ) ;
#1146 = FILL_AREA_STYLE_COLOUR ( '', #1599 ) ;
#1147 = ORIENTED_EDGE ( 'NONE', *, *, #2865, .F. ) ;
#1148 = CIRCLE ( 'NONE', #2807, 0.2000000000000000111 ) ;
#1149 = FACE_OUTER_BOUND ( 'NONE', #873, .T. ) ;
#1150 = EDGE_LOOP ( 'NONE', ( #1381, #3927, #3107, #4179, #3784, #3159, #3551, #1093 ) ) ;
#1151 = FACE_OUTER_BOUND ( 'NONE', #3962, .T. ) ;
#1152 = UNCERTAINTY_MEASURE_WITH_UNIT (LENGTH_MEASURE( 1.000000000000000082E-05 ), #2899, 'distance_accuracy_value', 'NONE');
#1153 = LINE ( 'NONE', #894, #2711 ) ;
#1154 = SURFACE_STYLE_FILL_AREA ( #2157 ) ;
#1155 = DIRECTION ( 'NONE',  ( 0.0000000000000000000, -1.000000000000000000, 0.0000000000000000000 ) ) ;
#1156 = VERTEX_POINT ( 'NONE', #4138 ) ;
#1157 =( NAMED_UNIT ( * ) PLANE_ANGLE_UNIT ( ) SI_UNIT ( $, .RADIAN. ) );
#1158 = CARTESIAN_POINT ( 'NONE',  ( 0.5500000000000000444, -0.3499999999999999778, 0.02000000000000002470 ) ) ;
#1159 =( NAMED_UNIT ( * ) SI_UNIT ( $, .STERADIAN. ) SOLID_ANGLE_UNIT ( ) );
#1160 = DIRECTION ( 'NONE',  ( -0.0000000000000000000, -1.000000000000000000, -1.224646799146999945E-16 ) ) ;
#1161 = AXIS2_PLACEMENT_3D ( 'NONE', #1565, #2898, #1245 ) ;
#1162 = SURFACE_STYLE_USAGE ( .BOTH. , #520 ) ;
#1163 = EDGE_LOOP ( 'NONE', ( #542, #460, #1784, #2817, #2384, #1386, #2877, #3117 ) ) ;
#1164 =( LENGTH_UNIT ( ) NAMED_UNIT ( * ) SI_UNIT ( .MILLI., .METRE. ) );
#1165 = DIRECTION ( 'NONE',  ( -0.0000000000000000000, 1.000000000000000000, 1.224646799146999945E-16 ) ) ;
#1166 = PRESENTATION_LAYER_ASSIGNMENT (  '', '', ( #1720 ) ) ;
#1167 = ORIENTED_EDGE ( 'NONE', *, *, #3362, .T. ) ;
#1168 =( NAMED_UNIT ( * ) PLANE_ANGLE_UNIT ( ) SI_UNIT ( $, .RADIAN. ) );
#1169 = VECTOR ( 'NONE', #471, 1000.000000000000000 ) ;
#1170 = COLOUR_RGB ( '',0.0000000000000000000, 0.3333333333333333148, 0.0000000000000000000 ) ;
#1171 = ORIENTED_EDGE ( 'NONE', *, *, #777, .T. ) ;
#1172 = CARTESIAN_POINT ( 'NONE',  ( -0.5500000000000000444, -0.3499999999999999778, -4.286263797015999754E-17 ) ) ;
#1173 = SURFACE_STYLE_USAGE ( .BOTH. , #4106 ) ;
#1174 = FACE_OUTER_BOUND ( 'NONE', #668, .T. ) ;
#1175 = EDGE_CURVE ( 'NONE', #2265, #316, #2105, .T. ) ;
#1176 = EDGE_CURVE ( 'NONE', #858, #3371, #3605, .T. ) ;
#1177 = SURFACE_STYLE_FILL_AREA ( #3814 ) ;
#1178 = ORIENTED_EDGE ( 'NONE', *, *, #317, .F. ) ;
#1179 = SURFACE_STYLE_FILL_AREA ( #2867 ) ;
#1180 = COLOUR_RGB ( '',0.0000000000000000000, 0.3333333333333333148, 0.0000000000000000000 ) ;
#1181 = FILL_AREA_STYLE ('',( #1436 ) ) ;
#1182 = CIRCLE ( 'NONE', #1816, 0.1700000000000000122 ) ;
#1183 = CARTESIAN_POINT ( 'NONE',  ( 0.5500000000000000444, 0.3499999999999999778, 0.05999999999999999778 ) ) ;
#1184 = DIRECTION ( 'NONE',  ( 0.0000000000000000000, -1.224646799146999945E-16, -1.000000000000000000 ) ) ;
#1185 = AXIS2_PLACEMENT_3D ( 'NONE', #2409, #2762, #3747 ) ;
#1186 = ORIENTED_EDGE ( 'NONE', *, *, #3498, .F. ) ;
#1187 = CARTESIAN_POINT ( 'NONE',  ( -0.2950000000000000400, 0.3000000000000000444, 0.0000000000000000000 ) ) ;
#1188 = EDGE_LOOP ( 'NONE', ( #1433, #93, #341, #1196 ) ) ;
#1189 =( NAMED_UNIT ( * ) PLANE_ANGLE_UNIT ( ) SI_UNIT ( $, .RADIAN. ) );
#1190 = VECTOR ( 'NONE', #2691, 1000.000000000000000 ) ;
#1191 =( GEOMETRIC_REPRESENTATION_CONTEXT ( 3 ) GLOBAL_UNCERTAINTY_ASSIGNED_CONTEXT ( ( #1712 ) ) GLOBAL_UNIT_ASSIGNED_CONTEXT ( ( #2621, #3243, #972 ) ) REPRESENTATION_CONTEXT ( 'NONE', 'WORKASPACE' ) );
#1192 = APPLICATION_CONTEXT ( 'automotive_design' ) ;
#1193 = EDGE_CURVE ( 'NONE', #2432, #2925, #717, .T. ) ;
#1194 = PRESENTATION_LAYER_ASSIGNMENT (  '', '', ( #25 ) ) ;
#1195 = EDGE_CURVE ( 'NONE', #797, #2298, #614, .T. ) ;
#1196 = ORIENTED_EDGE ( 'NONE', *, *, #3393, .F. ) ;
#1197 = CARTESIAN_POINT ( 'NONE',  ( -0.05000000000000000278, 0.2999999999999999889, -0.01000000000000000021 ) ) ;
#1198 = FACE_OUTER_BOUND ( 'NONE', #3895, .T. ) ;
#1199 = VECTOR ( 'NONE', #3764, 1000.000000000000000 ) ;
#1200 = DIRECTION ( 'NONE',  ( 0.0000000000000000000, -1.000000000000000000, -0.0000000000000000000 ) ) ;
#1201 = PRESENTATION_LAYER_ASSIGNMENT (  '', '', ( #1542 ) ) ;
#1202 =( NAMED_UNIT ( * ) PLANE_ANGLE_UNIT ( ) SI_UNIT ( $, .RADIAN. ) );
#1203 = SURFACE_STYLE_USAGE ( .BOTH. , #823 ) ;
#1204 = CARTESIAN_POINT ( 'NONE',  ( 0.5500000000000000444, 0.3499999999999999778, 0.02000000000000001082 ) ) ;
#1205 = VECTOR ( 'NONE', #4165, 1000.000000000000000 ) ;
#1206 = VERTEX_POINT ( 'NONE', #918 ) ;
#1207 =( LENGTH_UNIT ( ) NAMED_UNIT ( * ) SI_UNIT ( .MILLI., .METRE. ) );
#1208 = FILL_AREA_STYLE_COLOUR ( '', #2733 ) ;
#1209 = AXIS2_PLACEMENT_3D ( 'NONE', #1096, #2659, #1116 ) ;
#1210 = ORIENTED_EDGE ( 'NONE', *, *, #1321, .T. ) ;
#1211 = AXIS2_PLACEMENT_3D ( 'NONE', #3299, #2908, #594 ) ;
#1212 = CARTESIAN_POINT ( 'NONE',  ( 0.4999999999999514277, 0.2085786437627077106, 0.0000000000000000000 ) ) ;
#1213 = ORIENTED_EDGE ( 'NONE', *, *, #3468, .T. ) ;
#1214 = DIRECTION ( 'NONE',  ( -0.0000000000000000000, 1.000000000000000000, 0.0000000000000000000 ) ) ;
#1215 =( LENGTH_UNIT ( ) NAMED_UNIT ( * ) SI_UNIT ( .MILLI., .METRE. ) );
#1216 = PRODUCT_RELATED_PRODUCT_CATEGORY ( 'part', '', ( #3252 ) ) ;
#1217 = EDGE_CURVE ( 'NONE', #1156, #108, #3054, .T. ) ;
#1218 = FILL_AREA_STYLE_COLOUR ( '', #732 ) ;
#1219 = CARTESIAN_POINT ( 'NONE',  ( 0.5500000000000000444, -0.3499999999999999778, 0.02000000000000000042 ) ) ;
#1220 = CARTESIAN_POINT ( 'NONE',  ( -0.1000000000000000056, -0.1499999999999999944, 0.0000000000000000000 ) ) ;
#1221 = DIRECTION ( 'NONE',  ( -0.0000000000000000000, 1.000000000000000000, 0.0000000000000000000 ) ) ;
#1222 = STYLED_ITEM ( 'NONE', ( #411 ), #3419 ) ;
#1223 = ADVANCED_FACE ( 'NONE', ( #258 ), #2981, .T. ) ;
#1224 = DIRECTION ( 'NONE',  ( 1.000000000000000000, 0.0000000000000000000, 0.0000000000000000000 ) ) ;
#1225 = FILL_AREA_STYLE ('',( #2008 ) ) ;
#1226 = COLOUR_RGB ( '',0.7803921568627451011, 0.5686274509803921351, 0.1137254901960784298 ) ;
#1227 = CARTESIAN_POINT ( 'NONE',  ( -0.4749999999998638645, 0.1645950378226634925, -2.015707862251542426E-17 ) ) ;
#1228 =( GEOMETRIC_REPRESENTATION_CONTEXT ( 3 ) GLOBAL_UNCERTAINTY_ASSIGNED_CONTEXT ( ( #3121 ) ) GLOBAL_UNIT_ASSIGNED_CONTEXT ( ( #734, #1082, #2068 ) ) REPRESENTATION_CONTEXT ( 'NONE', 'WORKASPACE' ) );
#1229 = CIRCLE ( 'NONE', #678, 0.2000000000000000389 ) ;
#1230 = FILL_AREA_STYLE ('',( #2327 ) ) ;
#1231 = PRODUCT_DEFINITION_FORMATION_WITH_SPECIFIED_SOURCE ( 'ANY', '', #2577, .NOT_KNOWN. ) ;
#1232 = VERTEX_POINT ( 'NONE', #633 ) ;
#1233 = VECTOR ( 'NONE', #2016, 1000.000000000000000 ) ;
#1234 = SURFACE_STYLE_FILL_AREA ( #4218 ) ;
#1235 =( LENGTH_UNIT ( ) NAMED_UNIT ( * ) SI_UNIT ( .MILLI., .METRE. ) );
#1236 = AXIS2_PLACEMENT_3D ( 'NONE', #3182, #188, #4168 ) ;
#1237 = EDGE_LOOP ( 'NONE', ( #849, #1013, #3770, #3155 ) ) ;
#1238 = PRESENTATION_STYLE_ASSIGNMENT (( #4223 ) ) ;
#1239 = UNCERTAINTY_MEASURE_WITH_UNIT (LENGTH_MEASURE( 1.000000000000000082E-05 ), #3595, 'distance_accuracy_value', 'NONE');
#1240 = CARTESIAN_POINT ( 'NONE',  ( 0.2849999999999999756, -0.2849999999999999756, 0.1400000000000000133 ) ) ;
#1241 = DIRECTION ( 'NONE',  ( 1.000000000000000000, 0.0000000000000000000, 0.0000000000000000000 ) ) ;
#1242 = ORIENTED_EDGE ( 'NONE', *, *, #2273, .T. ) ;
#1243 = LINE ( 'NONE', #263, #1811 ) ;
#1244 = CARTESIAN_POINT ( 'NONE',  ( 0.4949999999999999956, -0.2999999999999999889, 0.02000000000000000042 ) ) ;
#1245 = DIRECTION ( 'NONE',  ( 1.000000000000000000, 0.0000000000000000000, 0.0000000000000000000 ) ) ;
#1246 = FILL_AREA_STYLE ('',( #3654 ) ) ;
#1247 =( LENGTH_UNIT ( ) NAMED_UNIT ( * ) SI_UNIT ( .MILLI., .METRE. ) );
#1248 = ADVANCED_FACE ( 'NONE', ( #1663 ), #2002, .T. ) ;
#1249 = MECHANICAL_DESIGN_GEOMETRIC_PRESENTATION_REPRESENTATION (  '', ( #1520 ), #3969 ) ;
#1250 = CARTESIAN_POINT ( 'NONE',  ( -0.05000000000000000278, -0.2999999999999999889, -6.204219578153998520E-19 ) ) ;
#1251 = ORIENTED_EDGE ( 'NONE', *, *, #932, .F. ) ;
#1252 = DIRECTION ( 'NONE',  ( 0.0000000000000000000, 0.0000000000000000000, 1.000000000000000000 ) ) ;
#1253 = CARTESIAN_POINT ( 'NONE',  ( -0.2000000000000000111, -0.2599999999999999534, 0.0000000000000000000 ) ) ;
#1254 = FILL_AREA_STYLE_COLOUR ( '', #230 ) ;
#1255 = COLOUR_RGB ( '',0.7803921568627451011, 0.5686274509803921351, 0.1137254901960784298 ) ;
#1256 =( NAMED_UNIT ( * ) SI_UNIT ( $, .STERADIAN. ) SOLID_ANGLE_UNIT ( ) );
#1257 = PRODUCT_DEFINITION_SHAPE ( 'NONE', 'NONE',  #4301 ) ;
#1258 = VECTOR ( 'NONE', #628, 1000.000000000000000 ) ;
#1259 = AXIS2_PLACEMENT_3D ( 'NONE', #2353, #1335, #2071 ) ;
#1260 = AXIS2_PLACEMENT_3D ( 'NONE', #50, #1718, #3099 ) ;
#1261 = ORIENTED_EDGE ( 'NONE', *, *, #3088, .F. ) ;
#1262 = LINE ( 'NONE', #1668, #1117 ) ;
#1263 = DIRECTION ( 'NONE',  ( 0.0000000000000000000, -1.000000000000000000, -0.0000000000000000000 ) ) ;
#1264 = SURFACE_SIDE_STYLE ('',( #2602 ) ) ;
#1265 = SURFACE_SIDE_STYLE ('',( #666 ) ) ;
#1266 = CIRCLE ( 'NONE', #1336, 0.1499999999999999667 ) ;
#1267 = FACE_OUTER_BOUND ( 'NONE', #1734, .T. ) ;
#1268 = DIRECTION ( 'NONE',  ( -0.0000000000000000000, 1.224646799146999945E-16, 1.000000000000000000 ) ) ;
#1269 = STYLED_ITEM ( 'NONE', ( #3828 ), #2407 ) ;
#1270 = CARTESIAN_POINT ( 'NONE',  ( -0.4749999999999999778, 0.2999999999999999889, 0.0000000000000000000 ) ) ;
#1271 = EDGE_CURVE ( 'NONE', #1419, #910, #3066, .T. ) ;
#1272 = EDGE_CURVE ( 'NONE', #2204, #3351, #3744, .T. ) ;
#1273 = SURFACE_STYLE_FILL_AREA ( #1653 ) ;
#1274 = ORIENTED_EDGE ( 'NONE', *, *, #1731, .F. ) ;
#1275 = CARTESIAN_POINT ( 'NONE',  ( 0.5500000000000000444, -0.3499999999999999778, 0.05999999999999999778 ) ) ;
#1276 = PRESENTATION_STYLE_ASSIGNMENT (( #1966 ) ) ;
#1277 =( LENGTH_UNIT ( ) NAMED_UNIT ( * ) SI_UNIT ( .MILLI., .METRE. ) );
#1278 = AXIS2_PLACEMENT_3D ( 'NONE', #269, #1307, #946 ) ;
#1279 = LINE ( 'NONE', #1969, #2018 ) ;
#1280 =( NAMED_UNIT ( * ) PLANE_ANGLE_UNIT ( ) SI_UNIT ( $, .RADIAN. ) );
#1281 = LINE ( 'NONE', #2214, #2671 ) ;
#1282 = ORIENTED_EDGE ( 'NONE', *, *, #560, .F. ) ;
#1283 = LINE ( 'NONE', #679, #563 ) ;
#1284 = ORIENTED_EDGE ( 'NONE', *, *, #2089, .T. ) ;
#1285 = CARTESIAN_POINT ( 'NONE',  ( 0.3563508326898146561, 0.2999999999999999889, 0.02000000000000000389 ) ) ;
#1286 = PRESENTATION_STYLE_ASSIGNMENT (( #1562 ) ) ;
#1287 = SHAPE_REPRESENTATION_RELATIONSHIP ( 'NONE' , 'NONE' ,  #3651, #1089 ) ;
#1288 = DIRECTION ( 'NONE',  ( 0.0000000000000000000, 0.0000000000000000000, -1.000000000000000000 ) ) ;
#1289 = VERTEX_POINT ( 'NONE', #2672 ) ;
#1290 = SURFACE_STYLE_USAGE ( .BOTH. , #1633 ) ;
#1291 = PRESENTATION_LAYER_ASSIGNMENT (  '', '', ( #886 ) ) ;
#1292 = VERTEX_POINT ( 'NONE', #1762 ) ;
#1293 = DIRECTION ( 'NONE',  ( 0.0000000000000000000, 1.000000000000000000, -1.224646799146999699E-16 ) ) ;
#1294 =( LENGTH_UNIT ( ) NAMED_UNIT ( * ) SI_UNIT ( .MILLI., .METRE. ) );
#1295 = STYLED_ITEM ( 'NONE', ( #3910 ), #3657 ) ;
#1296 =( LENGTH_UNIT ( ) NAMED_UNIT ( * ) SI_UNIT ( .MILLI., .METRE. ) );
#1297 = DIRECTION ( 'NONE',  ( 1.000000000000000000, 0.0000000000000000000, 0.0000000000000000000 ) ) ;
#1298 = EDGE_CURVE ( 'NONE', #318, #2182, #3385, .T. ) ;
#1299 =( LENGTH_UNIT ( ) NAMED_UNIT ( * ) SI_UNIT ( .MILLI., .METRE. ) );
#1300 = EDGE_CURVE ( 'NONE', #745, #965, #90, .T. ) ;
#1301 = VECTOR ( 'NONE', #631, 1000.000000000000000 ) ;
#1302 = CARTESIAN_POINT ( 'NONE',  ( -0.5500000000000000444, 0.3499999999999999778, 4.286263797015999754E-17 ) ) ;
#1303 = LINE ( 'NONE', #1978, #2555 ) ;
#1304 = ORIENTED_EDGE ( 'NONE', *, *, #1193, .T. ) ;
#1305 = FILL_AREA_STYLE ('',( #4295 ) ) ;
#1306 =( LENGTH_UNIT ( ) NAMED_UNIT ( * ) SI_UNIT ( .MILLI., .METRE. ) );
#1307 = DIRECTION ( 'NONE',  ( 0.0000000000000000000, 0.0000000000000000000, -1.000000000000000000 ) ) ;
#1308 = DIRECTION ( 'NONE',  ( 1.000000000000000000, 0.0000000000000000000, -0.0000000000000000000 ) ) ;
#1309 = FILL_AREA_STYLE_COLOUR ( '', #4114 ) ;
#1310 =( LENGTH_UNIT ( ) NAMED_UNIT ( * ) SI_UNIT ( .MILLI., .METRE. ) );
#1311 = DIRECTION ( 'NONE',  ( -9.274621392321998436E-15, -1.000000000000000000, -0.0000000000000000000 ) ) ;
#1312 = ORIENTED_EDGE ( 'NONE', *, *, #3836, .T. ) ;
#1313 = CARTESIAN_POINT ( 'NONE',  ( 0.3875192319072686686, -0.3000000000000394573, 0.05999999999999999778 ) ) ;
#1314 = DIRECTION ( 'NONE',  ( 0.0000000000000000000, 1.000000000000000000, -1.355252715606880296E-16 ) ) ;
#1315 = PRESENTATION_LAYER_ASSIGNMENT (  '', '', ( #3211 ) ) ;
#1316 = ORIENTED_EDGE ( 'NONE', *, *, #3447, .T. ) ;
#1317 = FACE_OUTER_BOUND ( 'NONE', #3622, .T. ) ;
#1318 = UNCERTAINTY_MEASURE_WITH_UNIT (LENGTH_MEASURE( 1.000000000000000082E-05 ), #3488, 'distance_accuracy_value', 'NONE');
#1319 = DIRECTION ( 'NONE',  ( 0.0000000000000000000, 1.000000000000000000, 1.224646799146999945E-16 ) ) ;
#1320 = VECTOR ( 'NONE', #2190, 1000.000000000000000 ) ;
#1321 = EDGE_CURVE ( 'NONE', #444, #2582, #2848, .T. ) ;
#1322 = EDGE_CURVE ( 'NONE', #386, #2731, #4001, .T. ) ;
#1323 = ORIENTED_EDGE ( 'NONE', *, *, #235, .F. ) ;
#1324 = UNCERTAINTY_MEASURE_WITH_UNIT (LENGTH_MEASURE( 1.000000000000000082E-05 ), #1819, 'distance_accuracy_value', 'NONE');
#1325 = PRESENTATION_STYLE_ASSIGNMENT (( #352 ) ) ;
#1326 = LINE ( 'NONE', #3342, #3646 ) ;
#1327 = STYLED_ITEM ( 'NONE', ( #3512 ), #616 ) ;
#1328 = LINE ( 'NONE', #1385, #3092 ) ;
#1329 = MECHANICAL_DESIGN_GEOMETRIC_PRESENTATION_REPRESENTATION (  '', ( #2650 ), #1391 ) ;
#1330 = SURFACE_STYLE_USAGE ( .BOTH. , #3032 ) ;
#1331 = FILL_AREA_STYLE_COLOUR ( '', #1430 ) ;
#1332 =( GEOMETRIC_REPRESENTATION_CONTEXT ( 3 ) GLOBAL_UNCERTAINTY_ASSIGNED_CONTEXT ( ( #2336 ) ) GLOBAL_UNIT_ASSIGNED_CONTEXT ( ( #1625, #1950, #3923 ) ) REPRESENTATION_CONTEXT ( 'NONE', 'WORKASPACE' ) );
#1333 = LINE ( 'NONE', #3350, #1563 ) ;
#1334 = EDGE_LOOP ( 'NONE', ( #3959, #1428, #4071, #2655 ) ) ;
#1335 = DIRECTION ( 'NONE',  ( 1.000000000000000000, 0.0000000000000000000, 0.0000000000000000000 ) ) ;
#1336 = AXIS2_PLACEMENT_3D ( 'NONE', #4163, #2938, #4188 ) ;
#1337 = PRESENTATION_STYLE_ASSIGNMENT (( #2290 ) ) ;
#1338 = FILL_AREA_STYLE_COLOUR ( '', #4225 ) ;
#1339 = VECTOR ( 'NONE', #1967, 1000.000000000000000 ) ;
#1340 = SURFACE_STYLE_USAGE ( .BOTH. , #2379 ) ;
#1341 = PRESENTATION_STYLE_ASSIGNMENT (( #4290 ) ) ;
#1342 = CARTESIAN_POINT ( 'NONE',  ( 0.5500000000000000444, -0.3499999999999999778, 0.01999999999999999348 ) ) ;
#1343 = STYLED_ITEM ( 'NONE', ( #3890 ), #2658 ) ;
#1344 = ORIENTED_EDGE ( 'NONE', *, *, #3175, .T. ) ;
#1345 =( NAMED_UNIT ( * ) PLANE_ANGLE_UNIT ( ) SI_UNIT ( $, .RADIAN. ) );
#1346 = MECHANICAL_DESIGN_GEOMETRIC_PRESENTATION_REPRESENTATION (  '', ( #3096 ), #2001 ) ;
#1347 = LINE ( 'NONE', #13, #1690 ) ;
#1348 = EDGE_CURVE ( 'NONE', #1786, #696, #1049, .T. ) ;
#1349 = DIRECTION ( 'NONE',  ( 0.0000000000000000000, 1.224646799146999945E-16, -1.000000000000000000 ) ) ;
#1350 = EDGE_CURVE ( 'NONE', #3865, #1908, #3840, .T. ) ;
#1351 = ORIENTED_EDGE ( 'NONE', *, *, #86, .T. ) ;
#1352 = DIRECTION ( 'NONE',  ( 1.000000000000000000, 0.0000000000000000000, -0.0000000000000000000 ) ) ;
#1353 = ORIENTED_EDGE ( 'NONE', *, *, #1425, .T. ) ;
#1354 = AXIS2_PLACEMENT_3D ( 'NONE', #2141, #3426, #4156 ) ;
#1355 = AXIS2_PLACEMENT_3D ( 'NONE', #2560, #3823, #3802 ) ;
#1356 = UNCERTAINTY_MEASURE_WITH_UNIT (LENGTH_MEASURE( 1.000000000000000082E-05 ), #1306, 'distance_accuracy_value', 'NONE');
#1357 = LINE ( 'NONE', #1069, #1190 ) ;
#1358 = AXIS2_PLACEMENT_3D ( 'NONE', #1886, #3875, #3219 ) ;
#1359 = PLANE ( 'NONE',  #41 ) ;
#1360 = UNCERTAINTY_MEASURE_WITH_UNIT (LENGTH_MEASURE( 1.000000000000000082E-05 ), #897, 'distance_accuracy_value', 'NONE');
#1361 = ORIENTED_EDGE ( 'NONE', *, *, #2534, .T. ) ;
#1362 = SURFACE_SIDE_STYLE ('',( #3048 ) ) ;
#1363 = UNCERTAINTY_MEASURE_WITH_UNIT (LENGTH_MEASURE( 1.000000000000000082E-05 ), #625, 'distance_accuracy_value', 'NONE');
#1364 = APPLICATION_PROTOCOL_DEFINITION ( 'draft international standard', 'automotive_design', 1998, #1873 ) ;
#1365 =( GEOMETRIC_REPRESENTATION_CONTEXT ( 3 ) GLOBAL_UNCERTAINTY_ASSIGNED_CONTEXT ( ( #3820 ) ) GLOBAL_UNIT_ASSIGNED_CONTEXT ( ( #4260, #2304, #3634 ) ) REPRESENTATION_CONTEXT ( 'NONE', 'WORKASPACE' ) );
#1366 = LINE ( 'NONE', #686, #3593 ) ;
#1367 =( NAMED_UNIT ( * ) PLANE_ANGLE_UNIT ( ) SI_UNIT ( $, .RADIAN. ) );
#1368 = ORIENTED_EDGE ( 'NONE', *, *, #2161, .F. ) ;
#1369 = VERTEX_POINT ( 'NONE', #3044 ) ;
#1370 =( NAMED_UNIT ( * ) PLANE_ANGLE_UNIT ( ) SI_UNIT ( $, .RADIAN. ) );
#1371 =( LENGTH_UNIT ( ) NAMED_UNIT ( * ) SI_UNIT ( .MILLI., .METRE. ) );
#1372 = EDGE_CURVE ( 'NONE', #1052, #1206, #441, .T. ) ;
#1373 = ORIENTED_EDGE ( 'NONE', *, *, #463, .F. ) ;
#1374 = CARTESIAN_POINT ( 'NONE',  ( -0.2975000000000000977, 0.2974999999999999867, 0.1250000000000000000 ) ) ;
#1375 =( LENGTH_UNIT ( ) NAMED_UNIT ( * ) SI_UNIT ( .MILLI., .METRE. ) );
#1376 = ORIENTED_EDGE ( 'NONE', *, *, #2507, .T. ) ;
#1377 = CARTESIAN_POINT ( 'NONE',  ( -0.5500000000000000444, 0.3499999999999999778, -4.286263797015999754E-17 ) ) ;
#1378 = AXIS2_PLACEMENT_3D ( 'NONE', #723, #1427, #2740 ) ;
#1379 = CARTESIAN_POINT ( 'NONE',  ( 0.1000000000000000194, 0.2999999999999999889, 0.0000000000000000000 ) ) ;
#1380 = CARTESIAN_POINT ( 'NONE',  ( 0.4949999999999999956, 0.1891429205790000068, 0.02000000000000000042 ) ) ;
#1381 = ORIENTED_EDGE ( 'NONE', *, *, #3546, .T. ) ;
#1382 = LINE ( 'NONE', #2385, #4257 ) ;
#1383 = PRODUCT_CONTEXT ( 'NONE', #2235, 'mechanical' ) ;
#1384 = PRESENTATION_LAYER_ASSIGNMENT (  '', '', ( #1457 ) ) ;
#1385 = CARTESIAN_POINT ( 'NONE',  ( -0.05000000000000000278, -0.1500000000000000222, -4.653164683615499853E-19 ) ) ;
#1386 = ORIENTED_EDGE ( 'NONE', *, *, #3707, .T. ) ;
#1387 =( LENGTH_UNIT ( ) NAMED_UNIT ( * ) SI_UNIT ( .MILLI., .METRE. ) );
#1388 = COLOUR_RGB ( '',0.7803921568627451011, 0.5686274509803921351, 0.1137254901960784298 ) ;
#1389 = LINE ( 'NONE', #758, #442 ) ;
#1390 = LINE ( 'NONE', #1083, #2537 ) ;
#1391 =( GEOMETRIC_REPRESENTATION_CONTEXT ( 3 ) GLOBAL_UNCERTAINTY_ASSIGNED_CONTEXT ( ( #157 ) ) GLOBAL_UNIT_ASSIGNED_CONTEXT ( ( #1164, #142, #2152 ) ) REPRESENTATION_CONTEXT ( 'NONE', 'WORKASPACE' ) );
#1392 =( NAMED_UNIT ( * ) PLANE_ANGLE_UNIT ( ) SI_UNIT ( $, .RADIAN. ) );
#1393 = SURFACE_STYLE_FILL_AREA ( #4055 ) ;
#1394 = FILL_AREA_STYLE ('',( #1086 ) ) ;
#1395 = ORIENTED_EDGE ( 'NONE', *, *, #3496, .T. ) ;
#1396 = PRODUCT_DEFINITION ( 'UNKNOWN', '', #4079, #1552 ) ;
#1397 = EDGE_CURVE ( 'NONE', #1956, #2132, #2358, .T. ) ;
#1398 = SURFACE_STYLE_FILL_AREA ( #2075 ) ;
#1399 = PRESENTATION_LAYER_ASSIGNMENT (  '', '', ( #577 ) ) ;
#1400 = DIRECTION ( 'NONE',  ( 0.0000000000000000000, -1.224646799146999945E-16, -1.000000000000000000 ) ) ;
#1401 = DIRECTION ( 'NONE',  ( 0.0000000000000000000, -0.0000000000000000000, 1.000000000000000000 ) ) ;
#1402 = ADVANCED_FACE ( 'NONE', ( #371 ), #4041, .T. ) ;
#1403 = EDGE_CURVE ( 'NONE', #1106, #1042, #1357, .T. ) ;
#1404 = PRESENTATION_LAYER_ASSIGNMENT (  '', '', ( #1269 ) ) ;
#1405 = SHAPE_REPRESENTATION ( 'User Library-LED_1006_R', ( #1643, #4073, #1358, #1161, #2215, #1568 ), #2287 ) ;
#1406 = AXIS2_PLACEMENT_3D ( 'NONE', #3680, #3083, #450 ) ;
#1407 = EDGE_LOOP ( 'NONE', ( #4171, #2245, #3101 ) ) ;
#1408 = CARTESIAN_POINT ( 'NONE',  ( -0.2000000000000000111, -0.2999999999999999889, 0.02000000000000000042 ) ) ;
#1409 = UNCERTAINTY_MEASURE_WITH_UNIT (LENGTH_MEASURE( 1.000000000000000082E-05 ), #2452, 'distance_accuracy_value', 'NONE');
#1410 = EDGE_LOOP ( 'NONE', ( #3131, #2396, #3575, #2095 ) ) ;
#1411 = CARTESIAN_POINT ( 'NONE',  ( 0.1000000000000000056, 0.2999999999999999889, -0.01000000000000000021 ) ) ;
#1412 = VECTOR ( 'NONE', #3620, 1000.000000000000000 ) ;
#1413 = SURFACE_STYLE_FILL_AREA ( #3757 ) ;
#1414 = EDGE_LOOP ( 'NONE', ( #3700, #155, #4283, #3278 ) ) ;
#1415 = DIRECTION ( 'NONE',  ( 0.0000000000000000000, -0.0000000000000000000, -1.000000000000000000 ) ) ;
#1416 = CARTESIAN_POINT ( 'NONE',  ( -0.4749999999999319766, 0.1645950378226359589, 0.05999999999999998390 ) ) ;
#1417 = ORIENTED_EDGE ( 'NONE', *, *, #3033, .F. ) ;
#1418 =( NAMED_UNIT ( * ) SI_UNIT ( $, .STERADIAN. ) SOLID_ANGLE_UNIT ( ) );
#1419 = VERTEX_POINT ( 'NONE', #4023 ) ;
#1420 = FILL_AREA_STYLE ('',( #2036 ) ) ;
#1421 = AXIS2_PLACEMENT_3D ( 'NONE', #2269, #3601, #2992 ) ;
#1422 = SURFACE_SIDE_STYLE ('',( #34 ) ) ;
#1423 = CARTESIAN_POINT ( 'NONE',  ( 0.5500000000000000444, 0.3499999999999999778, 0.05999999999999999778 ) ) ;
#1424 = VECTOR ( 'NONE', #887, 1000.000000000000000 ) ;
#1425 = EDGE_CURVE ( 'NONE', #2539, #2949, #1892, .T. ) ;
#1426 = EDGE_CURVE ( 'NONE', #2306, #620, #1153, .T. ) ;
#1427 = DIRECTION ( 'NONE',  ( 1.000000000000000000, 0.0000000000000000000, 0.0000000000000000000 ) ) ;
#1428 = ORIENTED_EDGE ( 'NONE', *, *, #2220, .T. ) ;
#1429 = FACE_OUTER_BOUND ( 'NONE', #1414, .T. ) ;
#1430 = COLOUR_RGB ( '',0.7921568627450980005, 0.8196078431372548767, 0.9333333333333333481 ) ;
#1431 = DIRECTION ( 'NONE',  ( 0.0000000000000000000, 0.0000000000000000000, 1.000000000000000000 ) ) ;
#1432 =( NAMED_UNIT ( * ) SI_UNIT ( $, .STERADIAN. ) SOLID_ANGLE_UNIT ( ) );
#1433 = ORIENTED_EDGE ( 'NONE', *, *, #4123, .F. ) ;
#1434 = AXIS2_PLACEMENT_3D ( 'NONE', #2291, #3920, #4269 ) ;
#1435 = CARTESIAN_POINT ( 'NONE',  ( 0.2950000000000000400, 0.3000000000000000444, 0.0000000000000000000 ) ) ;
#1436 = FILL_AREA_STYLE_COLOUR ( '', #1830 ) ;
#1437 = LINE ( 'NONE', #3058, #1025 ) ;
#1438 = CARTESIAN_POINT ( 'NONE',  ( 0.3275140453870559187, -0.2600000000001834732, 0.06000000000000001166 ) ) ;
#1439 = MECHANICAL_DESIGN_GEOMETRIC_PRESENTATION_REPRESENTATION (  '', ( #1877 ), #3260 ) ;
#1440 = ORIENTED_EDGE ( 'NONE', *, *, #750, .F. ) ;
#1441 = FILL_AREA_STYLE ('',( #3548 ) ) ;
#1442 = ORIENTED_EDGE ( 'NONE', *, *, #345, .F. ) ;
#1443 = CYLINDRICAL_SURFACE ( 'NONE', #784, 0.005000000000000013115 ) ;
#1444 = UNCERTAINTY_MEASURE_WITH_UNIT (LENGTH_MEASURE( 1.000000000000000082E-05 ), #1015, 'distance_accuracy_value', 'NONE');
#1445 = PRESENTATION_STYLE_ASSIGNMENT (( #1173 ) ) ;
#1446 = DIRECTION ( 'NONE',  ( -0.0000000000000000000, -0.0000000000000000000, -1.000000000000000000 ) ) ;
#1447 = CARTESIAN_POINT ( 'NONE',  ( -0.4949999999999999956, 0.1891429205787729384, 0.02000000000000002123 ) ) ;
#1448 = ORIENTED_EDGE ( 'NONE', *, *, #751, .F. ) ;
#1449 = CARTESIAN_POINT ( 'NONE',  ( -0.4949999999999611933, -0.1577111547697170046, 0.02000000000000002470 ) ) ;
#1450 = PLANE ( 'NONE',  #1060 ) ;
#1451 = UNCERTAINTY_MEASURE_WITH_UNIT (LENGTH_MEASURE( 1.000000000000000082E-05 ), #1544, 'distance_accuracy_value', 'NONE');
#1452 = ADVANCED_FACE ( 'NONE', ( #3228 ), #851, .T. ) ;
#1453 = EDGE_CURVE ( 'NONE', #1079, #797, #4253, .T. ) ;
#1454 = CARTESIAN_POINT ( 'NONE',  ( -0.05000000000000000278, 0.2999999999999999889, -0.01000000000000000021 ) ) ;
#1455 = CARTESIAN_POINT ( 'NONE',  ( 0.5500000000000000444, -0.3499999999999999778, 0.08000000000000001554 ) ) ;
#1456 = FILL_AREA_STYLE ('',( #1746 ) ) ;
#1457 = STYLED_ITEM ( 'NONE', ( #1107 ), #540 ) ;
#1458 = LINE ( 'NONE', #3197, #308 ) ;
#1459 = LINE ( 'NONE', #2875, #2282 ) ;
#1460 =( GEOMETRIC_REPRESENTATION_CONTEXT ( 3 ) GLOBAL_UNCERTAINTY_ASSIGNED_CONTEXT ( ( #325 ) ) GLOBAL_UNIT_ASSIGNED_CONTEXT ( ( #1513, #1189, #3487 ) ) REPRESENTATION_CONTEXT ( 'NONE', 'WORKASPACE' ) );
#1461 = VERTEX_POINT ( 'NONE', #1469 ) ;
#1462 = FILL_AREA_STYLE_COLOUR ( '', #1534 ) ;
#1463 = ORIENTED_EDGE ( 'NONE', *, *, #4123, .T. ) ;
#1464 =( GEOMETRIC_REPRESENTATION_CONTEXT ( 3 ) GLOBAL_UNCERTAINTY_ASSIGNED_CONTEXT ( ( #417 ) ) GLOBAL_UNIT_ASSIGNED_CONTEXT ( ( #4127, #1504, #844 ) ) REPRESENTATION_CONTEXT ( 'NONE', 'WORKASPACE' ) );
#1465 =( NAMED_UNIT ( * ) SI_UNIT ( $, .STERADIAN. ) SOLID_ANGLE_UNIT ( ) );
#1466 = SURFACE_STYLE_USAGE ( .BOTH. , #2543 ) ;
#1467 = ORIENTED_EDGE ( 'NONE', *, *, #3313, .F. ) ;
#1468 = SURFACE_STYLE_FILL_AREA ( #1854 ) ;
#1469 = CARTESIAN_POINT ( 'NONE',  ( 0.3875192319072686686, 0.3000000000000394018, 0.02000000000000000042 ) ) ;
#1470 = SURFACE_SIDE_STYLE ('',( #1490 ) ) ;
#1471 = STYLED_ITEM ( 'NONE', ( #3469 ), #2271 ) ;
#1472 = ORIENTED_EDGE ( 'NONE', *, *, #2610, .T. ) ;
#1473 = FILL_AREA_STYLE ('',( #1515 ) ) ;
#1474 = DIRECTION ( 'NONE',  ( 0.0000000000000000000, 0.0000000000000000000, -1.000000000000000000 ) ) ;
#1475 = CARTESIAN_POINT ( 'NONE',  ( -0.5500000000000000444, 0.3499999999999999778, 0.07999999999999998779 ) ) ;
#1476 = STYLED_ITEM ( 'NONE', ( #298 ), #2481 ) ;
#1477 = CARTESIAN_POINT ( 'NONE',  ( -0.5500000000000000444, -0.3499999999999999778, 0.08000000000000000167 ) ) ;
#1478 = PRESENTATION_STYLE_ASSIGNMENT (( #3522 ) ) ;
#1479 =( GEOMETRIC_REPRESENTATION_CONTEXT ( 3 ) GLOBAL_UNCERTAINTY_ASSIGNED_CONTEXT ( ( #1152 ) ) GLOBAL_UNIT_ASSIGNED_CONTEXT ( ( #2899, #2603, #3932 ) ) REPRESENTATION_CONTEXT ( 'NONE', 'WORKASPACE' ) );
#1480 = DIRECTION ( 'NONE',  ( 1.000000000000000000, 0.0000000000000000000, 0.0000000000000000000 ) ) ;
#1481 = CARTESIAN_POINT ( 'NONE',  ( -0.3713942890050741519, 0.2600000000000166067, 0.01999999999999999695 ) ) ;
#1482 = ADVANCED_FACE ( 'NONE', ( #1880 ), #2838, .T. ) ;
#1483 = ADVANCED_FACE ( 'NONE', ( #484 ), #504, .T. ) ;
#1484 =( LENGTH_UNIT ( ) NAMED_UNIT ( * ) SI_UNIT ( .MILLI., .METRE. ) );
#1485 = VERTEX_POINT ( 'NONE', #2332 ) ;
#1486 = DIRECTION ( 'NONE',  ( 0.0000000000000000000, -0.0000000000000000000, -1.000000000000000000 ) ) ;
#1487 = DIRECTION ( 'NONE',  ( 9.274621392321998436E-15, 1.000000000000000000, 0.0000000000000000000 ) ) ;
#1488 = ORIENTED_EDGE ( 'NONE', *, *, #2677, .T. ) ;
#1489 = DIRECTION ( 'NONE',  ( 0.0000000000000000000, -1.000000000000000000, -0.0000000000000000000 ) ) ;
#1490 = SURFACE_STYLE_FILL_AREA ( #4219 ) ;
#1491 = ORIENTED_EDGE ( 'NONE', *, *, #1582, .T. ) ;
#1492 = DIRECTION ( 'NONE',  ( 0.0000000000000000000, -1.034036596358999946E-18, 1.000000000000000000 ) ) ;
#1493 = UNCERTAINTY_MEASURE_WITH_UNIT (LENGTH_MEASURE( 1.000000000000000082E-05 ), #2339, 'distance_accuracy_value', 'NONE');
#1494 = CARTESIAN_POINT ( 'NONE',  ( 0.1000000000000000194, -0.2999999999999999889, -1.551054894538499630E-19 ) ) ;
#1495 = COLOUR_RGB ( '',1.000000000000000000, 0.0000000000000000000, 0.0000000000000000000 ) ;
#1496 = LINE ( 'NONE', #3433, #4053 ) ;
#1497 = ORIENTED_EDGE ( 'NONE', *, *, #3142, .F. ) ;
#1498 = SURFACE_STYLE_USAGE ( .BOTH. , #2516 ) ;
#1499 = UNCERTAINTY_MEASURE_WITH_UNIT (LENGTH_MEASURE( 1.000000000000000082E-05 ), #1939, 'distance_accuracy_value', 'NONE');
#1500 = COLOUR_RGB ( '',0.7803921568627451011, 0.5686274509803921351, 0.1137254901960784298 ) ;
#1501 =( LENGTH_UNIT ( ) NAMED_UNIT ( * ) SI_UNIT ( .MILLI., .METRE. ) );
#1502 = DIRECTION ( 'NONE',  ( 1.000000000000000000, 0.0000000000000000000, 0.0000000000000000000 ) ) ;
#1503 = VERTEX_POINT ( 'NONE', #1573 ) ;
#1504 =( NAMED_UNIT ( * ) PLANE_ANGLE_UNIT ( ) SI_UNIT ( $, .RADIAN. ) );
#1505 = PRODUCT_DEFINITION_FORMATION_WITH_SPECIFIED_SOURCE ( 'ANY', '', #3252, .NOT_KNOWN. ) ;
#1506 = AXIS2_PLACEMENT_3D ( 'NONE', #1377, #3684, #2400 ) ;
#1507 = EDGE_LOOP ( 'NONE', ( #2374, #3422, #2763, #3125 ) ) ;
#1508 = DIRECTION ( 'NONE',  ( 1.000000000000000000, 0.0000000000000000000, 0.0000000000000000000 ) ) ;
#1509 = EDGE_CURVE ( 'NONE', #965, #2522, #2247, .T. ) ;
#1510 = ADVANCED_FACE ( 'NONE', ( #4267 ), #320, .F. ) ;
#1511 = PRESENTATION_LAYER_ASSIGNMENT (  '', '', ( #2083 ) ) ;
#1512 = ORIENTED_EDGE ( 'NONE', *, *, #2035, .T. ) ;
#1513 =( LENGTH_UNIT ( ) NAMED_UNIT ( * ) SI_UNIT ( .MILLI., .METRE. ) );
#1514 = ORIENTED_EDGE ( 'NONE', *, *, #4, .T. ) ;
#1515 = FILL_AREA_STYLE_COLOUR ( '', #1660 ) ;
#1516 = CARTESIAN_POINT ( 'NONE',  ( 0.4749999999999999778, -0.1645950378230000011, 2.015707862250000449E-17 ) ) ;
#1517 = FILL_AREA_STYLE_COLOUR ( '', #4011 ) ;
#1518 =( NAMED_UNIT ( * ) PLANE_ANGLE_UNIT ( ) SI_UNIT ( $, .RADIAN. ) );
#1519 = SURFACE_SIDE_STYLE ('',( #968 ) ) ;
#1520 = STYLED_ITEM ( 'NONE', ( #1478 ), #163 ) ;
#1521 = DIRECTION ( 'NONE',  ( -0.0000000000000000000, 1.224646799146999945E-16, 1.000000000000000000 ) ) ;
#1522 = CARTESIAN_POINT ( 'NONE',  ( -0.05000000000000000278, 0.2999999999999999889, 0.0000000000000000000 ) ) ;
#1523 = VECTOR ( 'NONE', #279, 1000.000000000000000 ) ;
#1524 = ORIENTED_EDGE ( 'NONE', *, *, #643, .F. ) ;
#1525 = FACE_OUTER_BOUND ( 'NONE', #4136, .T. ) ;
#1526 = ORIENTED_EDGE ( 'NONE', *, *, #3892, .F. ) ;
#1527 = LINE ( 'NONE', #807, #505 ) ;
#1528 = DIRECTION ( 'NONE',  ( 0.0000000000000000000, 0.0000000000000000000, 1.000000000000000000 ) ) ;
#1529 = EDGE_CURVE ( 'NONE', #2119, #291, #3843, .T. ) ;
#1530 = CARTESIAN_POINT ( 'NONE',  ( 0.4085786437627077494, -0.2999999999999513611, 0.08000000000000000167 ) ) ;
#1531 = MECHANICAL_DESIGN_GEOMETRIC_PRESENTATION_REPRESENTATION (  '', ( #1124 ), #3355 ) ;
#1532 = MECHANICAL_DESIGN_GEOMETRIC_PRESENTATION_REPRESENTATION (  '', ( #1327 ), #2451 ) ;
#1533 = MECHANICAL_DESIGN_GEOMETRIC_PRESENTATION_REPRESENTATION (  '', ( #787 ), #2651 ) ;
#1534 = COLOUR_RGB ( '',0.7803921568627451011, 0.5686274509803921351, 0.1137254901960784298 ) ;
#1535 = EDGE_LOOP ( 'NONE', ( #3847, #3194, #1361, #1032 ) ) ;
#1536 =( NAMED_UNIT ( * ) SI_UNIT ( $, .STERADIAN. ) SOLID_ANGLE_UNIT ( ) );
#1537 = UNCERTAINTY_MEASURE_WITH_UNIT (LENGTH_MEASURE( 1.000000000000000082E-05 ), #879, 'distance_accuracy_value', 'NONE');
#1538 = AXIS2_PLACEMENT_3D ( 'NONE', #4032, #3373, #1020 ) ;
#1539 = COLOUR_RGB ( '',0.7803921568627451011, 0.5686274509803921351, 0.1137254901960784298 ) ;
#1540 = CARTESIAN_POINT ( 'NONE',  ( 0.2000000000000000111, -0.2999999999999999889, 0.08000000000000000167 ) ) ;
#1541 = CARTESIAN_POINT ( 'NONE',  ( 0.4949999999999999956, 0.2999999999999999889, 0.02000000000000000042 ) ) ;
#1542 = STYLED_ITEM ( 'NONE', ( #3930 ), #2091 ) ;
#1543 = LINE ( 'NONE', #3906, #4266 ) ;
#1544 =( LENGTH_UNIT ( ) NAMED_UNIT ( * ) SI_UNIT ( .MILLI., .METRE. ) );
#1545 = LINE ( 'NONE', #2850, #2967 ) ;
#1546 =( LENGTH_UNIT ( ) NAMED_UNIT ( * ) SI_UNIT ( .MILLI., .METRE. ) );
#1547 = APPLICATION_CONTEXT ( 'automotive_design' ) ;
#1548 = ORIENTED_EDGE ( 'NONE', *, *, #4, .F. ) ;
#1549 =( LENGTH_UNIT ( ) NAMED_UNIT ( * ) SI_UNIT ( .MILLI., .METRE. ) );
#1550 = PRESENTATION_LAYER_ASSIGNMENT (  '', '', ( #3096 ) ) ;
#1551 = DIRECTION ( 'NONE',  ( -1.000000000000000000, 0.0000000000000000000, 0.0000000000000000000 ) ) ;
#1552 = PRODUCT_DEFINITION_CONTEXT ( 'detailed design', #949, 'design' ) ;
#1553 = DIRECTION ( 'NONE',  ( 0.0000000000000000000, -1.000000000000000000, 0.0000000000000000000 ) ) ;
#1554 =( LENGTH_UNIT ( ) NAMED_UNIT ( * ) SI_UNIT ( .MILLI., .METRE. ) );
#1555 = SURFACE_SIDE_STYLE ('',( #257 ) ) ;
#1556 = LINE ( 'NONE', #1883, #2527 ) ;
#1557 = EDGE_CURVE ( 'NONE', #2446, #927, #2907, .T. ) ;
#1558 = EDGE_CURVE ( 'NONE', #3351, #2414, #1972, .T. ) ;
#1559 =( LENGTH_UNIT ( ) NAMED_UNIT ( * ) SI_UNIT ( .MILLI., .METRE. ) );
#1560 = ORIENTED_EDGE ( 'NONE', *, *, #1731, .T. ) ;
#1561 = DIRECTION ( 'NONE',  ( 1.000000000000000000, 0.0000000000000000000, -0.0000000000000000000 ) ) ;
#1562 = SURFACE_STYLE_USAGE ( .BOTH. , #1519 ) ;
#1563 = VECTOR ( 'NONE', #1021, 1000.000000000000000 ) ;
#1564 = PRODUCT ( 'Pad001', 'Pad001', '', ( #3692 ) ) ;
#1565 = CARTESIAN_POINT ( 'NONE',  ( 0.0000000000000000000, 0.0000000000000000000, 0.0000000000000000000 ) ) ;
#1566 =( NAMED_UNIT ( * ) PLANE_ANGLE_UNIT ( ) SI_UNIT ( $, .RADIAN. ) );
#1567 = CIRCLE ( 'NONE', #676, 0.005000000000000013115 ) ;
#1568 = AXIS2_PLACEMENT_3D ( 'NONE', #2300, #2915, #4254 ) ;
#1569 = CIRCLE ( 'NONE', #2493, 0.1499999999999999667 ) ;
#1570 = VERTEX_POINT ( 'NONE', #3598 ) ;
#1571 =( NAMED_UNIT ( * ) SI_UNIT ( $, .STERADIAN. ) SOLID_ANGLE_UNIT ( ) );
#1572 =( GEOMETRIC_REPRESENTATION_CONTEXT ( 3 ) GLOBAL_UNCERTAINTY_ASSIGNED_CONTEXT ( ( #1864 ) ) GLOBAL_UNIT_ASSIGNED_CONTEXT ( ( #4038, #2096, #2355 ) ) REPRESENTATION_CONTEXT ( 'NONE', 'WORKASPACE' ) );
#1573 = CARTESIAN_POINT ( 'NONE',  ( 0.1000000000000000194, -0.2999999999999999889, -0.01000000000000000021 ) ) ;
#1574 = STYLED_ITEM ( 'NONE', ( #2706 ), #4147 ) ;
#1575 = FILL_AREA_STYLE ('',( #3864 ) ) ;
#1576 = PRESENTATION_STYLE_ASSIGNMENT (( #938 ) ) ;
#1577 =( NAMED_UNIT ( * ) PLANE_ANGLE_UNIT ( ) SI_UNIT ( $, .RADIAN. ) );
#1578 = LINE ( 'NONE', #3902, #2424 ) ;
#1579 = ORIENTED_EDGE ( 'NONE', *, *, #2635, .F. ) ;
#1580 = EDGE_LOOP ( 'NONE', ( #2489, #60, #2420, #3529 ) ) ;
#1581 = CARTESIAN_POINT ( 'NONE',  ( -0.05000000000000000278, 0.2999999999999999889, 0.0000000000000000000 ) ) ;
#1582 = EDGE_CURVE ( 'NONE', #2832, #3290, #606, .T. ) ;
#1583 = SURFACE_STYLE_FILL_AREA ( #2236 ) ;
#1584 = EDGE_CURVE ( 'NONE', #818, #2890, #1618, .T. ) ;
#1585 = CARTESIAN_POINT ( 'NONE',  ( 0.0000000000000000000, 0.0000000000000000000, 0.0000000000000000000 ) ) ;
#1586 = SURFACE_STYLE_FILL_AREA ( #624 ) ;
#1587 = VERTEX_POINT ( 'NONE', #2437 ) ;
#1588 = AXIS2_PLACEMENT_3D ( 'NONE', #2654, #1955, #2005 ) ;
#1589 = CARTESIAN_POINT ( 'NONE',  ( -0.4949999999999304956, -0.1891429205785696566, 0.06000000000000001166 ) ) ;
#1590 = MECHANICAL_DESIGN_GEOMETRIC_PRESENTATION_REPRESENTATION (  '', ( #3762 ), #2572 ) ;
#1591 = ORIENTED_EDGE ( 'NONE', *, *, #3033, .T. ) ;
#1592 = CARTESIAN_POINT ( 'NONE',  ( -0.5500000000000000444, 0.3499999999999999778, 0.02000000000000000042 ) ) ;
#1593 = CARTESIAN_POINT ( 'NONE',  ( -0.5500000000000000444, -0.3499999999999999778, 0.06000000000000001166 ) ) ;
#1594 = LINE ( 'NONE', #254, #1339 ) ;
#1595 = COLOUR_RGB ( '',1.000000000000000000, 0.0000000000000000000, 0.0000000000000000000 ) ;
#1596 = SURFACE_SIDE_STYLE ('',( #237 ) ) ;
#1597 = VECTOR ( 'NONE', #414, 1000.000000000000000 ) ;
#1598 = AXIS2_PLACEMENT_3D ( 'NONE', #1275, #2609, #1965 ) ;
#1599 = COLOUR_RGB ( '',0.7803921568627451011, 0.5686274509803921351, 0.1137254901960784298 ) ;
#1600 =( GEOMETRIC_REPRESENTATION_CONTEXT ( 3 ) GLOBAL_UNCERTAINTY_ASSIGNED_CONTEXT ( ( #1356 ) ) GLOBAL_UNIT_ASSIGNED_CONTEXT ( ( #1306, #331, #11 ) ) REPRESENTATION_CONTEXT ( 'NONE', 'WORKASPACE' ) );
#1601 =( NAMED_UNIT ( * ) SI_UNIT ( $, .STERADIAN. ) SOLID_ANGLE_UNIT ( ) );
#1602 = ORIENTED_EDGE ( 'NONE', *, *, #1019, .F. ) ;
#1603 = DIRECTION ( 'NONE',  ( 0.0000000000000000000, -1.224646799146999945E-16, -1.000000000000000000 ) ) ;
#1604 = EDGE_LOOP ( 'NONE', ( #2111, #943, #2154 ) ) ;
#1605 = DIRECTION ( 'NONE',  ( 0.0000000000000000000, -0.0000000000000000000, -1.000000000000000000 ) ) ;
#1606 = MECHANICAL_DESIGN_GEOMETRIC_PRESENTATION_REPRESENTATION (  '', ( #3980 ), #716 ) ;
#1607 = DIRECTION ( 'NONE',  ( -1.000000000000000000, 0.0000000000000000000, 0.0000000000000000000 ) ) ;
#1608 = STYLED_ITEM ( 'NONE', ( #1035 ), #2243 ) ;
#1609 = FILL_AREA_STYLE ('',( #995 ) ) ;
#1610 = ORIENTED_EDGE ( 'NONE', *, *, #2737, .F. ) ;
#1611 = DIRECTION ( 'NONE',  ( -0.0000000000000000000, 1.224646799146999945E-16, 1.000000000000000000 ) ) ;
#1612 = AXIS2_PLACEMENT_3D ( 'NONE', #1997, #3618, #656 ) ;
#1613 = FILL_AREA_STYLE ('',( #296 ) ) ;
#1614 = ADVANCED_FACE ( 'NONE', ( #4020 ), #3379, .F. ) ;
#1615 = EDGE_CURVE ( 'NONE', #4128, #1042, #3333, .T. ) ;
#1616 = EDGE_LOOP ( 'NONE', ( #4084, #62, #1282, #1178 ) ) ;
#1617 =( NAMED_UNIT ( * ) PLANE_ANGLE_UNIT ( ) SI_UNIT ( $, .RADIAN. ) );
#1618 = LINE ( 'NONE', #4056, #1597 ) ;
#1619 =( LENGTH_UNIT ( ) NAMED_UNIT ( * ) SI_UNIT ( .MILLI., .METRE. ) );
#1620 = AXIS2_PLACEMENT_3D ( 'NONE', #1158, #3144, #492 ) ;
#1621 = ORIENTED_EDGE ( 'NONE', *, *, #1425, .F. ) ;
#1622 =( NAMED_UNIT ( * ) SI_UNIT ( $, .STERADIAN. ) SOLID_ANGLE_UNIT ( ) );
#1623 = UNCERTAINTY_MEASURE_WITH_UNIT (LENGTH_MEASURE( 1.000000000000000082E-05 ), #1546, 'distance_accuracy_value', 'NONE');
#1624 = AXIS2_PLACEMENT_3D ( 'NONE', #1691, #720, #2710 ) ;
#1625 =( LENGTH_UNIT ( ) NAMED_UNIT ( * ) SI_UNIT ( .MILLI., .METRE. ) );
#1626 = ORIENTED_EDGE ( 'NONE', *, *, #1019, .T. ) ;
#1627 = ORIENTED_EDGE ( 'NONE', *, *, #35, .F. ) ;
#1628 = CARTESIAN_POINT ( 'NONE',  ( 0.2000000000000000111, -0.2999999999999999889, 0.0000000000000000000 ) ) ;
#1629 = DIRECTION ( 'NONE',  ( -1.000000000000000000, 0.0000000000000000000, -0.0000000000000000000 ) ) ;
#1630 = DIRECTION ( 'NONE',  ( 0.0000000000000000000, 0.0000000000000000000, 1.000000000000000000 ) ) ;
#1631 = APPLICATION_CONTEXT ( 'automotive_design' ) ;
#1632 = DIRECTION ( 'NONE',  ( 0.0000000000000000000, -1.224646799146999945E-16, -1.000000000000000000 ) ) ;
#1633 = SURFACE_SIDE_STYLE ('',( #2944 ) ) ;
#1634 = MECHANICAL_DESIGN_GEOMETRIC_PRESENTATION_REPRESENTATION (  '', ( #1783 ), #2680 ) ;
#1635 =( NAMED_UNIT ( * ) SI_UNIT ( $, .STERADIAN. ) SOLID_ANGLE_UNIT ( ) );
#1636 = PRODUCT_DEFINITION_SHAPE ( 'NONE', 'NONE',  #3309 ) ;
#1637 = VERTEX_POINT ( 'NONE', #1416 ) ;
#1638 = CARTESIAN_POINT ( 'NONE',  ( -0.4949999999999999956, -0.1891429205787729384, 0.05999999999999999778 ) ) ;
#1639 = MECHANICAL_DESIGN_GEOMETRIC_PRESENTATION_REPRESENTATION (  '', ( #399 ), #2823 ) ;
#1640 = CARTESIAN_POINT ( 'NONE',  ( 0.5500000000000000444, -0.3499999999999999778, 4.286263797015999754E-17 ) ) ;
#1641 = EDGE_CURVE ( 'NONE', #2675, #1637, #2854, .T. ) ;
#1642 = EDGE_CURVE ( 'NONE', #2354, #2048, #3038, .T. ) ;
#1643 = AXIS2_PLACEMENT_3D ( 'NONE', #18, #1680, #1224 ) ;
#1644 = AXIS2_PLACEMENT_3D ( 'NONE', #1907, #2614, #595 ) ;
#1645 = LINE ( 'NONE', #2648, #428 ) ;
#1646 = CARTESIAN_POINT ( 'NONE',  ( -0.5500000000000000444, -0.3499999999999999778, 0.06000000000000001860 ) ) ;
#1647 = ORIENTED_EDGE ( 'NONE', *, *, #1898, .F. ) ;
#1648 = EDGE_LOOP ( 'NONE', ( #1602, #3023, #312, #2702 ) ) ;
#1649 = DIRECTION ( 'NONE',  ( 0.0000000000000000000, 0.0000000000000000000, 1.000000000000000000 ) ) ;
#1650 = SURFACE_STYLE_USAGE ( .BOTH. , #246 ) ;
#1651 = CARTESIAN_POINT ( 'NONE',  ( -0.4749999999999319766, -0.1645950378226359312, 0.02000000000000001082 ) ) ;
#1652 =( LENGTH_UNIT ( ) NAMED_UNIT ( * ) SI_UNIT ( .MILLI., .METRE. ) );
#1653 = FILL_AREA_STYLE ('',( #1208 ) ) ;
#1654 = PLANE ( 'NONE',  #1421 ) ;
#1655 = ORIENTED_EDGE ( 'NONE', *, *, #3579, .F. ) ;
#1656 = CARTESIAN_POINT ( 'NONE',  ( 0.4749999999999319766, 0.1645950378226359312, 0.05999999999999998390 ) ) ;
#1657 = FACE_OUTER_BOUND ( 'NONE', #2776, .T. ) ;
#1658 = AXIS2_PLACEMENT_3D ( 'NONE', #1220, #2148, #2234 ) ;
#1659 = LINE ( 'NONE', #913, #1301 ) ;
#1660 = COLOUR_RGB ( '',0.8274509803921568096, 0.8274509803921568096, 0.8274509803921568096 ) ;
#1661 = CYLINDRICAL_SURFACE ( 'NONE', #3841, 0.005000000000000013115 ) ;
#1662 = UNCERTAINTY_MEASURE_WITH_UNIT (LENGTH_MEASURE( 1.000000000000000082E-05 ), #1619, 'distance_accuracy_value', 'NONE');
#1663 = FACE_OUTER_BOUND ( 'NONE', #1776, .T. ) ;
#1664 = COLOUR_RGB ( '',0.7803921568627451011, 0.5686274509803921351, 0.1137254901960784298 ) ;
#1665 = PRESENTATION_STYLE_ASSIGNMENT (( #2078 ) ) ;
#1666 = ADVANCED_FACE ( 'NONE', ( #1657 ), #2094, .T. ) ;
#1667 = STYLED_ITEM ( 'NONE', ( #3336 ), #536 ) ;
#1668 = CARTESIAN_POINT ( 'NONE',  ( 0.4749999999998638645, 0.1645950378226634647, -2.015707862251541810E-17 ) ) ;
#1669 = DIRECTION ( 'NONE',  ( 0.0000000000000000000, -0.0000000000000000000, 1.000000000000000000 ) ) ;
#1670 = FILL_AREA_STYLE_COLOUR ( '', #1132 ) ;
#1671 = PRODUCT_DEFINITION_SHAPE ( 'NONE', 'NONE',  #3415 ) ;
#1672 = MECHANICAL_DESIGN_GEOMETRIC_PRESENTATION_REPRESENTATION (  '', ( #648 ), #1464 ) ;
#1673 = VECTOR ( 'NONE', #1352, 1000.000000000000000 ) ;
#1674 = SHAPE_DEFINITION_REPRESENTATION ( #1971, #1405 ) ;
#1675 = LINE ( 'NONE', #687, #3108 ) ;
#1676 = VERTEX_POINT ( 'NONE', #104 ) ;
#1677 = STYLED_ITEM ( 'NONE', ( #3800 ), #1974 ) ;
#1678 = COLOUR_RGB ( '',0.7803921568627451011, 0.5686274509803921351, 0.1137254901960784298 ) ;
#1679 =( GEOMETRIC_REPRESENTATION_CONTEXT ( 3 ) GLOBAL_UNCERTAINTY_ASSIGNED_CONTEXT ( ( #2670 ) ) GLOBAL_UNIT_ASSIGNED_CONTEXT ( ( #4298, #2442, #2467 ) ) REPRESENTATION_CONTEXT ( 'NONE', 'WORKASPACE' ) );
#1680 = DIRECTION ( 'NONE',  ( 0.0000000000000000000, 0.0000000000000000000, 1.000000000000000000 ) ) ;
#1681 = CARTESIAN_POINT ( 'NONE',  ( 0.5500000000000000444, -0.3499999999999999778, 0.06000000000000000472 ) ) ;
#1682 = ORIENTED_EDGE ( 'NONE', *, *, #3283, .T. ) ;
#1683 = FILL_AREA_STYLE_COLOUR ( '', #2580 ) ;
#1684 =( LENGTH_UNIT ( ) NAMED_UNIT ( * ) SI_UNIT ( .MILLI., .METRE. ) );
#1685 = ORIENTED_EDGE ( 'NONE', *, *, #2840, .F. ) ;
#1686 = PRESENTATION_STYLE_ASSIGNMENT (( #416 ) ) ;
#1687 = MECHANICAL_DESIGN_GEOMETRIC_PRESENTATION_REPRESENTATION (  '', ( #1136 ), #3652 ) ;
#1688 = FILL_AREA_STYLE ('',( #2757 ) ) ;
#1689 = DIRECTION ( 'NONE',  ( 0.0000000000000000000, -0.0000000000000000000, 1.000000000000000000 ) ) ;
#1690 = VECTOR ( 'NONE', #401, 1000.000000000000000 ) ;
#1691 = CARTESIAN_POINT ( 'NONE',  ( -0.4749999999999999778, -0.1645950378230000011, 2.015707862250000449E-17 ) ) ;
#1692 = MECHANICAL_DESIGN_GEOMETRIC_PRESENTATION_REPRESENTATION (  '', ( #1343 ), #1479 ) ;
#1693 = ORIENTED_EDGE ( 'NONE', *, *, #2708, .F. ) ;
#1694 = CARTESIAN_POINT ( 'NONE',  ( -0.2999999999999999889, 0.2849999999999999756, 0.1400000000000000133 ) ) ;
#1695 = ORIENTED_EDGE ( 'NONE', *, *, #2678, .F. ) ;
#1696 =( LENGTH_UNIT ( ) NAMED_UNIT ( * ) SI_UNIT ( .MILLI., .METRE. ) );
#1697 = ADVANCED_FACE ( 'NONE', ( #3353 ), #366, .F. ) ;
#1698 = SURFACE_STYLE_FILL_AREA ( #379 ) ;
#1699 = ORIENTED_EDGE ( 'NONE', *, *, #3005, .F. ) ;
#1700 = ORIENTED_EDGE ( 'NONE', *, *, #1070, .F. ) ;
#1701 = FILL_AREA_STYLE ('',( #2723 ) ) ;
#1702 = PRESENTATION_STYLE_ASSIGNMENT (( #3756 ) ) ;
#1703 =( NAMED_UNIT ( * ) PLANE_ANGLE_UNIT ( ) SI_UNIT ( $, .RADIAN. ) );
#1704 = ORIENTED_EDGE ( 'NONE', *, *, #3813, .F. ) ;
#1705 = SURFACE_SIDE_STYLE ('',( #3999 ) ) ;
#1706 = FILL_AREA_STYLE_COLOUR ( '', #4037 ) ;
#1707 = ORIENTED_EDGE ( 'NONE', *, *, #777, .F. ) ;
#1708 =( GEOMETRIC_REPRESENTATION_CONTEXT ( 3 ) GLOBAL_UNCERTAINTY_ASSIGNED_CONTEXT ( ( #2901 ) ) GLOBAL_UNIT_ASSIGNED_CONTEXT ( ( #1371, #1041, #1730 ) ) REPRESENTATION_CONTEXT ( 'NONE', 'WORKASPACE' ) );
#1709 = FILL_AREA_STYLE_COLOUR ( '', #4228 ) ;
#1710 = SURFACE_STYLE_USAGE ( .BOTH. , #4085 ) ;
#1711 = VECTOR ( 'NONE', #3153, 1000.000000000000000 ) ;
#1712 = UNCERTAINTY_MEASURE_WITH_UNIT (LENGTH_MEASURE( 1.000000000000000082E-05 ), #2621, 'distance_accuracy_value', 'NONE');
#1713 = CARTESIAN_POINT ( 'NONE',  ( -0.5500000000000000444, 0.3499999999999999778, 0.02000000000000000042 ) ) ;
#1714 = STYLED_ITEM ( 'NONE', ( #1953 ), #3812 ) ;
#1715 =( LENGTH_UNIT ( ) NAMED_UNIT ( * ) SI_UNIT ( .MILLI., .METRE. ) );
#1716 = CARTESIAN_POINT ( 'NONE',  ( -0.05000000000000000278, -0.1500000000000000222, -0.01000000000000000021 ) ) ;
#1717 = EDGE_LOOP ( 'NONE', ( #2667, #337, #3434, #3690 ) ) ;
#1718 = DIRECTION ( 'NONE',  ( 0.0000000000000000000, 1.224646799146999945E-16, -1.000000000000000000 ) ) ;
#1719 = PRODUCT_DEFINITION_FORMATION_WITH_SPECIFIED_SOURCE ( 'ANY', '', #3672, .NOT_KNOWN. ) ;
#1720 = STYLED_ITEM ( 'NONE', ( #1946 ), #4064 ) ;
#1721 = MANIFOLD_SOLID_BREP ( 'Imported1', #199 ) ;
#1722 = APPLICATION_PROTOCOL_DEFINITION ( 'draft international standard', 'automotive_design', 1998, #731 ) ;
#1723 = VECTOR ( 'NONE', #2087, 1000.000000000000000 ) ;
#1724 = AXIS2_PLACEMENT_3D ( 'NONE', #3223, #950, #601 ) ;
#1725 = ORIENTED_EDGE ( 'NONE', *, *, #512, .T. ) ;
#1726 = CARTESIAN_POINT ( 'NONE',  ( -0.4999999999999551470, 0.1563508326896407286, -3.100504632490238188E-17 ) ) ;
#1727 = ADVANCED_FACE ( 'NONE', ( #522 ), #2153, .T. ) ;
#1728 = ADVANCED_FACE ( 'NONE', ( #1850 ), #3180, .T. ) ;
#1729 = SURFACE_STYLE_USAGE ( .BOTH. , #2069 ) ;
#1730 =( NAMED_UNIT ( * ) SI_UNIT ( $, .STERADIAN. ) SOLID_ANGLE_UNIT ( ) );
#1731 = EDGE_CURVE ( 'NONE', #3442, #1079, #295, .T. ) ;
#1732 = EDGE_LOOP ( 'NONE', ( #3694, #1242, #929, #2564, #3430, #3051, #3238, #3184 ) ) ;
#1733 = CARTESIAN_POINT ( 'NONE',  ( 0.2950000000000000400, -0.2950000000000000400, 0.0000000000000000000 ) ) ;
#1734 = EDGE_LOOP ( 'NONE', ( #3589, #1918, #664, #971, #681, #3853, #996, #146, #1045, #3859, #2909, #2178 ) ) ;
#1735 =( LENGTH_UNIT ( ) NAMED_UNIT ( * ) SI_UNIT ( .MILLI., .METRE. ) );
#1736 = CARTESIAN_POINT ( 'NONE',  ( -0.5500000000000000444, 0.3499999999999999778, 0.06000000000000000472 ) ) ;
#1737 = DIRECTION ( 'NONE',  ( -1.000000000000000000, -0.0000000000000000000, -0.0000000000000000000 ) ) ;
#1738 = DIRECTION ( 'NONE',  ( 0.0000000000000000000, 1.000000000000000000, 1.185846126156020475E-16 ) ) ;
#1739 = DIRECTION ( 'NONE',  ( -0.0000000000000000000, -0.0000000000000000000, -1.000000000000000000 ) ) ;
#1740 =( GEOMETRIC_REPRESENTATION_CONTEXT ( 3 ) GLOBAL_UNCERTAINTY_ASSIGNED_CONTEXT ( ( #3817 ) ) GLOBAL_UNIT_ASSIGNED_CONTEXT ( ( #1006, #2270, #1256 ) ) REPRESENTATION_CONTEXT ( 'NONE', 'WORKASPACE' ) );
#1741 = CARTESIAN_POINT ( 'NONE',  ( 0.2000000000000000111, -0.2999999999999999889, 0.02000000000000000042 ) ) ;
#1742 = VECTOR ( 'NONE', #3842, 1000.000000000000000 ) ;
#1743 = COLOUR_RGB ( '',0.7803921568627451011, 0.5686274509803921351, 0.1137254901960784298 ) ;
#1744 = SURFACE_STYLE_FILL_AREA ( #4028 ) ;
#1745 = ORIENTED_EDGE ( 'NONE', *, *, #883, .T. ) ;
#1746 = FILL_AREA_STYLE_COLOUR ( '', #3474 ) ;
#1747 = PRESENTATION_LAYER_ASSIGNMENT (  '', '', ( #3907 ) ) ;
#1748 = SURFACE_STYLE_FILL_AREA ( #1701 ) ;
#1749 = MECHANICAL_DESIGN_GEOMETRIC_PRESENTATION_REPRESENTATION (  '', ( #153 ), #87 ) ;
#1750 = AXIS2_PLACEMENT_3D ( 'NONE', #1581, #986, #1605 ) ;
#1751 = PLANE ( 'NONE',  #3806 ) ;
#1752 = CARTESIAN_POINT ( 'NONE',  ( 0.3713942890050412338, 0.2600000000000000089, 1.592040838892100143E-17 ) ) ;
#1753 = SURFACE_STYLE_USAGE ( .BOTH. , #61 ) ;
#1754 = ORIENTED_EDGE ( 'NONE', *, *, #212, .F. ) ;
#1755 = AXIS2_PLACEMENT_3D ( 'NONE', #3451, #701, #3706 ) ;
#1756 = LINE ( 'NONE', #699, #194 ) ;
#1757 = EDGE_CURVE ( 'NONE', #1637, #2546, #4258, .T. ) ;
#1758 = EDGE_CURVE ( 'NONE', #3564, #1485, #247, .T. ) ;
#1759 = COLOUR_RGB ( '',0.0000000000000000000, 0.3333333333333333148, 0.0000000000000000000 ) ;
#1760 = ORIENTED_EDGE ( 'NONE', *, *, #1298, .T. ) ;
#1761 = UNCERTAINTY_MEASURE_WITH_UNIT (LENGTH_MEASURE( 1.000000000000000082E-05 ), #3232, 'distance_accuracy_value', 'NONE');
#1762 = CARTESIAN_POINT ( 'NONE',  ( -0.4749999999999319766, -0.1645950378226359312, 0.08000000000000001554 ) ) ;
#1763 = ORIENTED_EDGE ( 'NONE', *, *, #2635, .T. ) ;
#1764 = CARTESIAN_POINT ( 'NONE',  ( 0.3275140453870000190, 0.2999999999999999889, 0.08000000000000000167 ) ) ;
#1765 = ORIENTED_EDGE ( 'NONE', *, *, #512, .F. ) ;
#1766 = CARTESIAN_POINT ( 'NONE',  ( 0.5000000000000000000, 0.1563508326898145895, -2.143131898505168298E-17 ) ) ;
#1767 = VECTOR ( 'NONE', #468, 1000.000000000000000 ) ;
#1768 = LINE ( 'NONE', #160, #4204 ) ;
#1769 = ORIENTED_EDGE ( 'NONE', *, *, #3869, .F. ) ;
#1770 = CARTESIAN_POINT ( 'NONE',  ( 0.3152661081139450094, -0.2999999999999999889, 0.06000000000000001166 ) ) ;
#1771 = VECTOR ( 'NONE', #3561, 1000.000000000000000 ) ;
#1772 = LINE ( 'NONE', #2829, #3226 ) ;
#1773 = LINE ( 'NONE', #711, #4051 ) ;
#1774 = ORIENTED_EDGE ( 'NONE', *, *, #2630, .F. ) ;
#1775 = SURFACE_STYLE_USAGE ( .BOTH. , #2130 ) ;
#1776 = EDGE_LOOP ( 'NONE', ( #2599, #3110, #5, #3166, #1807, #1777, #1304, #766 ) ) ;
#1777 = ORIENTED_EDGE ( 'NONE', *, *, #266, .T. ) ;
#1778 = FILL_AREA_STYLE ('',( #1879 ) ) ;
#1779 = EDGE_CURVE ( 'NONE', #105, #1932, #3912, .T. ) ;
#1780 = EDGE_CURVE ( 'NONE', #357, #1856, #3361, .T. ) ;
#1781 = VECTOR ( 'NONE', #3835, 1000.000000000000000 ) ;
#1782 = CARTESIAN_POINT ( 'NONE',  ( 0.3000000000000000444, 0.2950000000000000400, 0.0000000000000000000 ) ) ;
#1783 = STYLED_ITEM ( 'NONE', ( #557 ), #3420 ) ;
#1784 = ORIENTED_EDGE ( 'NONE', *, *, #1876, .T. ) ;
#1785 = FILL_AREA_STYLE_COLOUR ( '', #3897 ) ;
#1786 = VERTEX_POINT ( 'NONE', #2606 ) ;
#1787 = CARTESIAN_POINT ( 'NONE',  ( 0.4949999999999304956, -0.1891429205785696566, 0.05999999999999999778 ) ) ;
#1788 = STYLED_ITEM ( 'NONE', ( #4141 ), #2688 ) ;
#1789 = AXIS2_PLACEMENT_3D ( 'NONE', #1455, #469, #1791 ) ;
#1790 = FILL_AREA_STYLE_COLOUR ( '', #2264 ) ;
#1791 = DIRECTION ( 'NONE',  ( -1.807003620809173794E-15, 1.000000000000000000, -1.129377263005733621E-16 ) ) ;
#1792 = VECTOR ( 'NONE', #976, 1000.000000000000000 ) ;
#1793 = CARTESIAN_POINT ( 'NONE',  ( 0.2849999999999999756, 0.2849999999999999756, 0.1400000000000000133 ) ) ;
#1794 = DIRECTION ( 'NONE',  ( 0.0000000000000000000, -0.0000000000000000000, -1.000000000000000000 ) ) ;
#1795 = CLOSED_SHELL ( 'NONE', ( #211, #582, #1223, #540, #4175, #3416, #3963, #323, #3202, #3943, #4286, #2011, #57, #2296 ) ) ;
#1796 = VECTOR ( 'NONE', #248, 1000.000000000000000 ) ;
#1797 = PLANE ( 'NONE',  #3587 ) ;
#1798 = FACE_OUTER_BOUND ( 'NONE', #1732, .T. ) ;
#1799 = SURFACE_SIDE_STYLE ('',( #3509 ) ) ;
#1800 = SURFACE_STYLE_USAGE ( .BOTH. , #208 ) ;
#1801 = ORIENTED_EDGE ( 'NONE', *, *, #3234, .T. ) ;
#1802 = PRESENTATION_STYLE_ASSIGNMENT (( #2115 ) ) ;
#1803 = UNCERTAINTY_MEASURE_WITH_UNIT (LENGTH_MEASURE( 1.000000000000000082E-05 ), #1855, 'distance_accuracy_value', 'NONE');
#1804 =( NAMED_UNIT ( * ) SI_UNIT ( $, .STERADIAN. ) SOLID_ANGLE_UNIT ( ) );
#1805 = CONTEXT_DEPENDENT_SHAPE_REPRESENTATION ( #3791, #1257 ) ;
#1806 =( NAMED_UNIT ( * ) PLANE_ANGLE_UNIT ( ) SI_UNIT ( $, .RADIAN. ) );
#1807 = ORIENTED_EDGE ( 'NONE', *, *, #1866, .T. ) ;
#1808 = CARTESIAN_POINT ( 'NONE',  ( 0.2975000000000000977, -0.2974999999999999867, 0.1250000000000000000 ) ) ;
#1809 = UNCERTAINTY_MEASURE_WITH_UNIT (LENGTH_MEASURE( 1.000000000000000082E-05 ), #3037, 'distance_accuracy_value', 'NONE');
#1810 = DIRECTION ( 'NONE',  ( 0.0000000000000000000, 1.000000000000000000, -1.129377263005733621E-16 ) ) ;
#1811 = VECTOR ( 'NONE', #3928, 1000.000000000000000 ) ;
#1812 = PRODUCT_DEFINITION_CONTEXT ( 'detailed design', #3029, 'design' ) ;
#1813 = EDGE_CURVE ( 'NONE', #2277, #132, #408, .T. ) ;
#1814 = ADVANCED_FACE ( 'NONE', ( #4213 ), #600, .F. ) ;
#1815 = LINE ( 'NONE', #3171, #3867 ) ;
#1816 = AXIS2_PLACEMENT_3D ( 'NONE', #770, #1112, #2445 ) ;
#1817 = DIRECTION ( 'NONE',  ( 0.0000000000000000000, 1.224646799146999945E-16, -1.000000000000000000 ) ) ;
#1818 = ORIENTED_EDGE ( 'NONE', *, *, #1898, .T. ) ;
#1819 =( LENGTH_UNIT ( ) NAMED_UNIT ( * ) SI_UNIT ( .MILLI., .METRE. ) );
#1820 = UNCERTAINTY_MEASURE_WITH_UNIT (LENGTH_MEASURE( 1.000000000000000082E-05 ), #1247, 'distance_accuracy_value', 'NONE');
#1821 =( LENGTH_UNIT ( ) NAMED_UNIT ( * ) SI_UNIT ( .MILLI., .METRE. ) );
#1822 = STYLED_ITEM ( 'NONE', ( #2777 ), #582 ) ;
#1823 = SURFACE_STYLE_FILL_AREA ( #2497 ) ;
#1824 = DIRECTION ( 'NONE',  ( -1.000000000000000000, -0.0000000000000000000, -0.0000000000000000000 ) ) ;
#1825 = DIRECTION ( 'NONE',  ( 1.000000000000000000, -0.0000000000000000000, 0.0000000000000000000 ) ) ;
#1826 = ORIENTED_EDGE ( 'NONE', *, *, #1322, .T. ) ;
#1827 =( GEOMETRIC_REPRESENTATION_CONTEXT ( 3 ) GLOBAL_UNCERTAINTY_ASSIGNED_CONTEXT ( ( #2380 ) ) GLOBAL_UNIT_ASSIGNED_CONTEXT ( ( #1696, #3024, #423 ) ) REPRESENTATION_CONTEXT ( 'NONE', 'WORKASPACE' ) );
#1828 = ORIENTED_EDGE ( 'NONE', *, *, #2295, .F. ) ;
#1829 = DIRECTION ( 'NONE',  ( -0.0000000000000000000, -1.000000000000000000, -1.224646799146999945E-16 ) ) ;
#1830 = COLOUR_RGB ( '',0.7803921568627451011, 0.5686274509803921351, 0.1137254901960784298 ) ;
#1831 = VECTOR ( 'NONE', #1319, 1000.000000000000000 ) ;
#1832 = FILL_AREA_STYLE_COLOUR ( '', #3069 ) ;
#1833 = LINE ( 'NONE', #566, #2055 ) ;
#1834 = FILL_AREA_STYLE_COLOUR ( '', #4080 ) ;
#1835 =( NAMED_UNIT ( * ) SI_UNIT ( $, .STERADIAN. ) SOLID_ANGLE_UNIT ( ) );
#1836 = ORIENTED_EDGE ( 'NONE', *, *, #698, .T. ) ;
#1837 =( NAMED_UNIT ( * ) SI_UNIT ( $, .STERADIAN. ) SOLID_ANGLE_UNIT ( ) );
#1838 = VECTOR ( 'NONE', #3205, 1000.000000000000000 ) ;
#1839 = CARTESIAN_POINT ( 'NONE',  ( -0.2974999999999999867, -0.2975000000000000977, 0.1250000000000000000 ) ) ;
#1840 = MECHANICAL_DESIGN_GEOMETRIC_PRESENTATION_REPRESENTATION (  '', ( #2601 ), #584 ) ;
#1841 = SURFACE_STYLE_FILL_AREA ( #2828 ) ;
#1842 =( LENGTH_UNIT ( ) NAMED_UNIT ( * ) SI_UNIT ( .MILLI., .METRE. ) );
#1843 = EDGE_CURVE ( 'NONE', #2450, #818, #4012, .T. ) ;
#1844 = EDGE_CURVE ( 'NONE', #3462, #1927, #100, .T. ) ;
#1845 = VECTOR ( 'NONE', #2084, 1000.000000000000000 ) ;
#1846 =( NAMED_UNIT ( * ) PLANE_ANGLE_UNIT ( ) SI_UNIT ( $, .RADIAN. ) );
#1847 = DIRECTION ( 'NONE',  ( 0.0000000000000000000, 0.0000000000000000000, -1.000000000000000000 ) ) ;
#1848 = CARTESIAN_POINT ( 'NONE',  ( -0.4949999999999999956, 0.2999999999999999889, 0.02000000000000007674 ) ) ;
#1849 = ORIENTED_EDGE ( 'NONE', *, *, #2242, .F. ) ;
#1850 = FACE_OUTER_BOUND ( 'NONE', #426, .T. ) ;
#1851 = ORIENTED_EDGE ( 'NONE', *, *, #36, .F. ) ;
#1852 = DIRECTION ( 'NONE',  ( 0.0000000000000000000, 0.0000000000000000000, 1.000000000000000000 ) ) ;
#1853 = VERTEX_POINT ( 'NONE', #3013 ) ;
#1854 = FILL_AREA_STYLE ('',( #3450 ) ) ;
#1855 =( LENGTH_UNIT ( ) NAMED_UNIT ( * ) SI_UNIT ( .MILLI., .METRE. ) );
#1856 = VERTEX_POINT ( 'NONE', #1651 ) ;
#1857 = DIRECTION ( 'NONE',  ( -0.0000000000000000000, 1.224646799146999945E-16, 1.000000000000000000 ) ) ;
#1858 = CARTESIAN_POINT ( 'NONE',  ( 0.4749999999998638089, -0.1645950378226634925, 2.015707862251542426E-17 ) ) ;
#1859 = CARTESIAN_POINT ( 'NONE',  ( -0.4949999999998609956, 0.1891429205785933876, 0.02000000000000000042 ) ) ;
#1860 = PLANE ( 'NONE',  #1658 ) ;
#1861 = UNCERTAINTY_MEASURE_WITH_UNIT (LENGTH_MEASURE( 1.000000000000000082E-05 ), #1884, 'distance_accuracy_value', 'NONE');
#1862 = MECHANICAL_DESIGN_GEOMETRIC_PRESENTATION_REPRESENTATION (  '', ( #1295 ), #3881 ) ;
#1863 = DIRECTION ( 'NONE',  ( 0.0000000000000000000, -1.000000000000000000, 0.0000000000000000000 ) ) ;
#1864 = UNCERTAINTY_MEASURE_WITH_UNIT (LENGTH_MEASURE( 1.000000000000000082E-05 ), #4038, 'distance_accuracy_value', 'NONE');
#1865 = VECTOR ( 'NONE', #3237, 1000.000000000000000 ) ;
#1866 = EDGE_CURVE ( 'NONE', #350, #1292, #2721, .T. ) ;
#1867 = CARTESIAN_POINT ( 'NONE',  ( -0.3875192319069999947, -0.2999999999999999889, 0.0000000000000000000 ) ) ;
#1868 = ADVANCED_FACE ( 'NONE', ( #689 ), #2988, .T. ) ;
#1869 = SHAPE_REPRESENTATION ( 'Cut006', ( #2977 ), #403 ) ;
#1870 = FILL_AREA_STYLE_COLOUR ( '', #919 ) ;
#1871 = MECHANICAL_DESIGN_GEOMETRIC_PRESENTATION_REPRESENTATION (  '', ( #1720 ), #335 ) ;
#1872 = ORIENTED_EDGE ( 'NONE', *, *, #3892, .T. ) ;
#1874 = SURFACE_SIDE_STYLE ('',( #4196 ) ) ;
#1873 = APPLICATION_CONTEXT ( 'automotive_design' ) ;
#1875 = FACE_OUTER_BOUND ( 'NONE', #1940, .T. ) ;
#1876 = EDGE_CURVE ( 'NONE', #1064, #802, #2326, .T. ) ;
#1877 = STYLED_ITEM ( 'NONE', ( #2624 ), #3167 ) ;
#1878 = ORIENTED_EDGE ( 'NONE', *, *, #781, .T. ) ;
#1879 = FILL_AREA_STYLE_COLOUR ( '', #1595 ) ;
#1880 = FACE_OUTER_BOUND ( 'NONE', #1188, .T. ) ;
#1881 = CARTESIAN_POINT ( 'NONE',  ( 0.5000000000000000000, -0.2999999999999999889, 0.0000000000000000000 ) ) ;
#1882 = EDGE_LOOP ( 'NONE', ( #2705, #1472, #2477, #1213, #3946, #422, #3977, #1022 ) ) ;
#1883 = CARTESIAN_POINT ( 'NONE',  ( 0.4949999999998611067, 0.1891429205785933598, 0.02000000000000000042 ) ) ;
#1884 =( LENGTH_UNIT ( ) NAMED_UNIT ( * ) SI_UNIT ( .MILLI., .METRE. ) );
#1885 = ORIENTED_EDGE ( 'NONE', *, *, #1176, .F. ) ;
#1886 = CARTESIAN_POINT ( 'NONE',  ( 0.0000000000000000000, 0.0000000000000000000, 0.0000000000000000000 ) ) ;
#1887 = VECTOR ( 'NONE', #1603, 1000.000000000000000 ) ;
#1888 =( NAMED_UNIT ( * ) SI_UNIT ( $, .STERADIAN. ) SOLID_ANGLE_UNIT ( ) );
#1889 =( LENGTH_UNIT ( ) NAMED_UNIT ( * ) SI_UNIT ( .MILLI., .METRE. ) );
#1890 = CARTESIAN_POINT ( 'NONE',  ( 0.5500000000000000444, 0.3499999999999999778, 0.02000000000000000042 ) ) ;
#1891 = PLANE ( 'NONE',  #1037 ) ;
#1892 = CIRCLE ( 'NONE', #644, 0.1700000000000000122 ) ;
#1893 = PRESENTATION_LAYER_ASSIGNMENT (  '', '', ( #2518 ) ) ;
#1894 = ORIENTED_EDGE ( 'NONE', *, *, #1959, .T. ) ;
#1895 = FILL_AREA_STYLE_COLOUR ( '', #1388 ) ;
#1896 = DIRECTION ( 'NONE',  ( 0.0000000000000000000, 1.224646799146999945E-16, -1.000000000000000000 ) ) ;
#1897 = PRESENTATION_LAYER_ASSIGNMENT (  '', '', ( #648 ) ) ;
#1898 = EDGE_CURVE ( 'NONE', #1461, #715, #4191, .T. ) ;
#1899 = CIRCLE ( 'NONE', #3000, 0.1700000000000000122 ) ;
#1900 = EDGE_CURVE ( 'NONE', #2062, #81, #1389, .T. ) ;
#1901 = DIRECTION ( 'NONE',  ( -0.0000000000000000000, -0.0000000000000000000, -1.000000000000000000 ) ) ;
#1902 = VECTOR ( 'NONE', #3075, 1000.000000000000000 ) ;
#1903 = CARTESIAN_POINT ( 'NONE',  ( -0.5500000000000000444, -0.3499999999999999778, -4.286263797015499320E-17 ) ) ;
#1904 = UNCERTAINTY_MEASURE_WITH_UNIT (LENGTH_MEASURE( 1.000000000000000082E-05 ), #501, 'distance_accuracy_value', 'NONE');
#1905 =( GEOMETRIC_REPRESENTATION_CONTEXT ( 3 ) GLOBAL_UNCERTAINTY_ASSIGNED_CONTEXT ( ( #2885 ) ) GLOBAL_UNIT_ASSIGNED_CONTEXT ( ( #113, #485, #1804 ) ) REPRESENTATION_CONTEXT ( 'NONE', 'WORKASPACE' ) );
#1906 =( LENGTH_UNIT ( ) NAMED_UNIT ( * ) SI_UNIT ( .MILLI., .METRE. ) );
#1907 = CARTESIAN_POINT ( 'NONE',  ( 0.5500000000000000444, 0.3499999999999999778, 4.286263797015999754E-17 ) ) ;
#1908 = VERTEX_POINT ( 'NONE', #4050 ) ;
#1909 = SURFACE_STYLE_FILL_AREA ( #181 ) ;
#1910 = VECTOR ( 'NONE', #333, 1000.000000000000000 ) ;
#1911 = PRESENTATION_LAYER_ASSIGNMENT (  '', '', ( #2398 ) ) ;
#1912 =( LENGTH_UNIT ( ) NAMED_UNIT ( * ) SI_UNIT ( .MILLI., .METRE. ) );
#1913 = DIRECTION ( 'NONE',  ( 0.0000000000000000000, 0.0000000000000000000, -1.000000000000000000 ) ) ;
#1914 = SURFACE_SIDE_STYLE ('',( #1586 ) ) ;
#1915 =( NAMED_UNIT ( * ) SI_UNIT ( $, .STERADIAN. ) SOLID_ANGLE_UNIT ( ) );
#1916 = DIRECTION ( 'NONE',  ( 1.000000000000000000, 0.0000000000000000000, 0.0000000000000000000 ) ) ;
#1917 = COLOUR_RGB ( '',0.8274509803921568096, 0.8274509803921568096, 0.8274509803921568096 ) ;
#1918 = ORIENTED_EDGE ( 'NONE', *, *, #4063, .F. ) ;
#1919 =( LENGTH_UNIT ( ) NAMED_UNIT ( * ) SI_UNIT ( .MILLI., .METRE. ) );
#1920 = CARTESIAN_POINT ( 'NONE',  ( 0.5500000000000000444, 0.3499999999999999778, 0.07999999999999998779 ) ) ;
#1921 = STYLED_ITEM ( 'NONE', ( #980 ), #3179 ) ;
#1922 = DIRECTION ( 'NONE',  ( -1.000000000000000000, -0.0000000000000000000, -0.0000000000000000000 ) ) ;
#1923 = UNCERTAINTY_MEASURE_WITH_UNIT (LENGTH_MEASURE( 1.000000000000000082E-05 ), #1310, 'distance_accuracy_value', 'NONE');
#1924 = FILL_AREA_STYLE ('',( #363 ) ) ;
#1925 = EDGE_CURVE ( 'NONE', #1853, #3915, #2090, .T. ) ;
#1926 = ADVANCED_FACE ( 'NONE', ( #2393 ), #383, .T. ) ;
#1927 = VERTEX_POINT ( 'NONE', #164 ) ;
#1928 = CARTESIAN_POINT ( 'NONE',  ( 0.3275140453870000190, -0.2999999999999999889, 0.06000000000000000472 ) ) ;
#1929 = MANIFOLD_SOLID_BREP ( 'Imported1', #4154 ) ;
#1930 = LINE ( 'NONE', #1540, #314 ) ;
#1931 = CARTESIAN_POINT ( 'NONE',  ( 0.5500000000000000444, 0.3499999999999999778, 0.01999999999999997960 ) ) ;
#1932 = VERTEX_POINT ( 'NONE', #3196 ) ;
#1933 = DIRECTION ( 'NONE',  ( 0.0000000000000000000, -1.224646799146999945E-16, -1.000000000000000000 ) ) ;
#1934 = VERTEX_POINT ( 'NONE', #4097 ) ;
#1935 =( NAMED_UNIT ( * ) SI_UNIT ( $, .STERADIAN. ) SOLID_ANGLE_UNIT ( ) );
#1936 = CARTESIAN_POINT ( 'NONE',  ( 0.4749999999999319766, 0.1645950378226359312, -3.150985829628107931E-17 ) ) ;
#1937 = PRODUCT ( 'Rot', 'Rot', '', ( #1383 ) ) ;
#1938 = FILL_AREA_STYLE_COLOUR ( '', #3610 ) ;
#1939 =( LENGTH_UNIT ( ) NAMED_UNIT ( * ) SI_UNIT ( .MILLI., .METRE. ) );
#1940 = EDGE_LOOP ( 'NONE', ( #3181, #1417, #3060, #412 ) ) ;
#1941 = AXIS2_PLACEMENT_3D ( 'NONE', #2173, #167, #3505 ) ;
#1942 = SURFACE_SIDE_STYLE ('',( #3574 ) ) ;
#1943 = ORIENTED_EDGE ( 'NONE', *, *, #2952, .T. ) ;
#1944 = PRESENTATION_LAYER_ASSIGNMENT (  '', '', ( #3327 ) ) ;
#1945 = FILL_AREA_STYLE_COLOUR ( '', #2663 ) ;
#1946 = PRESENTATION_STYLE_ASSIGNMENT (( #585 ) ) ;
#1947 = SURFACE_STYLE_USAGE ( .BOTH. , #3537 ) ;
#1948 = ORIENTED_EDGE ( 'NONE', *, *, #1582, .F. ) ;
#1949 = FILL_AREA_STYLE_COLOUR ( '', #1664 ) ;
#1950 =( NAMED_UNIT ( * ) PLANE_ANGLE_UNIT ( ) SI_UNIT ( $, .RADIAN. ) );
#1951 = EDGE_CURVE ( 'NONE', #4186, #1587, #1772, .T. ) ;
#1952 = DIRECTION ( 'NONE',  ( -0.0000000000000000000, 1.000000000000000000, 0.0000000000000000000 ) ) ;
#1953 = PRESENTATION_STYLE_ASSIGNMENT (( #283 ) ) ;
#1954 = EDGE_LOOP ( 'NONE', ( #769, #1699, #2595, #299, #1261, #3776, #1104, #2070, #3199, #4280, #3047, #1987, #2683, #3454 ) ) ;
#1955 = DIRECTION ( 'NONE',  ( 0.0000000000000000000, 0.0000000000000000000, 1.000000000000000000 ) ) ;
#1956 = VERTEX_POINT ( 'NONE', #2170 ) ;
#1957 = SURFACE_SIDE_STYLE ('',( #622 ) ) ;
#1958 = EDGE_CURVE ( 'NONE', #3248, #2959, #3151, .T. ) ;
#1959 = EDGE_CURVE ( 'NONE', #2890, #696, #1139, .T. ) ;
#1960 = PRESENTATION_STYLE_ASSIGNMENT (( #646 ) ) ;
#1961 = PRESENTATION_STYLE_ASSIGNMENT (( #667 ) ) ;
#1962 =( GEOMETRIC_REPRESENTATION_CONTEXT ( 3 ) GLOBAL_UNCERTAINTY_ASSIGNED_CONTEXT ( ( #1113 ) ) GLOBAL_UNIT_ASSIGNED_CONTEXT ( ( #2713, #2426, #4089 ) ) REPRESENTATION_CONTEXT ( 'NONE', 'WORKASPACE' ) );
#1963 = SURFACE_SIDE_STYLE ('',( #626 ) ) ;
#1964 = ORIENTED_EDGE ( 'NONE', *, *, #1642, .T. ) ;
#1965 = DIRECTION ( 'NONE',  ( -1.000000000000000000, -9.566489757225037615E-16, 0.0000000000000000000 ) ) ;
#1966 = SURFACE_STYLE_USAGE ( .BOTH. , #4217 ) ;
#1967 = DIRECTION ( 'NONE',  ( -0.0000000000000000000, 1.224646799146999945E-16, 1.000000000000000000 ) ) ;
#1968 =( GEOMETRIC_REPRESENTATION_CONTEXT ( 3 ) GLOBAL_UNCERTAINTY_ASSIGNED_CONTEXT ( ( #3941 ) ) GLOBAL_UNIT_ASSIGNED_CONTEXT ( ( #814, #179, #860 ) ) REPRESENTATION_CONTEXT ( 'NONE', 'WORKASPACE' ) );
#1969 = CARTESIAN_POINT ( 'NONE',  ( 0.3275140453871118185, 0.2600000000000452505, 0.06000000000000001166 ) ) ;
#1970 = PRESENTATION_LAYER_ASSIGNMENT (  '', '', ( #1667 ) ) ;
#1971 = PRODUCT_DEFINITION_SHAPE ( 'NONE', 'NONE',  #398 ) ;
#1972 = CIRCLE ( 'NONE', #3495, 0.2400000000000000189 ) ;
#1973 = COLOUR_RGB ( '',0.7803921568627451011, 0.5686274509803921351, 0.1137254901960784298 ) ;
#1974 = MANIFOLD_SOLID_BREP ( 'Imported1', #759 ) ;
#1975 = MECHANICAL_DESIGN_GEOMETRIC_PRESENTATION_REPRESENTATION (  '', ( #4110 ), #997 ) ;
#1976 = PRESENTATION_LAYER_ASSIGNMENT (  '', '', ( #2586 ) ) ;
#1977 = CARTESIAN_POINT ( 'NONE',  ( -0.3875192319071404379, 0.2999999999999999889, 0.05999999999999999778 ) ) ;
#1978 = CARTESIAN_POINT ( 'NONE',  ( 0.2000000000000000111, -0.2999999999999999889, 0.06000000000000000472 ) ) ;
#1979 = ORIENTED_EDGE ( 'NONE', *, *, #2295, .T. ) ;
#1980 = CARTESIAN_POINT ( 'NONE',  ( -0.4949999999999611933, 0.1577111547697170046, 0.01999999999999997960 ) ) ;
#1981 = ORIENTED_EDGE ( 'NONE', *, *, #3088, .T. ) ;
#1982 = SURFACE_SIDE_STYLE ('',( #4277 ) ) ;
#1983 = MECHANICAL_DESIGN_GEOMETRIC_PRESENTATION_REPRESENTATION (  '', ( #2391 ), #3571 ) ;
#1984 = FILL_AREA_STYLE ('',( #554 ) ) ;
#1985 =( GEOMETRIC_REPRESENTATION_CONTEXT ( 3 ) GLOBAL_UNCERTAINTY_ASSIGNED_CONTEXT ( ( #3726 ) ) GLOBAL_UNIT_ASSIGNED_CONTEXT ( ( #1299, #1280, #2591 ) ) REPRESENTATION_CONTEXT ( 'NONE', 'WORKASPACE' ) );
#1986 = FACE_OUTER_BOUND ( 'NONE', #2344, .T. ) ;
#1987 = ORIENTED_EDGE ( 'NONE', *, *, #1584, .F. ) ;
#1988 = EDGE_CURVE ( 'NONE', #3761, #2277, #1266, .T. ) ;
#1989 = EDGE_CURVE ( 'NONE', #612, #45, #3305, .T. ) ;
#1990 = CARTESIAN_POINT ( 'NONE',  ( -0.2849999999999999756, -0.2999999999999999889, 0.1400000000000000133 ) ) ;
#1991 = FACE_OUTER_BOUND ( 'NONE', #3855, .T. ) ;
#1992 = LINE ( 'NONE', #2013, #3306 ) ;
#1993 = CIRCLE ( 'NONE', #101, 0.2000000000000000111 ) ;
#1994 = ORIENTED_EDGE ( 'NONE', *, *, #457, .F. ) ;
#1995 = CARTESIAN_POINT ( 'NONE',  ( 0.4749999999999999778, -0.1645950378228042132, 0.02000000000000001082 ) ) ;
#1996 =( LENGTH_UNIT ( ) NAMED_UNIT ( * ) SI_UNIT ( .MILLI., .METRE. ) );
#1997 = CARTESIAN_POINT ( 'NONE',  ( -0.2999999999999999889, 0.2999999999999999889, 0.1400000000000000133 ) ) ;
#1998 = MECHANICAL_DESIGN_GEOMETRIC_PRESENTATION_REPRESENTATION (  '', ( #799 ), #3018 ) ;
#1999 = FILL_AREA_STYLE ('',( #3581 ) ) ;
#2000 = PLANE ( 'NONE',  #2646 ) ;
#2001 =( GEOMETRIC_REPRESENTATION_CONTEXT ( 3 ) GLOBAL_UNCERTAINTY_ASSIGNED_CONTEXT ( ( #1108 ) ) GLOBAL_UNIT_ASSIGNED_CONTEXT ( ( #1906, #553, #3607 ) ) REPRESENTATION_CONTEXT ( 'NONE', 'WORKASPACE' ) );
#2002 = CYLINDRICAL_SURFACE ( 'NONE', #653, 0.2000000000000000111 ) ;
#2003 = SURFACE_SIDE_STYLE ('',( #3709 ) ) ;
#2004 = ORIENTED_EDGE ( 'NONE', *, *, #1813, .T. ) ;
#2005 = DIRECTION ( 'NONE',  ( 1.000000000000000000, 0.0000000000000000000, -0.0000000000000000000 ) ) ;
#2006 = ORIENTED_EDGE ( 'NONE', *, *, #3313, .T. ) ;
#2007 = CARTESIAN_POINT ( 'NONE',  ( -0.4750000000000030309, 0.1645950378230000011, 2.015707862250000449E-17 ) ) ;
#2008 = FILL_AREA_STYLE_COLOUR ( '', #3168 ) ;
#2009 = MECHANICAL_DESIGN_GEOMETRIC_PRESENTATION_REPRESENTATION (  '', ( #467 ), #2548 ) ;
#2010 =( LENGTH_UNIT ( ) NAMED_UNIT ( * ) SI_UNIT ( .MILLI., .METRE. ) );
#2011 = ADVANCED_FACE ( 'NONE', ( #3950 ), #2618, .T. ) ;
#2012 = AXIS2_PLACEMENT_3D ( 'NONE', #497, #1184, #824 ) ;
#2013 = CARTESIAN_POINT ( 'NONE',  ( -0.5000000000000000000, -0.2999999999999999889, 0.08000000000000000167 ) ) ;
#2014 = CARTESIAN_POINT ( 'NONE',  ( -0.4949999999999999956, -0.2999999999999999889, 0.06000000000000000472 ) ) ;
#2015 = CARTESIAN_POINT ( 'NONE',  ( 0.4949999999999999956, -0.2999999999999999889, 0.05999999999999999778 ) ) ;
#2016 = DIRECTION ( 'NONE',  ( 0.0000000000000000000, -0.0000000000000000000, -1.000000000000000000 ) ) ;
#2017 = EDGE_CURVE ( 'NONE', #3314, #132, #2462, .T. ) ;
#2018 = VECTOR ( 'NONE', #3295, 1000.000000000000000 ) ;
#2019 = DIRECTION ( 'NONE',  ( -0.0000000000000000000, 1.224646799146999945E-16, 1.000000000000000000 ) ) ;
#2020 = MECHANICAL_DESIGN_GEOMETRIC_PRESENTATION_REPRESENTATION (  '', ( #1574 ), #3332 ) ;
#2021 = SURFACE_SIDE_STYLE ('',( #3665 ) ) ;
#2022 = PRESENTATION_LAYER_ASSIGNMENT (  '', '', ( #2893 ) ) ;
#2023 = ORIENTED_EDGE ( 'NONE', *, *, #1397, .T. ) ;
#2024 = FACE_OUTER_BOUND ( 'NONE', #3647, .T. ) ;
#2025 = CARTESIAN_POINT ( 'NONE',  ( -0.3875192319072686686, -0.3000000000000395128, 0.05999999999999999778 ) ) ;
#2026 = ORIENTED_EDGE ( 'NONE', *, *, #617, .T. ) ;
#2027 = SURFACE_SIDE_STYLE ('',( #3679 ) ) ;
#2028 = CARTESIAN_POINT ( 'NONE',  ( -0.1000000000000000056, -0.1500000000000000222, -0.01000000000000000021 ) ) ;
#2029 = CARTESIAN_POINT ( 'NONE',  ( 0.5000000000000000000, 0.2999999999999999889, 0.0000000000000000000 ) ) ;
#2030 = DIRECTION ( 'NONE',  ( 0.0000000000000000000, 1.000000000000000000, 1.224646799146999945E-16 ) ) ;
#2031 =( NAMED_UNIT ( * ) SI_UNIT ( $, .STERADIAN. ) SOLID_ANGLE_UNIT ( ) );
#2032 = PRESENTATION_LAYER_ASSIGNMENT (  '', '', ( #3829 ) ) ;
#2033 = ORIENTED_EDGE ( 'NONE', *, *, #2945, .F. ) ;
#2034 = CARTESIAN_POINT ( 'NONE',  ( 0.4949999999999306066, 0.1891429205785696288, 0.01999999999999999001 ) ) ;
#2035 = EDGE_CURVE ( 'NONE', #2048, #1091, #4118, .T. ) ;
#2036 = FILL_AREA_STYLE_COLOUR ( '', #1539 ) ;
#2037 = EDGE_CURVE ( 'NONE', #2080, #1676, #3565, .T. ) ;
#2038 = MECHANICAL_DESIGN_GEOMETRIC_PRESENTATION_REPRESENTATION (  '', ( #848 ), #3633 ) ;
#2039 = CARTESIAN_POINT ( 'NONE',  ( -0.5500000000000000444, 0.3499999999999999778, 0.02000000000000000736 ) ) ;
#2040 =( GEOMETRIC_REPRESENTATION_CONTEXT ( 3 ) GLOBAL_UNCERTAINTY_ASSIGNED_CONTEXT ( ( #813 ) ) GLOBAL_UNIT_ASSIGNED_CONTEXT ( ( #1919, #300, #1571 ) ) REPRESENTATION_CONTEXT ( 'NONE', 'WORKASPACE' ) );
#2041 = UNCERTAINTY_MEASURE_WITH_UNIT (LENGTH_MEASURE( 1.000000000000000082E-05 ), #3809, 'distance_accuracy_value', 'NONE');
#2042 = CARTESIAN_POINT ( 'NONE',  ( 0.3875192319072686686, -0.3000000000000394573, 0.02000000000000000042 ) ) ;
#2043 = CARTESIAN_POINT ( 'NONE',  ( -0.4949999999999999956, -0.2999999999999999889, 0.02000000000000000042 ) ) ;
#2044 = AXIS2_PLACEMENT_3D ( 'NONE', #3421, #695, #3086 ) ;
#2045 = VECTOR ( 'NONE', #1669, 1000.000000000000000 ) ;
#2046 = APPLICATION_PROTOCOL_DEFINITION ( 'draft international standard', 'automotive_design', 1998, #3029 ) ;
#2047 = FILL_AREA_STYLE_COLOUR ( '', #1226 ) ;
#2048 = VERTEX_POINT ( 'NONE', #1936 ) ;
#2049 = LINE ( 'NONE', #1411, #2097 ) ;
#2050 = PRESENTATION_LAYER_ASSIGNMENT (  '', '', ( #2391 ) ) ;
#2051 = PRESENTATION_STYLE_ASSIGNMENT (( #1330 ) ) ;
#2052 =( NAMED_UNIT ( * ) SI_UNIT ( $, .STERADIAN. ) SOLID_ANGLE_UNIT ( ) );
#2053 = ORIENTED_EDGE ( 'NONE', *, *, #2140, .F. ) ;
#2054 = PRESENTATION_STYLE_ASSIGNMENT (( #763 ) ) ;
#2055 = VECTOR ( 'NONE', #1896, 1000.000000000000000 ) ;
#2056 = PRESENTATION_LAYER_ASSIGNMENT (  '', '', ( #1136 ) ) ;
#2057 =( NAMED_UNIT ( * ) PLANE_ANGLE_UNIT ( ) SI_UNIT ( $, .RADIAN. ) );
#2058 =( GEOMETRIC_REPRESENTATION_CONTEXT ( 3 ) GLOBAL_UNCERTAINTY_ASSIGNED_CONTEXT ( ( #2116 ) ) GLOBAL_UNIT_ASSIGNED_CONTEXT ( ( #994, #2301, #2965 ) ) REPRESENTATION_CONTEXT ( 'NONE', 'WORKASPACE' ) );
#2059 = EDGE_CURVE ( 'NONE', #910, #1956, #1543, .T. ) ;
#2060 = EDGE_CURVE ( 'NONE', #4222, #2298, #3009, .T. ) ;
#2061 =( GEOMETRIC_REPRESENTATION_CONTEXT ( 3 ) GLOBAL_UNCERTAINTY_ASSIGNED_CONTEXT ( ( #767 ) ) GLOBAL_UNIT_ASSIGNED_CONTEXT ( ( #1559, #1577, #3689 ) ) REPRESENTATION_CONTEXT ( 'NONE', 'WORKASPACE' ) );
#2062 = VERTEX_POINT ( 'NONE', #2557 ) ;
#2063 = ITEM_DEFINED_TRANSFORMATION ( 'NONE', 'NONE', #1161,  #2977 ) ;
#2064 = LINE ( 'NONE', #753, #728 ) ;
#2065 = SURFACE_STYLE_FILL_AREA ( #3734 ) ;
#2066 = VERTEX_POINT ( 'NONE', #287 ) ;
#2067 = FACE_OUTER_BOUND ( 'NONE', #4264, .T. ) ;
#2068 =( NAMED_UNIT ( * ) SI_UNIT ( $, .STERADIAN. ) SOLID_ANGLE_UNIT ( ) );
#2069 = SURFACE_SIDE_STYLE ('',( #1413 ) ) ;
#2070 = ORIENTED_EDGE ( 'NONE', *, *, #2273, .F. ) ;
#2071 = DIRECTION ( 'NONE',  ( 0.0000000000000000000, 0.0000000000000000000, -1.000000000000000000 ) ) ;
#2072 = CARTESIAN_POINT ( 'NONE',  ( -0.5500000000000000444, 0.3499999999999999778, 0.05999999999999998390 ) ) ;
#2073 = ORIENTED_EDGE ( 'NONE', *, *, #3705, .T. ) ;
#2074 = VECTOR ( 'NONE', #3207, 1000.000000000000000 ) ;
#2075 = FILL_AREA_STYLE ('',( #63 ) ) ;
#2076 = FILL_AREA_STYLE_COLOUR ( '', #145 ) ;
#2077 = VECTOR ( 'NONE', #2831, 1000.000000000000000 ) ;
#2078 = SURFACE_STYLE_USAGE ( .BOTH. , #2021 ) ;
#2079 = UNCERTAINTY_MEASURE_WITH_UNIT (LENGTH_MEASURE( 1.000000000000000082E-05 ), #2547, 'distance_accuracy_value', 'NONE');
#2080 = VERTEX_POINT ( 'NONE', #3888 ) ;
#2081 = PRODUCT_DEFINITION_FORMATION_WITH_SPECIFIED_SOURCE ( 'ANY', '', #1937, .NOT_KNOWN. ) ;
#2082 = PRESENTATION_LAYER_ASSIGNMENT (  '', '', ( #2622 ) ) ;
#2083 = STYLED_ITEM ( 'NONE', ( #2422 ), #4175 ) ;
#2084 = DIRECTION ( 'NONE',  ( 0.0000000000000000000, 0.0000000000000000000, -1.000000000000000000 ) ) ;
#2085 = PRESENTATION_STYLE_ASSIGNMENT (( #754 ) ) ;
#2086 = ORIENTED_EDGE ( 'NONE', *, *, #1426, .F. ) ;
#2087 = DIRECTION ( 'NONE',  ( -0.0000000000000000000, -0.0000000000000000000, -1.000000000000000000 ) ) ;
#2088 = UNCERTAINTY_MEASURE_WITH_UNIT (LENGTH_MEASURE( 1.000000000000000082E-05 ), #1554, 'distance_accuracy_value', 'NONE');
#2089 = EDGE_CURVE ( 'NONE', #2275, #261, #3576, .T. ) ;
#2090 = LINE ( 'NONE', #3677, #1065 ) ;
#2091 = ADVANCED_FACE ( 'NONE', ( #598 ), #904, .T. ) ;
#2092 = DIRECTION ( 'NONE',  ( -0.0000000000000000000, 1.224646799146999945E-16, 1.000000000000000000 ) ) ;
#2093 =( NAMED_UNIT ( * ) SI_UNIT ( $, .STERADIAN. ) SOLID_ANGLE_UNIT ( ) );
#2094 = CYLINDRICAL_SURFACE ( 'NONE', #2044, 0.1700000000000000122 ) ;
#2095 = ORIENTED_EDGE ( 'NONE', *, *, #2786, .F. ) ;
#2096 =( NAMED_UNIT ( * ) PLANE_ANGLE_UNIT ( ) SI_UNIT ( $, .RADIAN. ) );
#2097 = VECTOR ( 'NONE', #449, 1000.000000000000000 ) ;
#2098 = SURFACE_SIDE_STYLE ('',( #3703 ) ) ;
#2099 = SURFACE_STYLE_FILL_AREA ( #1420 ) ;
#2100 = PRESENTATION_LAYER_ASSIGNMENT (  '', '', ( #3206 ) ) ;
#2101 = EDGE_LOOP ( 'NONE', ( #1497, #1948, #507, #4194 ) ) ;
#2102 =( NAMED_UNIT ( * ) SI_UNIT ( $, .STERADIAN. ) SOLID_ANGLE_UNIT ( ) );
#2103 = ORIENTED_EDGE ( 'NONE', *, *, #4146, .T. ) ;
#2104 = DIRECTION ( 'NONE',  ( 0.0000000000000000000, 0.0000000000000000000, -1.000000000000000000 ) ) ;
#2105 = CIRCLE ( 'NONE', #635, 0.1499999999999999667 ) ;
#2106 = AXIS2_PLACEMENT_3D ( 'NONE', #1172, #850, #3831 ) ;
#2107 = DIRECTION ( 'NONE',  ( 0.0000000000000000000, 0.0000000000000000000, 1.000000000000000000 ) ) ;
#2108 = EDGE_LOOP ( 'NONE', ( #2569, #251, #3354, #3040 ) ) ;
#2109 = DIRECTION ( 'NONE',  ( 0.0000000000000000000, -1.000000000000000000, -0.0000000000000000000 ) ) ;
#2110 = EDGE_CURVE ( 'NONE', #209, #3248, #2638, .T. ) ;
#2111 = ORIENTED_EDGE ( 'NONE', *, *, #3990, .T. ) ;
#2112 =( GEOMETRIC_REPRESENTATION_CONTEXT ( 3 ) GLOBAL_UNCERTAINTY_ASSIGNED_CONTEXT ( ( #3604 ) ) GLOBAL_UNIT_ASSIGNED_CONTEXT ( ( #1821, #2474, #2810 ) ) REPRESENTATION_CONTEXT ( 'NONE', 'WORKASPACE' ) );
#2113 = PRESENTATION_LAYER_ASSIGNMENT (  '', '', ( #3981 ) ) ;
#2114 = ORIENTED_EDGE ( 'NONE', *, *, #3057, .F. ) ;
#2115 = SURFACE_STYLE_USAGE ( .BOTH. , #830 ) ;
#2116 = UNCERTAINTY_MEASURE_WITH_UNIT (LENGTH_MEASURE( 1.000000000000000082E-05 ), #994, 'distance_accuracy_value', 'NONE');
#2117 = DIRECTION ( 'NONE',  ( 0.0000000000000000000, 0.0000000000000000000, -1.000000000000000000 ) ) ;
#2118 = LINE ( 'NONE', #683, #795 ) ;
#2119 = VERTEX_POINT ( 'NONE', #462 ) ;
#2120 = SURFACE_STYLE_FILL_AREA ( #1305 ) ;
#2121 = UNCERTAINTY_MEASURE_WITH_UNIT (LENGTH_MEASURE( 1.000000000000000082E-05 ), #741, 'distance_accuracy_value', 'NONE');
#2122 = VERTEX_POINT ( 'NONE', #3368 ) ;
#2123 = VECTOR ( 'NONE', #2388, 1000.000000000000000 ) ;
#2124 = CARTESIAN_POINT ( 'NONE',  ( 0.4949999999999304956, -0.1891429205785696566, 0.02000000000000001082 ) ) ;
#2125 = PLANE ( 'NONE',  #2216 ) ;
#2126 = ORIENTED_EDGE ( 'NONE', *, *, #1509, .T. ) ;
#2127 = CARTESIAN_POINT ( 'NONE',  ( -0.2999999999999999889, 0.2849999999999999756, 0.1250000000000000000 ) ) ;
#2128 = CIRCLE ( 'NONE', #1211, 0.1700000000000000122 ) ;
#2129 = DIRECTION ( 'NONE',  ( 1.000000000000000000, 0.0000000000000000000, -0.0000000000000000000 ) ) ;
#2130 = SURFACE_SIDE_STYLE ('',( #4077 ) ) ;
#2131 = SURFACE_STYLE_USAGE ( .BOTH. , #3854 ) ;
#2132 = VERTEX_POINT ( 'NONE', #705 ) ;
#2133 = PRODUCT_DEFINITION ( 'UNKNOWN', '', #755, #2806 ) ;
#2134 =( NAMED_UNIT ( * ) PLANE_ANGLE_UNIT ( ) SI_UNIT ( $, .RADIAN. ) );
#2135 = PLANE ( 'NONE',  #3370 ) ;
#2136 = ORIENTED_EDGE ( 'NONE', *, *, #2760, .T. ) ;
#2137 = CYLINDRICAL_SURFACE ( 'NONE', #2106, 0.2000000000000000111 ) ;
#2138 = PRESENTATION_LAYER_ASSIGNMENT (  '', '', ( #674 ) ) ;
#2139 = CARTESIAN_POINT ( 'NONE',  ( -0.4749999999999999778, -0.1645950378230000011, 2.015707862250000449E-17 ) ) ;
#2140 = EDGE_CURVE ( 'NONE', #318, #2531, #1326, .T. ) ;
#2141 = CARTESIAN_POINT ( 'NONE',  ( 0.5500000000000000444, 0.3499999999999999778, 0.05999999999999998390 ) ) ;
#2142 = COLOUR_RGB ( '',0.7803921568627451011, 0.5686274509803921351, 0.1137254901960784298 ) ;
#2143 = VERTEX_POINT ( 'NONE', #3970 ) ;
#2144 = CYLINDRICAL_SURFACE ( 'NONE', #3834, 0.1700000000000000122 ) ;
#2145 = LINE ( 'NONE', #2514, #1742 ) ;
#2146 = FILL_AREA_STYLE_COLOUR ( '', #2284 ) ;
#2147 = VECTOR ( 'NONE', #1067, 1000.000000000000000 ) ;
#2148 = DIRECTION ( 'NONE',  ( 1.000000000000000000, 0.0000000000000000000, 0.0000000000000000000 ) ) ;
#2149 = MECHANICAL_DESIGN_GEOMETRIC_PRESENTATION_REPRESENTATION (  '', ( #2292 ), #3957 ) ;
#2150 = APPLICATION_CONTEXT ( 'automotive_design' ) ;
#2151 = ORIENTED_EDGE ( 'NONE', *, *, #347, .T. ) ;
#2152 =( NAMED_UNIT ( * ) SI_UNIT ( $, .STERADIAN. ) SOLID_ANGLE_UNIT ( ) );
#2153 = PLANE ( 'NONE',  #3293 ) ;
#2154 = ORIENTED_EDGE ( 'NONE', *, *, #1195, .F. ) ;
#2155 = DIRECTION ( 'NONE',  ( -0.0000000000000000000, 1.000000000000000000, 0.0000000000000000000 ) ) ;
#2156 = FILL_AREA_STYLE ('',( #1895 ) ) ;
#2157 = FILL_AREA_STYLE ('',( #4152 ) ) ;
#2158 = CARTESIAN_POINT ( 'NONE',  ( -0.3000000000000000444, -0.2950000000000000400, 0.0000000000000000000 ) ) ;
#2159 = DIRECTION ( 'NONE',  ( -0.0000000000000000000, -0.0000000000000000000, 1.000000000000000000 ) ) ;
#2160 = EDGE_CURVE ( 'NONE', #927, #2122, #2118, .T. ) ;
#2161 = EDGE_CURVE ( 'NONE', #1853, #2066, #2934, .T. ) ;
#2162 = ORIENTED_EDGE ( 'NONE', *, *, #1322, .F. ) ;
#2163 =( NAMED_UNIT ( * ) PLANE_ANGLE_UNIT ( ) SI_UNIT ( $, .RADIAN. ) );
#2164 = FILL_AREA_STYLE_COLOUR ( '', #1066 ) ;
#2165 = PRODUCT_DEFINITION_CONTEXT ( 'detailed design', #2375, 'design' ) ;
#2166 = LINE ( 'NONE', #1516, #2872 ) ;
#2167 = STYLED_ITEM ( 'NONE', ( #2490 ), #407 ) ;
#2168 =( NAMED_UNIT ( * ) PLANE_ANGLE_UNIT ( ) SI_UNIT ( $, .RADIAN. ) );
#2169 =( NAMED_UNIT ( * ) SI_UNIT ( $, .STERADIAN. ) SOLID_ANGLE_UNIT ( ) );
#2170 = CARTESIAN_POINT ( 'NONE',  ( 0.3875192319071404379, 0.2999999999999999889, 0.02000000000000000042 ) ) ;
#2171 = MECHANICAL_DESIGN_GEOMETRIC_PRESENTATION_REPRESENTATION (  '', ( #1457 ), #282 ) ;
#2172 =( NAMED_UNIT ( * ) PLANE_ANGLE_UNIT ( ) SI_UNIT ( $, .RADIAN. ) );
#2173 = CARTESIAN_POINT ( 'NONE',  ( 0.5500000000000000444, -0.3499999999999999778, 0.02000000000000000042 ) ) ;
#2174 = AXIS2_PLACEMENT_3D ( 'NONE', #3316, #2627, #2950 ) ;
#2175 = AXIS2_PLACEMENT_3D ( 'NONE', #655, #581, #1293 ) ;
#2176 = DIRECTION ( 'NONE',  ( -0.0000000000000000000, -1.000000000000000000, -1.224646799146999945E-16 ) ) ;
#2177 = PRESENTATION_STYLE_ASSIGNMENT (( #455 ) ) ;
#2178 = ORIENTED_EDGE ( 'NONE', *, *, #2813, .F. ) ;
#2179 =( NAMED_UNIT ( * ) PLANE_ANGLE_UNIT ( ) SI_UNIT ( $, .RADIAN. ) );
#2180 = PRESENTATION_LAYER_ASSIGNMENT (  '', '', ( #1130 ) ) ;
#2181 = DIRECTION ( 'NONE',  ( 0.0000000000000000000, 1.000000000000000000, 1.224646799146999945E-16 ) ) ;
#2182 = VERTEX_POINT ( 'NONE', #2320 ) ;
#2183 = FILL_AREA_STYLE ('',( #2484 ) ) ;
#2184 = PRESENTATION_LAYER_ASSIGNMENT (  '', '', ( #924 ) ) ;
#2185 = AXIS2_PLACEMENT_3D ( 'NONE', #591, #3337, #2272 ) ;
#2186 =( NAMED_UNIT ( * ) PLANE_ANGLE_UNIT ( ) SI_UNIT ( $, .RADIAN. ) );
#2187 = SURFACE_STYLE_USAGE ( .BOTH. , #3556 ) ;
#2188 = CIRCLE ( 'NONE', #95, 0.1700000000000000122 ) ;
#2189 = ORIENTED_EDGE ( 'NONE', *, *, #3005, .T. ) ;
#2190 = DIRECTION ( 'NONE',  ( 1.000000000000000000, 0.0000000000000000000, 0.0000000000000000000 ) ) ;
#2191 = FILL_AREA_STYLE_COLOUR ( '', #1678 ) ;
#2192 = STYLED_ITEM ( 'NONE', ( #2562 ), #2377 ) ;
#2193 = EDGE_CURVE ( 'NONE', #169, #1786, #4087, .T. ) ;
#2194 = LINE ( 'NONE', #1858, #2404 ) ;
#2195 = AXIS2_PLACEMENT_3D ( 'NONE', #524, #1852, #3531 ) ;
#2196 =( NAMED_UNIT ( * ) SI_UNIT ( $, .STERADIAN. ) SOLID_ANGLE_UNIT ( ) );
#2197 = SURFACE_STYLE_FILL_AREA ( #3848 ) ;
#2198 = SURFACE_SIDE_STYLE ('',( #494 ) ) ;
#2199 = VECTOR ( 'NONE', #1288, 1000.000000000000000 ) ;
#2200 = EDGE_CURVE ( 'NONE', #2756, #726, #4107, .T. ) ;
#2201 = EDGE_CURVE ( 'NONE', #1087, #726, #2656, .T. ) ;
#2202 = CARTESIAN_POINT ( 'NONE',  ( 0.4949999999999306066, 0.1891429205785696288, 0.05999999999999998390 ) ) ;
#2203 = LINE ( 'NONE', #1848, #4145 ) ;
#2204 = VERTEX_POINT ( 'NONE', #1131 ) ;
#2205 = PRESENTATION_STYLE_ASSIGNMENT (( #2131 ) ) ;
#2206 =( NAMED_UNIT ( * ) SI_UNIT ( $, .STERADIAN. ) SOLID_ANGLE_UNIT ( ) );
#2207 = EDGE_LOOP ( 'NONE', ( #1979, #231, #2871, #548 ) ) ;
#2208 = CARTESIAN_POINT ( 'NONE',  ( -0.5500000000000000444, 0.3499999999999999778, 0.0000000000000000000 ) ) ;
#2209 = PRESENTATION_STYLE_ASSIGNMENT (( #2187 ) ) ;
#2210 = CARTESIAN_POINT ( 'NONE',  ( -0.3152661081139450094, -0.2999999999999999889, 0.06000000000000000472 ) ) ;
#2211 = ORIENTED_EDGE ( 'NONE', *, *, #373, .T. ) ;
#2212 = CARTESIAN_POINT ( 'NONE',  ( -0.05000000000000000278, 0.1499999999999999944, -0.01000000000000000021 ) ) ;
#2213 = PRESENTATION_LAYER_ASSIGNMENT (  '', '', ( #399 ) ) ;
#2214 = CARTESIAN_POINT ( 'NONE',  ( -0.4749999999998638645, -0.1645950378226634647, 2.015707862251541810E-17 ) ) ;
#2215 = AXIS2_PLACEMENT_3D ( 'NONE', #1585, #224, #3307 ) ;
#2216 = AXIS2_PLACEMENT_3D ( 'NONE', #3172, #3476, #493 ) ;
#2217 = DIRECTION ( 'NONE',  ( 0.0000000000000000000, 0.0000000000000000000, -1.000000000000000000 ) ) ;
#2218 = AXIS2_PLACEMENT_3D ( 'NONE', #3715, #2413, #729 ) ;
#2219 = FILL_AREA_STYLE_COLOUR ( '', #2142 ) ;
#2220 = EDGE_CURVE ( 'NONE', #1232, #1461, #3794, .T. ) ;
#2221 = EDGE_CURVE ( 'NONE', #3036, #1932, #1014, .T. ) ;
#2222 = FILL_AREA_STYLE ('',( #2640 ) ) ;
#2223 =( LENGTH_UNIT ( ) NAMED_UNIT ( * ) SI_UNIT ( .MILLI., .METRE. ) );
#2224 = CARTESIAN_POINT ( 'NONE',  ( 0.4949999999999999956, 0.2999999999999999889, 0.02000000000000000042 ) ) ;
#2225 = AXIS2_PLACEMENT_3D ( 'NONE', #170, #2774, #1486 ) ;
#2226 = ORIENTED_EDGE ( 'NONE', *, *, #3059, .F. ) ;
#2227 = DIRECTION ( 'NONE',  ( 1.000000000000000000, 0.0000000000000000000, 0.0000000000000000000 ) ) ;
#2228 = LINE ( 'NONE', #1881, #1838 ) ;
#2229 =( NAMED_UNIT ( * ) PLANE_ANGLE_UNIT ( ) SI_UNIT ( $, .RADIAN. ) );
#2230 = SURFACE_STYLE_USAGE ( .BOTH. , #3882 ) ;
#2231 = CARTESIAN_POINT ( 'NONE',  ( 0.4949999999999611933, 0.1577111547697170046, 0.05999999999999998390 ) ) ;
#2232 = FILL_AREA_STYLE_COLOUR ( '', #757 ) ;
#2233 = ORIENTED_EDGE ( 'NONE', *, *, #2201, .T. ) ;
#2234 = DIRECTION ( 'NONE',  ( 0.0000000000000000000, 0.0000000000000000000, -1.000000000000000000 ) ) ;
#2235 = APPLICATION_CONTEXT ( 'automotive_design' ) ;
#2236 = FILL_AREA_STYLE ('',( #265 ) ) ;
#2237 =( NAMED_UNIT ( * ) SI_UNIT ( $, .STERADIAN. ) SOLID_ANGLE_UNIT ( ) );
#2238 = STYLED_ITEM ( 'NONE', ( #2612 ), #431 ) ;
#2239 = SURFACE_SIDE_STYLE ('',( #3308 ) ) ;
#2240 = CARTESIAN_POINT ( 'NONE',  ( -0.4085786437628452505, -0.2999999999999999889, 0.08000000000000000167 ) ) ;
#2241 = SURFACE_STYLE_USAGE ( .BOTH. , #2283 ) ;
#2242 = EDGE_CURVE ( 'NONE', #1956, #4128, #2188, .T. ) ;
#2243 = ADVANCED_FACE ( 'NONE', ( #2024 ), #353, .F. ) ;
#2244 = PRESENTATION_STYLE_ASSIGNMENT (( #19 ) ) ;
#2245 = ORIENTED_EDGE ( 'NONE', *, *, #3685, .T. ) ;
#2246 =( NAMED_UNIT ( * ) SI_UNIT ( $, .STERADIAN. ) SOLID_ANGLE_UNIT ( ) );
#2247 = LINE ( 'NONE', #2015, #3765 ) ;
#2248 = LINE ( 'NONE', #583, #4047 ) ;
#2249 = AXIS2_PLACEMENT_3D ( 'NONE', #1126, #2793, #4102 ) ;
#2250 = DIRECTION ( 'NONE',  ( 0.0000000000000000000, -1.224646799146999945E-16, -1.000000000000000000 ) ) ;
#2251 = PRESENTATION_LAYER_ASSIGNMENT (  '', '', ( #1677 ) ) ;
#2252 = COLOUR_RGB ( '',0.0000000000000000000, 0.3333333333333333148, 0.0000000000000000000 ) ;
#2253 = ORIENTED_EDGE ( 'NONE', *, *, #592, .T. ) ;
#2254 = DIRECTION ( 'NONE',  ( -0.0000000000000000000, -0.0000000000000000000, -1.000000000000000000 ) ) ;
#2255 = ORIENTED_EDGE ( 'NONE', *, *, #3229, .F. ) ;
#2256 = FILL_AREA_STYLE_COLOUR ( '', #774 ) ;
#2257 = CARTESIAN_POINT ( 'NONE',  ( 0.5500000000000000444, -0.3499999999999999778, 0.08000000000000002942 ) ) ;
#2258 = CARTESIAN_POINT ( 'NONE',  ( 0.4749999999999999778, 0.2999999999999999889, 0.08000000000000000167 ) ) ;
#2259 = SURFACE_STYLE_USAGE ( .BOTH. , #1265 ) ;
#2260 = FACE_OUTER_BOUND ( 'NONE', #836, .T. ) ;
#2261 = MECHANICAL_DESIGN_GEOMETRIC_PRESENTATION_REPRESENTATION (  '', ( #4130 ), #2804 ) ;
#2262 = DIRECTION ( 'NONE',  ( -0.0000000000000000000, 0.0000000000000000000, -1.000000000000000000 ) ) ;
#2263 = FACE_OUTER_BOUND ( 'NONE', #3380, .T. ) ;
#2264 = COLOUR_RGB ( '',0.7803921568627451011, 0.5686274509803921351, 0.1137254901960784298 ) ;
#2265 = VERTEX_POINT ( 'NONE', #1530 ) ;
#2266 = PRESENTATION_STYLE_ASSIGNMENT (( #252 ) ) ;
#2267 = SURFACE_SIDE_STYLE ('',( #672 ) ) ;
#2268 = CARTESIAN_POINT ( 'NONE',  ( 0.5500000000000000444, 0.3499999999999999778, 0.07999999999999997391 ) ) ;
#2269 = CARTESIAN_POINT ( 'NONE',  ( 0.5000000000000000000, -0.2999999999999999889, 0.0000000000000000000 ) ) ;
#2270 =( NAMED_UNIT ( * ) PLANE_ANGLE_UNIT ( ) SI_UNIT ( $, .RADIAN. ) );
#2271 = ADVANCED_FACE ( 'NONE', ( #3186 ), #4133, .F. ) ;
#2272 = DIRECTION ( 'NONE',  ( 0.0000000000000000000, 0.0000000000000000000, -1.000000000000000000 ) ) ;
#2273 = EDGE_CURVE ( 'NONE', #3012, #2143, #2228, .T. ) ;
#2274 = DIRECTION ( 'NONE',  ( 0.0000000000000000000, 1.000000000000000000, -1.185846126156020228E-16 ) ) ;
#2275 = VERTEX_POINT ( 'NONE', #4200 ) ;
#2276 = DIRECTION ( 'NONE',  ( 0.0000000000000000000, 1.000000000000000000, 1.224646799146999945E-16 ) ) ;
#2277 = VERTEX_POINT ( 'NONE', #210 ) ;
#2278 = DIRECTION ( 'NONE',  ( 0.0000000000000000000, 0.0000000000000000000, -1.000000000000000000 ) ) ;
#2279 = MECHANICAL_DESIGN_GEOMETRIC_PRESENTATION_REPRESENTATION (  '', ( #674 ), #2821 ) ;
#2280 = DIRECTION ( 'NONE',  ( -0.0000000000000000000, -0.0000000000000000000, -1.000000000000000000 ) ) ;
#2281 = VERTEX_POINT ( 'NONE', #3555 ) ;
#2282 = VECTOR ( 'NONE', #2790, 1000.000000000000000 ) ;
#2283 = SURFACE_SIDE_STYLE ('',( #2921 ) ) ;
#2284 = COLOUR_RGB ( '',0.7803921568627451011, 0.5686274509803921351, 0.1137254901960784298 ) ;
#2285 = DIRECTION ( 'NONE',  ( -0.0000000000000000000, -1.224646799146999945E-16, 1.000000000000000000 ) ) ;
#2286 =( NAMED_UNIT ( * ) PLANE_ANGLE_UNIT ( ) SI_UNIT ( $, .RADIAN. ) );
#2287 =( GEOMETRIC_REPRESENTATION_CONTEXT ( 3 ) GLOBAL_UNCERTAINTY_ASSIGNED_CONTEXT ( ( #1451 ) ) GLOBAL_UNIT_ASSIGNED_CONTEXT ( ( #1544, #2873, #645 ) ) REPRESENTATION_CONTEXT ( 'NONE', 'WORKASPACE' ) );
#2288 = VERTEX_POINT ( 'NONE', #2880 ) ;
#2289 = AXIS2_PLACEMENT_3D ( 'NONE', #834, #1155, #896 ) ;
#2290 = SURFACE_STYLE_USAGE ( .BOTH. , #3641 ) ;
#2291 = CARTESIAN_POINT ( 'NONE',  ( -0.3713942890049999890, 0.2600000000000000089, 3.184081677782999738E-17 ) ) ;
#2292 = STYLED_ITEM ( 'NONE', ( #3135 ), #4207 ) ;
#2293 = CARTESIAN_POINT ( 'NONE',  ( 0.4949999999999611933, -0.1577111547697170046, 0.06000000000000001860 ) ) ;
#2294 = FILL_AREA_STYLE ('',( #3001 ) ) ;
#2295 = EDGE_CURVE ( 'NONE', #3564, #3746, #1833, .T. ) ;
#2296 = ADVANCED_FACE ( 'NONE', ( #1174 ), #3230, .T. ) ;
#2297 = LINE ( 'NONE', #2935, #1771 ) ;
#2298 = VERTEX_POINT ( 'NONE', #3978 ) ;
#2299 = DIRECTION ( 'NONE',  ( 0.0000000000000000000, -1.224646799146999945E-16, -1.000000000000000000 ) ) ;
#2300 = CARTESIAN_POINT ( 'NONE',  ( 0.0000000000000000000, 0.0000000000000000000, 0.01000000000000000021 ) ) ;
#2301 =( NAMED_UNIT ( * ) PLANE_ANGLE_UNIT ( ) SI_UNIT ( $, .RADIAN. ) );
#2302 = ORIENTED_EDGE ( 'NONE', *, *, #212, .T. ) ;
#2303 = CARTESIAN_POINT ( 'NONE',  ( 0.5000000000000000000, -0.2999999999999999889, 0.0000000000000000000 ) ) ;
#2304 =( NAMED_UNIT ( * ) PLANE_ANGLE_UNIT ( ) SI_UNIT ( $, .RADIAN. ) );
#2305 = FACE_OUTER_BOUND ( 'NONE', #2458, .T. ) ;
#2306 = VERTEX_POINT ( 'NONE', #3599 ) ;
#2307 = FACE_OUTER_BOUND ( 'NONE', #1061, .T. ) ;
#2308 = CARTESIAN_POINT ( 'NONE',  ( -0.4949999999999304956, -0.1891429205785696566, 0.02000000000000001082 ) ) ;
#2309 = PRESENTATION_LAYER_ASSIGNMENT (  '', '', ( #4181 ) ) ;
#2310 = PRODUCT_DEFINITION_SHAPE ( 'NONE', 'NONE',  #2402 ) ;
#2311 = VECTOR ( 'NONE', #2176, 1000.000000000000000 ) ;
#2312 = CARTESIAN_POINT ( 'NONE',  ( 0.2975000000000000422, 0.2974999999999999867, 0.1250000000000000000 ) ) ;
#2313 = SHAPE_REPRESENTATION ( 'Cut005', ( #2977 ), #3325 ) ;
#2314 =( GEOMETRIC_REPRESENTATION_CONTEXT ( 3 ) GLOBAL_UNCERTAINTY_ASSIGNED_CONTEXT ( ( #3559 ) ) GLOBAL_UNIT_ASSIGNED_CONTEXT ( ( #1684, #387, #2730 ) ) REPRESENTATION_CONTEXT ( 'NONE', 'WORKASPACE' ) );
#2315 = CIRCLE ( 'NONE', #649, 0.1499999999999999667 ) ;
#2316 =( NAMED_UNIT ( * ) PLANE_ANGLE_UNIT ( ) SI_UNIT ( $, .RADIAN. ) );
#2317 = ORIENTED_EDGE ( 'NONE', *, *, #1348, .F. ) ;
#2318 = DIRECTION ( 'NONE',  ( 0.0000000000000000000, 1.224646799146999945E-16, -1.000000000000000000 ) ) ;
#2319 = AXIS2_PLACEMENT_3D ( 'NONE', #906, #1611, #948 ) ;
#2320 = CARTESIAN_POINT ( 'NONE',  ( -0.05000000000000000278, -0.1500000000000000222, -1.163291170903874963E-19 ) ) ;
#2321 = VECTOR ( 'NONE', #1029, 1000.000000000000000 ) ;
#2322 = ADVANCED_FACE ( 'NONE', ( #4268 ), #3578, .T. ) ;
#2323 = CYLINDRICAL_SURFACE ( 'NONE', #1278, 0.1700000000000000122 ) ;
#2324 = AXIS2_PLACEMENT_3D ( 'NONE', #2571, #2217, #3217 ) ;
#2325 = EDGE_CURVE ( 'NONE', #2132, #2330, #2248, .T. ) ;
#2326 = LINE ( 'NONE', #338, #3002 ) ;
#2327 = FILL_AREA_STYLE_COLOUR ( '', #200 ) ;
#2328 = LINE ( 'NONE', #4300, #3585 ) ;
#2329 =( GEOMETRIC_REPRESENTATION_CONTEXT ( 3 ) GLOBAL_UNCERTAINTY_ASSIGNED_CONTEXT ( ( #3687 ) ) GLOBAL_UNIT_ASSIGNED_CONTEXT ( ( #2857, #1168, #3807 ) ) REPRESENTATION_CONTEXT ( 'NONE', 'WORKASPACE' ) );
#2330 = VERTEX_POINT ( 'NONE', #277 ) ;
#2331 = CARTESIAN_POINT ( 'NONE',  ( -0.5000000000000000000, 0.2600000000000000089, 0.0000000000000000000 ) ) ;
#2332 = CARTESIAN_POINT ( 'NONE',  ( -0.2000000000000000111, 0.2600000000000000089, 0.02000000000000000042 ) ) ;
#2333 = CIRCLE ( 'NONE', #1010, 0.2400000000000000466 ) ;
#2334 = FACE_OUTER_BOUND ( 'NONE', #3723, .T. ) ;
#2335 = DIRECTION ( 'NONE',  ( 0.0000000000000000000, 0.0000000000000000000, 1.000000000000000000 ) ) ;
#2336 = UNCERTAINTY_MEASURE_WITH_UNIT (LENGTH_MEASURE( 1.000000000000000082E-05 ), #1625, 'distance_accuracy_value', 'NONE');
#2337 = CARTESIAN_POINT ( 'NONE',  ( -0.5000000000000000000, 0.2999999999999999889, 0.08000000000000000167 ) ) ;
#2338 = EDGE_LOOP ( 'NONE', ( #921, #1878, #2961, #186 ) ) ;
#2339 =( LENGTH_UNIT ( ) NAMED_UNIT ( * ) SI_UNIT ( .MILLI., .METRE. ) );
#2340 = ORIENTED_EDGE ( 'NONE', *, *, #2558, .T. ) ;
#2341 = DIRECTION ( 'NONE',  ( -0.0000000000000000000, -0.0000000000000000000, 1.000000000000000000 ) ) ;
#2342 = DIRECTION ( 'NONE',  ( 0.0000000000000000000, -1.000000000000000000, -1.034036596358999946E-18 ) ) ;
#2343 = DIRECTION ( 'NONE',  ( -1.000000000000000000, 0.0000000000000000000, -0.0000000000000000000 ) ) ;
#2344 = EDGE_LOOP ( 'NONE', ( #738, #3389, #1774, #4030 ) ) ;
#2345 =( GEOMETRIC_REPRESENTATION_CONTEXT ( 3 ) GLOBAL_UNCERTAINTY_ASSIGNED_CONTEXT ( ( #2942 ) ) GLOBAL_UNIT_ASSIGNED_CONTEXT ( ( #2864, #3273, #4220 ) ) REPRESENTATION_CONTEXT ( 'NONE', 'WORKASPACE' ) );
#2346 = CIRCLE ( 'NONE', #2012, 0.2400000000000000189 ) ;
#2347 = FILL_AREA_STYLE_COLOUR ( '', #3863 ) ;
#2348 = PRODUCT_DEFINITION_SHAPE ( 'NONE', 'NONE',  #2133 ) ;
#2349 = EDGE_CURVE ( 'NONE', #947, #3458, #2974, .T. ) ;
#2350 = FACE_OUTER_BOUND ( 'NONE', #825, .T. ) ;
#2351 = EDGE_CURVE ( 'NONE', #209, #2675, #1594, .T. ) ;
#2352 = ORIENTED_EDGE ( 'NONE', *, *, #2060, .F. ) ;
#2353 = CARTESIAN_POINT ( 'NONE',  ( -0.4949999999999999956, 0.2999999999999999889, 0.02000000000000000042 ) ) ;
#2354 = VERTEX_POINT ( 'NONE', #303 ) ;
#2355 =( NAMED_UNIT ( * ) SI_UNIT ( $, .STERADIAN. ) SOLID_ANGLE_UNIT ( ) );
#2356 = PRESENTATION_LAYER_ASSIGNMENT (  '', '', ( #4155 ) ) ;
#2357 = FILL_AREA_STYLE ('',( #2978 ) ) ;
#2358 = LINE ( 'NONE', #2736, #1001 ) ;
#2359 = VECTOR ( 'NONE', #1916, 1000.000000000000000 ) ;
#2360 = CARTESIAN_POINT ( 'NONE',  ( -0.4949999999999999956, -0.1891429205790000068, 0.02000000000000000042 ) ) ;
#2361 = ORIENTED_EDGE ( 'NONE', *, *, #3546, .F. ) ;
#2362 = DIRECTION ( 'NONE',  ( 9.274621392321998436E-15, -1.000000000000000000, 0.0000000000000000000 ) ) ;
#2363 = CONTEXT_DEPENDENT_SHAPE_REPRESENTATION ( #7, #326 ) ;
#2364 = CARTESIAN_POINT ( 'NONE',  ( 0.3563508326900000078, -0.2999999999999999889, 0.0000000000000000000 ) ) ;
#2365 = DIRECTION ( 'NONE',  ( -0.0000000000000000000, 0.0000000000000000000, -1.000000000000000000 ) ) ;
#2366 = DIRECTION ( 'NONE',  ( -1.000000000000000000, 0.0000000000000000000, 0.0000000000000000000 ) ) ;
#2367 = PRESENTATION_LAYER_ASSIGNMENT (  '', '', ( #3554 ) ) ;
#2368 = CARTESIAN_POINT ( 'NONE',  ( 0.5000000000000000000, -0.2085786437630000045, 0.0000000000000000000 ) ) ;
#2369 = FILL_AREA_STYLE ('',( #3459 ) ) ;
#2370 = ORIENTED_EDGE ( 'NONE', *, *, #957, .T. ) ;
#2371 = DIRECTION ( 'NONE',  ( 0.0000000000000000000, 1.000000000000000000, 1.224646799146999945E-16 ) ) ;
#2372 = CARTESIAN_POINT ( 'NONE',  ( 0.4749999999998638645, 0.1645950378226634647, -2.015707862251541810E-17 ) ) ;
#2373 = PRESENTATION_LAYER_ASSIGNMENT (  '', '', ( #1520 ) ) ;
#2374 = ORIENTED_EDGE ( 'NONE', *, *, #236, .F. ) ;
#2375 = APPLICATION_CONTEXT ( 'automotive_design' ) ;
#2376 = ADVANCED_FACE ( 'NONE', ( #3292 ), #3878, .T. ) ;
#2377 = ADVANCED_FACE ( 'NONE', ( #1525 ), #2135, .T. ) ;
#2378 = SURFACE_SIDE_STYLE ('',( #3445 ) ) ;
#2379 = SURFACE_SIDE_STYLE ('',( #27 ) ) ;
#2380 = UNCERTAINTY_MEASURE_WITH_UNIT (LENGTH_MEASURE( 1.000000000000000082E-05 ), #1696, 'distance_accuracy_value', 'NONE');
#2381 = DIRECTION ( 'NONE',  ( -0.0000000000000000000, -0.0000000000000000000, 1.000000000000000000 ) ) ;
#2382 = FILL_AREA_STYLE_COLOUR ( '', #2406 ) ;
#2383 = PRESENTATION_LAYER_ASSIGNMENT (  '', '', ( #3702 ) ) ;
#2384 = ORIENTED_EDGE ( 'NONE', *, *, #3498, .T. ) ;
#2385 = CARTESIAN_POINT ( 'NONE',  ( 0.2950000000000000400, -0.3000000000000000444, 0.0000000000000000000 ) ) ;
#2386 = CIRCLE ( 'NONE', #2789, 0.2000000000000000111 ) ;
#2387 = ITEM_DEFINED_TRANSFORMATION ( 'NONE', 'NONE', #2215,  #2977 ) ;
#2388 = DIRECTION ( 'NONE',  ( 0.0000000000000000000, 0.0000000000000000000, 1.000000000000000000 ) ) ;
#2389 = ORIENTED_EDGE ( 'NONE', *, *, #722, .T. ) ;
#2390 = CARTESIAN_POINT ( 'NONE',  ( 0.2000000000000000111, 0.2600000000000000089, 0.0000000000000000000 ) ) ;
#2391 = STYLED_ITEM ( 'NONE', ( #3524 ), #1929 ) ;
#2392 = VECTOR ( 'NONE', #2381, 1000.000000000000000 ) ;
#2393 = FACE_OUTER_BOUND ( 'NONE', #1150, .T. ) ;
#2394 = PRESENTATION_LAYER_ASSIGNMENT (  '', '', ( #1471 ) ) ;
#2395 =( LENGTH_UNIT ( ) NAMED_UNIT ( * ) SI_UNIT ( .MILLI., .METRE. ) );
#2396 = ORIENTED_EDGE ( 'NONE', *, *, #1615, .T. ) ;
#2397 = CARTESIAN_POINT ( 'NONE',  ( -0.4949999999999999956, -0.2999999999999999889, 0.02000000000000000042 ) ) ;
#2398 = STYLED_ITEM ( 'NONE', ( #1337 ), #2322 ) ;
#2399 = ORIENTED_EDGE ( 'NONE', *, *, #373, .F. ) ;
#2400 = DIRECTION ( 'NONE',  ( 0.0000000000000000000, 1.000000000000000000, -1.224646799146999699E-16 ) ) ;
#2401 = AXIS2_PLACEMENT_3D ( 'NONE', #1681, #3375, #4033 ) ;
#2402 = PRODUCT_DEFINITION ( 'UNKNOWN', '', #1505, #2165 ) ;
#2403 = DIRECTION ( 'NONE',  ( 0.0000000000000000000, 0.0000000000000000000, 1.000000000000000000 ) ) ;
#2404 = VECTOR ( 'NONE', #4160, 1000.000000000000000 ) ;
#2405 = FILL_AREA_STYLE_COLOUR ( '', #878 ) ;
#2406 = COLOUR_RGB ( '',1.000000000000000000, 0.0000000000000000000, 0.0000000000000000000 ) ;
#2407 = ADVANCED_FACE ( 'NONE', ( #1149 ), #3136, .F. ) ;
#2408 = EDGE_CURVE ( 'NONE', #3215, #190, #1140, .T. ) ;
#2409 = CARTESIAN_POINT ( 'NONE',  ( -0.2950000000000000400, 0.2950000000000000400, 0.0000000000000000000 ) ) ;
#2410 = ORIENTED_EDGE ( 'NONE', *, *, #2349, .F. ) ;
#2411 = APPLICATION_PROTOCOL_DEFINITION ( 'draft international standard', 'automotive_design', 1998, #1192 ) ;
#2412 = LINE ( 'NONE', #1077, #1144 ) ;
#2413 = DIRECTION ( 'NONE',  ( 0.0000000000000000000, -1.224646799146999945E-16, -1.000000000000000000 ) ) ;
#2414 = VERTEX_POINT ( 'NONE', #543 ) ;
#2415 = LINE ( 'NONE', #730, #1110 ) ;
#2416 = DIRECTION ( 'NONE',  ( 0.0000000000000000000, -1.000000000000000000, -1.034036596358999946E-18 ) ) ;
#2417 = CARTESIAN_POINT ( 'NONE',  ( -0.4949999999999999956, 0.1891429205787729384, 0.06000000000000001860 ) ) ;
#2418 = ORIENTED_EDGE ( 'NONE', *, *, #4092, .F. ) ;
#2419 =( NAMED_UNIT ( * ) PLANE_ANGLE_UNIT ( ) SI_UNIT ( $, .RADIAN. ) );
#2420 = ORIENTED_EDGE ( 'NONE', *, *, #2242, .T. ) ;
#2421 = PRESENTATION_LAYER_ASSIGNMENT (  '', '', ( #3106 ) ) ;
#2422 = PRESENTATION_STYLE_ASSIGNMENT (( #1088 ) ) ;
#2423 = CARTESIAN_POINT ( 'NONE',  ( -0.5500000000000000444, 0.3499999999999999778, 0.05999999999999999778 ) ) ;
#2424 = VECTOR ( 'NONE', #920, 1000.000000000000000 ) ;
#2425 = CARTESIAN_POINT ( 'NONE',  ( -0.2999999999999999889, 0.2999999999999999889, 0.0000000000000000000 ) ) ;
#2426 =( NAMED_UNIT ( * ) PLANE_ANGLE_UNIT ( ) SI_UNIT ( $, .RADIAN. ) );
#2427 = ORIENTED_EDGE ( 'NONE', *, *, #2813, .T. ) ;
#2428 = CARTESIAN_POINT ( 'NONE',  ( -0.05000000000000000278, 0.1499999999999999944, 0.0000000000000000000 ) ) ;
#2429 = ADVANCED_FACE ( 'NONE', ( #1875 ), #4197, .F. ) ;
#2430 = EDGE_CURVE ( 'NONE', #2354, #638, #2328, .T. ) ;
#2431 =( GEOMETRIC_REPRESENTATION_CONTEXT ( 3 ) GLOBAL_UNCERTAINTY_ASSIGNED_CONTEXT ( ( #3391 ) ) GLOBAL_UNIT_ASSIGNED_CONTEXT ( ( #1207, #2134, #3787 ) ) REPRESENTATION_CONTEXT ( 'NONE', 'WORKASPACE' ) );
#2432 = VERTEX_POINT ( 'NONE', #2969 ) ;
#2433 = LINE ( 'NONE', #1119, #1169 ) ;
#2434 = CARTESIAN_POINT ( 'NONE',  ( -0.5500000000000000444, 0.3499999999999999778, 0.02000000000000000042 ) ) ;
#2435 =( LENGTH_UNIT ( ) NAMED_UNIT ( * ) SI_UNIT ( .MILLI., .METRE. ) );
#2436 = DIRECTION ( 'NONE',  ( 0.0000000000000000000, 0.0000000000000000000, 1.000000000000000000 ) ) ;
#2437 = CARTESIAN_POINT ( 'NONE',  ( 0.3875192319071404379, -0.2999999999999999889, 0.02000000000000000042 ) ) ;
#2438 = EDGE_LOOP ( 'NONE', ( #2796, #2189, #1376, #2427 ) ) ;
#2439 = VERTEX_POINT ( 'NONE', #603 ) ;
#2440 =( NAMED_UNIT ( * ) PLANE_ANGLE_UNIT ( ) SI_UNIT ( $, .RADIAN. ) );
#2441 = SURFACE_SIDE_STYLE ('',( #2099 ) ) ;
#2442 =( NAMED_UNIT ( * ) PLANE_ANGLE_UNIT ( ) SI_UNIT ( $, .RADIAN. ) );
#2443 = LINE ( 'NONE', #3767, #2074 ) ;
#2444 = EDGE_LOOP ( 'NONE', ( #2004, #1167, #714, #4004, #2023, #453, #2370, #2970 ) ) ;
#2445 = DIRECTION ( 'NONE',  ( -1.000000000000000000, 0.0000000000000000000, 0.0000000000000000000 ) ) ;
#2446 = VERTEX_POINT ( 'NONE', #3635 ) ;
#2447 = DIRECTION ( 'NONE',  ( -1.000000000000000000, 0.0000000000000000000, -0.0000000000000000000 ) ) ;
#2448 = MECHANICAL_DESIGN_GEOMETRIC_PRESENTATION_REPRESENTATION (  '', ( #4181 ), #360 ) ;
#2449 = CARTESIAN_POINT ( 'NONE',  ( -0.3875192319071404379, 0.2999999999999999889, 0.05999999999999999778 ) ) ;
#2450 = VERTEX_POINT ( 'NONE', #2947 ) ;
#2451 =( GEOMETRIC_REPRESENTATION_CONTEXT ( 3 ) GLOBAL_UNCERTAINTY_ASSIGNED_CONTEXT ( ( #680 ) ) GLOBAL_UNIT_ASSIGNED_CONTEXT ( ( #1549, #1617, #2246 ) ) REPRESENTATION_CONTEXT ( 'NONE', 'WORKASPACE' ) );
#2452 =( LENGTH_UNIT ( ) NAMED_UNIT ( * ) SI_UNIT ( .MILLI., .METRE. ) );
#2453 = DIRECTION ( 'NONE',  ( -1.000000000000000000, 0.0000000000000000000, 0.0000000000000000000 ) ) ;
#2454 =( GEOMETRIC_REPRESENTATION_CONTEXT ( 3 ) GLOBAL_UNCERTAINTY_ASSIGNED_CONTEXT ( ( #64 ) ) GLOBAL_UNIT_ASSIGNED_CONTEXT ( ( #2010, #1370, #2662 ) ) REPRESENTATION_CONTEXT ( 'NONE', 'WORKASPACE' ) );
#2455 = VECTOR ( 'NONE', #117, 1000.000000000000000 ) ;
#2456 =( LENGTH_UNIT ( ) NAMED_UNIT ( * ) SI_UNIT ( .MILLI., .METRE. ) );
#2457 = ADVANCED_FACE ( 'NONE', ( #2263 ), #2923, .T. ) ;
#2458 = EDGE_LOOP ( 'NONE', ( #3532, #1488, #4018, #3464 ) ) ;
#2459 = CARTESIAN_POINT ( 'NONE',  ( -0.2000000000000000111, -0.2600000000000000089, -3.184081677782999738E-17 ) ) ;
#2460 = SURFACE_STYLE_FILL_AREA ( #2479 ) ;
#2461 = ORIENTED_EDGE ( 'NONE', *, *, #1615, .F. ) ;
#2462 = CIRCLE ( 'NONE', #2324, 0.1499999999999999667 ) ;
#2463 = MECHANICAL_DESIGN_GEOMETRIC_PRESENTATION_REPRESENTATION (  '', ( #2192 ), #719 ) ;
#2464 = ORIENTED_EDGE ( 'NONE', *, *, #1426, .T. ) ;
#2465 = DIRECTION ( 'NONE',  ( 0.0000000000000000000, 0.0000000000000000000, 1.000000000000000000 ) ) ;
#2466 = PRESENTATION_STYLE_ASSIGNMENT (( #3861 ) ) ;
#2467 =( NAMED_UNIT ( * ) SI_UNIT ( $, .STERADIAN. ) SOLID_ANGLE_UNIT ( ) );
#2468 = EDGE_LOOP ( 'NONE', ( #3721, #1943, #1186, #2906, #3326, #4274, #1514, #3378, #1323, #2773, #2361, #15 ) ) ;
#2469 = SURFACE_SIDE_STYLE ('',( #3539 ) ) ;
#2470 = UNCERTAINTY_MEASURE_WITH_UNIT (LENGTH_MEASURE( 1.000000000000000082E-05 ), #903, 'distance_accuracy_value', 'NONE');
#2471 = LINE ( 'NONE', #3796, #4189 ) ;
#2472 = VECTOR ( 'NONE', #1824, 1000.000000000000000 ) ;
#2473 = CARTESIAN_POINT ( 'NONE',  ( -0.05000000000000000278, 0.1499999999999999944, -0.01000000000000000021 ) ) ;
#2474 =( NAMED_UNIT ( * ) PLANE_ANGLE_UNIT ( ) SI_UNIT ( $, .RADIAN. ) );
#2475 =( LENGTH_UNIT ( ) NAMED_UNIT ( * ) SI_UNIT ( .MILLI., .METRE. ) );
#2476 = DIRECTION ( 'NONE',  ( -0.0000000000000000000, -1.000000000000000000, -1.224646799146999945E-16 ) ) ;
#2477 = ORIENTED_EDGE ( 'NONE', *, *, #1844, .T. ) ;
#2478 = LINE ( 'NONE', #3805, #85 ) ;
#2479 = FILL_AREA_STYLE ('',( #1146 ) ) ;
#2480 = EDGE_CURVE ( 'NONE', #3741, #1908, #1992, .T. ) ;
#2481 = ADVANCED_FACE ( 'NONE', ( #2305 ), #3958, .T. ) ;
#2482 = FILL_AREA_STYLE ('',( #144 ) ) ;
#2483 = ORIENTED_EDGE ( 'NONE', *, *, #3874, .F. ) ;
#2484 = FILL_AREA_STYLE_COLOUR ( '', #3769 ) ;
#2485 = COLOUR_RGB ( '',0.7803921568627451011, 0.5686274509803921351, 0.1137254901960784298 ) ;
#2486 = SURFACE_STYLE_USAGE ( .BOTH. , #2508 ) ;
#2487 = CYLINDRICAL_SURFACE ( 'NONE', #332, 0.01499999999999999944 ) ;
#2488 = STYLED_ITEM ( 'NONE', ( #1016 ), #3627 ) ;
#2489 = ORIENTED_EDGE ( 'NONE', *, *, #3254, .F. ) ;
#2490 = PRESENTATION_STYLE_ASSIGNMENT (( #4137 ) ) ;
#2491 = SURFACE_STYLE_FILL_AREA ( #3868 ) ;
#2492 = MECHANICAL_DESIGN_GEOMETRIC_PRESENTATION_REPRESENTATION (  '', ( #2893 ), #821 ) ;
#2493 = AXIS2_PLACEMENT_3D ( 'NONE', #1477, #817, #3145 ) ;
#2494 = DIRECTION ( 'NONE',  ( 0.0000000000000000000, -1.000000000000000000, 0.0000000000000000000 ) ) ;
#2495 = AXIS2_PLACEMENT_3D ( 'NONE', #26, #2566, #304 ) ;
#2496 = CARTESIAN_POINT ( 'NONE',  ( 0.1999999999999999833, 0.2999999999999999889, 0.0000000000000000000 ) ) ;
#2497 = FILL_AREA_STYLE ('',( #3103 ) ) ;
#2498 = LINE ( 'NONE', #905, #1424 ) ;
#2499 = ORIENTED_EDGE ( 'NONE', *, *, #3059, .T. ) ;
#2500 = LINE ( 'NONE', #1244, #2311 ) ;
#2501 =( NAMED_UNIT ( * ) PLANE_ANGLE_UNIT ( ) SI_UNIT ( $, .RADIAN. ) );
#2502 = EDGE_LOOP ( 'NONE', ( #4048, #1725, #4103, #2626 ) ) ;
#2503 = SURFACE_STYLE_USAGE ( .BOTH. , #1874 ) ;
#2504 = ORIENTED_EDGE ( 'NONE', *, *, #932, .T. ) ;
#2505 =( LENGTH_UNIT ( ) NAMED_UNIT ( * ) SI_UNIT ( .MILLI., .METRE. ) );
#2506 = EDGE_CURVE ( 'NONE', #2546, #3741, #725, .T. ) ;
#2507 = EDGE_CURVE ( 'NONE', #3314, #3761, #1773, .T. ) ;
#2508 = SURFACE_SIDE_STYLE ('',( #1234 ) ) ;
#2509 = SURFACE_SIDE_STYLE ('',( #1177 ) ) ;
#2510 = COLOUR_RGB ( '',0.0000000000000000000, 0.3333333333333333148, 0.0000000000000000000 ) ;
#2511 = ORIENTED_EDGE ( 'NONE', *, *, #3550, .T. ) ;
#2512 = UNCERTAINTY_MEASURE_WITH_UNIT (LENGTH_MEASURE( 1.000000000000000082E-05 ), #3019, 'distance_accuracy_value', 'NONE');
#2513 = ADVANCED_FACE ( 'NONE', ( #102 ), #2701, .T. ) ;
#2514 = CARTESIAN_POINT ( 'NONE',  ( 0.4749999999999999778, 0.2999999999999999889, 0.0000000000000000000 ) ) ;
#2515 = CARTESIAN_POINT ( 'NONE',  ( -0.4999999999999027445, -0.2085786437627248913, 0.0000000000000000000 ) ) ;
#2516 = SURFACE_SIDE_STYLE ('',( #1909 ) ) ;
#2517 = SURFACE_STYLE_USAGE ( .BOTH. , #3438 ) ;
#2518 = STYLED_ITEM ( 'NONE', ( #391 ), #541 ) ;
#2519 = LINE ( 'NONE', #1867, #3398 ) ;
#2520 = VECTOR ( 'NONE', #2878, 1000.000000000000000 ) ;
#2521 = VERTEX_POINT ( 'NONE', #691 ) ;
#2522 = VERTEX_POINT ( 'NONE', #77 ) ;
#2523 = CARTESIAN_POINT ( 'NONE',  ( 0.5500000000000000444, 0.3499999999999999778, 4.286263797016499571E-17 ) ) ;
#2524 =( GEOMETRIC_REPRESENTATION_CONTEXT ( 3 ) GLOBAL_UNCERTAINTY_ASSIGNED_CONTEXT ( ( #3388 ) ) GLOBAL_UNIT_ASSIGNED_CONTEXT ( ( #3008, #1345, #286 ) ) REPRESENTATION_CONTEXT ( 'NONE', 'WORKASPACE' ) );
#2525 = VERTEX_POINT ( 'NONE', #3104 ) ;
#2526 = VECTOR ( 'NONE', #2109, 1000.000000000000000 ) ;
#2527 = VECTOR ( 'NONE', #2886, 1000.000000000000000 ) ;
#2528 = DIRECTION ( 'NONE',  ( -1.000000000000000000, 0.0000000000000000000, 0.0000000000000000000 ) ) ;
#2529 = PRESENTATION_STYLE_ASSIGNMENT (( #4177 ) ) ;
#2530 = AXIS2_PLACEMENT_3D ( 'NONE', #3611, #3625, #884 ) ;
#2531 = VERTEX_POINT ( 'NONE', #2028 ) ;
#2532 = PLANE ( 'NONE',  #4178 ) ;
#2533 = LINE ( 'NONE', #198, #981 ) ;
#2534 = EDGE_CURVE ( 'NONE', #2281, #105, #1390, .T. ) ;
#2535 = EDGE_CURVE ( 'NONE', #3078, #3442, #2726, .T. ) ;
#2536 = DIRECTION ( 'NONE',  ( -0.0000000000000000000, -0.0000000000000000000, 1.000000000000000000 ) ) ;
#2537 = VECTOR ( 'NONE', #3995, 1000.000000000000000 ) ;
#2538 = SURFACE_STYLE_FILL_AREA ( #4140 ) ;
#2539 = VERTEX_POINT ( 'NONE', #2417 ) ;
#2540 =( NAMED_UNIT ( * ) SI_UNIT ( $, .STERADIAN. ) SOLID_ANGLE_UNIT ( ) );
#2541 = SURFACE_STYLE_USAGE ( .BOTH. , #801 ) ;
#2542 = CYLINDRICAL_SURFACE ( 'NONE', #1236, 0.1499999999999999667 ) ;
#2543 = SURFACE_SIDE_STYLE ('',( #2818 ) ) ;
#2544 = ORIENTED_EDGE ( 'NONE', *, *, #4287, .F. ) ;
#2545 = CARTESIAN_POINT ( 'NONE',  ( -0.5000000000000000000, 0.2999999999999999889, 0.02000000000000000042 ) ) ;
#2546 = VERTEX_POINT ( 'NONE', #2681 ) ;
#2547 =( LENGTH_UNIT ( ) NAMED_UNIT ( * ) SI_UNIT ( .MILLI., .METRE. ) );
#2548 =( GEOMETRIC_REPRESENTATION_CONTEXT ( 3 ) GLOBAL_UNCERTAINTY_ASSIGNED_CONTEXT ( ( #1761 ) ) GLOBAL_UNIT_ASSIGNED_CONTEXT ( ( #3232, #4244, #2666 ) ) REPRESENTATION_CONTEXT ( 'NONE', 'WORKASPACE' ) );
#2549 = UNCERTAINTY_MEASURE_WITH_UNIT (LENGTH_MEASURE( 1.000000000000000082E-05 ), #1277, 'distance_accuracy_value', 'NONE');
#2550 = PRESENTATION_STYLE_ASSIGNMENT (( #3560 ) ) ;
#2551 = AXIS2_PLACEMENT_3D ( 'NONE', #2574, #1630, #1308 ) ;
#2552 = SURFACE_STYLE_FILL_AREA ( #3901 ) ;
#2553 = FACE_OUTER_BOUND ( 'NONE', #4236, .T. ) ;
#2554 = PRESENTATION_STYLE_ASSIGNMENT (( #1498 ) ) ;
#2555 = VECTOR ( 'NONE', #4293, 1000.000000000000000 ) ;
#2556 = EDGE_CURVE ( 'NONE', #523, #4148, #1993, .T. ) ;
#2557 = CARTESIAN_POINT ( 'NONE',  ( -0.3275140453870559187, -0.2600000000001834732, 0.08000000000000001554 ) ) ;
#2558 = EDGE_CURVE ( 'NONE', #316, #3751, #4014, .T. ) ;
#2559 =( GEOMETRIC_REPRESENTATION_CONTEXT ( 3 ) GLOBAL_UNCERTAINTY_ASSIGNED_CONTEXT ( ( #3951 ) ) GLOBAL_UNIT_ASSIGNED_CONTEXT ( ( #3536, #213, #344 ) ) REPRESENTATION_CONTEXT ( 'NONE', 'WORKASPACE' ) );
#2560 = CARTESIAN_POINT ( 'NONE',  ( -0.5500000000000000444, -0.3499999999999999778, 0.0000000000000000000 ) ) ;
#2561 = CARTESIAN_POINT ( 'NONE',  ( -0.3713942890049999890, 0.2600000000000000089, 0.02000000000000000042 ) ) ;
#2562 = PRESENTATION_STYLE_ASSIGNMENT (( #1800 ) ) ;
#2563 = MECHANICAL_DESIGN_GEOMETRIC_PRESENTATION_REPRESENTATION (  '', ( #1788 ), #122 ) ;
#2564 = ORIENTED_EDGE ( 'NONE', *, *, #3093, .T. ) ;
#2565 = PRESENTATION_STYLE_ASSIGNMENT (( #2486 ) ) ;
#2566 = DIRECTION ( 'NONE',  ( -1.000000000000000000, 0.0000000000000000000, 0.0000000000000000000 ) ) ;
#2567 = DIRECTION ( 'NONE',  ( 0.0000000000000000000, -1.224646799146999945E-16, -1.000000000000000000 ) ) ;
#2568 = DIRECTION ( 'NONE',  ( -9.274621392321998436E-15, 1.000000000000000000, -0.0000000000000000000 ) ) ;
#2569 = ORIENTED_EDGE ( 'NONE', *, *, #3580, .T. ) ;
#2570 = LINE ( 'NONE', #4248, #2641 ) ;
#2571 = CARTESIAN_POINT ( 'NONE',  ( 0.5500000000000000444, 0.3499999999999999778, 0.0000000000000000000 ) ) ;
#2572 =( GEOMETRIC_REPRESENTATION_CONTEXT ( 3 ) GLOBAL_UNCERTAINTY_ASSIGNED_CONTEXT ( ( #2079 ) ) GLOBAL_UNIT_ASSIGNED_CONTEXT ( ( #2547, #3866, #1536 ) ) REPRESENTATION_CONTEXT ( 'NONE', 'WORKASPACE' ) );
#2573 = CARTESIAN_POINT ( 'NONE',  ( -0.4949999999999611933, 0.1577111547697170046, 0.05999999999999998390 ) ) ;
#2574 = CARTESIAN_POINT ( 'NONE',  ( 0.5000000000000000000, 0.2999999999999999889, 0.08000000000000000167 ) ) ;
#2575 = PRESENTATION_STYLE_ASSIGNMENT (( #3222 ) ) ;
#2576 = SURFACE_SIDE_STYLE ('',( #1000 ) ) ;
#2577 = PRODUCT ( 'Cut005', 'Cut005', '', ( #3713 ) ) ;
#2578 = AXIS2_PLACEMENT_3D ( 'NONE', #302, #953, #4284 ) ;
#2579 = EDGE_CURVE ( 'NONE', #3741, #105, #519, .T. ) ;
#2580 = COLOUR_RGB ( '',0.7803921568627451011, 0.5686274509803921351, 0.1137254901960784298 ) ;
#2581 = EDGE_CURVE ( 'NONE', #2522, #1232, #3793, .T. ) ;
#2582 = VERTEX_POINT ( 'NONE', #204 ) ;
#2583 = FILL_AREA_STYLE_COLOUR ( '', #437 ) ;
#2584 = FILL_AREA_STYLE ('',( #1254 ) ) ;
#2585 = STYLED_ITEM ( 'NONE', ( #4281 ), #1728 ) ;
#2586 = STYLED_ITEM ( 'NONE', ( #498 ), #885 ) ;
#2587 =( BOUNDED_CURVE ( )  B_SPLINE_CURVE ( 3, ( #4184, #2783, #3193, #1839 ),
 .UNSPECIFIED., .F., .T. ) 
 B_SPLINE_CURVE_WITH_KNOTS ( ( 4, 4 ),
 ( 4.712388980384689674, 6.283185307179586232 ),
 .UNSPECIFIED. ) 
 CURVE ( )  GEOMETRIC_REPRESENTATION_ITEM ( )  RATIONAL_B_SPLINE_CURVE ( ( 1.000000000000000000, 0.8047378541243649375, 0.8047378541243649375, 1.000000000000000000 ) ) 
 REPRESENTATION_ITEM ( '' )  );
#2588 = DIRECTION ( 'NONE',  ( 1.000000000000000000, 0.0000000000000000000, -0.0000000000000000000 ) ) ;
#2589 = STYLED_ITEM ( 'NONE', ( #2550 ), #1143 ) ;
#2590 = DIRECTION ( 'NONE',  ( 0.0000000000000000000, 1.000000000000000000, -0.0000000000000000000 ) ) ;
#2591 =( NAMED_UNIT ( * ) SI_UNIT ( $, .STERADIAN. ) SOLID_ANGLE_UNIT ( ) );
#2592 = VECTOR ( 'NONE', #3989, 1000.000000000000000 ) ;
#2593 = LINE ( 'NONE', #2956, #3020 ) ;
#2594 = CARTESIAN_POINT ( 'NONE',  ( 0.4949999999999611933, -0.1577111547697170046, 0.02000000000000002470 ) ) ;
#2595 = ORIENTED_EDGE ( 'NONE', *, *, #2035, .F. ) ;
#2596 = DIRECTION ( 'NONE',  ( 1.000000000000000000, 0.0000000000000000000, 0.0000000000000000000 ) ) ;
#2597 = UNCERTAINTY_MEASURE_WITH_UNIT (LENGTH_MEASURE( 1.000000000000000082E-05 ), #964, 'distance_accuracy_value', 'NONE');
#2598 = VECTOR ( 'NONE', #2951, 1000.000000000000000 ) ;
#2599 = ORIENTED_EDGE ( 'NONE', *, *, #1780, .T. ) ;
#2600 = CARTESIAN_POINT ( 'NONE',  ( 0.5500000000000000444, 0.3499999999999999778, -4.286263797010336595E-17 ) ) ;
#2601 = STYLED_ITEM ( 'NONE', ( #40 ), #2513 ) ;
#2602 = SURFACE_STYLE_FILL_AREA ( #945 ) ;
#2603 =( NAMED_UNIT ( * ) PLANE_ANGLE_UNIT ( ) SI_UNIT ( $, .RADIAN. ) );
#2604 = ORIENTED_EDGE ( 'NONE', *, *, #1272, .F. ) ;
#2605 = VECTOR ( 'NONE', #2342, 1000.000000000000000 ) ;
#2606 = CARTESIAN_POINT ( 'NONE',  ( 0.2000000000000000111, -0.2600000000000000089, 0.02000000000000000042 ) ) ;
#2607 = VECTOR ( 'NONE', #47, 1000.000000000000000 ) ;
#2608 = VERTEX_POINT ( 'NONE', #2202 ) ;
#2609 = DIRECTION ( 'NONE',  ( -0.0000000000000000000, -0.0000000000000000000, 1.000000000000000000 ) ) ;
#2610 = EDGE_CURVE ( 'NONE', #3608, #3462, #3527, .T. ) ;
#2611 = DIRECTION ( 'NONE',  ( -0.0000000000000000000, -0.0000000000000000000, -1.000000000000000000 ) ) ;
#2612 = PRESENTATION_STYLE_ASSIGNMENT (( #3664 ) ) ;
#2613 = CARTESIAN_POINT ( 'NONE',  ( -0.2000000000000000111, 0.2999999999999999889, 0.02000000000000000042 ) ) ;
#2614 = DIRECTION ( 'NONE',  ( 0.0000000000000000000, 1.224646799146999945E-16, -1.000000000000000000 ) ) ;
#2615 = ORIENTED_EDGE ( 'NONE', *, *, #2630, .T. ) ;
#2616 = FACE_OUTER_BOUND ( 'NONE', #3301, .T. ) ;
#2617 = PRESENTATION_STYLE_ASSIGNMENT (( #3280 ) ) ;
#2618 = CYLINDRICAL_SURFACE ( 'NONE', #2530, 0.01500000000000001159 ) ;
#2619 = CARTESIAN_POINT ( 'NONE',  ( -0.5000000000000000000, -0.2999999999999999889, 0.0000000000000000000 ) ) ;
#2620 = VERTEX_POINT ( 'NONE', #3781 ) ;
#2621 =( LENGTH_UNIT ( ) NAMED_UNIT ( * ) SI_UNIT ( .MILLI., .METRE. ) );
#2622 = STYLED_ITEM ( 'NONE', ( #2529 ), #3963 ) ;
#2623 = STYLED_ITEM ( 'NONE', ( #865 ), #3788 ) ;
#2624 = PRESENTATION_STYLE_ASSIGNMENT (( #1290 ) ) ;
#2625 =( NAMED_UNIT ( * ) PLANE_ANGLE_UNIT ( ) SI_UNIT ( $, .RADIAN. ) );
#2626 = ORIENTED_EDGE ( 'NONE', *, *, #2161, .T. ) ;
#2627 = DIRECTION ( 'NONE',  ( 0.0000000000000000000, 1.224646799146999945E-16, -1.000000000000000000 ) ) ;
#2628 = LINE ( 'NONE', #3961, #1792 ) ;
#2629 = STYLED_ITEM ( 'NONE', ( #4282 ), #4286 ) ;
#2630 = EDGE_CURVE ( 'NONE', #2414, #2062, #1458, .T. ) ;
#2631 = EDGE_CURVE ( 'NONE', #264, #2620, #2788, .T. ) ;
#2632 = UNCERTAINTY_MEASURE_WITH_UNIT (LENGTH_MEASURE( 1.000000000000000082E-05 ), #461, 'distance_accuracy_value', 'NONE');
#2633 = PRESENTATION_LAYER_ASSIGNMENT (  '', '', ( #272 ) ) ;
#2634 = ADVANCED_FACE ( 'NONE', ( #2849 ), #1797, .T. ) ;
#2635 = EDGE_CURVE ( 'NONE', #386, #3511, #3909, .T. ) ;
#2636 = ORIENTED_EDGE ( 'NONE', *, *, #2110, .F. ) ;
#2637 = CARTESIAN_POINT ( 'NONE',  ( -0.5500000000000000444, 0.3499999999999999778, 0.0000000000000000000 ) ) ;
#2638 = LINE ( 'NONE', #2043, #370 ) ;
#2639 = ORIENTED_EDGE ( 'NONE', *, *, #4059, .T. ) ;
#2640 = FILL_AREA_STYLE_COLOUR ( '', #3849 ) ;
#2641 = VECTOR ( 'NONE', #2318, 1000.000000000000000 ) ;
#2642 = SURFACE_STYLE_USAGE ( .BOTH. , #2576 ) ;
#2643 = SURFACE_STYLE_USAGE ( .BOTH. , #1942 ) ;
#2644 = ORIENTED_EDGE ( 'NONE', *, *, #267, .F. ) ;
#2645 = DIRECTION ( 'NONE',  ( 0.0000000000000000000, 0.0000000000000000000, 1.000000000000000000 ) ) ;
#2646 = AXIS2_PLACEMENT_3D ( 'NONE', #3249, #3318, #324 ) ;
#2647 = ORIENTED_EDGE ( 'NONE', *, *, #1217, .F. ) ;
#2648 = CARTESIAN_POINT ( 'NONE',  ( -0.5000000000000000000, 0.2085786437629999490, 0.0000000000000000000 ) ) ;
#2649 = PRESENTATION_LAYER_ASSIGNMENT (  '', '', ( #2924 ) ) ;
#2650 = STYLED_ITEM ( 'NONE', ( #3506 ), #863 ) ;
#2651 =( GEOMETRIC_REPRESENTATION_CONTEXT ( 3 ) GLOBAL_UNCERTAINTY_ASSIGNED_CONTEXT ( ( #550 ) ) GLOBAL_UNIT_ASSIGNED_CONTEXT ( ( #2816, #3530, #3461 ) ) REPRESENTATION_CONTEXT ( 'NONE', 'WORKASPACE' ) );
#2652 = PRESENTATION_LAYER_ASSIGNMENT (  '', '', ( #2856 ) ) ;
#2653 = EDGE_LOOP ( 'NONE', ( #1351, #1872, #1591, #4198, #4034, #3903, #2211, #1491 ) ) ;
#2654 = CARTESIAN_POINT ( 'NONE',  ( -0.2999999999999999889, 0.2999999999999999889, 0.0000000000000000000 ) ) ;
#2655 = ORIENTED_EDGE ( 'NONE', *, *, #189, .F. ) ;
#2656 = LINE ( 'NONE', #2778, #2592 ) ;
#2657 = ADVANCED_FACE ( 'NONE', ( #2874 ), #2323, .T. ) ;
#2658 = ADVANCED_FACE ( 'NONE', ( #2916 ), #4255, .F. ) ;
#2659 = DIRECTION ( 'NONE',  ( -0.0000000000000000000, 1.000000000000000000, 1.224646799146999945E-16 ) ) ;
#2660 = FILL_AREA_STYLE ('',( #3310 ) ) ;
#2661 = ORIENTED_EDGE ( 'NONE', *, *, #2737, .T. ) ;
#2662 =( NAMED_UNIT ( * ) SI_UNIT ( $, .STERADIAN. ) SOLID_ANGLE_UNIT ( ) );
#2663 = COLOUR_RGB ( '',0.7803921568627451011, 0.5686274509803921351, 0.1137254901960784298 ) ;
#2664 = FILL_AREA_STYLE ('',( #1331 ) ) ;
#2665 = CARTESIAN_POINT ( 'NONE',  ( -0.05000000000000000278, -0.2999999999999999889, 0.0000000000000000000 ) ) ;
#2666 =( NAMED_UNIT ( * ) SI_UNIT ( $, .STERADIAN. ) SOLID_ANGLE_UNIT ( ) );
#2667 = ORIENTED_EDGE ( 'NONE', *, *, #1529, .F. ) ;
#2668 = FILL_AREA_STYLE_COLOUR ( '', #1973 ) ;
#2669 =( NAMED_UNIT ( * ) SI_UNIT ( $, .STERADIAN. ) SOLID_ANGLE_UNIT ( ) );
#2670 = UNCERTAINTY_MEASURE_WITH_UNIT (LENGTH_MEASURE( 1.000000000000000082E-05 ), #4298, 'distance_accuracy_value', 'NONE');
#2671 = VECTOR ( 'NONE', #2567, 1000.000000000000000 ) ;
#2672 = CARTESIAN_POINT ( 'NONE',  ( -0.4999999999999514277, -0.2085786437627077106, 0.08000000000000000167 ) ) ;
#2673 = DIRECTION ( 'NONE',  ( 0.0000000000000000000, 1.224646799146999945E-16, -1.000000000000000000 ) ) ;
#2674 = VERTEX_POINT ( 'NONE', #4234 ) ;
#2675 = VERTEX_POINT ( 'NONE', #2573 ) ;
#2676 = DIRECTION ( 'NONE',  ( 0.0000000000000000000, 1.224646799146999945E-16, -1.000000000000000000 ) ) ;
#2677 = EDGE_CURVE ( 'NONE', #73, #858, #2412, .T. ) ;
#2678 = EDGE_CURVE ( 'NONE', #2620, #349, #3674, .T. ) ;
#2679 = COLOUR_RGB ( '',0.7803921568627451011, 0.5686274509803921351, 0.1137254901960784298 ) ;
#2680 =( GEOMETRIC_REPRESENTATION_CONTEXT ( 3 ) GLOBAL_UNCERTAINTY_ASSIGNED_CONTEXT ( ( #3905 ) ) GLOBAL_UNIT_ASSIGNED_CONTEXT ( ( #1889, #3852, #871 ) ) REPRESENTATION_CONTEXT ( 'NONE', 'WORKASPACE' ) );
#2681 = CARTESIAN_POINT ( 'NONE',  ( -0.4749999999999319766, 0.1645950378226359589, 0.07999999999999998779 ) ) ;
#2682 = FILL_AREA_STYLE_COLOUR ( '', #3735 ) ;
#2683 = ORIENTED_EDGE ( 'NONE', *, *, #4229, .F. ) ;
#2684 = DIRECTION ( 'NONE',  ( -1.000000000000000000, -0.0000000000000000000, 0.0000000000000000000 ) ) ;
#2685 = FILL_AREA_STYLE ('',( #3016 ) ) ;
#2686 = ORIENTED_EDGE ( 'NONE', *, *, #2735, .F. ) ;
#2687 =( NAMED_UNIT ( * ) PLANE_ANGLE_UNIT ( ) SI_UNIT ( $, .RADIAN. ) );
#2688 = ADVANCED_BREP_SHAPE_REPRESENTATION ( '', ( #1721, #2977 ), #610 ) ;
#2689 =( GEOMETRIC_REPRESENTATION_CONTEXT ( 3 ) GLOBAL_UNCERTAINTY_ASSIGNED_CONTEXT ( ( #3779 ) ) GLOBAL_UNIT_ASSIGNED_CONTEXT ( ( #1235, #2229, #3187 ) ) REPRESENTATION_CONTEXT ( 'NONE', 'WORKASPACE' ) );
#2690 =( NAMED_UNIT ( * ) SI_UNIT ( $, .STERADIAN. ) SOLID_ANGLE_UNIT ( ) );
#2691 = DIRECTION ( 'NONE',  ( 0.0000000000000000000, -1.224646799146999945E-16, -1.000000000000000000 ) ) ;
#2692 = PRESENTATION_LAYER_ASSIGNMENT (  '', '', ( #2292 ) ) ;
#2693 = DIRECTION ( 'NONE',  ( 0.0000000000000000000, 0.0000000000000000000, 1.000000000000000000 ) ) ;
#2694 = EDGE_LOOP ( 'NONE', ( #3668, #1467, #1171, #1769 ) ) ;
#2695 = DIRECTION ( 'NONE',  ( -0.0000000000000000000, 0.0000000000000000000, 1.000000000000000000 ) ) ;
#2696 = CONTEXT_DEPENDENT_SHAPE_REPRESENTATION ( #3572, #988 ) ;
#2697 = CARTESIAN_POINT ( 'NONE',  ( -0.1000000000000000056, -0.1499999999999999944, 0.0000000000000000000 ) ) ;
#2698 = ORIENTED_EDGE ( 'NONE', *, *, #2221, .F. ) ;
#2699 = PRESENTATION_STYLE_ASSIGNMENT (( #56 ) ) ;
#2700 = DIRECTION ( 'NONE',  ( 0.0000000000000000000, -1.224646799146999945E-16, -1.000000000000000000 ) ) ;
#2701 = PLANE ( 'NONE',  #1073 ) ;
#2702 = ORIENTED_EDGE ( 'NONE', *, *, #3468, .F. ) ;
#2703 = FACE_OUTER_BOUND ( 'NONE', #2338, .T. ) ;
#2704 = PRESENTATION_LAYER_ASSIGNMENT (  '', '', ( #2989 ) ) ;
#2705 = ORIENTED_EDGE ( 'NONE', *, *, #2735, .T. ) ;
#2706 = PRESENTATION_STYLE_ASSIGNMENT (( #459 ) ) ;
#2707 = EDGE_CURVE ( 'NONE', #1503, #1097, #1366, .T. ) ;
#2708 = EDGE_CURVE ( 'NONE', #2439, #3012, #3025, .T. ) ;
#2709 = PRESENTATION_LAYER_ASSIGNMENT (  '', '', ( #2167 ) ) ;
#2710 = DIRECTION ( 'NONE',  ( 9.274621392321998436E-15, -1.000000000000000000, 0.0000000000000000000 ) ) ;
#2711 = VECTOR ( 'NONE', #1489, 1000.000000000000000 ) ;
#2712 = STYLED_ITEM ( 'NONE', ( #2054 ), #805 ) ;
#2713 =( LENGTH_UNIT ( ) NAMED_UNIT ( * ) SI_UNIT ( .MILLI., .METRE. ) );
#2714 = EDGE_LOOP ( 'NONE', ( #3956, #4081, #3063, #271 ) ) ;
#2715 = CARTESIAN_POINT ( 'NONE',  ( 0.5500000000000000444, -0.3499999999999999778, 0.0000000000000000000 ) ) ;
#2716 = MECHANICAL_DESIGN_GEOMETRIC_PRESENTATION_REPRESENTATION (  '', ( #3911 ), #2524 ) ;
#2717 = APPLICATION_PROTOCOL_DEFINITION ( 'draft international standard', 'automotive_design', 1998, #2975 ) ;
#2718 = FACE_OUTER_BOUND ( 'NONE', #205, .T. ) ;
#2719 = EDGE_LOOP ( 'NONE', ( #3098, #1894, #2317, #3772 ) ) ;
#2720 = SURFACE_SIDE_STYLE ('',( #4072 ) ) ;
#2721 = CIRCLE ( 'NONE', #3777, 0.2000000000000000111 ) ;
#2722 = VECTOR ( 'NONE', #2254, 1000.000000000000000 ) ;
#2723 = FILL_AREA_STYLE_COLOUR ( '', #226 ) ;
#2724 = MECHANICAL_DESIGN_GEOMETRIC_PRESENTATION_REPRESENTATION (  '', ( #577 ), #3712 ) ;
#2725 =( NAMED_UNIT ( * ) SI_UNIT ( $, .STERADIAN. ) SOLID_ANGLE_UNIT ( ) );
#2726 = LINE ( 'NONE', #361, #3513 ) ;
#2727 =( NAMED_UNIT ( * ) SI_UNIT ( $, .STERADIAN. ) SOLID_ANGLE_UNIT ( ) );
#2728 = EDGE_LOOP ( 'NONE', ( #2661, #880, #1826, #4057 ) ) ;
#2729 = DIRECTION ( 'NONE',  ( 1.000000000000000000, 0.0000000000000000000, 0.0000000000000000000 ) ) ;
#2730 =( NAMED_UNIT ( * ) SI_UNIT ( $, .STERADIAN. ) SOLID_ANGLE_UNIT ( ) );
#2731 = VERTEX_POINT ( 'NONE', #3733 ) ;
#2732 = SURFACE_SIDE_STYLE ('',( #1398 ) ) ;
#2733 = COLOUR_RGB ( '',0.0000000000000000000, 0.3333333333333333148, 0.0000000000000000000 ) ;
#2734 = LINE ( 'NONE', #786, #3766 ) ;
#2735 = EDGE_CURVE ( 'NONE', #1097, #3608, #1347, .T. ) ;
#2736 = CARTESIAN_POINT ( 'NONE',  ( 0.3875192319069999947, 0.2999999999999999889, 0.0000000000000000000 ) ) ;
#2737 = EDGE_CURVE ( 'NONE', #3304, #310, #2064, .T. ) ;
#2738 = FACE_OUTER_BOUND ( 'NONE', #2468, .T. ) ;
#2739 = CIRCLE ( 'NONE', #3724, 0.2000000000000000111 ) ;
#2740 = DIRECTION ( 'NONE',  ( 0.0000000000000000000, 0.0000000000000000000, -1.000000000000000000 ) ) ;
#2741 = ORIENTED_EDGE ( 'NONE', *, *, #294, .F. ) ;
#2742 = DIRECTION ( 'NONE',  ( 9.274621392321998436E-15, 1.000000000000000000, 0.0000000000000000000 ) ) ;
#2743 = FILL_AREA_STYLE_COLOUR ( '', #3311 ) ;
#2744 = SURFACE_SIDE_STYLE ('',( #1698 ) ) ;
#2745 = CARTESIAN_POINT ( 'NONE',  ( -0.3275140453870559187, 0.2600000000001834732, 0.07999999999999998779 ) ) ;
#2746 =( LENGTH_UNIT ( ) NAMED_UNIT ( * ) SI_UNIT ( .MILLI., .METRE. ) );
#2747 = APPLICATION_CONTEXT ( 'automotive_design' ) ;
#2748 = DIRECTION ( 'NONE',  ( 0.0000000000000000000, 1.224646799146999945E-16, -1.000000000000000000 ) ) ;
#2749 = PRESENTATION_LAYER_ASSIGNMENT (  '', '', ( #467 ) ) ;
#2750 = DIRECTION ( 'NONE',  ( 1.000000000000000000, 0.0000000000000000000, 0.0000000000000000000 ) ) ;
#2751 = SURFACE_SIDE_STYLE ('',( #3699 ) ) ;
#2752 = ORIENTED_EDGE ( 'NONE', *, *, #1321, .F. ) ;
#2753 = CIRCLE ( 'NONE', #1094, 0.2000000000000000389 ) ;
#2754 = SURFACE_STYLE_FILL_AREA ( #1026 ) ;
#2755 = MECHANICAL_DESIGN_GEOMETRIC_PRESENTATION_REPRESENTATION (  '', ( #3948 ), #1228 ) ;
#2756 = VERTEX_POINT ( 'NONE', #2025 ) ;
#2757 = FILL_AREA_STYLE_COLOUR ( '', #3425 ) ;
#2758 = CARTESIAN_POINT ( 'NONE',  ( -0.05000000000000000278, -0.1499999999999999944, 0.0000000000000000000 ) ) ;
#2759 = MECHANICAL_DESIGN_GEOMETRIC_PRESENTATION_REPRESENTATION (  '', ( #3327 ), #760 ) ;
#2760 = EDGE_CURVE ( 'NONE', #2531, #349, #3050, .T. ) ;
#2761 = EDGE_CURVE ( 'NONE', #349, #2182, #1328, .T. ) ;
#2762 = DIRECTION ( 'NONE',  ( 0.0000000000000000000, 0.0000000000000000000, 1.000000000000000000 ) ) ;
#2763 = ORIENTED_EDGE ( 'NONE', *, *, #2110, .T. ) ;
#2764 = VECTOR ( 'NONE', #2976, 1000.000000000000000 ) ;
#2765 = ADVANCED_FACE ( 'NONE', ( #2718 ), #4069, .F. ) ;
#2766 = MECHANICAL_DESIGN_GEOMETRIC_PRESENTATION_REPRESENTATION (  '', ( #3683 ), #2431 ) ;
#2767 = DIRECTION ( 'NONE',  ( 0.0000000000000000000, 1.000000000000000000, -1.129377263005733621E-16 ) ) ;
#2768 = ORIENTED_EDGE ( 'NONE', *, *, #165, .T. ) ;
#2769 =( NAMED_UNIT ( * ) PLANE_ANGLE_UNIT ( ) SI_UNIT ( $, .RADIAN. ) );
#2770 =( NAMED_UNIT ( * ) PLANE_ANGLE_UNIT ( ) SI_UNIT ( $, .RADIAN. ) );
#2771 = DIRECTION ( 'NONE',  ( -0.0000000000000000000, -0.0000000000000000000, 1.000000000000000000 ) ) ;
#2772 = SURFACE_SIDE_STYLE ('',( #3400 ) ) ;
#2773 = ORIENTED_EDGE ( 'NONE', *, *, #3753, .T. ) ;
#2774 = DIRECTION ( 'NONE',  ( 0.0000000000000000000, -1.000000000000000000, 0.0000000000000000000 ) ) ;
#2775 = VECTOR ( 'NONE', #3022, 1000.000000000000000 ) ;
#2776 = EDGE_LOOP ( 'NONE', ( #1655, #952, #2006, #772 ) ) ;
#2777 = PRESENTATION_STYLE_ASSIGNMENT (( #127 ) ) ;
#2778 = CARTESIAN_POINT ( 'NONE',  ( -0.4949999999999999956, -0.2999999999999999889, 0.02000000000000000042 ) ) ;
#2779 = PRESENTATION_LAYER_ASSIGNMENT (  '', '', ( #2238 ) ) ;
#2780 = DIRECTION ( 'NONE',  ( -1.000000000000000000, 0.0000000000000000000, 0.0000000000000000000 ) ) ;
#2781 = EDGE_LOOP ( 'NONE', ( #2410, #1526, #3090, #2918 ) ) ;
#2782 = COLOUR_RGB ( '',0.7803921568627451011, 0.5686274509803921351, 0.1137254901960784298 ) ;
#2783 = CARTESIAN_POINT ( 'NONE',  ( -0.2937867965644035406, -0.2937867965644035406, 0.1399999999999999856 ) ) ;
#2784 = LINE ( 'NONE', #1859, #2826 ) ;
#2785 = FILL_AREA_STYLE_COLOUR ( '', #2510 ) ;
#2786 = EDGE_CURVE ( 'NONE', #2608, #1106, #1815, .T. ) ;
#2787 = PRESENTATION_LAYER_ASSIGNMENT (  '', '', ( #1327 ) ) ;
#2788 = LINE ( 'NONE', #474, #452 ) ;
#2789 = AXIS2_PLACEMENT_3D ( 'NONE', #2257, #475, #2892 ) ;
#2790 = DIRECTION ( 'NONE',  ( -0.0000000000000000000, 1.000000000000000000, 0.0000000000000000000 ) ) ;
#2791 = ORIENTED_EDGE ( 'NONE', *, *, #2920, .T. ) ;
#2792 = FILL_AREA_STYLE ('',( #1462 ) ) ;
#2793 = DIRECTION ( 'NONE',  ( 0.0000000000000000000, 0.0000000000000000000, -1.000000000000000000 ) ) ;
#2794 = ORIENTED_EDGE ( 'NONE', *, *, #2221, .T. ) ;
#2795 = PRESENTATION_LAYER_ASSIGNMENT (  '', '', ( #1608 ) ) ;
#2796 = ORIENTED_EDGE ( 'NONE', *, *, #3964, .T. ) ;
#2797 = DIRECTION ( 'NONE',  ( -0.0000000000000000000, -0.0000000000000000000, -1.000000000000000000 ) ) ;
#2798 = CARTESIAN_POINT ( 'NONE',  ( 0.2000000000000000111, 0.2999999999999999889, 0.0000000000000000000 ) ) ;
#2799 = MECHANICAL_DESIGN_GEOMETRIC_PRESENTATION_REPRESENTATION (  '', ( #1476 ), #3448 ) ;
#2800 = FACE_OUTER_BOUND ( 'NONE', #2866, .T. ) ;
#2801 = CARTESIAN_POINT ( 'NONE',  ( -0.4949999999999999956, 0.1891429205790000068, 0.02000000000000000042 ) ) ;
#2802 = ORIENTED_EDGE ( 'NONE', *, *, #3992, .T. ) ;
#2803 = SURFACE_SIDE_STYLE ('',( #4203 ) ) ;
#2804 =( GEOMETRIC_REPRESENTATION_CONTEXT ( 3 ) GLOBAL_UNCERTAINTY_ASSIGNED_CONTEXT ( ( #1444 ) ) GLOBAL_UNIT_ASSIGNED_CONTEXT ( ( #1015, #3693, #4046 ) ) REPRESENTATION_CONTEXT ( 'NONE', 'WORKASPACE' ) );
#2805 = DIRECTION ( 'NONE',  ( 0.0000000000000000000, -1.224646799146999945E-16, -1.000000000000000000 ) ) ;
#2806 = PRODUCT_DEFINITION_CONTEXT ( 'detailed design', #1192, 'design' ) ;
#2807 = AXIS2_PLACEMENT_3D ( 'NONE', #220, #242, #3276 ) ;
#2808 = DIRECTION ( 'NONE',  ( -0.0000000000000000000, -1.000000000000000000, -1.224646799146999945E-16 ) ) ;
#2809 = UNCERTAINTY_MEASURE_WITH_UNIT (LENGTH_MEASURE( 1.000000000000000082E-05 ), #3077, 'distance_accuracy_value', 'NONE');
#2810 =( NAMED_UNIT ( * ) SI_UNIT ( $, .STERADIAN. ) SOLID_ANGLE_UNIT ( ) );
#2811 =( NAMED_UNIT ( * ) PLANE_ANGLE_UNIT ( ) SI_UNIT ( $, .RADIAN. ) );
#2812 = FILL_AREA_STYLE_COLOUR ( '', #2943 ) ;
#2813 = EDGE_CURVE ( 'NONE', #3761, #3074, #3475, .T. ) ;
#2814 = FILL_AREA_STYLE ('',( #2219 ) ) ;
#2815 = EDGE_CURVE ( 'NONE', #4148, #2080, #2194, .T. ) ;
#2816 =( LENGTH_UNIT ( ) NAMED_UNIT ( * ) SI_UNIT ( .MILLI., .METRE. ) );
#2817 = ORIENTED_EDGE ( 'NONE', *, *, #2946, .T. ) ;
#2818 = SURFACE_STYLE_FILL_AREA ( #2482 ) ;
#2819 = ORIENTED_EDGE ( 'NONE', *, *, #2160, .F. ) ;
#2820 = SURFACE_SIDE_STYLE ('',( #503 ) ) ;
#2821 =( GEOMETRIC_REPRESENTATION_CONTEXT ( 3 ) GLOBAL_UNCERTAINTY_ASSIGNED_CONTEXT ( ( #1803 ) ) GLOBAL_UNIT_ASSIGNED_CONTEXT ( ( #1855, #768, #1835 ) ) REPRESENTATION_CONTEXT ( 'NONE', 'WORKASPACE' ) );
#2822 = DIRECTION ( 'NONE',  ( 0.0000000000000000000, 1.000000000000000000, 1.224646799146999945E-16 ) ) ;
#2823 =( GEOMETRIC_REPRESENTATION_CONTEXT ( 3 ) GLOBAL_UNCERTAINTY_ASSIGNED_CONTEXT ( ( #1499 ) ) GLOBAL_UNIT_ASSIGNED_CONTEXT ( ( #1939, #1566, #3655 ) ) REPRESENTATION_CONTEXT ( 'NONE', 'WORKASPACE' ) );
#2824 = ORIENTED_EDGE ( 'NONE', *, *, #3656, .F. ) ;
#2825 = DIRECTION ( 'NONE',  ( -0.0000000000000000000, -0.0000000000000000000, -1.000000000000000000 ) ) ;
#2826 = VECTOR ( 'NONE', #202, 1000.000000000000000 ) ;
#2827 = SURFACE_STYLE_USAGE ( .BOTH. , #180 ) ;
#2828 = FILL_AREA_STYLE ('',( #1517 ) ) ;
#2829 = CARTESIAN_POINT ( 'NONE',  ( 0.3875192319069999947, -0.2999999999999999889, 0.0000000000000000000 ) ) ;
#2830 = CIRCLE ( 'NONE', #481, 0.2000000000000000389 ) ;
#2831 = DIRECTION ( 'NONE',  ( -1.000000000000000000, -0.0000000000000000000, -0.0000000000000000000 ) ) ;
#2832 = VERTEX_POINT ( 'NONE', #1454 ) ;
#2833 = SURFACE_SIDE_STYLE ('',( #3198 ) ) ;
#2834 = ORIENTED_EDGE ( 'NONE', *, *, #317, .T. ) ;
#2835 = DIRECTION ( 'NONE',  ( 0.0000000000000000000, 1.224646799146999945E-16, -1.000000000000000000 ) ) ;
#2836 = VERTEX_POINT ( 'NONE', #2124 ) ;
#2837 = FACE_OUTER_BOUND ( 'NONE', #126, .T. ) ;
#2838 = PLANE ( 'NONE',  #780 ) ;
#2839 = EDGE_CURVE ( 'NONE', #3442, #2731, #2587, .T. ) ;
#2840 = EDGE_CURVE ( 'NONE', #2143, #2265, #201, .T. ) ;
#2841 = FACE_OUTER_BOUND ( 'NONE', #491, .T. ) ;
#2842 = ORIENTED_EDGE ( 'NONE', *, *, #4017, .T. ) ;
#2843 = SURFACE_SIDE_STYLE ('',( #1179 ) ) ;
#2844 = DIRECTION ( 'NONE',  ( 1.135813540141000073E-30, -1.053424055708070232E-44, -1.000000000000000000 ) ) ;
#2845 = CARTESIAN_POINT ( 'NONE',  ( 0.5000000000000000000, -0.2085786437628452672, 0.0000000000000000000 ) ) ;
#2846 =( NAMED_UNIT ( * ) SI_UNIT ( $, .STERADIAN. ) SOLID_ANGLE_UNIT ( ) );
#2847 = CARTESIAN_POINT ( 'NONE',  ( 0.3152661081140000210, -0.2999999999999999889, 0.0000000000000000000 ) ) ;
#2848 = CIRCLE ( 'NONE', #3080, 0.1700000000000000122 ) ;
#2849 = FACE_OUTER_BOUND ( 'NONE', #1507, .T. ) ;
#2850 = CARTESIAN_POINT ( 'NONE',  ( -0.5000000000000000000, 0.2999999999999999889, 0.08000000000000000167 ) ) ;
#2851 = AXIS2_PLACEMENT_3D ( 'NONE', #1920, #3245, #3938 ) ;
#2852 =( GEOMETRIC_REPRESENTATION_CONTEXT ( 3 ) GLOBAL_UNCERTAINTY_ASSIGNED_CONTEXT ( ( #31 ) ) GLOBAL_UNIT_ASSIGNED_CONTEXT ( ( #1085, #2419, #2093 ) ) REPRESENTATION_CONTEXT ( 'NONE', 'WORKASPACE' ) );
#2853 = VERTEX_POINT ( 'NONE', #2473 ) ;
#2854 = CIRCLE ( 'NONE', #3768, 0.2000000000000000389 ) ;
#2855 = FILL_AREA_STYLE_COLOUR ( '', #3120 ) ;
#2856 = STYLED_ITEM ( 'NONE', ( #508 ), #1095 ) ;
#2857 =( LENGTH_UNIT ( ) NAMED_UNIT ( * ) SI_UNIT ( .MILLI., .METRE. ) );
#2858 = ORIENTED_EDGE ( 'NONE', *, *, #1757, .T. ) ;
#2859 = MECHANICAL_DESIGN_GEOMETRIC_PRESENTATION_REPRESENTATION (  '', ( #924 ), #651 ) ;
#2860 = STYLED_ITEM ( 'NONE', ( #1576 ), #1223 ) ;
#2861 = FILL_AREA_STYLE_COLOUR ( '', #2782 ) ;
#2862 = SURFACE_STYLE_USAGE ( .BOTH. , #1470 ) ;
#2863 = AXIS2_PLACEMENT_3D ( 'NONE', #3261, #4230, #3592 ) ;
#2864 =( LENGTH_UNIT ( ) NAMED_UNIT ( * ) SI_UNIT ( .MILLI., .METRE. ) );
#2865 = EDGE_CURVE ( 'NONE', #638, #866, #2166, .T. ) ;
#2866 = EDGE_LOOP ( 'NONE', ( #436, #284, #172, #662 ) ) ;
#2867 = FILL_AREA_STYLE ('',( #2191 ) ) ;
#2868 = MECHANICAL_DESIGN_GEOMETRIC_PRESENTATION_REPRESENTATION (  '', ( #2398 ), #305 ) ;
#2869 = PLANE ( 'NONE',  #1624 ) ;
#2870 = AXIS2_PLACEMENT_3D ( 'NONE', #828, #2835, #2181 ) ;
#2871 = ORIENTED_EDGE ( 'NONE', *, *, #490, .T. ) ;
#2872 = VECTOR ( 'NONE', #2844, 1000.000000000000000 ) ;
#2873 =( NAMED_UNIT ( * ) PLANE_ANGLE_UNIT ( ) SI_UNIT ( $, .RADIAN. ) );
#2874 = FACE_OUTER_BOUND ( 'NONE', #1580, .T. ) ;
#2875 = CARTESIAN_POINT ( 'NONE',  ( 0.2999999999999999889, 0.2999999999999999889, 0.0000000000000000000 ) ) ;
#2876 = AXIS2_PLACEMENT_3D ( 'NONE', #3845, #3821, #4139 ) ;
#2877 = ORIENTED_EDGE ( 'NONE', *, *, #4092, .T. ) ;
#2878 = DIRECTION ( 'NONE',  ( 0.0000000000000000000, -1.000000000000000000, -0.0000000000000000000 ) ) ;
#2879 = DIRECTION ( 'NONE',  ( 0.0000000000000000000, 1.000000000000000000, -0.0000000000000000000 ) ) ;
#2880 = CARTESIAN_POINT ( 'NONE',  ( -0.4949999999999999956, -0.1891429205787729384, 0.02000000000000001082 ) ) ;
#2881 = DIRECTION ( 'NONE',  ( 0.0000000000000000000, 0.0000000000000000000, -1.000000000000000000 ) ) ;
#2882 = SURFACE_STYLE_FILL_AREA ( #234 ) ;
#2883 = DIRECTION ( 'NONE',  ( -1.000000000000000000, 0.0000000000000000000, 0.0000000000000000000 ) ) ;
#2884 = VECTOR ( 'NONE', #547, 1000.000000000000000 ) ;
#2885 = UNCERTAINTY_MEASURE_WITH_UNIT (LENGTH_MEASURE( 1.000000000000000082E-05 ), #113, 'distance_accuracy_value', 'NONE');
#2886 = DIRECTION ( 'NONE',  ( -0.0000000000000000000, -0.0000000000000000000, 1.000000000000000000 ) ) ;
#2887 = CIRCLE ( 'NONE', #1941, 0.1700000000000000122 ) ;
#2888 = SURFACE_STYLE_USAGE ( .BOTH. , #3885 ) ;
#2889 = LINE ( 'NONE', #309, #545 ) ;
#2890 = VERTEX_POINT ( 'NONE', #816 ) ;
#2891 = SURFACE_SIDE_STYLE ('',( #2197 ) ) ;
#2892 = DIRECTION ( 'NONE',  ( 0.0000000000000000000, 1.000000000000000000, -1.355252715606880543E-16 ) ) ;
#2893 = STYLED_ITEM ( 'NONE', ( #778 ), #2897 ) ;
#2894 = AXIS2_PLACEMENT_3D ( 'NONE', #1541, #3124, #1817 ) ;
#2895 = DIRECTION ( 'NONE',  ( 0.0000000000000000000, 0.0000000000000000000, 1.000000000000000000 ) ) ;
#2896 = EDGE_CURVE ( 'NONE', #1087, #745, #882, .T. ) ;
#2897 = ADVANCED_BREP_SHAPE_REPRESENTATION ( '', ( #1974, #2977 ), #3325 ) ;
#2898 = DIRECTION ( 'NONE',  ( 0.0000000000000000000, 0.0000000000000000000, 1.000000000000000000 ) ) ;
#2899 =( LENGTH_UNIT ( ) NAMED_UNIT ( * ) SI_UNIT ( .MILLI., .METRE. ) );
#2900 = PLANE ( 'NONE',  #2551 ) ;
#2901 = UNCERTAINTY_MEASURE_WITH_UNIT (LENGTH_MEASURE( 1.000000000000000082E-05 ), #1371, 'distance_accuracy_value', 'NONE');
#2902 =( NAMED_UNIT ( * ) PLANE_ANGLE_UNIT ( ) SI_UNIT ( $, .RADIAN. ) );
#2903 = CARTESIAN_POINT ( 'NONE',  ( -0.5000000000000000000, 0.2999999999999999889, 0.0000000000000000000 ) ) ;
#2904 =( LENGTH_UNIT ( ) NAMED_UNIT ( * ) SI_UNIT ( .MILLI., .METRE. ) );
#2905 = AXIS2_PLACEMENT_3D ( 'NONE', #3953, #599, #4233 ) ;
#2906 = ORIENTED_EDGE ( 'NONE', *, *, #1350, .T. ) ;
#2907 = LINE ( 'NONE', #1253, #709 ) ;
#2908 = DIRECTION ( 'NONE',  ( -0.0000000000000000000, -0.0000000000000000000, -1.000000000000000000 ) ) ;
#2909 = ORIENTED_EDGE ( 'NONE', *, *, #4036, .F. ) ;
#2910 = DIRECTION ( 'NONE',  ( 0.0000000000000000000, 0.0000000000000000000, -1.000000000000000000 ) ) ;
#2911 = ORIENTED_EDGE ( 'NONE', *, *, #3783, .T. ) ;
#2912 = VECTOR ( 'NONE', #1739, 1000.000000000000000 ) ;
#2913 = FACE_OUTER_BOUND ( 'NONE', #2101, .T. ) ;
#2914 = SURFACE_SIDE_STYLE ('',( #1583 ) ) ;
#2915 = DIRECTION ( 'NONE',  ( 0.0000000000000000000, -1.224646799146999945E-16, -1.000000000000000000 ) ) ;
#2916 = FACE_OUTER_BOUND ( 'NONE', #1616, .T. ) ;
#2917 = CARTESIAN_POINT ( 'NONE',  ( 0.1000000000000000194, 0.2999999999999999889, 0.0000000000000000000 ) ) ;
#2918 = ORIENTED_EDGE ( 'NONE', *, *, #4262, .F. ) ;
#2919 = EDGE_CURVE ( 'NONE', #638, #3789, #3925, .T. ) ;
#2920 = EDGE_CURVE ( 'NONE', #2674, #1289, #3871, .T. ) ;
#2921 = SURFACE_STYLE_FILL_AREA ( #2222 ) ;
#2922 = DIRECTION ( 'NONE',  ( 0.0000000000000000000, 1.000000000000000000, 1.224646799146999699E-16 ) ) ;
#2923 = CYLINDRICAL_SURFACE ( 'NONE', #1008, 0.2000000000000000111 ) ;
#2924 = STYLED_ITEM ( 'NONE', ( #1445 ), #1452 ) ;
#2925 = VERTEX_POINT ( 'NONE', #3123 ) ;
#2926 =( NAMED_UNIT ( * ) SI_UNIT ( $, .STERADIAN. ) SOLID_ANGLE_UNIT ( ) );
#2927 = SURFACE_SIDE_STYLE ('',( #4285 ) ) ;
#2928 = VECTOR ( 'NONE', #1103, 1000.000000000000000 ) ;
#2929 = LINE ( 'NONE', #1005, #1233 ) ;
#2930 = PRESENTATION_LAYER_ASSIGNMENT (  '', '', ( #3980 ) ) ;
#2931 = VECTOR ( 'NONE', #1737, 1000.000000000000000 ) ;
#2932 = FILL_AREA_STYLE ('',( #659 ) ) ;
#2933 = UNCERTAINTY_MEASURE_WITH_UNIT (LENGTH_MEASURE( 1.000000000000000082E-05 ), #3876, 'distance_accuracy_value', 'NONE');
#2934 = CIRCLE ( 'NONE', #229, 0.2000000000000000111 ) ;
#2935 = CARTESIAN_POINT ( 'NONE',  ( -0.1000000000000000056, 0.1499999999999999944, -0.01000000000000000021 ) ) ;
#2936 = EDGE_LOOP ( 'NONE', ( #4131, #2053, #1760, #3071 ) ) ;
#2937 = DIRECTION ( 'NONE',  ( -0.0000000000000000000, -0.0000000000000000000, -1.000000000000000000 ) ) ;
#2938 = DIRECTION ( 'NONE',  ( 0.0000000000000000000, 0.0000000000000000000, -1.000000000000000000 ) ) ;
#2939 = SURFACE_STYLE_USAGE ( .BOTH. , #1264 ) ;
#2940 = DIRECTION ( 'NONE',  ( -1.000000000000000000, 0.0000000000000000000, 0.0000000000000000000 ) ) ;
#2941 = ORIENTED_EDGE ( 'NONE', *, *, #1641, .F. ) ;
#2942 = UNCERTAINTY_MEASURE_WITH_UNIT (LENGTH_MEASURE( 1.000000000000000082E-05 ), #2864, 'distance_accuracy_value', 'NONE');
#2943 = COLOUR_RGB ( '',0.7803921568627451011, 0.5686274509803921351, 0.1137254901960784298 ) ;
#2944 = SURFACE_STYLE_FILL_AREA ( #1613 ) ;
#2945 = EDGE_CURVE ( 'NONE', #108, #3078, #1496, .T. ) ;
#2946 = EDGE_CURVE ( 'NONE', #802, #3865, #1768, .T. ) ;
#2947 = CARTESIAN_POINT ( 'NONE',  ( 0.3713942890050412338, 0.2600000000000000089, 0.02000000000000000042 ) ) ;
#2948 = PRESENTATION_LAYER_ASSIGNMENT (  '', '', ( #593 ) ) ;
#2949 = VERTEX_POINT ( 'NONE', #2449 ) ;
#2950 = DIRECTION ( 'NONE',  ( 0.0000000000000000000, 1.000000000000000000, 1.224646799146999945E-16 ) ) ;
#2951 = DIRECTION ( 'NONE',  ( 0.0000000000000000000, 0.0000000000000000000, 1.000000000000000000 ) ) ;
#2952 = EDGE_CURVE ( 'NONE', #81, #3824, #2333, .T. ) ;
#2953 = EDGE_CURVE ( 'NONE', #1934, #3012, #3453, .T. ) ;
#2954 = EDGE_LOOP ( 'NONE', ( #115, #3698, #2604, #4095, #985, #1003, #1801, #2941, #747, #1353, #2418, #1284 ) ) ;
#2955 = FILL_AREA_STYLE_COLOUR ( '', #3974 ) ;
#2956 = CARTESIAN_POINT ( 'NONE',  ( 0.5000000000000000000, 0.2999999999999999889, 0.0000000000000000000 ) ) ;
#2957 =( GEOMETRIC_REPRESENTATION_CONTEXT ( 3 ) GLOBAL_UNCERTAINTY_ASSIGNED_CONTEXT ( ( #2088 ) ) GLOBAL_UNIT_ASSIGNED_CONTEXT ( ( #1554, #3441, #762 ) ) REPRESENTATION_CONTEXT ( 'NONE', 'WORKASPACE' ) );
#2958 = FILL_AREA_STYLE ('',( #2232 ) ) ;
#2959 = VERTEX_POINT ( 'NONE', #4093 ) ;
#2960 = CARTESIAN_POINT ( 'NONE',  ( -0.5000000000000000000, -0.2999999999999999889, 0.08000000000000000167 ) ) ;
#2961 = ORIENTED_EDGE ( 'NONE', *, *, #1557, .F. ) ;
#2962 = DIRECTION ( 'NONE',  ( -0.0000000000000000000, 1.224646799146999945E-16, 1.000000000000000000 ) ) ;
#2963 = DIRECTION ( 'NONE',  ( -1.000000000000000000, 0.0000000000000000000, -0.0000000000000000000 ) ) ;
#2964 = COLOUR_RGB ( '',0.7803921568627451011, 0.5686274509803921351, 0.1137254901960784298 ) ;
#2965 =( NAMED_UNIT ( * ) SI_UNIT ( $, .STERADIAN. ) SOLID_ANGLE_UNIT ( ) );
#2966 = SURFACE_STYLE_FILL_AREA ( #2660 ) ;
#2967 = VECTOR ( 'NONE', #1502, 1000.000000000000000 ) ;
#2968 = DIRECTION ( 'NONE',  ( 0.0000000000000000000, 1.000000000000000000, -1.185846126156020475E-16 ) ) ;
#2969 = CARTESIAN_POINT ( 'NONE',  ( -0.4749999999999319766, -0.1645950378226359312, 0.06000000000000001860 ) ) ;
#2970 = ORIENTED_EDGE ( 'NONE', *, *, #4063, .T. ) ;
#2971 = DIRECTION ( 'NONE',  ( -1.000000000000000000, -9.566489757225037615E-16, 0.0000000000000000000 ) ) ;
#2972 = CIRCLE ( 'NONE', #409, 0.2000000000000000389 ) ;
#2973 = SURFACE_STYLE_FILL_AREA ( #3161 ) ;
#2974 = LINE ( 'NONE', #3246, #2598 ) ;
#2975 = APPLICATION_CONTEXT ( 'automotive_design' ) ;
#2976 = DIRECTION ( 'NONE',  ( 0.0000000000000000000, 0.0000000000000000000, -1.000000000000000000 ) ) ;
#2977 = AXIS2_PLACEMENT_3D ( 'NONE', #578, #3934, #274 ) ;
#2978 = FILL_AREA_STYLE_COLOUR ( '', #433 ) ;
#2979 = UNCERTAINTY_MEASURE_WITH_UNIT (LENGTH_MEASURE( 1.000000000000000082E-05 ), #1996, 'distance_accuracy_value', 'NONE');
#2980 = ADVANCED_FACE ( 'NONE', ( #838 ), #3499, .T. ) ;
#2981 = PLANE ( 'NONE',  #2185 ) ;
#2982 = EDGE_CURVE ( 'NONE', #264, #2853, #2297, .T. ) ;
#2983 = LINE ( 'NONE', #1379, #175 ) ;
#2984 = ORIENTED_EDGE ( 'NONE', *, *, #1300, .F. ) ;
#2985 = LINE ( 'NONE', #1012, #1887 ) ;
#2986 = UNCERTAINTY_MEASURE_WITH_UNIT (LENGTH_MEASURE( 1.000000000000000082E-05 ), #1387, 'distance_accuracy_value', 'NONE');
#2987 = CARTESIAN_POINT ( 'NONE',  ( -0.3875192319072565672, -0.3000000000000789813, 0.02000000000000000042 ) ) ;
#2988 = PLANE ( 'NONE',  #3644 ) ;
#2989 = STYLED_ITEM ( 'NONE', ( #1092 ), #292 ) ;
#2990 =( NAMED_UNIT ( * ) SI_UNIT ( $, .STERADIAN. ) SOLID_ANGLE_UNIT ( ) );
#2991 = DIRECTION ( 'NONE',  ( 1.000000000000000000, 0.0000000000000000000, 0.0000000000000000000 ) ) ;
#2992 = DIRECTION ( 'NONE',  ( 0.0000000000000000000, 0.0000000000000000000, -1.000000000000000000 ) ) ;
#2993 = ORIENTED_EDGE ( 'NONE', *, *, #1175, .F. ) ;
#2994 = PLANE ( 'NONE',  #4183 ) ;
#2995 = SURFACE_STYLE_FILL_AREA ( #1394 ) ;
#2996 = DIRECTION ( 'NONE',  ( 0.0000000000000000000, -1.224646799146999945E-16, -1.000000000000000000 ) ) ;
#2997 =( NAMED_UNIT ( * ) PLANE_ANGLE_UNIT ( ) SI_UNIT ( $, .RADIAN. ) );
#2998 = MECHANICAL_DESIGN_GEOMETRIC_PRESENTATION_REPRESENTATION (  '', ( #1667 ), #3494 ) ;
#2999 = DIRECTION ( 'NONE',  ( 0.0000000000000000000, 1.000000000000000000, -1.129377263005733621E-16 ) ) ;
#3000 = AXIS2_PLACEMENT_3D ( 'NONE', #3916, #1252, #2971 ) ;
#3001 = FILL_AREA_STYLE_COLOUR ( '', #3437 ) ;
#3002 = VECTOR ( 'NONE', #75, 1000.000000000000000 ) ;
#3003 = EDGE_CURVE ( 'NONE', #244, #1114, #4271, .T. ) ;
#3004 = COLOUR_RGB ( '',0.7803921568627451011, 0.5686274509803921351, 0.1137254901960784298 ) ;
#3005 = EDGE_CURVE ( 'NONE', #1091, #3314, #2593, .T. ) ;
#3006 = DIRECTION ( 'NONE',  ( 0.0000000000000000000, 1.000000000000000000, -0.0000000000000000000 ) ) ;
#3007 = ORIENTED_EDGE ( 'NONE', *, *, #4231, .F. ) ;
#3008 =( LENGTH_UNIT ( ) NAMED_UNIT ( * ) SI_UNIT ( .MILLI., .METRE. ) );
#3009 = CIRCLE ( 'NONE', #926, 0.005000000000000013115 ) ;
#3010 = FILL_AREA_STYLE ('',( #1670 ) ) ;
#3011 = LINE ( 'NONE', #4009, #4007 ) ;
#3012 = VERTEX_POINT ( 'NONE', #634 ) ;
#3013 = CARTESIAN_POINT ( 'NONE',  ( -0.3713942890050412338, -0.2600000000000000089, 0.02000000000000000042 ) ) ;
#3014 = COLOUR_RGB ( '',0.7803921568627451011, 0.5686274509803921351, 0.1137254901960784298 ) ;
#3015 = ORIENTED_EDGE ( 'NONE', *, *, #1047, .T. ) ;
#3016 = FILL_AREA_STYLE_COLOUR ( '', #3568 ) ;
#3017 = ORIENTED_EDGE ( 'NONE', *, *, #560, .T. ) ;
#3018 =( GEOMETRIC_REPRESENTATION_CONTEXT ( 3 ) GLOBAL_UNCERTAINTY_ASSIGNED_CONTEXT ( ( #2933 ) ) GLOBAL_UNIT_ASSIGNED_CONTEXT ( ( #3876, #556, #1888 ) ) REPRESENTATION_CONTEXT ( 'NONE', 'WORKASPACE' ) );
#3019 =( LENGTH_UNIT ( ) NAMED_UNIT ( * ) SI_UNIT ( .MILLI., .METRE. ) );
#3020 = VECTOR ( 'NONE', #3586, 1000.000000000000000 ) ;
#3021 = VERTEX_POINT ( 'NONE', #1977 ) ;
#3022 = DIRECTION ( 'NONE',  ( 0.0000000000000000000, -1.000000000000000000, -0.0000000000000000000 ) ) ;
#3023 = ORIENTED_EDGE ( 'NONE', *, *, #2982, .F. ) ;
#3024 =( NAMED_UNIT ( * ) PLANE_ANGLE_UNIT ( ) SI_UNIT ( $, .RADIAN. ) );
#3025 = LINE ( 'NONE', #2364, #1845 ) ;
#3026 = PRESENTATION_STYLE_ASSIGNMENT (( #425 ) ) ;
#3027 = ORIENTED_EDGE ( 'NONE', *, *, #3656, .T. ) ;
#3028 = SURFACE_STYLE_FILL_AREA ( #381 ) ;
#3029 = APPLICATION_CONTEXT ( 'automotive_design' ) ;
#3030 = MECHANICAL_DESIGN_GEOMETRIC_PRESENTATION_REPRESENTATION (  '', ( #1222 ), #394 ) ;
#3031 = EDGE_CURVE ( 'NONE', #620, #2756, #2128, .T. ) ;
#3032 = SURFACE_SIDE_STYLE ('',( #3975 ) ) ;
#3033 = EDGE_CURVE ( 'NONE', #947, #318, #4292, .T. ) ;
#3034 = VECTOR ( 'NONE', #2280, 1000.000000000000000 ) ;
#3035 = CARTESIAN_POINT ( 'NONE',  ( -0.4949999999999999956, -0.2999999999999999889, 0.06000000000000000472 ) ) ;
#3036 = VERTEX_POINT ( 'NONE', #4226 ) ;
#3037 =( LENGTH_UNIT ( ) NAMED_UNIT ( * ) SI_UNIT ( .MILLI., .METRE. ) );
#3038 = LINE ( 'NONE', #2372, #3359 ) ;
#3039 =( GEOMETRIC_REPRESENTATION_CONTEXT ( 3 ) GLOBAL_UNCERTAINTY_ASSIGNED_CONTEXT ( ( #3773 ) ) GLOBAL_UNIT_ASSIGNED_CONTEXT ( ( #1912, #268, #2237 ) ) REPRESENTATION_CONTEXT ( 'NONE', 'WORKASPACE' ) );
#3040 = ORIENTED_EDGE ( 'NONE', *, *, #1843, .F. ) ;
#3041 = CARTESIAN_POINT ( 'NONE',  ( -0.5000000000000000000, 0.2999999999999999889, 0.0000000000000000000 ) ) ;
#3042 = COLOUR_RGB ( '',0.7803921568627451011, 0.5686274509803921351, 0.1137254901960784298 ) ;
#3043 =( LENGTH_UNIT ( ) NAMED_UNIT ( * ) SI_UNIT ( .MILLI., .METRE. ) );
#3044 = CARTESIAN_POINT ( 'NONE',  ( -0.3152661081139450094, -0.2999999999999999889, 0.08000000000000001554 ) ) ;
#3045 = AXIS2_PLACEMENT_3D ( 'NONE', #3894, #2285, #2922 ) ;
#3046 = FILL_AREA_STYLE ('',( #2382 ) ) ;
#3047 = ORIENTED_EDGE ( 'NONE', *, *, #1959, .F. ) ;
#3048 = SURFACE_STYLE_FILL_AREA ( #3411 ) ;
#3049 = APPLICATION_PROTOCOL_DEFINITION ( 'draft international standard', 'automotive_design', 1998, #949 ) ;
#3050 = LINE ( 'NONE', #2697, #2123 ) ;
#3051 = ORIENTED_EDGE ( 'NONE', *, *, #3813, .T. ) ;
#3052 = PLANE ( 'NONE',  #629 ) ;
#3053 = DIRECTION ( 'NONE',  ( 0.0000000000000000000, -1.034036596358999946E-18, 1.000000000000000000 ) ) ;
#3054 =( BOUNDED_CURVE ( )  B_SPLINE_CURVE ( 3, ( #2312, #3619, #307, #3584 ),
 .UNSPECIFIED., .F., .T. ) 
 B_SPLINE_CURVE_WITH_KNOTS ( ( 4, 4 ),
 ( 3.141592653589793116, 4.712388980384689674 ),
 .UNSPECIFIED. ) 
 CURVE ( )  GEOMETRIC_REPRESENTATION_ITEM ( )  RATIONAL_B_SPLINE_CURVE ( ( 1.000000000000000000, 0.8047378541243649375, 0.8047378541243649375, 1.000000000000000000 ) ) 
 REPRESENTATION_ITEM ( '' )  );
#3055 = VECTOR ( 'NONE', #1160, 1000.000000000000000 ) ;
#3056 =( NAMED_UNIT ( * ) PLANE_ANGLE_UNIT ( ) SI_UNIT ( $, .RADIAN. ) );
#3057 = EDGE_CURVE ( 'NONE', #1856, #785, #1281, .T. ) ;
#3058 = CARTESIAN_POINT ( 'NONE',  ( 0.4949999999999999956, -0.2999999999999999889, 0.06000000000000000472 ) ) ;
#3059 = EDGE_CURVE ( 'NONE', #1485, #2446, #4208, .T. ) ;
#3060 = ORIENTED_EDGE ( 'NONE', *, *, #2349, .T. ) ;
#3061 = LINE ( 'NONE', #2331, #289 ) ;
#3062 = VECTOR ( 'NONE', #3321, 1000.000000000000000 ) ;
#3063 = ORIENTED_EDGE ( 'NONE', *, *, #2920, .F. ) ;
#3064 = SURFACE_STYLE_USAGE ( .BOTH. , #2098 ) ;
#3065 = UNCERTAINTY_MEASURE_WITH_UNIT (LENGTH_MEASURE( 1.000000000000000082E-05 ), #3397, 'distance_accuracy_value', 'NONE');
#3066 = LINE ( 'NONE', #128, #432 ) ;
#3067 = MECHANICAL_DESIGN_GEOMETRIC_PRESENTATION_REPRESENTATION (  '', ( #2860 ), #1332 ) ;
#3068 = CARTESIAN_POINT ( 'NONE',  ( -0.2999999999999999889, -0.2999999999999999889, 0.1250000000000000000 ) ) ;
#3069 = COLOUR_RGB ( '',0.8274509803921568096, 0.8274509803921568096, 0.8274509803921568096 ) ;
#3070 = CIRCLE ( 'NONE', #150, 0.005000000000000013115 ) ;
#3071 = ORIENTED_EDGE ( 'NONE', *, *, #2761, .F. ) ;
#3072 = FILL_AREA_STYLE ('',( #1785 ) ) ;
#3073 = UNCERTAINTY_MEASURE_WITH_UNIT (LENGTH_MEASURE( 1.000000000000000082E-05 ), #1842, 'distance_accuracy_value', 'NONE');
#3074 = VERTEX_POINT ( 'NONE', #3212 ) ;
#3075 = DIRECTION ( 'NONE',  ( -1.000000000000000000, -0.0000000000000000000, -0.0000000000000000000 ) ) ;
#3076 = UNCERTAINTY_MEASURE_WITH_UNIT (LENGTH_MEASURE( 1.000000000000000082E-05 ), #820, 'distance_accuracy_value', 'NONE');
#3077 =( LENGTH_UNIT ( ) NAMED_UNIT ( * ) SI_UNIT ( .MILLI., .METRE. ) );
#3078 = VERTEX_POINT ( 'NONE', #1240 ) ;
#3079 = DIRECTION ( 'NONE',  ( 1.000000000000000000, 0.0000000000000000000, 0.0000000000000000000 ) ) ;
#3080 = AXIS2_PLACEMENT_3D ( 'NONE', #1713, #1109, #3407 ) ;
#3081 = SURFACE_SIDE_STYLE ('',( #1748 ) ) ;
#3082 = VECTOR ( 'NONE', #1446, 1000.000000000000000 ) ;
#3083 = DIRECTION ( 'NONE',  ( 0.0000000000000000000, -1.224646799146999945E-16, -1.000000000000000000 ) ) ;
#3084 = CARTESIAN_POINT ( 'NONE',  ( 0.5000000000000000000, 0.2999999999999999889, 0.0000000000000000000 ) ) ;
#3085 = ORIENTED_EDGE ( 'NONE', *, *, #3115, .F. ) ;
#3086 = DIRECTION ( 'NONE',  ( -1.000000000000000000, 0.0000000000000000000, 0.0000000000000000000 ) ) ;
#3087 = ORIENTED_EDGE ( 'NONE', *, *, #671, .F. ) ;
#3088 = EDGE_CURVE ( 'NONE', #1114, #866, #1148, .T. ) ;
#3089 = LINE ( 'NONE', #1105, #2147 ) ;
#3090 = ORIENTED_EDGE ( 'NONE', *, *, #2707, .T. ) ;
#3091 = CARTESIAN_POINT ( 'NONE',  ( 0.2000000000000000111, -0.2600000000000000089, -3.184081677782999738E-17 ) ) ;
#3092 = VECTOR ( 'NONE', #3344, 1000.000000000000000 ) ;
#3093 = EDGE_CURVE ( 'NONE', #2265, #612, #1930, .T. ) ;
#3094 = ADVANCED_FACE ( 'NONE', ( #3924 ), #2869, .T. ) ;
#3095 = DIRECTION ( 'NONE',  ( 0.0000000000000000000, -0.0000000000000000000, 1.000000000000000000 ) ) ;
#3096 = STYLED_ITEM ( 'NONE', ( #939 ), #2980 ) ;
#3097 = FACE_OUTER_BOUND ( 'NONE', #1604, .T. ) ;
#3098 = ORIENTED_EDGE ( 'NONE', *, *, #8, .T. ) ;
#3099 = DIRECTION ( 'NONE',  ( 0.0000000000000000000, 1.000000000000000000, 1.224646799146999945E-16 ) ) ;
#3100 = FACE_OUTER_BOUND ( 'NONE', #1334, .T. ) ;
#3101 = ORIENTED_EDGE ( 'NONE', *, *, #4015, .F. ) ;
#3102 = SURFACE_SIDE_STYLE ('',( #3028 ) ) ;
#3103 = FILL_AREA_STYLE_COLOUR ( '', #130 ) ;
#3104 = CARTESIAN_POINT ( 'NONE',  ( -0.5000000000000000000, -0.1563508326898145895, 2.143131898505168298E-17 ) ) ;
#3105 = DIRECTION ( 'NONE',  ( 0.0000000000000000000, 0.0000000000000000000, 1.000000000000000000 ) ) ;
#3106 = STYLED_ITEM ( 'NONE', ( #713 ), #3416 ) ;
#3107 = ORIENTED_EDGE ( 'NONE', *, *, #1372, .T. ) ;
#3108 = VECTOR ( 'NONE', #3412, 1000.000000000000000 ) ;
#3109 = SURFACE_SIDE_STYLE ('',( #2754 ) ) ;
#3110 = ORIENTED_EDGE ( 'NONE', *, *, #3057, .T. ) ;
#3111 =( GEOMETRIC_REPRESENTATION_CONTEXT ( 3 ) GLOBAL_UNCERTAINTY_ASSIGNED_CONTEXT ( ( #514 ) ) GLOBAL_UNIT_ASSIGNED_CONTEXT ( ( #3797, #3872, #2196 ) ) REPRESENTATION_CONTEXT ( 'NONE', 'WORKASPACE' ) );
#3112 =( NAMED_UNIT ( * ) SI_UNIT ( $, .STERADIAN. ) SOLID_ANGLE_UNIT ( ) );
#3113 = DIRECTION ( 'NONE',  ( 0.0000000000000000000, 1.000000000000000000, 1.185846126156020475E-16 ) ) ;
#3114 = LINE ( 'NONE', #835, #3396 ) ;
#3115 = EDGE_CURVE ( 'NONE', #620, #2288, #3408, .T. ) ;
#3116 = EDGE_CURVE ( 'NONE', #3078, #386, #390, .T. ) ;
#3117 = ORIENTED_EDGE ( 'NONE', *, *, #1141, .T. ) ;
#3118 = FILL_AREA_STYLE ('',( #3558 ) ) ;
#3119 = EDGE_LOOP ( 'NONE', ( #2389, #1704, #2511, #3365, #4021, #9, #3826, #3516, #3449, #961, #605, #3966 ) ) ;
#3120 = COLOUR_RGB ( '',0.7803921568627451011, 0.5686274509803921351, 0.1137254901960784298 ) ;
#3121 = UNCERTAINTY_MEASURE_WITH_UNIT (LENGTH_MEASURE( 1.000000000000000082E-05 ), #734, 'distance_accuracy_value', 'NONE');
#3122 = AXIS2_PLACEMENT_3D ( 'NONE', #3752, #99, #3435 ) ;
#3123 = CARTESIAN_POINT ( 'NONE',  ( -0.4949999999999611933, -0.1577111547697170046, 0.06000000000000001860 ) ) ;
#3124 = DIRECTION ( 'NONE',  ( 0.0000000000000000000, -1.000000000000000000, -1.224646799146999945E-16 ) ) ;
#3125 = ORIENTED_EDGE ( 'NONE', *, *, #3255, .T. ) ;
#3126 = FACE_OUTER_BOUND ( 'NONE', #2781, .T. ) ;
#3127 = UNCERTAINTY_MEASURE_WITH_UNIT (LENGTH_MEASURE( 1.000000000000000082E-05 ), #2456, 'distance_accuracy_value', 'NONE');
#3128 = FILL_AREA_STYLE ('',( #516 ) ) ;
#3129 = DIRECTION ( 'NONE',  ( 0.0000000000000000000, 0.0000000000000000000, -1.000000000000000000 ) ) ;
#3130 = LINE ( 'NONE', #141, #1711 ) ;
#3131 = ORIENTED_EDGE ( 'NONE', *, *, #1120, .F. ) ;
#3132 = PLANE ( 'NONE',  #88 ) ;
#3133 = SURFACE_STYLE_FILL_AREA ( #2685 ) ;
#3134 = ORIENTED_EDGE ( 'NONE', *, *, #3142, .T. ) ;
#3135 = PRESENTATION_STYLE_ASSIGNMENT (( #846 ) ) ;
#3136 = PLANE ( 'NONE',  #2870 ) ;
#3137 = ORIENTED_EDGE ( 'NONE', *, *, #1372, .F. ) ;
#3138 =( NAMED_UNIT ( * ) SI_UNIT ( $, .STERADIAN. ) SOLID_ANGLE_UNIT ( ) );
#3139 = SHAPE_DEFINITION_REPRESENTATION ( #2348, #3651 ) ;
#3140 = DIRECTION ( 'NONE',  ( -0.0000000000000000000, -0.0000000000000000000, 1.000000000000000000 ) ) ;
#3141 = ORIENTED_EDGE ( 'NONE', *, *, #933, .F. ) ;
#3142 = EDGE_CURVE ( 'NONE', #3290, #3608, #2983, .T. ) ;
#3143 = EDGE_CURVE ( 'NONE', #2439, #169, #2739, .T. ) ;
#3144 = DIRECTION ( 'NONE',  ( 0.0000000000000000000, -1.224646799146999945E-16, -1.000000000000000000 ) ) ;
#3145 = DIRECTION ( 'NONE',  ( -1.000000000000000000, 0.0000000000000000000, 0.0000000000000000000 ) ) ;
#3146 = ORIENTED_EDGE ( 'NONE', *, *, #35, .T. ) ;
#3147 = MECHANICAL_DESIGN_GEOMETRIC_PRESENTATION_REPRESENTATION (  '', ( #2585 ), #1191 ) ;
#3148 =( NAMED_UNIT ( * ) PLANE_ANGLE_UNIT ( ) SI_UNIT ( $, .RADIAN. ) );
#3149 = COLOUR_RGB ( '',0.7803921568627451011, 0.5686274509803921351, 0.1137254901960784298 ) ;
#3150 = FILL_AREA_STYLE ('',( #2812 ) ) ;
#3151 = CIRCLE ( 'NONE', #3503, 0.1700000000000000122 ) ;
#3152 = PRESENTATION_LAYER_ASSIGNMENT (  '', '', ( #2860 ) ) ;
#3153 = DIRECTION ( 'NONE',  ( -1.000000000000000000, -0.0000000000000000000, -0.0000000000000000000 ) ) ;
#3154 = PRESENTATION_STYLE_ASSIGNMENT (( #2541 ) ) ;
#3155 = ORIENTED_EDGE ( 'NONE', *, *, #8, .F. ) ;
#3156 =( GEOMETRIC_REPRESENTATION_CONTEXT ( 3 ) GLOBAL_UNCERTAINTY_ASSIGNED_CONTEXT ( ( #1537 ) ) GLOBAL_UNIT_ASSIGNED_CONTEXT ( ( #879, #3833, #3138 ) ) REPRESENTATION_CONTEXT ( 'NONE', 'WORKASPACE' ) );
#3157 = FILL_AREA_STYLE_COLOUR ( '', #658 ) ;
#3158 = COLOUR_RGB ( '',0.7803921568627451011, 0.5686274509803921351, 0.1137254901960784298 ) ;
#3159 = ORIENTED_EDGE ( 'NONE', *, *, #3579, .T. ) ;
#3160 =( NAMED_UNIT ( * ) PLANE_ANGLE_UNIT ( ) SI_UNIT ( $, .RADIAN. ) );
#3161 = FILL_AREA_STYLE ('',( #1832 ) ) ;
#3162 = FILL_AREA_STYLE_COLOUR ( '', #3510 ) ;
#3163 = PRESENTATION_LAYER_ASSIGNMENT (  '', '', ( #2601 ) ) ;
#3164 = FILL_AREA_STYLE ('',( #853 ) ) ;
#3165 = FILL_AREA_STYLE_COLOUR ( '', #2679 ) ;
#3166 = ORIENTED_EDGE ( 'NONE', *, *, #592, .F. ) ;
#3167 = ADVANCED_BREP_SHAPE_REPRESENTATION ( '', ( #3329, #2977 ), #764 ) ;
#3168 = COLOUR_RGB ( '',0.7803921568627451011, 0.5686274509803921351, 0.1137254901960784298 ) ;
#3169 = PRODUCT_DEFINITION_CONTEXT ( 'detailed design', #1873, 'design' ) ;
#3170 = PRESENTATION_LAYER_ASSIGNMENT (  '', '', ( #1921 ) ) ;
#3171 = CARTESIAN_POINT ( 'NONE',  ( 0.4949999999999999956, -0.2999999999999999889, 0.06000000000000000472 ) ) ;
#3172 = CARTESIAN_POINT ( 'NONE',  ( 0.4949999999999999956, -0.2999999999999999889, 0.02000000000000000042 ) ) ;
#3173 = EDGE_LOOP ( 'NONE', ( #3017, #892, #2233, #3710, #2768, #1210, #1316, #1818 ) ) ;
#3174 = CARTESIAN_POINT ( 'NONE',  ( 0.4085786437628452505, 0.2999999999999999889, 0.0000000000000000000 ) ) ;
#3175 = EDGE_CURVE ( 'NONE', #2731, #797, #3386, .T. ) ;
#3176 = DIRECTION ( 'NONE',  ( 0.0000000000000000000, 0.0000000000000000000, 1.000000000000000000 ) ) ;
#3177 = UNCERTAINTY_MEASURE_WITH_UNIT (LENGTH_MEASURE( 1.000000000000000082E-05 ), #1296, 'distance_accuracy_value', 'NONE');
#3178 = CARTESIAN_POINT ( 'NONE',  ( 0.2999999999999999889, -0.2950000000000000400, 0.0000000000000000000 ) ) ;
#3179 = ADVANCED_FACE ( 'NONE', ( #2738 ), #1359, .T. ) ;
#3180 = PLANE ( 'NONE',  #1059 ) ;
#3181 = ORIENTED_EDGE ( 'NONE', *, *, #1298, .F. ) ;
#3182 = CARTESIAN_POINT ( 'NONE',  ( 0.5500000000000000444, -0.3499999999999999778, 0.0000000000000000000 ) ) ;
#3183 =( NAMED_UNIT ( * ) SI_UNIT ( $, .STERADIAN. ) SOLID_ANGLE_UNIT ( ) );
#3184 = ORIENTED_EDGE ( 'NONE', *, *, #1046, .T. ) ;
#3185 = DIRECTION ( 'NONE',  ( -1.000000000000000000, 0.0000000000000000000, 0.0000000000000000000 ) ) ;
#3186 = FACE_OUTER_BOUND ( 'NONE', #872, .T. ) ;
#3187 =( NAMED_UNIT ( * ) SI_UNIT ( $, .STERADIAN. ) SOLID_ANGLE_UNIT ( ) );
#3188 = PLANE ( 'NONE',  #815 ) ;
#3189 = COLOUR_RGB ( '',0.7803921568627451011, 0.5686274509803921351, 0.1137254901960784298 ) ;
#3190 = ORIENTED_EDGE ( 'NONE', *, *, #2351, .T. ) ;
#3191 = DIRECTION ( 'NONE',  ( 0.0000000000000000000, 1.000000000000000000, -1.129377263005733621E-16 ) ) ;
#3192 = PRESENTATION_LAYER_ASSIGNMENT (  '', '', ( #55 ) ) ;
#3193 = CARTESIAN_POINT ( 'NONE',  ( -0.2999999999999999889, -0.2999999999999999889, 0.1337867965644035650 ) ) ;
#3194 = ORIENTED_EDGE ( 'NONE', *, *, #457, .T. ) ;
#3195 = FILL_AREA_STYLE_COLOUR ( '', #1050 ) ;
#3196 = CARTESIAN_POINT ( 'NONE',  ( -0.4750000000000015321, 0.1645950378228042132, -3.150985829630565726E-17 ) ) ;
#3197 = CARTESIAN_POINT ( 'NONE',  ( -0.3275140453871118185, -0.2600000000000452505, 0.05999999999999999084 ) ) ;
#3198 = SURFACE_STYLE_FILL_AREA ( #476 ) ;
#3199 = ORIENTED_EDGE ( 'NONE', *, *, #2953, .F. ) ;
#3200 = DIRECTION ( 'NONE',  ( -1.626303258728256257E-15, 1.000000000000000000, 1.224646799146999945E-16 ) ) ;
#3201 = EDGE_CURVE ( 'NONE', #875, #3564, #527, .T. ) ;
#3202 = ADVANCED_FACE ( 'NONE', ( #3729 ), #1051, .T. ) ;
#3203 =( NAMED_UNIT ( * ) SI_UNIT ( $, .STERADIAN. ) SOLID_ANGLE_UNIT ( ) );
#3204 = ORIENTED_EDGE ( 'NONE', *, *, #1813, .F. ) ;
#3205 = DIRECTION ( 'NONE',  ( 1.000000000000000000, 0.0000000000000000000, -0.0000000000000000000 ) ) ;
#3206 = STYLED_ITEM ( 'NONE', ( #2554 ), #131 ) ;
#3207 = DIRECTION ( 'NONE',  ( 0.0000000000000000000, 0.0000000000000000000, 1.000000000000000000 ) ) ;
#3208 = ORIENTED_EDGE ( 'NONE', *, *, #1453, .F. ) ;
#3209 = UNCERTAINTY_MEASURE_WITH_UNIT (LENGTH_MEASURE( 1.000000000000000082E-05 ), #1098, 'distance_accuracy_value', 'NONE');
#3210 = CARTESIAN_POINT ( 'NONE',  ( 0.5500000000000000444, -0.3499999999999999778, 0.02000000000000000042 ) ) ;
#3211 = STYLED_ITEM ( 'NONE', ( #330 ), #211 ) ;
#3212 = CARTESIAN_POINT ( 'NONE',  ( 0.5000000000000000000, 0.1563508326898145895, 0.07999999999999998779 ) ) ;
#3213 = VECTOR ( 'NONE', #1214, 1000.000000000000000 ) ;
#3214 = PRESENTATION_STYLE_ASSIGNMENT (( #3775 ) ) ;
#3215 = VERTEX_POINT ( 'NONE', #1782 ) ;
#3216 = CARTESIAN_POINT ( 'NONE',  ( -0.4949999999999999956, 0.2999999999999999889, 0.02000000000000000042 ) ) ;
#3217 = DIRECTION ( 'NONE',  ( -1.000000000000000000, 0.0000000000000000000, 0.0000000000000000000 ) ) ;
#3218 = UNCERTAINTY_MEASURE_WITH_UNIT (LENGTH_MEASURE( 1.000000000000000082E-05 ), #1735, 'distance_accuracy_value', 'NONE');
#3219 = DIRECTION ( 'NONE',  ( 1.000000000000000000, 0.0000000000000000000, 0.0000000000000000000 ) ) ;
#3220 = CARTESIAN_POINT ( 'NONE',  ( -0.2849999999999999756, -0.2849999999999999756, 0.1400000000000000133 ) ) ;
#3221 = AXIS2_PLACEMENT_3D ( 'NONE', #3291, #319, #565 ) ;
#3222 = SURFACE_STYLE_USAGE ( .BOTH. , #3547 ) ;
#3223 = CARTESIAN_POINT ( 'NONE',  ( 0.2999999999999999889, -0.2849999999999999756, 0.1250000000000000000 ) ) ;
#3224 = MECHANICAL_DESIGN_GEOMETRIC_PRESENTATION_REPRESENTATION (  '', ( #2856 ), #1968 ) ;
#3225 = ORIENTED_EDGE ( 'NONE', *, *, #2220, .F. ) ;
#3226 = VECTOR ( 'NONE', #4119, 1000.000000000000000 ) ;
#3227 = PRESENTATION_LAYER_ASSIGNMENT (  '', '', ( #2589 ) ) ;
#3228 = FACE_OUTER_BOUND ( 'NONE', #2719, .T. ) ;
#3229 = EDGE_CURVE ( 'NONE', #1570, #791, #4062, .T. ) ;
#3230 = PLANE ( 'NONE',  #1612 ) ;
#3231 = VECTOR ( 'NONE', #808, 1000.000000000000000 ) ;
#3232 =( LENGTH_UNIT ( ) NAMED_UNIT ( * ) SI_UNIT ( .MILLI., .METRE. ) );
#3233 = LINE ( 'NONE', #3603, #979 ) ;
#3234 = EDGE_CURVE ( 'NONE', #2432, #1637, #3114, .T. ) ;
#3235 = CARTESIAN_POINT ( 'NONE',  ( -0.05000000000000000278, -0.2999999999999999889, -0.01000000000000000021 ) ) ;
#3236 = STYLED_ITEM ( 'NONE', ( #2244 ), #2429 ) ;
#3237 = DIRECTION ( 'NONE',  ( 0.0000000000000000000, -1.224646799146999945E-16, -1.000000000000000000 ) ) ;
#3238 = ORIENTED_EDGE ( 'NONE', *, *, #1951, .T. ) ;
#3239 = DIRECTION ( 'NONE',  ( 1.000000000000000000, 0.0000000000000000000, 0.0000000000000000000 ) ) ;
#3240 = STYLED_ITEM ( 'NONE', ( #1960 ), #2657 ) ;
#3241 = SURFACE_STYLE_FILL_AREA ( #1609 ) ;
#3242 = VECTOR ( 'NONE', #3983, 1000.000000000000000 ) ;
#3243 =( NAMED_UNIT ( * ) PLANE_ANGLE_UNIT ( ) SI_UNIT ( $, .RADIAN. ) );
#3244 = EDGE_LOOP ( 'NONE', ( #1038, #2399, #1626, #3507 ) ) ;
#3245 = DIRECTION ( 'NONE',  ( -0.0000000000000000000, 1.224646799146999945E-16, 1.000000000000000000 ) ) ;
#3246 = CARTESIAN_POINT ( 'NONE',  ( -0.05000000000000000971, -0.2999999999999999889, 0.0000000000000000000 ) ) ;
#3247 = PRESENTATION_STYLE_ASSIGNMENT (( #692 ) ) ;
#3248 = VERTEX_POINT ( 'NONE', #1447 ) ;
#3249 = CARTESIAN_POINT ( 'NONE',  ( -0.2000000000000000111, 0.2999999999999999889, 0.0000000000000000000 ) ) ;
#3250 = VECTOR ( 'NONE', #2159, 1000.000000000000000 ) ;
#3251 = UNCERTAINTY_MEASURE_WITH_UNIT (LENGTH_MEASURE( 1.000000000000000082E-05 ), #2435, 'distance_accuracy_value', 'NONE');
#3252 = PRODUCT ( 'Cut005_(Mirror_#1)', 'Cut005_(Mirror_#1)', '', ( #3673 ) ) ;
#3253 = VECTOR ( 'NONE', #2476, 1000.000000000000000 ) ;
#3254 = EDGE_CURVE ( 'NONE', #2132, #2608, #744, .T. ) ;
#3255 = EDGE_CURVE ( 'NONE', #3248, #2539, #3815, .T. ) ;
#3256 = CARTESIAN_POINT ( 'NONE',  ( -0.4949999999999999956, -0.2999999999999999889, 0.05999999999999999778 ) ) ;
#3257 = ORIENTED_EDGE ( 'NONE', *, *, #2059, .F. ) ;
#3258 = LINE ( 'NONE', #2960, #3760 ) ;
#3259 = UNCERTAINTY_MEASURE_WITH_UNIT (LENGTH_MEASURE( 1.000000000000000082E-05 ), #3346, 'distance_accuracy_value', 'NONE');
#3260 =( GEOMETRIC_REPRESENTATION_CONTEXT ( 3 ) GLOBAL_UNCERTAINTY_ASSIGNED_CONTEXT ( ( #1923 ) ) GLOBAL_UNIT_ASSIGNED_CONTEXT ( ( #1310, #1100, #2990 ) ) REPRESENTATION_CONTEXT ( 'NONE', 'WORKASPACE' ) );
#3261 = CARTESIAN_POINT ( 'NONE',  ( -0.5500000000000000444, 0.3499999999999999778, 0.05999999999999999084 ) ) ;
#3262 = DIRECTION ( 'NONE',  ( 0.0000000000000000000, 0.0000000000000000000, 1.000000000000000000 ) ) ;
#3263 = DIRECTION ( 'NONE',  ( 0.0000000000000000000, 0.0000000000000000000, 1.000000000000000000 ) ) ;
#3264 = ORIENTED_EDGE ( 'NONE', *, *, #2631, .F. ) ;
#3265 = DIRECTION ( 'NONE',  ( 1.000000000000000000, 0.0000000000000000000, 0.0000000000000000000 ) ) ;
#3266 = MECHANICAL_DESIGN_GEOMETRIC_PRESENTATION_REPRESENTATION (  '', ( #2629 ), #1365 ) ;
#3268 =( NAMED_UNIT ( * ) SI_UNIT ( $, .STERADIAN. ) SOLID_ANGLE_UNIT ( ) );
#3267 =( REPRESENTATION_RELATIONSHIP ('NONE','NONE', #1405, #3651 ) REPRESENTATION_RELATIONSHIP_WITH_TRANSFORMATION ( #3394 )SHAPE_REPRESENTATION_RELATIONSHIP( ) );
#3269 =( NAMED_UNIT ( * ) SI_UNIT ( $, .STERADIAN. ) SOLID_ANGLE_UNIT ( ) );
#3270 = ORIENTED_EDGE ( 'NONE', *, *, #2896, .T. ) ;
#3271 = CARTESIAN_POINT ( 'NONE',  ( -0.05000000000000000278, 0.2999999999999999889, -0.01000000000000000021 ) ) ;
#3272 = DIRECTION ( 'NONE',  ( 0.0000000000000000000, 1.000000000000000000, -1.224646799146999945E-16 ) ) ;
#3273 =( NAMED_UNIT ( * ) PLANE_ANGLE_UNIT ( ) SI_UNIT ( $, .RADIAN. ) );
#3274 = ORIENTED_EDGE ( 'NONE', *, *, #2556, .T. ) ;
#3275 = CARTESIAN_POINT ( 'NONE',  ( -0.2999999999999999889, 0.2999999999999999889, 0.1250000000000000000 ) ) ;
#3276 = DIRECTION ( 'NONE',  ( 1.084202172485504434E-15, 1.000000000000000000, -1.224646799146999945E-16 ) ) ;
#3277 = DIRECTION ( 'NONE',  ( 0.0000000000000000000, 0.0000000000000000000, -1.000000000000000000 ) ) ;
#3278 = ORIENTED_EDGE ( 'NONE', *, *, #2430, .T. ) ;
#3279 =( NAMED_UNIT ( * ) SI_UNIT ( $, .STERADIAN. ) SOLID_ANGLE_UNIT ( ) );
#3280 = SURFACE_STYLE_USAGE ( .BOTH. , #1957 ) ;
#3281 = ADVANCED_FACE ( 'NONE', ( #855 ), #3188, .T. ) ;
#3282 = CARTESIAN_POINT ( 'NONE',  ( -0.2950000000000000400, 0.2950000000000000400, 0.0000000000000000000 ) ) ;
#3283 = EDGE_CURVE ( 'NONE', #806, #1106, #3940, .T. ) ;
#3284 = PLANE ( 'NONE',  #749 ) ;
#3285 = DIRECTION ( 'NONE',  ( 0.0000000000000000000, 0.0000000000000000000, -1.000000000000000000 ) ) ;
#3286 = LINE ( 'NONE', #2903, #1796 ) ;
#3287 = SURFACE_STYLE_USAGE ( .BOTH. , #1963 ) ;
#3288 = AXIS2_PLACEMENT_3D ( 'NONE', #2798, #3185, #877 ) ;
#3289 = PRESENTATION_LAYER_ASSIGNMENT (  '', '', ( #2712 ) ) ;
#3290 = VERTEX_POINT ( 'NONE', #529 ) ;
#3291 = CARTESIAN_POINT ( 'NONE',  ( -0.5500000000000000444, -0.3499999999999999778, 4.286263797010336595E-17 ) ) ;
#3292 = FACE_OUTER_BOUND ( 'NONE', #1410, .T. ) ;
#3293 = AXIS2_PLACEMENT_3D ( 'NONE', #4143, #1165, #3825 ) ;
#3294 = MECHANICAL_DESIGN_GEOMETRIC_PRESENTATION_REPRESENTATION (  '', ( #2586 ), #3850 ) ;
#3295 = DIRECTION ( 'NONE',  ( -0.0000000000000000000, 1.224646799146999945E-16, 1.000000000000000000 ) ) ;
#3296 =( GEOMETRIC_REPRESENTATION_CONTEXT ( 3 ) GLOBAL_UNCERTAINTY_ASSIGNED_CONTEXT ( ( #4245 ) ) GLOBAL_UNIT_ASSIGNED_CONTEXT ( ( #1215, #1157, #4224 ) ) REPRESENTATION_CONTEXT ( 'NONE', 'WORKASPACE' ) );
#3297 = UNCERTAINTY_MEASURE_WITH_UNIT (LENGTH_MEASURE( 1.000000000000000082E-05 ), #1294, 'distance_accuracy_value', 'NONE');
#3298 = SURFACE_STYLE_FILL_AREA ( #960 ) ;
#3299 = CARTESIAN_POINT ( 'NONE',  ( -0.5500000000000000444, -0.3499999999999999778, 0.05999999999999999778 ) ) ;
#3300 = SURFACE_SIDE_STYLE ('',( #4227 ) ) ;
#3301 = EDGE_LOOP ( 'NONE', ( #3322, #1448, #1610, #974, #500, #2352, #3594, #3987 ) ) ;
#3302 = CARTESIAN_POINT ( 'NONE',  ( -0.5500000000000000444, 0.3499999999999999778, 0.01999999999999997960 ) ) ;
#3303 = AXIS2_PLACEMENT_3D ( 'NONE', #1640, #2996, #3272 ) ;
#3304 = VERTEX_POINT ( 'NONE', #1111 ) ;
#3305 = LINE ( 'NONE', #2847, #1004 ) ;
#3306 = VECTOR ( 'NONE', #951, 1000.000000000000000 ) ;
#3307 = DIRECTION ( 'NONE',  ( 1.000000000000000000, 0.0000000000000000000, 0.0000000000000000000 ) ) ;
#3308 = SURFACE_STYLE_FILL_AREA ( #1225 ) ;
#3309 = PRODUCT_DEFINITION ( 'UNKNOWN', '', #2081, #739 ) ;
#3310 = FILL_AREA_STYLE_COLOUR ( '', #888 ) ;
#3311 = COLOUR_RGB ( '',0.8274509803921568096, 0.8274509803921568096, 0.8274509803921568096 ) ;
#3312 = FILL_AREA_STYLE_COLOUR ( '', #376 ) ;
#3313 = EDGE_CURVE ( 'NONE', #4117, #4238, #2443, .T. ) ;
#3314 = VERTEX_POINT ( 'NONE', #1212 ) ;
#3315 = LINE ( 'NONE', #2545, #569 ) ;
#3316 = CARTESIAN_POINT ( 'NONE',  ( -0.4949999999999999956, -0.2999999999999999889, 0.02000000000000000042 ) ) ;
#3317 = SURFACE_STYLE_FILL_AREA ( #23 ) ;
#3318 = DIRECTION ( 'NONE',  ( 1.000000000000000000, 0.0000000000000000000, 0.0000000000000000000 ) ) ;
#3319 = CARTESIAN_POINT ( 'NONE',  ( -0.5500000000000000444, -0.3499999999999999778, 4.286263797015999754E-17 ) ) ;
#3320 = ORIENTED_EDGE ( 'NONE', *, *, #3783, .F. ) ;
#3321 = DIRECTION ( 'NONE',  ( -0.0000000000000000000, 1.000000000000000000, 0.0000000000000000000 ) ) ;
#3322 = ORIENTED_EDGE ( 'NONE', *, *, #3523, .F. ) ;
#3323 = ITEM_DEFINED_TRANSFORMATION ( 'NONE', 'NONE', #4073,  #2977 ) ;
#3324 = DIRECTION ( 'NONE',  ( 0.0000000000000000000, -0.0000000000000000000, -1.000000000000000000 ) ) ;
#3325 =( GEOMETRIC_REPRESENTATION_CONTEXT ( 3 ) GLOBAL_UNCERTAINTY_ASSIGNED_CONTEXT ( ( #3650 ) ) GLOBAL_UNIT_ASSIGNED_CONTEXT ( ( #1652, #76, #2725 ) ) REPRESENTATION_CONTEXT ( 'NONE', 'WORKASPACE' ) );
#3326 = ORIENTED_EDGE ( 'NONE', *, *, #2480, .F. ) ;
#3327 = STYLED_ITEM ( 'NONE', ( #2209 ), #3943 ) ;
#3328 = FILL_AREA_STYLE ('',( #1002 ) ) ;
#3329 = MANIFOLD_SOLID_BREP ( 'Imported1', #1795 ) ;
#3330 = EDGE_LOOP ( 'NONE', ( #404, #793, #3830, #782, #3492, #2461, #1849, #3257, #415, #776, #1373, #4124, #1024, #137 ) ) ;
#3331 = LINE ( 'NONE', #80, #1673 ) ;
#3332 =( GEOMETRIC_REPRESENTATION_CONTEXT ( 3 ) GLOBAL_UNCERTAINTY_ASSIGNED_CONTEXT ( ( #3218 ) ) GLOBAL_UNIT_ASSIGNED_CONTEXT ( ( #1735, #2687, #1418 ) ) REPRESENTATION_CONTEXT ( 'NONE', 'WORKASPACE' ) );
#3333 = LINE ( 'NONE', #737, #2928 ) ;
#3334 = ADVANCED_FACE ( 'NONE', ( #3582 ), #1654, .T. ) ;
#3335 = VECTOR ( 'NONE', #3695, 1000.000000000000000 ) ;
#3336 = PRESENTATION_STYLE_ASSIGNMENT (( #3064 ) ) ;
#3337 = DIRECTION ( 'NONE',  ( 1.000000000000000000, 0.0000000000000000000, 0.0000000000000000000 ) ) ;
#3338 =( NAMED_UNIT ( * ) SI_UNIT ( $, .STERADIAN. ) SOLID_ANGLE_UNIT ( ) );
#3339 =( NAMED_UNIT ( * ) PLANE_ANGLE_UNIT ( ) SI_UNIT ( $, .RADIAN. ) );
#3340 = ORIENTED_EDGE ( 'NONE', *, *, #2017, .T. ) ;
#3341 = FACE_OUTER_BOUND ( 'NONE', #2954, .T. ) ;
#3342 = CARTESIAN_POINT ( 'NONE',  ( -0.05000000000000000278, -0.1499999999999999944, -0.01000000000000000021 ) ) ;
#3343 = SHAPE_REPRESENTATION ( 'Cut005_(Mirror_#1)', ( #2977 ), #610 ) ;
#3344 = DIRECTION ( 'NONE',  ( 1.000000000000000000, 0.0000000000000000000, 0.0000000000000000000 ) ) ;
#3345 = CIRCLE ( 'NONE', #10, 0.2000000000000000389 ) ;
#3346 =( LENGTH_UNIT ( ) NAMED_UNIT ( * ) SI_UNIT ( .MILLI., .METRE. ) );
#3347 = EDGE_LOOP ( 'NONE', ( #2984, #1137, #3596, #1700 ) ) ;
#3348 = CARTESIAN_POINT ( 'NONE',  ( 0.3713942890049999890, 0.2600000000000000089, 3.184081677782999738E-17 ) ) ;
#3349 = MECHANICAL_DESIGN_GEOMETRIC_PRESENTATION_REPRESENTATION (  '', ( #2238 ), #1740 ) ;
#3350 = CARTESIAN_POINT ( 'NONE',  ( 0.4949999999999999956, 0.2999999999999999889, 0.05999999999999999778 ) ) ;
#3351 = VERTEX_POINT ( 'NONE', #2210 ) ;
#3352 = PLANE ( 'NONE',  #1259 ) ;
#3353 = FACE_OUTER_BOUND ( 'NONE', #3406, .T. ) ;
#3354 = ORIENTED_EDGE ( 'NONE', *, *, #4229, .T. ) ;
#3355 =( GEOMETRIC_REPRESENTATION_CONTEXT ( 3 ) GLOBAL_UNCERTAINTY_ASSIGNED_CONTEXT ( ( #2979 ) ) GLOBAL_UNIT_ASSIGNED_CONTEXT ( ( #1996, #3662, #2926 ) ) REPRESENTATION_CONTEXT ( 'NONE', 'WORKASPACE' ) );
#3356 = VECTOR ( 'NONE', #2797, 1000.000000000000000 ) ;
#3357 = PRODUCT_RELATED_PRODUCT_CATEGORY ( 'part', '', ( #3672 ) ) ;
#3358 = DIRECTION ( 'NONE',  ( 1.000000000000000000, 0.0000000000000000000, 0.0000000000000000000 ) ) ;
#3359 = VECTOR ( 'NONE', #765, 1000.000000000000000 ) ;
#3360 = SURFACE_STYLE_USAGE ( .BOTH. , #2441 ) ;
#3361 = CIRCLE ( 'NONE', #509, 0.2000000000000000111 ) ;
#3362 = EDGE_CURVE ( 'NONE', #132, #1419, #21, .T. ) ;
#3363 = EDGE_CURVE ( 'NONE', #1232, #3021, #1333, .T. ) ;
#3364 = CYLINDRICAL_SURFACE ( 'NONE', #1185, 0.005000000000000013115 ) ;
#3365 = ORIENTED_EDGE ( 'NONE', *, *, #1176, .T. ) ;
#3366 = LINE ( 'NONE', #727, #2455 ) ;
#3367 = AXIS2_PLACEMENT_3D ( 'NONE', #2208, #833, #1551 ) ;
#3368 = CARTESIAN_POINT ( 'NONE',  ( -0.1999999999999999833, 0.2600000000000000089, 0.0000000000000000000 ) ) ;
#3369 = CARTESIAN_POINT ( 'NONE',  ( -0.1000000000000000056, 0.2999999999999999889, 0.0000000000000000000 ) ) ;
#3370 = AXIS2_PLACEMENT_3D ( 'NONE', #4169, #171, #1487 ) ;
#3371 = VERTEX_POINT ( 'NONE', #3997 ) ;
#3372 = CARTESIAN_POINT ( 'NONE',  ( 0.3275140453870559187, -0.2600000000001834732, 0.08000000000000001554 ) ) ;
#3373 = DIRECTION ( 'NONE',  ( -0.0000000000000000000, -0.0000000000000000000, 1.000000000000000000 ) ) ;
#3374 = FILL_AREA_STYLE_COLOUR ( '', #3403 ) ;
#3375 = DIRECTION ( 'NONE',  ( 0.0000000000000000000, -1.224646799146999945E-16, -1.000000000000000000 ) ) ;
#3376 = FACE_OUTER_BOUND ( 'NONE', #2714, .T. ) ;
#3377 = VECTOR ( 'NONE', #2536, 1000.000000000000000 ) ;
#3378 = ORIENTED_EDGE ( 'NONE', *, *, #1866, .F. ) ;
#3379 = CYLINDRICAL_SURFACE ( 'NONE', #3979, 0.1700000000000000122 ) ;
#3380 = EDGE_LOOP ( 'NONE', ( #736, #2842, #3477, #1693 ) ) ;
#3381 = PRESENTATION_LAYER_ASSIGNMENT (  '', '', ( #937 ) ) ;
#3382 = CARTESIAN_POINT ( 'NONE',  ( 0.4749999999999319211, -0.1645950378226359589, 0.06000000000000001860 ) ) ;
#3383 = FILL_AREA_STYLE ('',( #2076 ) ) ;
#3384 = UNCERTAINTY_MEASURE_WITH_UNIT (LENGTH_MEASURE( 1.000000000000000082E-05 ), #826, 'distance_accuracy_value', 'NONE');
#3385 = LINE ( 'NONE', #2758, #2392 ) ;
#3386 = LINE ( 'NONE', #3068, #2607 ) ;
#3387 = LINE ( 'NONE', #1764, #2775 ) ;
#3388 = UNCERTAINTY_MEASURE_WITH_UNIT (LENGTH_MEASURE( 1.000000000000000082E-05 ), #3008, 'distance_accuracy_value', 'NONE');
#3389 = ORIENTED_EDGE ( 'NONE', *, *, #1900, .F. ) ;
#3390 = CARTESIAN_POINT ( 'NONE',  ( -0.4085786437628452505, -0.2999999999999999889, 0.0000000000000000000 ) ) ;
#3391 = UNCERTAINTY_MEASURE_WITH_UNIT (LENGTH_MEASURE( 1.000000000000000082E-05 ), #1207, 'distance_accuracy_value', 'NONE');
#3392 = ADVANCED_FACE ( 'NONE', ( #2350 ), #3681, .F. ) ;
#3393 = EDGE_CURVE ( 'NONE', #523, #791, #1437, .T. ) ;
#3394 = ITEM_DEFINED_TRANSFORMATION ( 'NONE', 'NONE', #1568,  #2977 ) ;
#3395 = ORIENTED_EDGE ( 'NONE', *, *, #3031, .F. ) ;
#3396 = VECTOR ( 'NONE', #489, 1000.000000000000000 ) ;
#3397 =( LENGTH_UNIT ( ) NAMED_UNIT ( * ) SI_UNIT ( .MILLI., .METRE. ) );
#3398 = VECTOR ( 'NONE', #4193, 1000.000000000000000 ) ;
#3399 = PRODUCT_DEFINITION_SHAPE ( 'NONE', 'NONE',  #4305 ) ;
#3400 = SURFACE_STYLE_FILL_AREA ( #2369 ) ;
#3401 = LINE ( 'NONE', #2397, #3569 ) ;
#3402 = PRESENTATION_STYLE_ASSIGNMENT (( #1753 ) ) ;
#3403 = COLOUR_RGB ( '',0.7921568627450980005, 0.8196078431372548767, 0.9333333333333333481 ) ;
#3404 = VERTEX_POINT ( 'NONE', #3719 ) ;
#3405 = FILL_AREA_STYLE ('',( #1709 ) ) ;
#3406 = EDGE_LOOP ( 'NONE', ( #3973, #4112, #3340, #3204 ) ) ;
#3407 = DIRECTION ( 'NONE',  ( -1.000000000000000000, 0.0000000000000000000, 0.0000000000000000000 ) ) ;
#3408 = LINE ( 'NONE', #2360, #3242 ) ;
#3409 = CARTESIAN_POINT ( 'NONE',  ( 0.2950000000000000400, -0.3000000000000000444, 0.0000000000000000000 ) ) ;
#3410 = ORIENTED_EDGE ( 'NONE', *, *, #510, .T. ) ;
#3411 = FILL_AREA_STYLE ('',( #3731 ) ) ;
#3412 = DIRECTION ( 'NONE',  ( 0.0000000000000000000, -1.000000000000000000, -0.0000000000000000000 ) ) ;
#3413 = ORIENTED_EDGE ( 'NONE', *, *, #4146, .F. ) ;
#3414 = DIRECTION ( 'NONE',  ( -0.0000000000000000000, 0.0000000000000000000, 1.000000000000000000 ) ) ;
#3415 = PRODUCT_DEFINITION ( 'UNKNOWN', '', #1231, #3169 ) ;
#3416 = ADVANCED_FACE ( 'NONE', ( #4076 ), #451, .T. ) ;
#3417 = CARTESIAN_POINT ( 'NONE',  ( -0.05000000000000000278, 0.2999999999999999889, 0.0000000000000000000 ) ) ;
#3418 = DIRECTION ( 'NONE',  ( 0.0000000000000000000, 1.000000000000000000, -1.355252715606880543E-16 ) ) ;
#3419 = ADVANCED_FACE ( 'NONE', ( #1123 ), #1751, .F. ) ;
#3420 = ADVANCED_FACE ( 'NONE', ( #3376 ), #385, .F. ) ;
#3421 = CARTESIAN_POINT ( 'NONE',  ( -0.5500000000000000444, -0.3499999999999999778, 0.02000000000000000042 ) ) ;
#3422 = ORIENTED_EDGE ( 'NONE', *, *, #2351, .F. ) ;
#3423 = UNCERTAINTY_MEASURE_WITH_UNIT (LENGTH_MEASURE( 1.000000000000000082E-05 ), #1715, 'distance_accuracy_value', 'NONE');
#3424 = PRESENTATION_LAYER_ASSIGNMENT (  '', '', ( #4043 ) ) ;
#3425 = COLOUR_RGB ( '',0.8274509803921568096, 0.8274509803921568096, 0.8274509803921568096 ) ;
#3426 = DIRECTION ( 'NONE',  ( -0.0000000000000000000, 1.224646799146999945E-16, 1.000000000000000000 ) ) ;
#3427 = MECHANICAL_DESIGN_GEOMETRIC_PRESENTATION_REPRESENTATION (  '', ( #217 ), #1460 ) ;
#3428 =( GEOMETRIC_REPRESENTATION_CONTEXT ( 3 ) GLOBAL_UNCERTAINTY_ASSIGNED_CONTEXT ( ( #2041 ) ) GLOBAL_UNIT_ASSIGNED_CONTEXT ( ( #3809, #3160, #544 ) ) REPRESENTATION_CONTEXT ( 'NONE', 'WORKASPACE' ) );
#3429 =( NAMED_UNIT ( * ) PLANE_ANGLE_UNIT ( ) SI_UNIT ( $, .RADIAN. ) );
#3430 = ORIENTED_EDGE ( 'NONE', *, *, #1989, .T. ) ;
#3431 = CARTESIAN_POINT ( 'NONE',  ( -0.2849999999999999756, 0.2849999999999999756, 0.1400000000000000133 ) ) ;
#3432 = VECTOR ( 'NONE', #3265, 1000.000000000000000 ) ;
#3433 = CARTESIAN_POINT ( 'NONE',  ( 0.2849999999999999756, 0.2999999999999999889, 0.1400000000000000133 ) ) ;
#3434 = ORIENTED_EDGE ( 'NONE', *, *, #429, .T. ) ;
#3435 = DIRECTION ( 'NONE',  ( -1.000000000000000000, 0.0000000000000000000, 0.0000000000000000000 ) ) ;
#3436 = MECHANICAL_DESIGN_GEOMETRIC_PRESENTATION_REPRESENTATION (  '', ( #1677 ), #2112 ) ;
#3437 = COLOUR_RGB ( '',0.7803921568627451011, 0.5686274509803921351, 0.1137254901960784298 ) ;
#3438 = SURFACE_SIDE_STYLE ('',( #3822 ) ) ;
#3439 = MECHANICAL_DESIGN_GEOMETRIC_PRESENTATION_REPRESENTATION (  '', ( #1542 ), #1679 ) ;
#3440 = SHAPE_REPRESENTATION_RELATIONSHIP ( 'NONE' , 'NONE' ,  #2313, #2897 ) ;
#3441 =( NAMED_UNIT ( * ) PLANE_ANGLE_UNIT ( ) SI_UNIT ( $, .RADIAN. ) );
#3442 = VERTEX_POINT ( 'NONE', #3220 ) ;
#3443 = DIRECTION ( 'NONE',  ( 0.0000000000000000000, 1.224646799146999945E-16, -1.000000000000000000 ) ) ;
#3444 = VERTEX_POINT ( 'NONE', #2240 ) ;
#3445 = SURFACE_STYLE_FILL_AREA ( #3405 ) ;
#3446 = EDGE_CURVE ( 'NONE', #190, #4222, #2498, .T. ) ;
#3447 = EDGE_CURVE ( 'NONE', #2582, #1461, #2203, .T. ) ;
#3448 =( GEOMETRIC_REPRESENTATION_CONTEXT ( 3 ) GLOBAL_UNCERTAINTY_ASSIGNED_CONTEXT ( ( #3251 ) ) GLOBAL_UNIT_ASSIGNED_CONTEXT ( ( #2435, #1703, #3696 ) ) REPRESENTATION_CONTEXT ( 'NONE', 'WORKASPACE' ) );
#3449 = ORIENTED_EDGE ( 'NONE', *, *, #3283, .F. ) ;
#3450 = FILL_AREA_STYLE_COLOUR ( '', #1743 ) ;
#3451 = CARTESIAN_POINT ( 'NONE',  ( -0.5500000000000000444, 0.3499999999999999778, 0.08000000000000000167 ) ) ;
#3452 = PRESENTATION_LAYER_ASSIGNMENT (  '', '', ( #799 ) ) ;
#3453 = CIRCLE ( 'NONE', #2876, 0.2000000000000000111 ) ;
#3454 = ORIENTED_EDGE ( 'NONE', *, *, #3362, .F. ) ;
#3455 = ORIENTED_EDGE ( 'NONE', *, *, #2579, .T. ) ;
#3456 = DIRECTION ( 'NONE',  ( -0.0000000000000000000, 1.224646799146999945E-16, 1.000000000000000000 ) ) ;
#3457 = CARTESIAN_POINT ( 'NONE',  ( 0.4999999999999514277, 0.2085786437627077106, 0.08000000000000000167 ) ) ;
#3458 = VERTEX_POINT ( 'NONE', #843 ) ;
#3459 = FILL_AREA_STYLE_COLOUR ( '', #2485 ) ;
#3460 = CARTESIAN_POINT ( 'NONE',  ( 0.4749999999999999778, -0.1645950378228042132, 2.143131898505366746E-17 ) ) ;
#3461 =( NAMED_UNIT ( * ) SI_UNIT ( $, .STERADIAN. ) SOLID_ANGLE_UNIT ( ) );
#3462 = VERTEX_POINT ( 'NONE', #1522 ) ;
#3463 = FACE_OUTER_BOUND ( 'NONE', #3968, .T. ) ;
#3464 = ORIENTED_EDGE ( 'NONE', *, *, #1989, .F. ) ;
#3465 = STYLED_ITEM ( 'NONE', ( #2085 ), #3732 ) ;
#3466 = EDGE_CURVE ( 'NONE', #2674, #1052, #4291, .T. ) ;
#3467 = CARTESIAN_POINT ( 'NONE',  ( 0.4949999999999999956, 0.2999999999999999889, 0.02000000000000000042 ) ) ;
#3468 = EDGE_CURVE ( 'NONE', #1927, #2620, #3130, .T. ) ;
#3469 = PRESENTATION_STYLE_ASSIGNMENT (( #193 ) ) ;
#3470 = LINE ( 'NONE', #2158, #3954 ) ;
#3471 = ORIENTED_EDGE ( 'NONE', *, *, #3255, .F. ) ;
#3472 = CARTESIAN_POINT ( 'NONE',  ( -0.5500000000000000444, -0.3499999999999999778, 0.02000000000000000042 ) ) ;
#3473 = FACE_OUTER_BOUND ( 'NONE', #3347, .T. ) ;
#3474 = COLOUR_RGB ( '',1.000000000000000000, 0.0000000000000000000, 0.0000000000000000000 ) ;
#3475 = LINE ( 'NONE', #533, #934 ) ;
#3476 = DIRECTION ( 'NONE',  ( -0.0000000000000000000, 1.224646799146999945E-16, -1.000000000000000000 ) ) ;
#3477 = ORIENTED_EDGE ( 'NONE', *, *, #2953, .T. ) ;
#3478 = FACE_OUTER_BOUND ( 'NONE', #1074, .T. ) ;
#3479 =( NAMED_UNIT ( * ) SI_UNIT ( $, .STERADIAN. ) SOLID_ANGLE_UNIT ( ) );
#3480 = DIRECTION ( 'NONE',  ( -0.0000000000000000000, -0.0000000000000000000, -1.000000000000000000 ) ) ;
#3481 = SURFACE_STYLE_USAGE ( .BOTH. , #3591 ) ;
#3482 = ORIENTED_EDGE ( 'NONE', *, *, #4017, .F. ) ;
#3483 = AXIS2_PLACEMENT_3D ( 'NONE', #1080, #406, #3717 ) ;
#3484 = DIRECTION ( 'NONE',  ( 0.0000000000000000000, 0.0000000000000000000, 1.000000000000000000 ) ) ;
#3485 = ORIENTED_EDGE ( 'NONE', *, *, #1018, .T. ) ;
#3486 = CARTESIAN_POINT ( 'NONE',  ( -0.5000000000000000000, -0.1563508326899999967, 0.0000000000000000000 ) ) ;
#3487 =( NAMED_UNIT ( * ) SI_UNIT ( $, .STERADIAN. ) SOLID_ANGLE_UNIT ( ) );
#3488 =( LENGTH_UNIT ( ) NAMED_UNIT ( * ) SI_UNIT ( .MILLI., .METRE. ) );
#3489 = PRESENTATION_LAYER_ASSIGNMENT (  '', '', ( #3762 ) ) ;
#3490 = PRODUCT_RELATED_PRODUCT_CATEGORY ( 'part', '', ( #1564 ) ) ;
#3491 = DIRECTION ( 'NONE',  ( -0.0000000000000000000, 1.000000000000000000, 0.0000000000000000000 ) ) ;
#3492 = ORIENTED_EDGE ( 'NONE', *, *, #3913, .F. ) ;
#3493 = CARTESIAN_POINT ( 'NONE',  ( -0.5000000000000000000, -0.1563508326898145895, 0.08000000000000001554 ) ) ;
#3494 =( GEOMETRIC_REPRESENTATION_CONTEXT ( 3 ) GLOBAL_UNCERTAINTY_ASSIGNED_CONTEXT ( ( #2121 ) ) GLOBAL_UNIT_ASSIGNED_CONTEXT ( ( #741, #2057, #2690 ) ) REPRESENTATION_CONTEXT ( 'NONE', 'WORKASPACE' ) );
#3495 = AXIS2_PLACEMENT_3D ( 'NONE', #1593, #4240, #931 ) ;
#3496 = EDGE_CURVE ( 'NONE', #1570, #1587, #2887, .T. ) ;
#3497 = PRESENTATION_LAYER_ASSIGNMENT (  '', '', ( #3908 ) ) ;
#3498 = EDGE_CURVE ( 'NONE', #3865, #3824, #1545, .T. ) ;
#3499 = CYLINDRICAL_SURFACE ( 'NONE', #3996, 0.2000000000000000389 ) ;
#3500 = CARTESIAN_POINT ( 'NONE',  ( -0.3275140453870000190, -0.2999999999999999889, 0.06000000000000000472 ) ) ;
#3501 = PRESENTATION_LAYER_ASSIGNMENT (  '', '', ( #153 ) ) ;
#3502 = VECTOR ( 'NONE', #2695, 1000.000000000000000 ) ;
#3503 = AXIS2_PLACEMENT_3D ( 'NONE', #2434, #3176, #3754 ) ;
#3504 = AXIS2_PLACEMENT_3D ( 'NONE', #1646, #2019, #1007 ) ;
#3505 = DIRECTION ( 'NONE',  ( -1.000000000000000000, -9.566489757225037615E-16, 0.0000000000000000000 ) ) ;
#3506 = PRESENTATION_STYLE_ASSIGNMENT (( #1775 ) ) ;
#3507 = ORIENTED_EDGE ( 'NONE', *, *, #1844, .F. ) ;
#3508 = AXIS2_PLACEMENT_3D ( 'NONE', #2139, #313, #2362 ) ;
#3509 = SURFACE_STYLE_FILL_AREA ( #479 ) ;
#3510 = COLOUR_RGB ( '',1.000000000000000000, 0.0000000000000000000, 0.0000000000000000000 ) ;
#3511 = VERTEX_POINT ( 'NONE', #3178 ) ;
#3512 = PRESENTATION_STYLE_ASSIGNMENT (( #4149 ) ) ;
#3513 = VECTOR ( 'NONE', #4052, 1000.000000000000000 ) ;
#3514 =( NAMED_UNIT ( * ) PLANE_ANGLE_UNIT ( ) SI_UNIT ( $, .RADIAN. ) );
#3515 = SURFACE_STYLE_USAGE ( .BOTH. , #177 ) ;
#3516 = ORIENTED_EDGE ( 'NONE', *, *, #2786, .T. ) ;
#3517 = PRESENTATION_STYLE_ASSIGNMENT (( #549 ) ) ;
#3518 = PRESENTATION_LAYER_ASSIGNMENT (  '', '', ( #3240 ) ) ;
#3519 = CYLINDRICAL_SURFACE ( 'NONE', #4192, 0.2400000000000000189 ) ;
#3520 = SURFACE_SIDE_STYLE ('',( #2538 ) ) ;
#3521 = ORIENTED_EDGE ( 'NONE', *, *, #347, .F. ) ;
#3522 = SURFACE_STYLE_USAGE ( .BOTH. , #2891 ) ;
#3523 = EDGE_CURVE ( 'NONE', #3511, #3215, #1459, .T. ) ;
#3524 = PRESENTATION_STYLE_ASSIGNMENT (( #3778 ) ) ;
#3525 = EDGE_CURVE ( 'NONE', #806, #4148, #4121, .T. ) ;
#3526 =( NAMED_UNIT ( * ) PLANE_ANGLE_UNIT ( ) SI_UNIT ( $, .RADIAN. ) );
#3527 = LINE ( 'NONE', #537, #2472 ) ;
#3528 = CARTESIAN_POINT ( 'NONE',  ( -0.5500000000000000444, -0.3499999999999999778, 0.05999999999999999778 ) ) ;
#3529 = ORIENTED_EDGE ( 'NONE', *, *, #1120, .T. ) ;
#3530 =( NAMED_UNIT ( * ) PLANE_ANGLE_UNIT ( ) SI_UNIT ( $, .RADIAN. ) );
#3531 = DIRECTION ( 'NONE',  ( 1.000000000000000000, 0.0000000000000000000, 0.0000000000000000000 ) ) ;
#3532 = ORIENTED_EDGE ( 'NONE', *, *, #3782, .F. ) ;
#3533 =( NAMED_UNIT ( * ) PLANE_ANGLE_UNIT ( ) SI_UNIT ( $, .RADIAN. ) );
#3534 = CARTESIAN_POINT ( 'NONE',  ( -0.2975000000000000977, 0.2974999999999999867, 0.1250000000000000000 ) ) ;
#3535 = AXIS2_PLACEMENT_3D ( 'NONE', #3528, #183, #538 ) ;
#3536 =( LENGTH_UNIT ( ) NAMED_UNIT ( * ) SI_UNIT ( .MILLI., .METRE. ) );
#3537 = SURFACE_SIDE_STYLE ('',( #3898 ) ) ;
#3538 = ORIENTED_EDGE ( 'NONE', *, *, #266, .F. ) ;
#3539 = SURFACE_STYLE_FILL_AREA ( #3118 ) ;
#3540 = CARTESIAN_POINT ( 'NONE',  ( -0.5500000000000000444, -0.3499999999999999778, 0.06000000000000000472 ) ) ;
#3541 = PRESENTATION_LAYER_ASSIGNMENT (  '', '', ( #1714 ) ) ;
#3542 = COLOUR_RGB ( '',1.000000000000000000, 0.0000000000000000000, 0.0000000000000000000 ) ;
#3543 = PRESENTATION_STYLE_ASSIGNMENT (( #2939 ) ) ;
#3544 = EDGE_CURVE ( 'NONE', #2204, #4238, #3944, .T. ) ;
#3545 = LINE ( 'NONE', #4166, #2077 ) ;
#3546 = EDGE_CURVE ( 'NONE', #1369, #3444, #3545, .T. ) ;
#3547 = SURFACE_SIDE_STYLE ('',( #3570 ) ) ;
#3548 = FILL_AREA_STYLE_COLOUR ( '', #1170 ) ;
#3549 = SURFACE_STYLE_FILL_AREA ( #847 ) ;
#3550 = EDGE_CURVE ( 'NONE', #45, #858, #2346, .T. ) ;
#3551 = ORIENTED_EDGE ( 'NONE', *, *, #1272, .T. ) ;
#3552 = SURFACE_STYLE_FILL_AREA ( #893 ) ;
#3553 =( NAMED_UNIT ( * ) PLANE_ANGLE_UNIT ( ) SI_UNIT ( $, .RADIAN. ) );
#3554 = STYLED_ITEM ( 'NONE', ( #4031 ), #110 ) ;
#3555 = CARTESIAN_POINT ( 'NONE',  ( -0.5000000000000000000, 0.2085786437628452394, 0.0000000000000000000 ) ) ;
#3556 = SURFACE_SIDE_STYLE ('',( #487 ) ) ;
#3557 = MECHANICAL_DESIGN_GEOMETRIC_PRESENTATION_REPRESENTATION (  '', ( #3206 ), #4029 ) ;
#3558 = FILL_AREA_STYLE_COLOUR ( '', #499 ) ;
#3559 = UNCERTAINTY_MEASURE_WITH_UNIT (LENGTH_MEASURE( 1.000000000000000082E-05 ), #1684, 'distance_accuracy_value', 'NONE');
#3560 = SURFACE_STYLE_USAGE ( .BOTH. , #551 ) ;
#3561 = DIRECTION ( 'NONE',  ( 1.000000000000000000, 0.0000000000000000000, 0.0000000000000000000 ) ) ;
#3562 = AXIS2_PLACEMENT_3D ( 'NONE', #859, #1857, #3191 ) ;
#3563 = CARTESIAN_POINT ( 'NONE',  ( -0.4085786437627077494, 0.2999999999999513611, 0.08000000000000000167 ) ) ;
#3564 = VERTEX_POINT ( 'NONE', #1481 ) ;
#3565 = LINE ( 'NONE', #2258, #515 ) ;
#3566 = UNCERTAINTY_MEASURE_WITH_UNIT (LENGTH_MEASURE( 1.000000000000000082E-05 ), #2223, 'distance_accuracy_value', 'NONE');
#3567 = LINE ( 'NONE', #3955, #472 ) ;
#3568 = COLOUR_RGB ( '',0.7803921568627451011, 0.5686274509803921351, 0.1137254901960784298 ) ;
#3569 = VECTOR ( 'NONE', #2371, 1000.000000000000000 ) ;
#3570 = SURFACE_STYLE_FILL_AREA ( #3893 ) ;
#3571 =( GEOMETRIC_REPRESENTATION_CONTEXT ( 3 ) GLOBAL_UNCERTAINTY_ASSIGNED_CONTEXT ( ( #3209 ) ) GLOBAL_UNIT_ASSIGNED_CONTEXT ( ( #1098, #2770, #868 ) ) REPRESENTATION_CONTEXT ( 'NONE', 'WORKASPACE' ) );
#3572 =( REPRESENTATION_RELATIONSHIP ('NONE','NONE', #1405, #1869 ) REPRESENTATION_RELATIONSHIP_WITH_TRANSFORMATION ( #3971 )SHAPE_REPRESENTATION_RELATIONSHIP( ) );
#3573 = MECHANICAL_DESIGN_GEOMETRIC_PRESENTATION_REPRESENTATION (  '', ( #1130 ), #1827 ) ;
#3574 = SURFACE_STYLE_FILL_AREA ( #3328 ) ;
#3575 = ORIENTED_EDGE ( 'NONE', *, *, #1403, .F. ) ;
#3576 = CIRCLE ( 'NONE', #2863, 0.2400000000000000466 ) ;
#3577 = SURFACE_STYLE_USAGE ( .BOTH. , #2267 ) ;
#3578 = CYLINDRICAL_SURFACE ( 'NONE', #3303, 0.2000000000000000111 ) ;
#3579 = EDGE_CURVE ( 'NONE', #2521, #2204, #2519, .T. ) ;
#3580 = EDGE_CURVE ( 'NONE', #2450, #910, #2753, .T. ) ;
#3581 = FILL_AREA_STYLE_COLOUR ( '', #3042 ) ;
#3582 = FACE_OUTER_BOUND ( 'NONE', #2438, .T. ) ;
#3583 = DIRECTION ( 'NONE',  ( 5.421010862427522170E-15, 1.000000000000000000, 1.224646799146999945E-16 ) ) ;
#3584 = CARTESIAN_POINT ( 'NONE',  ( 0.2849999999999999756, 0.2849999999999999756, 0.1400000000000000133 ) ) ;
#3585 = VECTOR ( 'NONE', #1311, 1000.000000000000000 ) ;
#3586 = DIRECTION ( 'NONE',  ( -0.0000000000000000000, 1.000000000000000000, 0.0000000000000000000 ) ) ;
#3587 = AXIS2_PLACEMENT_3D ( 'NONE', #166, #1480, #1913 ) ;
#3588 = CARTESIAN_POINT ( 'NONE',  ( -0.4749999999999999778, -0.1645950378230000011, 0.02000000000000000042 ) ) ;
#3589 = ORIENTED_EDGE ( 'NONE', *, *, #1988, .T. ) ;
#3590 = SURFACE_STYLE_USAGE ( .BOTH. , #3947 ) ;
#3591 = SURFACE_SIDE_STYLE ('',( #1145 ) ) ;
#3592 = DIRECTION ( 'NONE',  ( 0.0000000000000000000, 1.000000000000000000, -1.129377263005733621E-16 ) ) ;
#3593 = VECTOR ( 'NONE', #1649, 1000.000000000000000 ) ;
#3594 = ORIENTED_EDGE ( 'NONE', *, *, #3446, .F. ) ;
#3595 =( LENGTH_UNIT ( ) NAMED_UNIT ( * ) SI_UNIT ( .MILLI., .METRE. ) );
#3596 = ORIENTED_EDGE ( 'NONE', *, *, #58, .F. ) ;
#3597 = CARTESIAN_POINT ( 'NONE',  ( 0.1999999999999999833, -0.2600000000000000089, -2.006177025403370566E-33 ) ) ;
#3598 = CARTESIAN_POINT ( 'NONE',  ( 0.4949999999999999956, -0.1891429205787729384, 0.02000000000000001082 ) ) ;
#3599 = CARTESIAN_POINT ( 'NONE',  ( -0.4949999999999304956, 0.1891429205785696566, 0.05999999999999999778 ) ) ;
#3600 = LINE ( 'NONE', #609, #3678 ) ;
#3601 = DIRECTION ( 'NONE',  ( 1.000000000000000000, 0.0000000000000000000, 0.0000000000000000000 ) ) ;
#3602 = ADVANCED_FACE ( 'NONE', ( #2260 ), #3284, .T. ) ;
#3603 = CARTESIAN_POINT ( 'NONE',  ( 0.2000000000000000111, 0.2999999999999999889, 0.02000000000000000042 ) ) ;
#3604 = UNCERTAINTY_MEASURE_WITH_UNIT (LENGTH_MEASURE( 1.000000000000000082E-05 ), #1821, 'distance_accuracy_value', 'NONE');
#3605 = LINE ( 'NONE', #1928, #1831 ) ;
#3606 = AXIS2_PLACEMENT_3D ( 'NONE', #4094, #2343, #72 ) ;
#3607 =( NAMED_UNIT ( * ) SI_UNIT ( $, .STERADIAN. ) SOLID_ANGLE_UNIT ( ) );
#3608 = VERTEX_POINT ( 'NONE', #2917 ) ;
#3609 = FILL_AREA_STYLE ('',( #2256 ) ) ;
#3610 = COLOUR_RGB ( '',0.7921568627450980005, 0.8196078431372548767, 0.9333333333333333481 ) ;
#3611 = CARTESIAN_POINT ( 'NONE',  ( -0.2849999999999999756, -0.2999999999999999889, 0.1250000000000000000 ) ) ;
#3612 = VECTOR ( 'NONE', #2611, 1000.000000000000000 ) ;
#3613 = DIRECTION ( 'NONE',  ( 0.0000000000000000000, 1.000000000000000000, 1.185846126156020228E-16 ) ) ;
#3614 = ORIENTED_EDGE ( 'NONE', *, *, #1758, .F. ) ;
#3615 = FILL_AREA_STYLE ('',( #3312 ) ) ;
#3616 = LINE ( 'NONE', #3880, #2520 ) ;
#3617 =( NAMED_UNIT ( * ) SI_UNIT ( $, .STERADIAN. ) SOLID_ANGLE_UNIT ( ) );
#3618 = DIRECTION ( 'NONE',  ( 0.0000000000000000000, 0.0000000000000000000, 1.000000000000000000 ) ) ;
#3619 = CARTESIAN_POINT ( 'NONE',  ( 0.2999999999999999889, 0.2999999999999999889, 0.1337867965644035650 ) ) ;
#3620 = DIRECTION ( 'NONE',  ( 0.0000000000000000000, -1.224646799146999945E-16, -1.000000000000000000 ) ) ;
#3621 = DIRECTION ( 'NONE',  ( -1.000000000000000000, 0.0000000000000000000, 0.0000000000000000000 ) ) ;
#3622 = EDGE_LOOP ( 'NONE', ( #2499, #478, #4054, #3413 ) ) ;
#3623 = LINE ( 'NONE', #3967, #3062 ) ;
#3624 = FILL_AREA_STYLE ('',( #3929 ) ) ;
#3625 = DIRECTION ( 'NONE',  ( 0.0000000000000000000, 1.000000000000000000, 0.0000000000000000000 ) ) ;
#3626 = EDGE_CURVE ( 'NONE', #3462, #2832, #3567, .T. ) ;
#3627 = ADVANCED_FACE ( 'NONE', ( #1267 ), #2900, .T. ) ;
#3628 = DIRECTION ( 'NONE',  ( 0.0000000000000000000, 0.0000000000000000000, 1.000000000000000000 ) ) ;
#3629 = LINE ( 'NONE', #336, #3034 ) ;
#3630 = ORIENTED_EDGE ( 'NONE', *, *, #3964, .F. ) ;
#3631 = MECHANICAL_DESIGN_GEOMETRIC_PRESENTATION_REPRESENTATION (  '', ( #4043 ), #1985 ) ;
#3632 = DIRECTION ( 'NONE',  ( 1.000000000000000000, 0.0000000000000000000, 0.0000000000000000000 ) ) ;
#3633 =( GEOMETRIC_REPRESENTATION_CONTEXT ( 3 ) GLOBAL_UNCERTAINTY_ASSIGNED_CONTEXT ( ( #3986 ) ) GLOBAL_UNIT_ASSIGNED_CONTEXT ( ( #613, #3922, #1622 ) ) REPRESENTATION_CONTEXT ( 'NONE', 'WORKASPACE' ) );
#3634 =( NAMED_UNIT ( * ) SI_UNIT ( $, .STERADIAN. ) SOLID_ANGLE_UNIT ( ) );
#3635 = CARTESIAN_POINT ( 'NONE',  ( -0.2000000000000000111, -0.2600000000000000089, 0.02000000000000000042 ) ) ;
#3636 = PRESENTATION_LAYER_ASSIGNMENT (  '', '', ( #1124 ) ) ;
#3637 = CIRCLE ( 'NONE', #1598, 0.1700000000000000122 ) ;
#3638 = ORIENTED_EDGE ( 'NONE', *, *, #1300, .T. ) ;
#3639 = FILL_AREA_STYLE_COLOUR ( '', #439 ) ;
#3640 = PRESENTATION_STYLE_ASSIGNMENT (( #3577 ) ) ;
#3641 = SURFACE_SIDE_STYLE ('',( #3317 ) ) ;
#3642 = AXIS2_PLACEMENT_3D ( 'NONE', #2715, #4113, #445 ) ;
#3643 =( NAMED_UNIT ( * ) SI_UNIT ( $, .STERADIAN. ) SOLID_ANGLE_UNIT ( ) );
#3644 = AXIS2_PLACEMENT_3D ( 'NONE', #733, #3053, #3993 ) ;
#3645 = SURFACE_SIDE_STYLE ('',( #3298 ) ) ;
#3646 = VECTOR ( 'NONE', #2963, 1000.000000000000000 ) ;
#3647 = EDGE_LOOP ( 'NONE', ( #1994, #4167, #388, #2504 ) ) ;
#3648 = PRESENTATION_LAYER_ASSIGNMENT (  '', '', ( #1071 ) ) ;
#3649 = DIRECTION ( 'NONE',  ( -1.000000000000000000, 0.0000000000000000000, 0.0000000000000000000 ) ) ;
#3650 = UNCERTAINTY_MEASURE_WITH_UNIT (LENGTH_MEASURE( 1.000000000000000082E-05 ), #1652, 'distance_accuracy_value', 'NONE');
#3651 = SHAPE_REPRESENTATION ( 'Pad001', ( #2977 ), #4232 ) ;
#3652 =( GEOMETRIC_REPRESENTATION_CONTEXT ( 3 ) GLOBAL_UNCERTAINTY_ASSIGNED_CONTEXT ( ( #588 ) ) GLOBAL_UNIT_ASSIGNED_CONTEXT ( ( #2904, #2625, #3269 ) ) REPRESENTATION_CONTEXT ( 'NONE', 'WORKASPACE' ) );
#3653 = CONTEXT_DEPENDENT_SHAPE_REPRESENTATION ( #4002, #3704 ) ;
#3654 = FILL_AREA_STYLE_COLOUR ( '', #1917 ) ;
#3655 =( NAMED_UNIT ( * ) SI_UNIT ( $, .STERADIAN. ) SOLID_ANGLE_UNIT ( ) );
#3656 = EDGE_CURVE ( 'NONE', #1156, #3215, #3629, .T. ) ;
#3657 = ADVANCED_FACE ( 'NONE', ( #1986 ), #270, .F. ) ;
#3658 = VECTOR ( 'NONE', #3774, 1000.000000000000000 ) ;
#3659 = FILL_AREA_STYLE_COLOUR ( '', #4042 ) ;
#3660 = MECHANICAL_DESIGN_GEOMETRIC_PRESENTATION_REPRESENTATION (  '', ( #593 ), #4205 ) ;
#3661 = ORIENTED_EDGE ( 'NONE', *, *, #84, .F. ) ;
#3662 =( NAMED_UNIT ( * ) PLANE_ANGLE_UNIT ( ) SI_UNIT ( $, .RADIAN. ) );
#3663 = DIRECTION ( 'NONE',  ( 0.0000000000000000000, 1.224646799146999945E-16, -1.000000000000000000 ) ) ;
#3664 = SURFACE_STYLE_USAGE ( .BOTH. , #1596 ) ;
#3665 = SURFACE_STYLE_FILL_AREA ( #3046 ) ;
#3666 = PRESENTATION_LAYER_ASSIGNMENT (  '', '', ( #1222 ) ) ;
#3667 = PLANE ( 'NONE',  #1378 ) ;
#3668 = ORIENTED_EDGE ( 'NONE', *, *, #804, .F. ) ;
#3669 = CARTESIAN_POINT ( 'NONE',  ( -0.1999999999999999833, -0.2599999999999999534, 0.0000000000000000000 ) ) ;
#3670 = DIRECTION ( 'NONE',  ( -1.000000000000000000, 0.0000000000000000000, 0.0000000000000000000 ) ) ;
#3671 = STYLED_ITEM ( 'NONE', ( #3026 ), #3728 ) ;
#3672 = PRODUCT ( 'User Library-LED_1006_R', 'User Library-LED_1006_R', '', ( #4008 ) ) ;
#3673 = PRODUCT_CONTEXT ( 'NONE', #731, 'mechanical' ) ;
#3674 = LINE ( 'NONE', #3369, #2605 ) ;
#3675 = CARTESIAN_POINT ( 'NONE',  ( -0.2950000000000000400, -0.2950000000000000400, 0.0000000000000000000 ) ) ;
#3676 = COLOUR_RGB ( '',0.8274509803921568096, 0.8274509803921568096, 0.8274509803921568096 ) ;
#3677 = CARTESIAN_POINT ( 'NONE',  ( -0.3713942890049999890, -0.2600000000000000089, -3.184081677782999738E-17 ) ) ;
#3678 = VECTOR ( 'NONE', #2588, 1000.000000000000000 ) ;
#3679 = SURFACE_STYLE_FILL_AREA ( #2664 ) ;
#3680 = CARTESIAN_POINT ( 'NONE',  ( -0.5500000000000000444, 0.3499999999999999778, 0.07999999999999997391 ) ) ;
#3681 = PLANE ( 'NONE',  #4289 ) ;
#3682 = FACE_OUTER_BOUND ( 'NONE', #2694, .T. ) ;
#3683 = STYLED_ITEM ( 'NONE', ( #3827 ), #4206 ) ;
#3684 = DIRECTION ( 'NONE',  ( 0.0000000000000000000, -1.224646799146999945E-16, -1.000000000000000000 ) ) ;
#3685 = EDGE_CURVE ( 'NONE', #216, #3304, #1567, .T. ) ;
#3686 = FACE_OUTER_BOUND ( 'NONE', #377, .T. ) ;
#3687 = UNCERTAINTY_MEASURE_WITH_UNIT (LENGTH_MEASURE( 1.000000000000000082E-05 ), #2857, 'distance_accuracy_value', 'NONE');
#3688 = CARTESIAN_POINT ( 'NONE',  ( 0.5000000000000000000, 0.2999999999999999889, 0.0000000000000000000 ) ) ;
#3689 =( NAMED_UNIT ( * ) SI_UNIT ( $, .STERADIAN. ) SOLID_ANGLE_UNIT ( ) );
#3690 = ORIENTED_EDGE ( 'NONE', *, *, #4091, .T. ) ;
#3691 = CARTESIAN_POINT ( 'NONE',  ( -0.5500000000000000444, -0.3499999999999999778, 0.08000000000000001554 ) ) ;
#3692 = PRODUCT_CONTEXT ( 'NONE', #1631, 'mechanical' ) ;
#3693 =( NAMED_UNIT ( * ) PLANE_ANGLE_UNIT ( ) SI_UNIT ( $, .RADIAN. ) );
#3694 = ORIENTED_EDGE ( 'NONE', *, *, #2708, .T. ) ;
#3695 = DIRECTION ( 'NONE',  ( 0.0000000000000000000, 0.0000000000000000000, 1.000000000000000000 ) ) ;
#3696 =( NAMED_UNIT ( * ) SI_UNIT ( $, .STERADIAN. ) SOLID_ANGLE_UNIT ( ) );
#3697 =( GEOMETRIC_REPRESENTATION_CONTEXT ( 3 ) GLOBAL_UNCERTAINTY_ASSIGNED_CONTEXT ( ( #421 ) ) GLOBAL_UNIT_ASSIGNED_CONTEXT ( ( #3043, #4040, #3725 ) ) REPRESENTATION_CONTEXT ( 'NONE', 'WORKASPACE' ) );
#3698 = ORIENTED_EDGE ( 'NONE', *, *, #1558, .F. ) ;
#3699 = SURFACE_STYLE_FILL_AREA ( #4078 ) ;
#3700 = ORIENTED_EDGE ( 'NONE', *, *, #2865, .T. ) ;
#3701 = STYLED_ITEM ( 'NONE', ( #343 ), #1614 ) ;
#3702 = STYLED_ITEM ( 'NONE', ( #43 ), #831 ) ;
#3703 = SURFACE_STYLE_FILL_AREA ( #1688 ) ;
#3704 = PRODUCT_DEFINITION_SHAPE ( 'NONE', 'NONE',  #4304 ) ;
#3705 = EDGE_CURVE ( 'NONE', #1156, #386, #1675, .T. ) ;
#3706 = DIRECTION ( 'NONE',  ( -1.000000000000000000, 0.0000000000000000000, 0.0000000000000000000 ) ) ;
#3707 = EDGE_CURVE ( 'NONE', #3824, #2275, #3011, .T. ) ;
#3708 = MECHANICAL_DESIGN_GEOMETRIC_PRESENTATION_REPRESENTATION (  '', ( #790 ), #2454 ) ;
#3709 = SURFACE_STYLE_FILL_AREA ( #1031 ) ;
#3710 = ORIENTED_EDGE ( 'NONE', *, *, #697, .T. ) ;
#3711 = LINE ( 'NONE', #397, #788 ) ;
#3712 =( GEOMETRIC_REPRESENTATION_CONTEXT ( 3 ) GLOBAL_UNCERTAINTY_ASSIGNED_CONTEXT ( ( #28 ) ) GLOBAL_UNIT_ASSIGNED_CONTEXT ( ( #642, #1202, #3873 ) ) REPRESENTATION_CONTEXT ( 'NONE', 'WORKASPACE' ) );
#3713 = PRODUCT_CONTEXT ( 'NONE', #2747, 'mechanical' ) ;
#3714 = SURFACE_SIDE_STYLE ('',( #1744 ) ) ;
#3715 = CARTESIAN_POINT ( 'NONE',  ( 0.5500000000000000444, 0.3499999999999999778, 0.06000000000000000472 ) ) ;
#3716 = ORIENTED_EDGE ( 'NONE', *, *, #3031, .T. ) ;
#3717 = DIRECTION ( 'NONE',  ( -1.000000000000000000, -9.566489757225037615E-16, 0.0000000000000000000 ) ) ;
#3718 = DIRECTION ( 'NONE',  ( 0.0000000000000000000, 1.224646799146999945E-16, -1.000000000000000000 ) ) ;
#3719 = CARTESIAN_POINT ( 'NONE',  ( 0.2000000000000000111, 0.2600000000000000089, 0.02000000000000000042 ) ) ;
#3720 = MECHANICAL_DESIGN_GEOMETRIC_PRESENTATION_REPRESENTATION (  '', ( #3240 ), #2058 ) ;
#3721 = ORIENTED_EDGE ( 'NONE', *, *, #1900, .T. ) ;
#3722 = CARTESIAN_POINT ( 'NONE',  ( 0.4949999999999999956, -0.1891429205787729384, 0.06000000000000001166 ) ) ;
#3723 = EDGE_LOOP ( 'NONE', ( #2103, #98, #1828, #22 ) ) ;
#3724 = AXIS2_PLACEMENT_3D ( 'NONE', #1342, #4044, #1738 ) ;
#3725 =( NAMED_UNIT ( * ) SI_UNIT ( $, .STERADIAN. ) SOLID_ANGLE_UNIT ( ) );
#3726 = UNCERTAINTY_MEASURE_WITH_UNIT (LENGTH_MEASURE( 1.000000000000000082E-05 ), #1299, 'distance_accuracy_value', 'NONE');
#3727 = DIRECTION ( 'NONE',  ( -1.000000000000000000, 0.0000000000000000000, 0.0000000000000000000 ) ) ;
#3728 = ADVANCED_FACE ( 'NONE', ( #708 ), #1078, .T. ) ;
#3729 = FACE_OUTER_BOUND ( 'NONE', #420, .T. ) ;
#3730 = EDGE_LOOP ( 'NONE', ( #3320, #1851, #3795, #2752 ) ) ;
#3731 = FILL_AREA_STYLE_COLOUR ( '', #3004 ) ;
#3732 = ADVANCED_FACE ( 'NONE', ( #3100 ), #4070, .F. ) ;
#3733 = CARTESIAN_POINT ( 'NONE',  ( -0.2974999999999999867, -0.2975000000000000977, 0.1250000000000000000 ) ) ;
#3734 = FILL_AREA_STYLE ('',( #775 ) ) ;
#3735 = COLOUR_RGB ( '',1.000000000000000000, 0.0000000000000000000, 0.0000000000000000000 ) ;
#3736 = PRESENTATION_LAYER_ASSIGNMENT (  '', '', ( #1295 ) ) ;
#3737 = CARTESIAN_POINT ( 'NONE',  ( 0.5500000000000000444, -0.3499999999999999778, 0.06000000000000001860 ) ) ;
#3738 = DIRECTION ( 'NONE',  ( -0.0000000000000000000, -1.000000000000000000, -1.224646799146999945E-16 ) ) ;
#3739 = CARTESIAN_POINT ( 'NONE',  ( -0.4085786437627077494, 0.2999999999999513611, 0.0000000000000000000 ) ) ;
#3740 = VECTOR ( 'NONE', #1241, 1000.000000000000000 ) ;
#3741 = VERTEX_POINT ( 'NONE', #796 ) ;
#3742 = MECHANICAL_DESIGN_GEOMETRIC_PRESENTATION_REPRESENTATION (  '', ( #2622 ), #2559 ) ;
#3743 = CYLINDRICAL_SURFACE ( 'NONE', #1054, 0.2400000000000000466 ) ;
#3744 = LINE ( 'NONE', #4086, #2321 ) ;
#3745 = SURFACE_STYLE_FILL_AREA ( #4109 ) ;
#3746 = VERTEX_POINT ( 'NONE', #839 ) ;
#3747 = DIRECTION ( 'NONE',  ( 1.000000000000000000, 0.0000000000000000000, 0.0000000000000000000 ) ) ;
#3748 = EDGE_LOOP ( 'NONE', ( #654, #1981, #1147, #1084, #1463, #3274, #829, #1745 ) ) ;
#3749 = CARTESIAN_POINT ( 'NONE',  ( 0.4949999999999611933, 0.1577111547697170046, 0.01999999999999997960 ) ) ;
#3750 = DIRECTION ( 'NONE',  ( 0.0000000000000000000, -1.224646799146999945E-16, -1.000000000000000000 ) ) ;
#3751 = VERTEX_POINT ( 'NONE', #2845 ) ;
#3752 = CARTESIAN_POINT ( 'NONE',  ( -0.5500000000000000444, 0.3499999999999999778, 0.05999999999999999778 ) ) ;
#3753 = EDGE_CURVE ( 'NONE', #1289, #3444, #1569, .T. ) ;
#3754 = DIRECTION ( 'NONE',  ( -1.000000000000000000, 0.0000000000000000000, 0.0000000000000000000 ) ) ;
#3755 = ADVANCED_FACE ( 'NONE', ( #534 ), #2125, .F. ) ;
#3756 = SURFACE_STYLE_USAGE ( .BOTH. , #3994 ) ;
#3757 = FILL_AREA_STYLE ('',( #2347 ) ) ;
#3758 = PLANE ( 'NONE',  #998 ) ;
#3759 = SURFACE_STYLE_USAGE ( .BOTH. , #2751 ) ;
#3760 = VECTOR ( 'NONE', #3006, 1000.000000000000000 ) ;
#3761 = VERTEX_POINT ( 'NONE', #3457 ) ;
#3762 = STYLED_ITEM ( 'NONE', ( #3517 ), #374 ) ;
#3763 = ORIENTED_EDGE ( 'NONE', *, *, #2535, .F. ) ;
#3764 = DIRECTION ( 'NONE',  ( 0.0000000000000000000, 1.224646799146999945E-16, -1.000000000000000000 ) ) ;
#3765 = VECTOR ( 'NONE', #2879, 1000.000000000000000 ) ;
#3766 = VECTOR ( 'NONE', #1829, 1000.000000000000000 ) ;
#3767 = CARTESIAN_POINT ( 'NONE',  ( -0.4949999999998609956, -0.1891429205785933876, 0.02000000000000000042 ) ) ;
#3768 = AXIS2_PLACEMENT_3D ( 'NONE', #2072, #4000, #1063 ) ;
#3769 = COLOUR_RGB ( '',0.7803921568627451011, 0.5686274509803921351, 0.1137254901960784298 ) ;
#3770 = ORIENTED_EDGE ( 'NONE', *, *, #1584, .T. ) ;
#3771 = SURFACE_STYLE_USAGE ( .BOTH. , #4024 ) ;
#3772 = ORIENTED_EDGE ( 'NONE', *, *, #463, .T. ) ;
#3773 = UNCERTAINTY_MEASURE_WITH_UNIT (LENGTH_MEASURE( 1.000000000000000082E-05 ), #1912, 'distance_accuracy_value', 'NONE');
#3774 = DIRECTION ( 'NONE',  ( -0.0000000000000000000, -0.0000000000000000000, 1.000000000000000000 ) ) ;
#3775 = SURFACE_STYLE_USAGE ( .BOTH. , #3520 ) ;
#3776 = ORIENTED_EDGE ( 'NONE', *, *, #590, .F. ) ;
#3777 = AXIS2_PLACEMENT_3D ( 'NONE', #359, #2700, #16 ) ;
#3778 = SURFACE_STYLE_USAGE ( .BOTH. , #2198 ) ;
#3779 = UNCERTAINTY_MEASURE_WITH_UNIT (LENGTH_MEASURE( 1.000000000000000082E-05 ), #1235, 'distance_accuracy_value', 'NONE');
#3780 = COLOUR_RGB ( '',0.7803921568627451011, 0.5686274509803921351, 0.1137254901960784298 ) ;
#3781 = CARTESIAN_POINT ( 'NONE',  ( -0.1000000000000000056, 0.1499999999999999944, -3.877637236346249075E-20 ) ) ;
#3782 = EDGE_CURVE ( 'NONE', #73, #612, #405, .T. ) ;
#3783 = EDGE_CURVE ( 'NONE', #2306, #444, #2784, .T. ) ;
#3784 = ORIENTED_EDGE ( 'NONE', *, *, #963, .T. ) ;
#3785 = FILL_AREA_STYLE_COLOUR ( '', #219 ) ;
#3786 = ORIENTED_EDGE ( 'NONE', *, *, #2581, .F. ) ;
#3787 =( NAMED_UNIT ( * ) SI_UNIT ( $, .STERADIAN. ) SOLID_ANGLE_UNIT ( ) );
#3788 = ADVANCED_FACE ( 'NONE', ( #4116 ), #4185, .T. ) ;
#3789 = VERTEX_POINT ( 'NONE', #2594 ) ;
#3790 = DIRECTION ( 'NONE',  ( 1.000000000000000000, 0.0000000000000000000, 0.0000000000000000000 ) ) ;
#3791 =( REPRESENTATION_RELATIONSHIP ('NONE','NONE', #1405, #3952 ) REPRESENTATION_RELATIONSHIP_WITH_TRANSFORMATION ( #3323 )SHAPE_REPRESENTATION_RELATIONSHIP( ) );
#3792 = CARTESIAN_POINT ( 'NONE',  ( -0.2937867965644035406, 0.2937867965644035406, 0.1399999999999999856 ) ) ;
#3793 = CIRCLE ( 'NONE', #239, 0.1700000000000000122 ) ;
#3794 = LINE ( 'NONE', #665, #3231 ) ;
#3795 = ORIENTED_EDGE ( 'NONE', *, *, #189, .T. ) ;
#3796 = CARTESIAN_POINT ( 'NONE',  ( 0.4949999999998609956, -0.1891429205785933876, 0.02000000000000000042 ) ) ;
#3797 =( LENGTH_UNIT ( ) NAMED_UNIT ( * ) SI_UNIT ( .MILLI., .METRE. ) );
#3798 = ORIENTED_EDGE ( 'NONE', *, *, #2839, .F. ) ;
#3799 = DIRECTION ( 'NONE',  ( 0.0000000000000000000, 0.0000000000000000000, 1.000000000000000000 ) ) ;
#3800 = PRESENTATION_STYLE_ASSIGNMENT (( #2517 ) ) ;
#3801 =( NAMED_UNIT ( * ) SI_UNIT ( $, .STERADIAN. ) SOLID_ANGLE_UNIT ( ) );
#3802 = DIRECTION ( 'NONE',  ( -1.000000000000000000, 0.0000000000000000000, 0.0000000000000000000 ) ) ;
#3803 = STYLED_ITEM ( 'NONE', ( #586 ), #3334 ) ;
#3804 = ORIENTED_EDGE ( 'NONE', *, *, #267, .T. ) ;
#3805 = CARTESIAN_POINT ( 'NONE',  ( 0.3713942890049999890, 0.2600000000000000089, 0.02000000000000000042 ) ) ;
#3806 = AXIS2_PLACEMENT_3D ( 'NONE', #3084, #2436, #2129 ) ;
#3807 =( NAMED_UNIT ( * ) SI_UNIT ( $, .STERADIAN. ) SOLID_ANGLE_UNIT ( ) );
#3808 = ORIENTED_EDGE ( 'NONE', *, *, #2839, .T. ) ;
#3809 =( LENGTH_UNIT ( ) NAMED_UNIT ( * ) SI_UNIT ( .MILLI., .METRE. ) );
#3810 = PRESENTATION_LAYER_ASSIGNMENT (  '', '', ( #3671 ) ) ;
#3811 =( NAMED_UNIT ( * ) SI_UNIT ( $, .STERADIAN. ) SOLID_ANGLE_UNIT ( ) );
#3812 = ADVANCED_FACE ( 'NONE', ( #2553 ), #3926, .T. ) ;
#3813 = EDGE_CURVE ( 'NONE', #45, #4186, #1303, .T. ) ;
#3814 = FILL_AREA_STYLE ('',( #528 ) ) ;
#3815 = LINE ( 'NONE', #2801, #3250 ) ;
#3816 = ORIENTED_EDGE ( 'NONE', *, *, #510, .F. ) ;
#3817 = UNCERTAINTY_MEASURE_WITH_UNIT (LENGTH_MEASURE( 1.000000000000000082E-05 ), #1006, 'distance_accuracy_value', 'NONE');
#3818 = CARTESIAN_POINT ( 'NONE',  ( 0.5500000000000000444, -0.3499999999999999778, 0.08000000000000000167 ) ) ;
#3819 = PRESENTATION_LAYER_ASSIGNMENT (  '', '', ( #2629 ) ) ;
#3820 = UNCERTAINTY_MEASURE_WITH_UNIT (LENGTH_MEASURE( 1.000000000000000082E-05 ), #4260, 'distance_accuracy_value', 'NONE');
#3821 = DIRECTION ( 'NONE',  ( -0.0000000000000000000, -1.224646799146999945E-16, 1.000000000000000000 ) ) ;
#3822 = SURFACE_STYLE_FILL_AREA ( #1181 ) ;
#3823 = DIRECTION ( 'NONE',  ( -0.0000000000000000000, -0.0000000000000000000, -1.000000000000000000 ) ) ;
#3824 = VERTEX_POINT ( 'NONE', #940 ) ;
#3825 = DIRECTION ( 'NONE',  ( 0.0000000000000000000, -1.224646799146999945E-16, 1.000000000000000000 ) ) ;
#3826 = ORIENTED_EDGE ( 'NONE', *, *, #3254, .T. ) ;
#3827 = PRESENTATION_STYLE_ASSIGNMENT (( #2503 ) ) ;
#3828 = PRESENTATION_STYLE_ASSIGNMENT (( #1466 ) ) ;
#3829 = STYLED_ITEM ( 'NONE', ( #92 ), #323 ) ;
#3830 = ORIENTED_EDGE ( 'NONE', *, *, #2919, .F. ) ;
#3831 = DIRECTION ( 'NONE',  ( 0.0000000000000000000, 1.000000000000000000, 1.224646799146999945E-16 ) ) ;
#3832 = CARTESIAN_POINT ( 'NONE',  ( -0.2849999999999999756, 0.2849999999999999756, 0.1400000000000000133 ) ) ;
#3833 =( NAMED_UNIT ( * ) PLANE_ANGLE_UNIT ( ) SI_UNIT ( $, .RADIAN. ) );
#3834 = AXIS2_PLACEMENT_3D ( 'NONE', #3472, #2825, #3839 ) ;
#3835 = DIRECTION ( 'NONE',  ( 0.0000000000000000000, 0.0000000000000000000, 1.000000000000000000 ) ) ;
#3836 = EDGE_CURVE ( 'NONE', #1856, #3036, #4273, .T. ) ;
#3837 = EDGE_CURVE ( 'NONE', #2066, #1206, #2889, .T. ) ;
#3838 = ORIENTED_EDGE ( 'NONE', *, *, #590, .T. ) ;
#3839 = DIRECTION ( 'NONE',  ( -1.000000000000000000, 0.0000000000000000000, 0.0000000000000000000 ) ) ;
#3840 = CIRCLE ( 'NONE', #1755, 0.1499999999999999667 ) ;
#3841 = AXIS2_PLACEMENT_3D ( 'NONE', #4022, #46, #3358 ) ;
#3842 = DIRECTION ( 'NONE',  ( -0.0000000000000000000, 1.000000000000000000, 0.0000000000000000000 ) ) ;
#3843 = CIRCLE ( 'NONE', #2851, 0.2400000000000000466 ) ;
#3844 =( GEOMETRIC_REPRESENTATION_CONTEXT ( 3 ) GLOBAL_UNCERTAINTY_ASSIGNED_CONTEXT ( ( #1809 ) ) GLOBAL_UNIT_ASSIGNED_CONTEXT ( ( #3037, #1062, #1935 ) ) REPRESENTATION_CONTEXT ( 'NONE', 'WORKASPACE' ) );
#3845 = CARTESIAN_POINT ( 'NONE',  ( 0.5500000000000000444, -0.3499999999999999778, -4.286263797015299024E-17 ) ) ;
#3846 = SURFACE_SIDE_STYLE ('',( #1841 ) ) ;
#3847 = ORIENTED_EDGE ( 'NONE', *, *, #2480, .T. ) ;
#3848 = FILL_AREA_STYLE ('',( #3195 ) ) ;
#3849 = COLOUR_RGB ( '',0.7803921568627451011, 0.5686274509803921351, 0.1137254901960784298 ) ;
#3850 =( GEOMETRIC_REPRESENTATION_CONTEXT ( 3 ) GLOBAL_UNCERTAINTY_ASSIGNED_CONTEXT ( ( #724 ) ) GLOBAL_UNIT_ASSIGNED_CONTEXT ( ( #1484, #4142, #944 ) ) REPRESENTATION_CONTEXT ( 'NONE', 'WORKASPACE' ) );
#3851 = AXIS2_PLACEMENT_3D ( 'NONE', #121, #1863, #1794 ) ;
#3852 =( NAMED_UNIT ( * ) PLANE_ANGLE_UNIT ( ) SI_UNIT ( $, .RADIAN. ) );
#3853 = ORIENTED_EDGE ( 'NONE', *, *, #3093, .F. ) ;
#3854 = SURFACE_SIDE_STYLE ('',( #3133 ) ) ;
#3855 = EDGE_LOOP ( 'NONE', ( #4010, #3808, #2162, #1 ) ) ;
#3856 = VECTOR ( 'NONE', #1629, 1000.000000000000000 ) ;
#3857 = DIRECTION ( 'NONE',  ( -0.0000000000000000000, -1.224646799146999945E-16, 1.000000000000000000 ) ) ;
#3858 = MECHANICAL_DESIGN_GEOMETRIC_PRESENTATION_REPRESENTATION (  '', ( #1269 ), #2329 ) ;
#3859 = ORIENTED_EDGE ( 'NONE', *, *, #2037, .T. ) ;
#3860 = CARTESIAN_POINT ( 'NONE',  ( 0.2950000000000000400, 0.2950000000000000400, 0.0000000000000000000 ) ) ;
#3861 = SURFACE_STYLE_USAGE ( .BOTH. , #4199 ) ;
#3862 = DIRECTION ( 'NONE',  ( 0.0000000000000000000, 0.0000000000000000000, 1.000000000000000000 ) ) ;
#3863 = COLOUR_RGB ( '',0.7803921568627451011, 0.5686274509803921351, 0.1137254901960784298 ) ;
#3864 = FILL_AREA_STYLE_COLOUR ( '', #2964 ) ;
#3865 = VERTEX_POINT ( 'NONE', #3563 ) ;
#3866 =( NAMED_UNIT ( * ) PLANE_ANGLE_UNIT ( ) SI_UNIT ( $, .RADIAN. ) );
#3867 = VECTOR ( 'NONE', #2808, 1000.000000000000000 ) ;
#3868 = FILL_AREA_STYLE ('',( #2164 ) ) ;
#3869 = EDGE_CURVE ( 'NONE', #2925, #357, #4209, .T. ) ;
#3870 = MECHANICAL_DESIGN_GEOMETRIC_PRESENTATION_REPRESENTATION (  '', ( #1921 ), #106 ) ;
#3871 = LINE ( 'NONE', #2515, #1767 ) ;
#3872 =( NAMED_UNIT ( * ) PLANE_ANGLE_UNIT ( ) SI_UNIT ( $, .RADIAN. ) );
#3873 =( NAMED_UNIT ( * ) SI_UNIT ( $, .STERADIAN. ) SOLID_ANGLE_UNIT ( ) );
#3874 = EDGE_CURVE ( 'NONE', #2756, #745, #243, .T. ) ;
#3875 = DIRECTION ( 'NONE',  ( 0.0000000000000000000, 0.0000000000000000000, 1.000000000000000000 ) ) ;
#3876 =( LENGTH_UNIT ( ) NAMED_UNIT ( * ) SI_UNIT ( .MILLI., .METRE. ) );
#3877 =( NAMED_UNIT ( * ) SI_UNIT ( $, .STERADIAN. ) SOLID_ANGLE_UNIT ( ) );
#3878 = PLANE ( 'NONE',  #3921 ) ;
#3879 = ORIENTED_EDGE ( 'NONE', *, *, #2558, .F. ) ;
#3880 = CARTESIAN_POINT ( 'NONE',  ( 0.5000000000000000000, -0.2999999999999999889, 0.08000000000000000167 ) ) ;
#3881 =( GEOMETRIC_REPRESENTATION_CONTEXT ( 3 ) GLOBAL_UNCERTAINTY_ASSIGNED_CONTEXT ( ( #3259 ) ) GLOBAL_UNIT_ASSIGNED_CONTEXT ( ( #3346, #97, #1432 ) ) REPRESENTATION_CONTEXT ( 'NONE', 'WORKASPACE' ) );
#3882 = SURFACE_SIDE_STYLE ('',( #2882 ) ) ;
#3883 = VECTOR ( 'NONE', #2568, 1000.000000000000000 ) ;
#3884 = MECHANICAL_DESIGN_GEOMETRIC_PRESENTATION_REPRESENTATION (  '', ( #4221 ), #2689 ) ;
#3885 = SURFACE_SIDE_STYLE ('',( #2552 ) ) ;
#3886 = ORIENTED_EDGE ( 'NONE', *, *, #1453, .T. ) ;
#3887 = PRESENTATION_LAYER_ASSIGNMENT (  '', '', ( #1574 ) ) ;
#3888 = CARTESIAN_POINT ( 'NONE',  ( 0.4749999999999319211, -0.1645950378226359589, 0.08000000000000001554 ) ) ;
#3889 = PRESENTATION_LAYER_ASSIGNMENT (  '', '', ( #3948 ) ) ;
#3890 = PRESENTATION_STYLE_ASSIGNMENT (( #2259 ) ) ;
#3891 = DIRECTION ( 'NONE',  ( -1.000000000000000000, 0.0000000000000000000, 0.0000000000000000000 ) ) ;
#3892 = EDGE_CURVE ( 'NONE', #1503, #947, #1578, .T. ) ;
#3893 = FILL_AREA_STYLE ('',( #1309 ) ) ;
#3894 = CARTESIAN_POINT ( 'NONE',  ( -0.5500000000000000444, 0.3499999999999999778, 4.286263797016299275E-17 ) ) ;
#3895 = EDGE_LOOP ( 'NONE', ( #3661, #4249, #2615, #3141 ) ) ;
#3896 = CARTESIAN_POINT ( 'NONE',  ( -0.2950000000000000400, 0.3000000000000000444, 0.0000000000000000000 ) ) ;
#3897 = COLOUR_RGB ( '',1.000000000000000000, 0.0000000000000000000, 0.0000000000000000000 ) ;
#3898 = SURFACE_STYLE_FILL_AREA ( #1575 ) ;
#3899 = CARTESIAN_POINT ( 'NONE',  ( -0.5000000000000000000, -0.2999999999999999889, 0.0000000000000000000 ) ) ;
#3900 = DIRECTION ( 'NONE',  ( -1.000000000000000000, 0.0000000000000000000, 0.0000000000000000000 ) ) ;
#3901 = FILL_AREA_STYLE ('',( #1218 ) ) ;
#3902 = CARTESIAN_POINT ( 'NONE',  ( 0.1000000000000000056, -0.2999999999999999889, -0.01000000000000000021 ) ) ;
#3903 = ORIENTED_EDGE ( 'NONE', *, *, #2982, .T. ) ;
#3904 = CARTESIAN_POINT ( 'NONE',  ( 0.3713942890050741519, -0.2600000000000166067, 0.02000000000000000389 ) ) ;
#3905 = UNCERTAINTY_MEASURE_WITH_UNIT (LENGTH_MEASURE( 1.000000000000000082E-05 ), #1889, 'distance_accuracy_value', 'NONE');
#3906 = CARTESIAN_POINT ( 'NONE',  ( 0.5000000000000000000, 0.2999999999999999889, 0.02000000000000000042 ) ) ;
#3907 = STYLED_ITEM ( 'NONE', ( #3640 ), #1510 ) ;
#3908 = STYLED_ITEM ( 'NONE', ( #2266 ), #721 ) ;
#3909 = LINE ( 'NONE', #4211, #2199 ) ;
#3910 = PRESENTATION_STYLE_ASSIGNMENT (( #1034 ) ) ;
#3911 = STYLED_ITEM ( 'NONE', ( #1325 ), #908 ) ;
#3912 = CIRCLE ( 'NONE', #2319, 0.2000000000000000389 ) ;
#3913 = EDGE_CURVE ( 'NONE', #1042, #2354, #1229, .T. ) ;
#3914 = ADVANCED_FACE ( 'NONE', ( #618 ), #809, .F. ) ;
#3915 = VERTEX_POINT ( 'NONE', #4134 ) ;
#3916 = CARTESIAN_POINT ( 'NONE',  ( -0.5500000000000000444, -0.3499999999999999778, 0.02000000000000000042 ) ) ;
#3917 = MECHANICAL_DESIGN_GEOMETRIC_PRESENTATION_REPRESENTATION (  '', ( #1471 ), #3156 ) ;
#3918 = FILL_AREA_STYLE ('',( #2583 ) ) ;
#3919 = PRESENTATION_STYLE_ASSIGNMENT (( #954 ) ) ;
#3920 = DIRECTION ( 'NONE',  ( -0.0000000000000000000, 1.000000000000000000, 1.224646799146999945E-16 ) ) ;
#3921 = AXIS2_PLACEMENT_3D ( 'NONE', #2224, #480, #3484 ) ;
#3922 =( NAMED_UNIT ( * ) PLANE_ANGLE_UNIT ( ) SI_UNIT ( $, .RADIAN. ) );
#3923 =( NAMED_UNIT ( * ) SI_UNIT ( $, .STERADIAN. ) SOLID_ANGLE_UNIT ( ) );
#3924 = FACE_OUTER_BOUND ( 'NONE', #693, .T. ) ;
#3925 = CIRCLE ( 'NONE', #1620, 0.2000000000000000111 ) ;
#3926 = CYLINDRICAL_SURFACE ( 'NONE', #123, 0.1700000000000000122 ) ;
#3927 = ORIENTED_EDGE ( 'NONE', *, *, #862, .T. ) ;
#3928 = DIRECTION ( 'NONE',  ( 0.0000000000000000000, 1.000000000000000000, 1.224646799146999945E-16 ) ) ;
#3929 = FILL_AREA_STYLE_COLOUR ( '', #3149 ) ;
#3930 = PRESENTATION_STYLE_ASSIGNMENT (( #4250 ) ) ;
#3931 = MECHANICAL_DESIGN_GEOMETRIC_PRESENTATION_REPRESENTATION (  '', ( #937 ), #2061 ) ;
#3932 =( NAMED_UNIT ( * ) SI_UNIT ( $, .STERADIAN. ) SOLID_ANGLE_UNIT ( ) );
#3933 =( NAMED_UNIT ( * ) PLANE_ANGLE_UNIT ( ) SI_UNIT ( $, .RADIAN. ) );
#3934 = DIRECTION ( 'NONE',  ( 0.0000000000000000000, 0.0000000000000000000, 1.000000000000000000 ) ) ;
#3935 = DIRECTION ( 'NONE',  ( 0.0000000000000000000, 1.000000000000000000, 1.224646799146999945E-16 ) ) ;
#3936 = ORIENTED_EDGE ( 'NONE', *, *, #722, .F. ) ;
#3937 = DIRECTION ( 'NONE',  ( -1.000000000000000000, 0.0000000000000000000, 0.0000000000000000000 ) ) ;
#3938 = DIRECTION ( 'NONE',  ( 0.0000000000000000000, 1.000000000000000000, -1.129377263005733621E-16 ) ) ;
#3939 = LINE ( 'NONE', #3896, #3612 ) ;
#3940 = CIRCLE ( 'NONE', #1354, 0.2000000000000000389 ) ;
#3941 = UNCERTAINTY_MEASURE_WITH_UNIT (LENGTH_MEASURE( 1.000000000000000082E-05 ), #814, 'distance_accuracy_value', 'NONE');
#3942 = EDGE_CURVE ( 'NONE', #2731, #216, #3470, .T. ) ;
#3943 = ADVANCED_FACE ( 'NONE', ( #2800 ), #2487, .T. ) ;
#3944 = CIRCLE ( 'NONE', #3535, 0.1700000000000000122 ) ;
#3945 = DIRECTION ( 'NONE',  ( 0.0000000000000000000, -1.000000000000000000, -0.0000000000000000000 ) ) ;
#3946 = ORIENTED_EDGE ( 'NONE', *, *, #2678, .T. ) ;
#3947 = SURFACE_SIDE_STYLE ('',( #311 ) ) ;
#3948 = STYLED_ITEM ( 'NONE', ( #1702 ), #1135 ) ;
#3949 =( GEOMETRIC_REPRESENTATION_CONTEXT ( 3 ) GLOBAL_UNCERTAINTY_ASSIGNED_CONTEXT ( ( #162 ) ) GLOBAL_UNIT_ASSIGNED_CONTEXT ( ( #52, #1367, #1055 ) ) REPRESENTATION_CONTEXT ( 'NONE', 'WORKASPACE' ) );
#3950 = FACE_OUTER_BOUND ( 'NONE', #178, .T. ) ;
#3951 = UNCERTAINTY_MEASURE_WITH_UNIT (LENGTH_MEASURE( 1.000000000000000082E-05 ), #3536, 'distance_accuracy_value', 'NONE');
#3952 = SHAPE_REPRESENTATION ( 'Rot', ( #2977 ), #764 ) ;
#3953 = CARTESIAN_POINT ( 'NONE',  ( 0.0000000000000000000, 0.0000000000000000000, 0.0000000000000000000 ) ) ;
#3954 = VECTOR ( 'NONE', #1901, 1000.000000000000000 ) ;
#3955 = CARTESIAN_POINT ( 'NONE',  ( -0.05000000000000000278, 0.2999999999999999889, 0.0000000000000000000 ) ) ;
#3956 = ORIENTED_EDGE ( 'NONE', *, *, #862, .F. ) ;
#3957 =( GEOMETRIC_REPRESENTATION_CONTEXT ( 3 ) GLOBAL_UNCERTAINTY_ASSIGNED_CONTEXT ( ( #70 ) ) GLOBAL_UNIT_ASSIGNED_CONTEXT ( ( #827, #2179, #2206 ) ) REPRESENTATION_CONTEXT ( 'NONE', 'WORKASPACE' ) );
#3958 = CYLINDRICAL_SURFACE ( 'NONE', #2401, 0.2400000000000000189 ) ;
#3959 = ORIENTED_EDGE ( 'NONE', *, *, #3363, .F. ) ;
#3960 =( NAMED_UNIT ( * ) PLANE_ANGLE_UNIT ( ) SI_UNIT ( $, .RADIAN. ) );
#3961 = CARTESIAN_POINT ( 'NONE',  ( -0.5000000000000000000, 0.2999999999999999889, 0.06000000000000000472 ) ) ;
#3962 = EDGE_LOOP ( 'NONE', ( #1964, #1512, #3630, #482, #2302, #1682, #4003, #4296 ) ) ;
#3963 = ADVANCED_FACE ( 'NONE', ( #2841 ), #4153, .T. ) ;
#3964 = EDGE_CURVE ( 'NONE', #3074, #1091, #255, .T. ) ;
#3965 = DIRECTION ( 'NONE',  ( 0.0000000000000000000, 1.000000000000000000, 1.224646799146999699E-16 ) ) ;
#3966 = ORIENTED_EDGE ( 'NONE', *, *, #3393, .T. ) ;
#3967 = CARTESIAN_POINT ( 'NONE',  ( -0.1000000000000000056, -0.1499999999999999944, -0.01000000000000000021 ) ) ;
#3968 = EDGE_LOOP ( 'NONE', ( #2993, #1685, #3015, #3879 ) ) ;
#3969 =( GEOMETRIC_REPRESENTATION_CONTEXT ( 3 ) GLOBAL_UNCERTAINTY_ASSIGNED_CONTEXT ( ( #1324 ) ) GLOBAL_UNIT_ASSIGNED_CONTEXT ( ( #1819, #203, #2540 ) ) REPRESENTATION_CONTEXT ( 'NONE', 'WORKASPACE' ) );
#3970 = CARTESIAN_POINT ( 'NONE',  ( 0.4085786437627077494, -0.2999999999999513611, 0.0000000000000000000 ) ) ;
#3971 = ITEM_DEFINED_TRANSFORMATION ( 'NONE', 'NONE', #1358,  #2977 ) ;
#3972 = AXIS2_PLACEMENT_3D ( 'NONE', #1197, #1492, #531 ) ;
#3973 = ORIENTED_EDGE ( 'NONE', *, *, #1988, .F. ) ;
#3974 = COLOUR_RGB ( '',1.000000000000000000, 0.0000000000000000000, 0.0000000000000000000 ) ;
#3975 = SURFACE_STYLE_FILL_AREA ( #1081 ) ;
#3976 = CIRCLE ( 'NONE', #3221, 0.2000000000000000111 ) ;
#3977 = ORIENTED_EDGE ( 'NONE', *, *, #1068, .T. ) ;
#3978 = CARTESIAN_POINT ( 'NONE',  ( -0.2999999999999999889, 0.2950000000000000400, 0.0000000000000000000 ) ) ;
#3979 = AXIS2_PLACEMENT_3D ( 'NONE', #1044, #44, #435 ) ;
#3980 = STYLED_ITEM ( 'NONE', ( #2575 ), #1814 ) ;
#3981 = STYLED_ITEM ( 'NONE', ( #89 ), #1402 ) ;
#3982 = DIRECTION ( 'NONE',  ( -0.0000000000000000000, -0.0000000000000000000, -1.000000000000000000 ) ) ;
#3983 = DIRECTION ( 'NONE',  ( 0.0000000000000000000, 0.0000000000000000000, -1.000000000000000000 ) ) ;
#3984 = ORIENTED_EDGE ( 'NONE', *, *, #2952, .F. ) ;
#3985 = FACE_OUTER_BOUND ( 'NONE', #396, .T. ) ;
#3986 = UNCERTAINTY_MEASURE_WITH_UNIT (LENGTH_MEASURE( 1.000000000000000082E-05 ), #613, 'distance_accuracy_value', 'NONE');
#3987 = ORIENTED_EDGE ( 'NONE', *, *, #2408, .F. ) ;
#3988 = PRODUCT_RELATED_PRODUCT_CATEGORY ( 'part', '', ( #2577 ) ) ;
#3989 = DIRECTION ( 'NONE',  ( -1.000000000000000000, 0.0000000000000000000, -0.0000000000000000000 ) ) ;
#3990 = EDGE_CURVE ( 'NONE', #797, #4222, #3939, .T. ) ;
#3991 = PRESENTATION_LAYER_ASSIGNMENT (  '', '', ( #3236 ) ) ;
#3992 = EDGE_CURVE ( 'NONE', #81, #261, #657, .T. ) ;
#3993 = DIRECTION ( 'NONE',  ( 0.0000000000000000000, -1.000000000000000000, -1.034036596358999946E-18 ) ) ;
#3994 = SURFACE_SIDE_STYLE ('',( #690 ) ) ;
#3995 = DIRECTION ( 'NONE',  ( 0.0000000000000000000, -1.000000000000000000, -0.0000000000000000000 ) ) ;
#3996 = AXIS2_PLACEMENT_3D ( 'NONE', #1302, #570, #3965 ) ;
#3997 = CARTESIAN_POINT ( 'NONE',  ( 0.3275140453870559187, 0.2600000000001834732, 0.05999999999999999778 ) ) ;
#3998 = ORIENTED_EDGE ( 'NONE', *, *, #2193, .T. ) ;
#3999 = SURFACE_STYLE_FILL_AREA ( #1043 ) ;
#4000 = DIRECTION ( 'NONE',  ( -0.0000000000000000000, 1.224646799146999945E-16, 1.000000000000000000 ) ) ;
#4001 = LINE ( 'NONE', #418, #2931 ) ;
#4002 =( REPRESENTATION_RELATIONSHIP ('NONE','NONE', #1405, #3343 ) REPRESENTATION_RELATIONSHIP_WITH_TRANSFORMATION ( #2387 )SHAPE_REPRESENTATION_RELATIONSHIP( ) );
#4003 = ORIENTED_EDGE ( 'NONE', *, *, #1403, .T. ) ;
#4004 = ORIENTED_EDGE ( 'NONE', *, *, #2059, .T. ) ;
#4005 = LINE ( 'NONE', #4297, #2045 ) ;
#4006 = SURFACE_STYLE_USAGE ( .BOTH. , #1422 ) ;
#4007 = VECTOR ( 'NONE', #2365, 1000.000000000000000 ) ;
#4008 = PRODUCT_CONTEXT ( 'NONE', #2150, 'mechanical' ) ;
#4009 = CARTESIAN_POINT ( 'NONE',  ( -0.3152661081140000210, 0.2999999999999999889, 0.0000000000000000000 ) ) ;
#4010 = ORIENTED_EDGE ( 'NONE', *, *, #2535, .T. ) ;
#4011 = COLOUR_RGB ( '',0.7803921568627451011, 0.5686274509803921351, 0.1137254901960784298 ) ;
#4012 = LINE ( 'NONE', #3348, #999 ) ;
#4013 = SHAPE_REPRESENTATION_RELATIONSHIP ( 'NONE' , 'NONE' ,  #3952, #3167 ) ;
#4014 = LINE ( 'NONE', #2368, #660 ) ;
#4015 = EDGE_CURVE ( 'NONE', #2731, #3304, #2929, .T. ) ;
#4016 = DIRECTION ( 'NONE',  ( 1.000000000000000000, 0.0000000000000000000, 0.0000000000000000000 ) ) ;
#4017 = EDGE_CURVE ( 'NONE', #169, #1934, #935, .T. ) ;
#4018 = ORIENTED_EDGE ( 'NONE', *, *, #3550, .F. ) ;
#4019 = CARTESIAN_POINT ( 'NONE',  ( -0.4749999999999319766, -0.1645950378226359312, 3.150985829628107931E-17 ) ) ;
#4020 = FACE_OUTER_BOUND ( 'NONE', #3730, .T. ) ;
#4021 = ORIENTED_EDGE ( 'NONE', *, *, #429, .F. ) ;
#4022 = CARTESIAN_POINT ( 'NONE',  ( 0.2950000000000000400, -0.2950000000000000400, 0.0000000000000000000 ) ) ;
#4023 = CARTESIAN_POINT ( 'NONE',  ( 0.3563508326898146561, 0.2999999999999999889, 1.836970198721499984E-17 ) ) ;
#4024 = SURFACE_SIDE_STYLE ('',( #2120 ) ) ;
#4025 = ORIENTED_EDGE ( 'NONE', *, *, #2506, .T. ) ;
#4026 = PRESENTATION_STYLE_ASSIGNMENT (( #1075 ) ) ;
#4027 = UNCERTAINTY_MEASURE_WITH_UNIT (LENGTH_MEASURE( 1.000000000000000082E-05 ), #2746, 'distance_accuracy_value', 'NONE');
#4028 = FILL_AREA_STYLE ('',( #2743 ) ) ;
#4029 =( GEOMETRIC_REPRESENTATION_CONTEXT ( 3 ) GLOBAL_UNCERTAINTY_ASSIGNED_CONTEXT ( ( #2470 ) ) GLOBAL_UNIT_ASSIGNED_CONTEXT ( ( #903, #1518, #2846 ) ) REPRESENTATION_CONTEXT ( 'NONE', 'WORKASPACE' ) );
#4030 = ORIENTED_EDGE ( 'NONE', *, *, #112, .F. ) ;
#4031 = PRESENTATION_STYLE_ASSIGNMENT (( #119 ) ) ;
#4032 = CARTESIAN_POINT ( 'NONE',  ( 0.5500000000000000444, 0.3499999999999999778, 0.02000000000000000042 ) ) ;
#4033 = DIRECTION ( 'NONE',  ( 0.0000000000000000000, 1.000000000000000000, -1.129377263005733621E-16 ) ) ;
#4034 = ORIENTED_EDGE ( 'NONE', *, *, #184, .T. ) ;
#4035 = ORIENTED_EDGE ( 'NONE', *, *, #1779, .T. ) ;
#4036 = EDGE_CURVE ( 'NONE', #3074, #1676, #2972, .T. ) ;
#4037 = COLOUR_RGB ( '',0.8274509803921568096, 0.8274509803921568096, 0.8274509803921568096 ) ;
#4038 =( LENGTH_UNIT ( ) NAMED_UNIT ( * ) SI_UNIT ( .MILLI., .METRE. ) );
#4039 = AXIS2_PLACEMENT_3D ( 'NONE', #1592, #4265, #3937 ) ;
#4040 =( NAMED_UNIT ( * ) PLANE_ANGLE_UNIT ( ) SI_UNIT ( $, .RADIAN. ) );
#4041 = PLANE ( 'NONE',  #358 ) ;
#4042 = COLOUR_RGB ( '',0.0000000000000000000, 0.3333333333333333148, 0.0000000000000000000 ) ;
#4043 = STYLED_ITEM ( 'NONE', ( #1341 ), #1248 ) ;
#4044 = DIRECTION ( 'NONE',  ( 0.0000000000000000000, 1.224646799146999945E-16, -1.000000000000000000 ) ) ;
#4045 = ORIENTED_EDGE ( 'NONE', *, *, #3201, .F. ) ;
#4046 =( NAMED_UNIT ( * ) SI_UNIT ( $, .STERADIAN. ) SOLID_ANGLE_UNIT ( ) );
#4047 = VECTOR ( 'NONE', #1922, 1000.000000000000000 ) ;
#4048 = ORIENTED_EDGE ( 'NONE', *, *, #3837, .T. ) ;
#4049 =( NAMED_UNIT ( * ) SI_UNIT ( $, .STERADIAN. ) SOLID_ANGLE_UNIT ( ) );
#4050 = CARTESIAN_POINT ( 'NONE',  ( -0.5000000000000000000, 0.2085786437628452394, 0.08000000000000000167 ) ) ;
#4051 = VECTOR ( 'NONE', #384, 1000.000000000000000 ) ;
#4052 = DIRECTION ( 'NONE',  ( -1.000000000000000000, 0.0000000000000000000, 0.0000000000000000000 ) ) ;
#4053 = VECTOR ( 'NONE', #2494, 1000.000000000000000 ) ;
#4054 = ORIENTED_EDGE ( 'NONE', *, *, #2160, .T. ) ;
#4055 = FILL_AREA_STYLE ('',( #1683 ) ) ;
#4056 = CARTESIAN_POINT ( 'NONE',  ( 0.5000000000000000000, 0.2600000000000000089, 0.0000000000000000000 ) ) ;
#4057 = ORIENTED_EDGE ( 'NONE', *, *, #4015, .T. ) ;
#4058 = PLANE ( 'NONE',  #2225 ) ;
#4059 = EDGE_CURVE ( 'NONE', #696, #1934, #3600, .T. ) ;
#4060 = UNCERTAINTY_MEASURE_WITH_UNIT (LENGTH_MEASURE( 1.000000000000000082E-05 ), #1375, 'distance_accuracy_value', 'NONE');
#4061 =( NAMED_UNIT ( * ) PLANE_ANGLE_UNIT ( ) SI_UNIT ( $, .RADIAN. ) );
#4062 = LINE ( 'NONE', #152, #1781 ) ;
#4063 = EDGE_CURVE ( 'NONE', #2119, #2277, #1659, .T. ) ;
#4064 = ADVANCED_FACE ( 'NONE', ( #2334 ), #4242, .T. ) ;
#4065 = ORIENTED_EDGE ( 'NONE', *, *, #963, .F. ) ;
#4066 = ORIENTED_EDGE ( 'NONE', *, *, #2534, .F. ) ;
#4067 = LINE ( 'NONE', #2428, #3502 ) ;
#4068 = UNCERTAINTY_MEASURE_WITH_UNIT (LENGTH_MEASURE( 1.000000000000000082E-05 ), #2475, 'distance_accuracy_value', 'NONE');
#4069 = PLANE ( 'NONE',  #1209 ) ;
#4070 = PLANE ( 'NONE',  #2894 ) ;
#4071 = ORIENTED_EDGE ( 'NONE', *, *, #3447, .F. ) ;
#4072 = SURFACE_STYLE_FILL_AREA ( #1456 ) ;
#4073 = AXIS2_PLACEMENT_3D ( 'NONE', #576, #3262, #555 ) ;
#4074 = MECHANICAL_DESIGN_GEOMETRIC_PRESENTATION_REPRESENTATION (  '', ( #3671 ), #3949 ) ;
#4075 =( NAMED_UNIT ( * ) SI_UNIT ( $, .STERADIAN. ) SOLID_ANGLE_UNIT ( ) );
#4076 = FACE_OUTER_BOUND ( 'NONE', #1407, .T. ) ;
#4077 = SURFACE_STYLE_FILL_AREA ( #800 ) ;
#4078 = FILL_AREA_STYLE ('',( #1706 ) ) ;
#4079 = PRODUCT_DEFINITION_FORMATION_WITH_SPECIFIED_SOURCE ( 'ANY', '', #604, .NOT_KNOWN. ) ;
#4080 = COLOUR_RGB ( '',0.0000000000000000000, 0.3333333333333333148, 0.0000000000000000000 ) ;
#4081 = ORIENTED_EDGE ( 'NONE', *, *, #3753, .F. ) ;
#4082 = DIRECTION ( 'NONE',  ( -0.0000000000000000000, 1.224646799146999945E-16, 1.000000000000000000 ) ) ;
#4083 = COLOUR_RGB ( '',1.000000000000000000, 0.0000000000000000000, 0.0000000000000000000 ) ;
#4084 = ORIENTED_EDGE ( 'NONE', *, *, #1509, .F. ) ;
#4085 = SURFACE_SIDE_STYLE ('',( #700 ) ) ;
#4086 = CARTESIAN_POINT ( 'NONE',  ( -0.2000000000000000111, -0.2999999999999999889, 0.06000000000000000472 ) ) ;
#4087 = LINE ( 'NONE', #129, #3856 ) ;
#4088 = COLOUR_RGB ( '',0.7921568627450980005, 0.8196078431372548767, 0.9333333333333333481 ) ;
#4089 =( NAMED_UNIT ( * ) SI_UNIT ( $, .STERADIAN. ) SOLID_ANGLE_UNIT ( ) );
#4090 = ORIENTED_EDGE ( 'NONE', *, *, #2200, .F. ) ;
#4091 = EDGE_CURVE ( 'NONE', #3371, #291, #1279, .T. ) ;
#4092 = EDGE_CURVE ( 'NONE', #2275, #2949, #2628, .T. ) ;
#4093 = CARTESIAN_POINT ( 'NONE',  ( -0.3875192319071404379, 0.2999999999999999889, 0.02000000000000000042 ) ) ;
#4094 = CARTESIAN_POINT ( 'NONE',  ( -0.3275140453870000190, -0.2600000000000000089, 0.06000000000000000472 ) ) ;
#4095 = ORIENTED_EDGE ( 'NONE', *, *, #3544, .T. ) ;
#4096 = ORIENTED_EDGE ( 'NONE', *, *, #3525, .F. ) ;
#4097 = CARTESIAN_POINT ( 'NONE',  ( 0.3713942890050741519, -0.2600000000000165512, -3.184081677783202500E-17 ) ) ;
#4098 = SURFACE_SIDE_STYLE ('',( #1823 ) ) ;
#4099 =( GEOMETRIC_REPRESENTATION_CONTEXT ( 3 ) GLOBAL_UNCERTAINTY_ASSIGNED_CONTEXT ( ( #1493 ) ) GLOBAL_UNIT_ASSIGNED_CONTEXT ( ( #2339, #3339, #3279 ) ) REPRESENTATION_CONTEXT ( 'NONE', 'WORKASPACE' ) );
#4100 = SURFACE_STYLE_USAGE ( .BOTH. , #2772 ) ;
#4101 = CARTESIAN_POINT ( 'NONE',  ( -0.5000000000000000000, 0.2999999999999999889, 0.0000000000000000000 ) ) ;
#4102 = DIRECTION ( 'NONE',  ( -1.000000000000000000, 0.0000000000000000000, 0.0000000000000000000 ) ) ;
#4103 = ORIENTED_EDGE ( 'NONE', *, *, #1925, .F. ) ;
#4104 =( NAMED_UNIT ( * ) PLANE_ANGLE_UNIT ( ) SI_UNIT ( $, .RADIAN. ) );
#4105 = ORIENTED_EDGE ( 'NONE', *, *, #1195, .T. ) ;
#4106 = SURFACE_SIDE_STYLE ('',( #4174 ) ) ;
#4107 = LINE ( 'NONE', #2987, #3082 ) ;
#4108 = MECHANICAL_DESIGN_GEOMETRIC_PRESENTATION_REPRESENTATION (  '', ( #2924 ), #568 ) ;
#4109 = FILL_AREA_STYLE ('',( #3165 ) ) ;
#4110 = STYLED_ITEM ( 'NONE', ( #3402 ), #1666 ) ;
#4111 = MECHANICAL_DESIGN_GEOMETRIC_PRESENTATION_REPRESENTATION (  '', ( #2712 ), #2852 ) ;
#4112 = ORIENTED_EDGE ( 'NONE', *, *, #2507, .F. ) ;
#4113 = DIRECTION ( 'NONE',  ( 0.0000000000000000000, 0.0000000000000000000, -1.000000000000000000 ) ) ;
#4114 = COLOUR_RGB ( '',0.8274509803921568096, 0.8274509803921568096, 0.8274509803921568096 ) ;
#4115 = VECTOR ( 'NONE', #2447, 1000.000000000000000 ) ;
#4116 = FACE_OUTER_BOUND ( 'NONE', #2108, .T. ) ;
#4117 = VERTEX_POINT ( 'NONE', #2308 ) ;
#4118 = CIRCLE ( 'NONE', #446, 0.2000000000000000389 ) ;
#4119 = DIRECTION ( 'NONE',  ( 0.0000000000000000000, 0.0000000000000000000, -1.000000000000000000 ) ) ;
#4120 = PRESENTATION_STYLE_ASSIGNMENT (( #1203 ) ) ;
#4121 = LINE ( 'NONE', #1142, #3253 ) ;
#4122 = ADVANCED_FACE ( 'NONE', ( #438 ), #783, .T. ) ;
#4123 = EDGE_CURVE ( 'NONE', #3789, #523, #1756, .T. ) ;
#4124 = ORIENTED_EDGE ( 'NONE', *, *, #2193, .F. ) ;
#4125 = FACE_OUTER_BOUND ( 'NONE', #4202, .T. ) ;
#4126 = MECHANICAL_DESIGN_GEOMETRIC_PRESENTATION_REPRESENTATION (  '', ( #3236 ), #232 ) ;
#4127 =( LENGTH_UNIT ( ) NAMED_UNIT ( * ) SI_UNIT ( .MILLI., .METRE. ) );
#4128 = VERTEX_POINT ( 'NONE', #2034 ) ;
#4129 = FACE_OUTER_BOUND ( 'NONE', #3244, .T. ) ;
#4130 = STYLED_ITEM ( 'NONE', ( #773 ), #2765 ) ;
#4131 = ORIENTED_EDGE ( 'NONE', *, *, #2760, .F. ) ;
#4132 = CARTESIAN_POINT ( 'NONE',  ( 0.3152661081139450094, -0.2999999999999999889, 0.08000000000000001554 ) ) ;
#4133 = PLANE ( 'NONE',  #96 ) ;
#4134 = CARTESIAN_POINT ( 'NONE',  ( -0.3713942890050412338, -0.2600000000000000089, -1.592040838891600018E-17 ) ) ;
#4135 = PRESENTATION_STYLE_ASSIGNMENT (( #3515 ) ) ;
#4136 = EDGE_LOOP ( 'NONE', ( #525, #4096, #1754, #466 ) ) ;
#4137 = SURFACE_STYLE_USAGE ( .BOTH. , #2803 ) ;
#4138 = CARTESIAN_POINT ( 'NONE',  ( 0.2975000000000000422, 0.2974999999999999867, 0.1250000000000000000 ) ) ;
#4139 = DIRECTION ( 'NONE',  ( -1.084202172485504434E-15, 1.000000000000000000, 1.224646799146999945E-16 ) ) ;
#4140 = FILL_AREA_STYLE ('',( #2146 ) ) ;
#4141 = PRESENTATION_STYLE_ASSIGNMENT (( #870 ) ) ;
#4142 =( NAMED_UNIT ( * ) PLANE_ANGLE_UNIT ( ) SI_UNIT ( $, .RADIAN. ) );
#4143 = CARTESIAN_POINT ( 'NONE',  ( 0.3713942890049999890, 0.2600000000000000089, 3.184081677782999738E-17 ) ) ;
#4144 = ORIENTED_EDGE ( 'NONE', *, *, #4263, .F. ) ;
#4145 = VECTOR ( 'NONE', #1825, 1000.000000000000000 ) ;
#4146 = EDGE_CURVE ( 'NONE', #1485, #2122, #3089, .T. ) ;
#4147 = ADVANCED_FACE ( 'NONE', ( #369 ), #107, .T. ) ;
#4148 = VERTEX_POINT ( 'NONE', #3382 ) ;
#4149 = SURFACE_STYLE_USAGE ( .BOTH. , #2820 ) ;
#4150 =( GEOMETRIC_REPRESENTATION_CONTEXT ( 3 ) GLOBAL_UNCERTAINTY_ASSIGNED_CONTEXT ( ( #2597 ) ) GLOBAL_UNIT_ASSIGNED_CONTEXT ( ( #964, #637, #1601 ) ) REPRESENTATION_CONTEXT ( 'NONE', 'WORKASPACE' ) );
#4151 = FILL_AREA_STYLE ('',( #2861 ) ) ;
#4152 = FILL_AREA_STYLE_COLOUR ( '', #1759 ) ;
#4153 = PLANE ( 'NONE',  #2495 ) ;
#4154 = CLOSED_SHELL ( 'NONE', ( #1868, #908, #2271, #110, #2429, #1510, #131, #3914, #4206, #374 ) ) ;
#4155 = STYLED_ITEM ( 'NONE', ( #1686 ), #4122 ) ;
#4156 = DIRECTION ( 'NONE',  ( 0.0000000000000000000, 1.000000000000000000, -1.355252715606880296E-16 ) ) ;
#4157 = ORIENTED_EDGE ( 'NONE', *, *, #184, .F. ) ;
#4158 = UNCERTAINTY_MEASURE_WITH_UNIT (LENGTH_MEASURE( 1.000000000000000082E-05 ), #1072, 'distance_accuracy_value', 'NONE');
#4159 = CARTESIAN_POINT ( 'NONE',  ( 0.4999999999999551470, -0.1563508326896407286, 3.100504632490238188E-17 ) ) ;
#4160 = DIRECTION ( 'NONE',  ( -0.0000000000000000000, 1.224646799146999945E-16, 1.000000000000000000 ) ) ;
#4161 = SURFACE_STYLE_USAGE ( .BOTH. , #3846 ) ;
#4162 = FACE_OUTER_BOUND ( 'NONE', #1017, .T. ) ;
#4163 = CARTESIAN_POINT ( 'NONE',  ( 0.5500000000000000444, 0.3499999999999999778, 0.08000000000000000167 ) ) ;
#4164 = SURFACE_STYLE_USAGE ( .BOTH. , #2027 ) ;
#4165 = DIRECTION ( 'NONE',  ( 0.0000000000000000000, -1.224646799146999945E-16, -1.000000000000000000 ) ) ;
#4166 = CARTESIAN_POINT ( 'NONE',  ( -0.2000000000000000111, -0.2999999999999999889, 0.08000000000000000167 ) ) ;
#4167 = ORIENTED_EDGE ( 'NONE', *, *, #1350, .F. ) ;
#4168 = DIRECTION ( 'NONE',  ( -1.000000000000000000, 0.0000000000000000000, 0.0000000000000000000 ) ) ;
#4169 = CARTESIAN_POINT ( 'NONE',  ( 0.4749999999999999778, -0.1645950378230000011, 2.015707862250000449E-17 ) ) ;
#4170 = COLOUR_RGB ( '',0.7803921568627451011, 0.5686274509803921351, 0.1137254901960784298 ) ;
#4171 = ORIENTED_EDGE ( 'NONE', *, *, #3942, .T. ) ;
#4172 = SURFACE_SIDE_STYLE ('',( #483 ) ) ;
#4173 = PRODUCT_RELATED_PRODUCT_CATEGORY ( 'part', '', ( #604 ) ) ;
#4174 = SURFACE_STYLE_FILL_AREA ( #4151 ) ;
#4175 = ADVANCED_FACE ( 'NONE', ( #389 ), #4058, .T. ) ;
#4176 = CARTESIAN_POINT ( 'NONE',  ( 0.1000000000000000056, 0.2999999999999999889, 0.0000000000000000000 ) ) ;
#4177 = SURFACE_STYLE_USAGE ( .BOTH. , #2509 ) ;
#4178 = AXIS2_PLACEMENT_3D ( 'NONE', #3899, #2883, #2335 ) ;
#4179 = ORIENTED_EDGE ( 'NONE', *, *, #3837, .F. ) ;
#4180 = FACE_OUTER_BOUND ( 'NONE', #1535, .T. ) ;
#4181 = STYLED_ITEM ( 'NONE', ( #1802 ), #561 ) ;
#4182 = MECHANICAL_DESIGN_GEOMETRIC_PRESENTATION_REPRESENTATION (  '', ( #3907 ), #149 ) ;
#4183 = AXIS2_PLACEMENT_3D ( 'NONE', #2459, #597, #3443 ) ;
#4184 = CARTESIAN_POINT ( 'NONE',  ( -0.2849999999999999756, -0.2849999999999999756, 0.1400000000000000133 ) ) ;
#4185 = CYLINDRICAL_SURFACE ( 'NONE', #1644, 0.2000000000000000389 ) ;
#4186 = VERTEX_POINT ( 'NONE', #207 ) ;
#4187 = VECTOR ( 'NONE', #889, 1000.000000000000000 ) ;
#4188 = DIRECTION ( 'NONE',  ( -1.000000000000000000, 0.0000000000000000000, 0.0000000000000000000 ) ) ;
#4189 = VECTOR ( 'NONE', #2104, 1000.000000000000000 ) ;
#4190 = SURFACE_STYLE_FILL_AREA ( #3150 ) ;
#4191 = CIRCLE ( 'NONE', #1538, 0.1700000000000000122 ) ;
#4192 = AXIS2_PLACEMENT_3D ( 'NONE', #3540, #2805, #1810 ) ;
#4193 = DIRECTION ( 'NONE',  ( -0.0000000000000000000, 0.0000000000000000000, 1.000000000000000000 ) ) ;
#4194 = ORIENTED_EDGE ( 'NONE', *, *, #2610, .F. ) ;
#4195 = COLOUR_RGB ( '',1.000000000000000000, 0.0000000000000000000, 0.0000000000000000000 ) ;
#4196 = SURFACE_STYLE_FILL_AREA ( #1441 ) ;
#4197 = PLANE ( 'NONE',  #37 ) ;
#4198 = ORIENTED_EDGE ( 'NONE', *, *, #2140, .T. ) ;
#4199 = SURFACE_SIDE_STYLE ('',( #174 ) ) ;
#4200 = CARTESIAN_POINT ( 'NONE',  ( -0.3152661081139450094, 0.2999999999999999889, 0.05999999999999999778 ) ) ;
#4201 = FILL_AREA_STYLE_COLOUR ( '', #321 ) ;
#4202 = EDGE_LOOP ( 'NONE', ( #1440, #2819, #79, #1765, #3137, #966, #3007, #3087, #4144, #811, #4066, #1251, #125, #2544 ) ) ;
#4203 = SURFACE_STYLE_FILL_AREA ( #1473 ) ;
#4204 = VECTOR ( 'NONE', #1431, 1000.000000000000000 ) ;
#4205 =( GEOMETRIC_REPRESENTATION_CONTEXT ( 3 ) GLOBAL_UNCERTAINTY_ASSIGNED_CONTEXT ( ( #3423 ) ) GLOBAL_UNIT_ASSIGNED_CONTEXT ( ( #1715, #1806, #114 ) ) REPRESENTATION_CONTEXT ( 'NONE', 'WORKASPACE' ) );
#4206 = ADVANCED_FACE ( 'NONE', ( #4129 ), #1891, .F. ) ;
#4207 = ADVANCED_FACE ( 'NONE', ( #3463 ), #2542, .F. ) ;
#4208 = LINE ( 'NONE', #2613, #382 ) ;
#4209 = LINE ( 'NONE', #571, #1865 ) ;
#4210 = FILL_AREA_STYLE_COLOUR ( '', #1180 ) ;
#4211 = CARTESIAN_POINT ( 'NONE',  ( 0.2999999999999999889, -0.2950000000000000955, 0.0000000000000000000 ) ) ;
#4212 = SURFACE_STYLE_FILL_AREA ( #2814 ) ;
#4213 = FACE_OUTER_BOUND ( 'NONE', #502, .T. ) ;
#4214 = DIRECTION ( 'NONE',  ( 0.0000000000000000000, -1.000000000000000000, -0.0000000000000000000 ) ) ;
#4215 = MECHANICAL_DESIGN_GEOMETRIC_PRESENTATION_REPRESENTATION (  '', ( #886 ), #2957 ) ;
#4216 = ORIENTED_EDGE ( 'NONE', *, *, #2707, .F. ) ;
#4217 = SURFACE_SIDE_STYLE ('',( #2973 ) ) ;
#4218 = FILL_AREA_STYLE ('',( #3162 ) ) ;
#4219 = FILL_AREA_STYLE ('',( #1834 ) ) ;
#4220 =( NAMED_UNIT ( * ) SI_UNIT ( $, .STERADIAN. ) SOLID_ANGLE_UNIT ( ) );
#4221 = STYLED_ITEM ( 'NONE', ( #176 ), #3914 ) ;
#4222 = VERTEX_POINT ( 'NONE', #1187 ) ;
#4223 = SURFACE_STYLE_USAGE ( .BOTH. , #1555 ) ;
#4224 =( NAMED_UNIT ( * ) SI_UNIT ( $, .STERADIAN. ) SOLID_ANGLE_UNIT ( ) );
#4225 = COLOUR_RGB ( '',0.7803921568627451011, 0.5686274509803921351, 0.1137254901960784298 ) ;
#4226 = CARTESIAN_POINT ( 'NONE',  ( -0.4750000000000030309, 0.1645950378228036026, 0.01999999999999999001 ) ) ;
#4227 = SURFACE_STYLE_FILL_AREA ( #2958 ) ;
#4228 = COLOUR_RGB ( '',0.7803921568627451011, 0.5686274509803921351, 0.1137254901960784298 ) ;
#4229 = EDGE_CURVE ( 'NONE', #1419, #818, #2830, .T. ) ;
#4230 = DIRECTION ( 'NONE',  ( 0.0000000000000000000, -1.224646799146999945E-16, -1.000000000000000000 ) ) ;
#4231 = EDGE_CURVE ( 'NONE', #2525, #2674, #3286, .T. ) ;
#4232 =( GEOMETRIC_REPRESENTATION_CONTEXT ( 3 ) GLOBAL_UNCERTAINTY_ASSIGNED_CONTEXT ( ( #4068 ) ) GLOBAL_UNIT_ASSIGNED_CONTEXT ( ( #2475, #2172, #495 ) ) REPRESENTATION_CONTEXT ( 'NONE', 'WORKASPACE' ) );
#4233 = DIRECTION ( 'NONE',  ( 1.000000000000000000, 0.0000000000000000000, 0.0000000000000000000 ) ) ;
#4234 = CARTESIAN_POINT ( 'NONE',  ( -0.4999999999999514277, -0.2085786437627077106, 0.0000000000000000000 ) ) ;
#4235 = SURFACE_SIDE_STYLE ('',( #2966 ) ) ;
#4236 = EDGE_LOOP ( 'NONE', ( #3936, #2255, #1395, #564 ) ) ;
#4237 = LINE ( 'NONE', #1250, #2359 ) ;
#4238 = VERTEX_POINT ( 'NONE', #1589 ) ;
#4239 = DIRECTION ( 'NONE',  ( 0.0000000000000000000, -1.000000000000000000, -0.0000000000000000000 ) ) ;
#4240 = DIRECTION ( 'NONE',  ( -0.0000000000000000000, 1.224646799146999945E-16, 1.000000000000000000 ) ) ;
#4241 =( GEOMETRIC_REPRESENTATION_CONTEXT ( 3 ) GLOBAL_UNCERTAINTY_ASSIGNED_CONTEXT ( ( #2986 ) ) GLOBAL_UNIT_ASSIGNED_CONTEXT ( ( #1387, #2769, #4049 ) ) REPRESENTATION_CONTEXT ( 'NONE', 'WORKASPACE' ) );
#4242 = PLANE ( 'NONE',  #1434 ) ;
#4243 = MECHANICAL_DESIGN_GEOMETRIC_PRESENTATION_REPRESENTATION (  '', ( #3211 ), #4099 ) ;
#4244 =( NAMED_UNIT ( * ) PLANE_ANGLE_UNIT ( ) SI_UNIT ( $, .RADIAN. ) );
#4245 = UNCERTAINTY_MEASURE_WITH_UNIT (LENGTH_MEASURE( 1.000000000000000082E-05 ), #1215, 'distance_accuracy_value', 'NONE');
#4246 = DIRECTION ( 'NONE',  ( 0.0000000000000000000, -1.224646799146999945E-16, -1.000000000000000000 ) ) ;
#4247 = ORIENTED_EDGE ( 'NONE', *, *, #3234, .F. ) ;
#4248 = CARTESIAN_POINT ( 'NONE',  ( -0.3875192319069999947, 0.2999999999999999889, 0.02000000000000000042 ) ) ;
#4249 = ORIENTED_EDGE ( 'NONE', *, *, #1558, .T. ) ;
#4250 = SURFACE_STYLE_USAGE ( .BOTH. , #2914 ) ;
#4251 = PRESENTATION_LAYER_ASSIGNMENT (  '', '', ( #217 ) ) ;
#4252 = MECHANICAL_DESIGN_GEOMETRIC_PRESENTATION_REPRESENTATION (  '', ( #3702 ), #3844 ) ;
#4253 =( BOUNDED_CURVE ( )  B_SPLINE_CURVE ( 3, ( #3832, #3792, #192, #3534 ),
 .UNSPECIFIED., .F., .T. ) 
 B_SPLINE_CURVE_WITH_KNOTS ( ( 4, 4 ),
 ( 4.712388980384689674, 6.283185307179586232 ),
 .UNSPECIFIED. ) 
 CURVE ( )  GEOMETRIC_REPRESENTATION_ITEM ( )  RATIONAL_B_SPLINE_CURVE ( ( 1.000000000000000000, 0.8047378541243649375, 0.8047378541243649375, 1.000000000000000000 ) ) 
 REPRESENTATION_ITEM ( '' )  );
#4254 = DIRECTION ( 'NONE',  ( 1.000000000000000000, 0.0000000000000000000, 0.0000000000000000000 ) ) ;
#4255 = PLANE ( 'NONE',  #589 ) ;
#4256 = ORIENTED_EDGE ( 'NONE', *, *, #4263, .T. ) ;
#4257 = VECTOR ( 'NONE', #94, 1000.000000000000000 ) ;
#4258 = LINE ( 'NONE', #1227, #440 ) ;
#4259 = VECTOR ( 'NONE', #2416, 1000.000000000000000 ) ;
#4260 =( LENGTH_UNIT ( ) NAMED_UNIT ( * ) SI_UNIT ( .MILLI., .METRE. ) );
#4261 = DIRECTION ( 'NONE',  ( 0.0000000000000000000, 1.224646799146999945E-16, -1.000000000000000000 ) ) ;
#4262 = EDGE_CURVE ( 'NONE', #3458, #1097, #4237, .T. ) ;
#4263 = EDGE_CURVE ( 'NONE', #1932, #785, #652, .T. ) ;
#4264 = EDGE_LOOP ( 'NONE', ( #2151, #2647, #3816, #3208 ) ) ;
#4265 = DIRECTION ( 'NONE',  ( -0.0000000000000000000, -0.0000000000000000000, -1.000000000000000000 ) ) ;
#4266 = VECTOR ( 'NONE', #3239, 1000.000000000000000 ) ;
#4267 = FACE_OUTER_BOUND ( 'NONE', #2936, .T. ) ;
#4268 = FACE_OUTER_BOUND ( 'NONE', #3748, .T. ) ;
#4269 = DIRECTION ( 'NONE',  ( 0.0000000000000000000, -1.224646799146999945E-16, 1.000000000000000000 ) ) ;
#4270 = SURFACE_SIDE_STYLE ('',( #29 ) ) ;
#4271 = LINE ( 'NONE', #281, #1412 ) ;
#4272 = PRESENTATION_LAYER_ASSIGNMENT (  '', '', ( #4130 ) ) ;
#4273 = LINE ( 'NONE', #3588, #3883 ) ;
#4274 = ORIENTED_EDGE ( 'NONE', *, *, #2506, .F. ) ;
#4275 = DIRECTION ( 'NONE',  ( 0.0000000000000000000, 1.000000000000000000, -1.185846126156020228E-16 ) ) ;
#4276 = ORIENTED_EDGE ( 'NONE', *, *, #2581, .T. ) ;
#4277 = SURFACE_STYLE_FILL_AREA ( #1033 ) ;
#4278 = DIRECTION ( 'NONE',  ( 0.0000000000000000000, 0.0000000000000000000, -1.000000000000000000 ) ) ;
#4279 = AXIS2_PLACEMENT_3D ( 'NONE', #2039, #2673, #91 ) ;
#4280 = ORIENTED_EDGE ( 'NONE', *, *, #4059, .F. ) ;
#4281 = PRESENTATION_STYLE_ASSIGNMENT (( #2241 ) ) ;
#4282 = PRESENTATION_STYLE_ASSIGNMENT (( #2642 ) ) ;
#4283 = ORIENTED_EDGE ( 'NONE', *, *, #1642, .F. ) ;
#4284 = DIRECTION ( 'NONE',  ( 0.0000000000000000000, 0.0000000000000000000, 1.000000000000000000 ) ) ;
#4285 = SURFACE_STYLE_FILL_AREA ( #2584 ) ;
#4286 = ADVANCED_FACE ( 'NONE', ( #1991 ), #669, .T. ) ;
#4287 = EDGE_CURVE ( 'NONE', #3746, #1064, #413, .T. ) ;
#4288 = DIRECTION ( 'NONE',  ( 0.0000000000000000000, -1.224646799146999945E-16, -1.000000000000000000 ) ) ;
#4289 = AXIS2_PLACEMENT_3D ( 'NONE', #3035, #2748, #779 ) ;
#4290 = SURFACE_STYLE_USAGE ( .BOTH. , #4270 ) ;
#4291 = CIRCLE ( 'NONE', #819, 0.1499999999999999667 ) ;
#4292 = LINE ( 'NONE', #3235, #241 ) ;
#4293 = DIRECTION ( 'NONE',  ( 1.000000000000000000, -0.0000000000000000000, 0.0000000000000000000 ) ) ;
#4294 = ORIENTED_EDGE ( 'NONE', *, *, #2408, .T. ) ;
#4295 = FILL_AREA_STYLE_COLOUR ( '', #4170 ) ;
#4296 = ORIENTED_EDGE ( 'NONE', *, *, #3913, .T. ) ;
#4297 = CARTESIAN_POINT ( 'NONE',  ( 0.3152661081140000210, 0.2999999999999999889, 0.0000000000000000000 ) ) ;
#4298 =( LENGTH_UNIT ( ) NAMED_UNIT ( * ) SI_UNIT ( .MILLI., .METRE. ) );
#4299 = APPLICATION_PROTOCOL_DEFINITION ( 'draft international standard', 'automotive_design', 1998, #2150 ) ;
#4300 = CARTESIAN_POINT ( 'NONE',  ( 0.4749999999999999778, -0.1645950378230000011, 0.02000000000000000042 ) ) ;
#4301 = NEXT_ASSEMBLY_USAGE_OCCURRENCE ( 'NAUO1', ' ', ' ', #398, #3309, $ ) ;
#4302 = NEXT_ASSEMBLY_USAGE_OCCURRENCE ( 'NAUO2', ' ', ' ', #398, #1396, $ ) ;
#4303 = NEXT_ASSEMBLY_USAGE_OCCURRENCE ( 'NAUO3', ' ', ' ', #398, #3415, $ ) ;
#4304 = NEXT_ASSEMBLY_USAGE_OCCURRENCE ( 'NAUO4', ' ', ' ', #398, #2402, $ ) ;
#4305 = NEXT_ASSEMBLY_USAGE_OCCURRENCE ( 'NAUO5', ' ', ' ', #398, #2133, $ ) ;
ENDSEC;
END-ISO-10303-21;
