ISO-10303-21;
HEADER;
FILE_DESCRIPTION (( 'STEP AP214' ),
    '1' );
FILE_NAME ('User Library-LED_1006_G.STEP',
    '2026-08-16T06:43:01',
    ( '' ),
    ( '' ),
    'SwSTEP 2.0',
    'SolidWorks 2022',
    '' );
FILE_SCHEMA (( 'AUTOMOTIVE_DESIGN' ));
ENDSEC;

DATA;
#1 = FACE_OUTER_BOUND ( 'NONE', #2026, .T. ) ;
#2 =( GEOMETRIC_REPRESENTATION_CONTEXT ( 3 ) GLOBAL_UNCERTAINTY_ASSIGNED_CONTEXT ( ( #145 ) ) GLOBAL_UNIT_ASSIGNED_CONTEXT ( ( #2431, #2110, #1489 ) ) REPRESENTATION_CONTEXT ( 'NONE', 'WORKASPACE' ) );
#3 = ORIENTED_EDGE ( 'NONE', *, *, #2396, .T. ) ;
#4 = CARTESIAN_POINT ( 'NONE',  ( -0.05000000000000000278, 0.2999999999999999889, 0.0000000000000000000 ) ) ;
#5 = LINE ( 'NONE', #943, #3717 ) ;
#6 = PRODUCT_DEFINITION_FORMATION_WITH_SPECIFIED_SOURCE ( 'ANY', '', #3033, .NOT_KNOWN. ) ;
#7 = PLANE ( 'NONE',  #2417 ) ;
#8 = CARTESIAN_POINT ( 'NONE',  ( 0.5500000000000000444, 0.3499999999999999778, 0.05999999999999999778 ) ) ;
#9 = ORIENTED_EDGE ( 'NONE', *, *, #2769, .F. ) ;
#10 =( LENGTH_UNIT ( ) NAMED_UNIT ( * ) SI_UNIT ( .MILLI., .METRE. ) );
#11 = EDGE_CURVE ( 'NONE', #1349, #1765, #453, .T. ) ;
#12 = UNCERTAINTY_MEASURE_WITH_UNIT (LENGTH_MEASURE( 1.000000000000000082E-05 ), #1477, 'distance_accuracy_value', 'NONE');
#13 = FILL_AREA_STYLE_COLOUR ( '', #1441 ) ;
#14 = PRODUCT_DEFINITION_SHAPE ( 'NONE', 'NONE',  #4304 ) ;
#15 = ORIENTED_EDGE ( 'NONE', *, *, #3271, .T. ) ;
#16 = CARTESIAN_POINT ( 'NONE',  ( -0.3875192319071404379, -0.2999999999999999889, 0.02000000000000000042 ) ) ;
#17 = EDGE_CURVE ( 'NONE', #770, #513, #3845, .T. ) ;
#18 = CARTESIAN_POINT ( 'NONE',  ( 0.2937867965644035406, -0.2937867965644035406, 0.1399999999999999856 ) ) ;
#19 = SURFACE_STYLE_USAGE ( .BOTH. , #2338 ) ;
#20 = ORIENTED_EDGE ( 'NONE', *, *, #3189, .T. ) ;
#21 = CYLINDRICAL_SURFACE ( 'NONE', #2035, 0.2400000000000000189 ) ;
#22 = CARTESIAN_POINT ( 'NONE',  ( -0.2999999999999999889, 0.2950000000000000955, 0.0000000000000000000 ) ) ;
#23 = CARTESIAN_POINT ( 'NONE',  ( -0.3563508326896523415, -0.2999999999999102274, -3.673940397441400060E-17 ) ) ;
#24 = FILL_AREA_STYLE_COLOUR ( '', #1426 ) ;
#25 = APPLICATION_CONTEXT ( 'automotive_design' ) ;
#26 = ORIENTED_EDGE ( 'NONE', *, *, #2604, .T. ) ;
#27 = CARTESIAN_POINT ( 'NONE',  ( 0.3275140453870000190, -0.2999999999999999889, 0.06000000000000000472 ) ) ;
#28 = FILL_AREA_STYLE ('',( #718 ) ) ;
#29 = ORIENTED_EDGE ( 'NONE', *, *, #559, .F. ) ;
#30 = VERTEX_POINT ( 'NONE', #3392 ) ;
#31 = CYLINDRICAL_SURFACE ( 'NONE', #3843, 0.2400000000000000466 ) ;
#32 = DIRECTION ( 'NONE',  ( 0.0000000000000000000, 1.000000000000000000, 0.0000000000000000000 ) ) ;
#33 = AXIS2_PLACEMENT_3D ( 'NONE', #293, #1669, #3588 ) ;
#34 = ADVANCED_FACE ( 'NONE', ( #281 ), #3973, .T. ) ;
#35 = VECTOR ( 'NONE', #1097, 1000.000000000000000 ) ;
#36 = ORIENTED_EDGE ( 'NONE', *, *, #153, .F. ) ;
#37 = DIRECTION ( 'NONE',  ( 9.274621392321998436E-15, -1.000000000000000000, 0.0000000000000000000 ) ) ;
#38 = COLOUR_RGB ( '',0.7803921568627451011, 0.5686274509803921351, 0.1137254901960784298 ) ;
#39 = SURFACE_SIDE_STYLE ('',( #974 ) ) ;
#40 =( GEOMETRIC_REPRESENTATION_CONTEXT ( 3 ) GLOBAL_UNCERTAINTY_ASSIGNED_CONTEXT ( ( #2705 ) ) GLOBAL_UNIT_ASSIGNED_CONTEXT ( ( #1535, #3214, #3897 ) ) REPRESENTATION_CONTEXT ( 'NONE', 'WORKASPACE' ) );
#41 = DIRECTION ( 'NONE',  ( 1.000000000000000000, 0.0000000000000000000, -0.0000000000000000000 ) ) ;
#42 = STYLED_ITEM ( 'NONE', ( #1411 ), #4201 ) ;
#43 = ADVANCED_FACE ( 'NONE', ( #2012 ), #1966, .T. ) ;
#44 = DIRECTION ( 'NONE',  ( -0.0000000000000000000, 1.000000000000000000, 1.034036596358999946E-18 ) ) ;
#45 = PRESENTATION_LAYER_ASSIGNMENT (  '', '', ( #4079 ) ) ;
#46 = ORIENTED_EDGE ( 'NONE', *, *, #837, .F. ) ;
#47 = VECTOR ( 'NONE', #84, 1000.000000000000000 ) ;
#48 = PRESENTATION_LAYER_ASSIGNMENT (  '', '', ( #1513 ) ) ;
#49 = STYLED_ITEM ( 'NONE', ( #2549 ), #3682 ) ;
#50 = DIRECTION ( 'NONE',  ( 1.000000000000000000, -9.274621392321998436E-15, 1.135813540141000073E-30 ) ) ;
#51 = DIRECTION ( 'NONE',  ( -0.0000000000000000000, -0.0000000000000000000, -1.000000000000000000 ) ) ;
#52 = ORIENTED_EDGE ( 'NONE', *, *, #3745, .T. ) ;
#53 = COLOUR_RGB ( '',0.0000000000000000000, 0.3333333333333333148, 0.0000000000000000000 ) ;
#54 = VECTOR ( 'NONE', #2044, 1000.000000000000000 ) ;
#55 = PRODUCT_DEFINITION_CONTEXT ( 'detailed design', #2551, 'design' ) ;
#56 = CARTESIAN_POINT ( 'NONE',  ( -0.05000000000000000278, 0.2999999999999999889, 0.0000000000000000000 ) ) ;
#57 = CARTESIAN_POINT ( 'NONE',  ( 0.4999999999999101274, -0.1563508326896523304, 1.914745467975008224E-17 ) ) ;
#58 = COLOUR_RGB ( '',0.7803921568627451011, 0.5686274509803921351, 0.1137254901960784298 ) ;
#59 = PRESENTATION_LAYER_ASSIGNMENT (  '', '', ( #271 ) ) ;
#60 = LINE ( 'NONE', #771, #2504 ) ;
#61 =( LENGTH_UNIT ( ) NAMED_UNIT ( * ) SI_UNIT ( .MILLI., .METRE. ) );
#62 = DIRECTION ( 'NONE',  ( -1.000000000000000000, 0.0000000000000000000, 0.0000000000000000000 ) ) ;
#63 = MECHANICAL_DESIGN_GEOMETRIC_PRESENTATION_REPRESENTATION (  '', ( #4178 ), #1190 ) ;
#64 = ORIENTED_EDGE ( 'NONE', *, *, #740, .F. ) ;
#65 =( NAMED_UNIT ( * ) PLANE_ANGLE_UNIT ( ) SI_UNIT ( $, .RADIAN. ) );
#66 = CYLINDRICAL_SURFACE ( 'NONE', #3031, 0.005000000000000013115 ) ;
#67 = CARTESIAN_POINT ( 'NONE',  ( -0.2950000000000000400, -0.2950000000000000400, 0.0000000000000000000 ) ) ;
#68 = CARTESIAN_POINT ( 'NONE',  ( -0.3875192319071404379, 0.2999999999999999889, 0.05999999999999999778 ) ) ;
#69 = ORIENTED_EDGE ( 'NONE', *, *, #426, .T. ) ;
#70 = DIRECTION ( 'NONE',  ( -0.0000000000000000000, -0.0000000000000000000, 1.000000000000000000 ) ) ;
#71 = EDGE_CURVE ( 'NONE', #1099, #1392, #2617, .T. ) ;
#72 = DIRECTION ( 'NONE',  ( 0.0000000000000000000, 1.224646799146999945E-16, -1.000000000000000000 ) ) ;
#73 = SURFACE_STYLE_USAGE ( .BOTH. , #91 ) ;
#74 = ORIENTED_EDGE ( 'NONE', *, *, #3070, .T. ) ;
#75 = FILL_AREA_STYLE ('',( #1687 ) ) ;
#76 = LINE ( 'NONE', #431, #1850 ) ;
#77 = LINE ( 'NONE', #3705, #625 ) ;
#78 = SURFACE_STYLE_USAGE ( .BOTH. , #1063 ) ;
#79 = ORIENTED_EDGE ( 'NONE', *, *, #2859, .F. ) ;
#80 =( NAMED_UNIT ( * ) PLANE_ANGLE_UNIT ( ) SI_UNIT ( $, .RADIAN. ) );
#81 = PRESENTATION_STYLE_ASSIGNMENT (( #3058 ) ) ;
#82 = VECTOR ( 'NONE', #2329, 1000.000000000000000 ) ;
#83 = ORIENTED_EDGE ( 'NONE', *, *, #2950, .F. ) ;
#84 = DIRECTION ( 'NONE',  ( -0.0000000000000000000, -0.0000000000000000000, -1.000000000000000000 ) ) ;
#85 = PLANE ( 'NONE',  #3398 ) ;
#86 =( LENGTH_UNIT ( ) NAMED_UNIT ( * ) SI_UNIT ( .MILLI., .METRE. ) );
#87 = ORIENTED_EDGE ( 'NONE', *, *, #2926, .F. ) ;
#88 = DIRECTION ( 'NONE',  ( -1.000000000000000000, 0.0000000000000000000, 0.0000000000000000000 ) ) ;
#89 = PRODUCT ( 'Gr\X2\207f\X0\n', 'Gr\X2\207f\X0\n', '', ( #3894 ) ) ;
#90 = SURFACE_SIDE_STYLE ('',( #785 ) ) ;
#91 = SURFACE_SIDE_STYLE ('',( #3748 ) ) ;
#92 =( NAMED_UNIT ( * ) PLANE_ANGLE_UNIT ( ) SI_UNIT ( $, .RADIAN. ) );
#93 = EDGE_CURVE ( 'NONE', #770, #948, #2945, .T. ) ;
#94 = ORIENTED_EDGE ( 'NONE', *, *, #3432, .T. ) ;
#95 = DIRECTION ( 'NONE',  ( 0.0000000000000000000, 0.0000000000000000000, 1.000000000000000000 ) ) ;
#96 = CARTESIAN_POINT ( 'NONE',  ( -0.2000000000000000111, -0.2600000000000000089, 0.02000000000000000042 ) ) ;
#97 = CARTESIAN_POINT ( 'NONE',  ( 0.4085786437630000156, 0.2999999999999999889, 0.0000000000000000000 ) ) ;
#98 = ADVANCED_FACE ( 'NONE', ( #1674 ), #2963, .T. ) ;
#99 = ORIENTED_EDGE ( 'NONE', *, *, #1503, .T. ) ;
#100 = ORIENTED_EDGE ( 'NONE', *, *, #3570, .T. ) ;
#101 = SURFACE_STYLE_FILL_AREA ( #380 ) ;
#102 = ORIENTED_EDGE ( 'NONE', *, *, #2876, .F. ) ;
#103 = CARTESIAN_POINT ( 'NONE',  ( 0.5500000000000000444, 0.3499999999999999778, 4.286263797015999754E-17 ) ) ;
#104 = CARTESIAN_POINT ( 'NONE',  ( -0.4949999999999999956, -0.2999999999999999889, 0.06000000000000000472 ) ) ;
#105 = DIRECTION ( 'NONE',  ( 0.0000000000000000000, 0.0000000000000000000, 1.000000000000000000 ) ) ;
#106 = VECTOR ( 'NONE', #3958, 1000.000000000000000 ) ;
#107 = CARTESIAN_POINT ( 'NONE',  ( 0.4949999999999999956, -0.2999999999999999889, 0.06000000000000000472 ) ) ;
#108 = CARTESIAN_POINT ( 'NONE',  ( -0.1000000000000000056, 0.1499999999999999944, -3.877637236346249075E-20 ) ) ;
#109 = ORIENTED_EDGE ( 'NONE', *, *, #3342, .T. ) ;
#110 = AXIS2_PLACEMENT_3D ( 'NONE', #731, #2992, #3046 ) ;
#111 = AXIS2_PLACEMENT_3D ( 'NONE', #2626, #3311, #3964 ) ;
#112 = COLOUR_RGB ( '',0.7803921568627451011, 0.5686274509803921351, 0.1137254901960784298 ) ;
#113 =( NAMED_UNIT ( * ) PLANE_ANGLE_UNIT ( ) SI_UNIT ( $, .RADIAN. ) );
#114 = STYLED_ITEM ( 'NONE', ( #81 ), #1031 ) ;
#115 = PRESENTATION_STYLE_ASSIGNMENT (( #73 ) ) ;
#116 = STYLED_ITEM ( 'NONE', ( #2591 ), #3133 ) ;
#117 =( NAMED_UNIT ( * ) SI_UNIT ( $, .STERADIAN. ) SOLID_ANGLE_UNIT ( ) );
#118 = MECHANICAL_DESIGN_GEOMETRIC_PRESENTATION_REPRESENTATION (  '', ( #3599 ), #4083 ) ;
#119 = MECHANICAL_DESIGN_GEOMETRIC_PRESENTATION_REPRESENTATION (  '', ( #1302 ), #3882 ) ;
#120 = LINE ( 'NONE', #1060, #3736 ) ;
#121 = ADVANCED_FACE ( 'NONE', ( #464 ), #1087, .T. ) ;
#122 = PRESENTATION_LAYER_ASSIGNMENT (  '', '', ( #3463 ) ) ;
#123 = FILL_AREA_STYLE ('',( #2391 ) ) ;
#124 = CARTESIAN_POINT ( 'NONE',  ( -0.3000000000000000444, -0.2950000000000000400, 0.0000000000000000000 ) ) ;
#125 = ORIENTED_EDGE ( 'NONE', *, *, #11, .T. ) ;
#126 = ORIENTED_EDGE ( 'NONE', *, *, #783, .F. ) ;
#127 = COLOUR_RGB ( '',0.7803921568627451011, 0.5686274509803921351, 0.1137254901960784298 ) ;
#128 = EDGE_CURVE ( 'NONE', #3004, #1543, #2062, .T. ) ;
#129 = CARTESIAN_POINT ( 'NONE',  ( -0.5500000000000000444, 0.3499999999999999778, 0.07999999999999998779 ) ) ;
#130 = VECTOR ( 'NONE', #509, 1000.000000000000000 ) ;
#131 =( GEOMETRIC_REPRESENTATION_CONTEXT ( 3 ) GLOBAL_UNCERTAINTY_ASSIGNED_CONTEXT ( ( #1812 ) ) GLOBAL_UNIT_ASSIGNED_CONTEXT ( ( #2434, #374, #3050 ) ) REPRESENTATION_CONTEXT ( 'NONE', 'WORKASPACE' ) );
#132 = ORIENTED_EDGE ( 'NONE', *, *, #2583, .T. ) ;
#133 = FACE_OUTER_BOUND ( 'NONE', #719, .T. ) ;
#134 =( GEOMETRIC_REPRESENTATION_CONTEXT ( 3 ) GLOBAL_UNCERTAINTY_ASSIGNED_CONTEXT ( ( #2843 ) ) GLOBAL_UNIT_ASSIGNED_CONTEXT ( ( #936, #3600, #1051 ) ) REPRESENTATION_CONTEXT ( 'NONE', 'WORKASPACE' ) );
#135 = CARTESIAN_POINT ( 'NONE',  ( -0.3563508326896407952, -0.2999999999999550804, -3.673940397441449980E-17 ) ) ;
#136 = CARTESIAN_POINT ( 'NONE',  ( -0.5500000000000000444, -0.3499999999999999778, 0.02000000000000000042 ) ) ;
#137 =( NAMED_UNIT ( * ) PLANE_ANGLE_UNIT ( ) SI_UNIT ( $, .RADIAN. ) );
#138 = DIRECTION ( 'NONE',  ( -0.0000000000000000000, -0.0000000000000000000, -1.000000000000000000 ) ) ;
#139 = ORIENTED_EDGE ( 'NONE', *, *, #305, .T. ) ;
#140 =( NAMED_UNIT ( * ) PLANE_ANGLE_UNIT ( ) SI_UNIT ( $, .RADIAN. ) );
#141 = SURFACE_SIDE_STYLE ('',( #3122 ) ) ;
#142 =( NAMED_UNIT ( * ) PLANE_ANGLE_UNIT ( ) SI_UNIT ( $, .RADIAN. ) );
#143 = SURFACE_STYLE_USAGE ( .BOTH. , #517 ) ;
#144 = FACE_OUTER_BOUND ( 'NONE', #754, .T. ) ;
#145 = UNCERTAINTY_MEASURE_WITH_UNIT (LENGTH_MEASURE( 1.000000000000000082E-05 ), #2431, 'distance_accuracy_value', 'NONE');
#146 =( LENGTH_UNIT ( ) NAMED_UNIT ( * ) SI_UNIT ( .MILLI., .METRE. ) );
#147 =( LENGTH_UNIT ( ) NAMED_UNIT ( * ) SI_UNIT ( .MILLI., .METRE. ) );
#148 = LINE ( 'NONE', #3706, #2751 ) ;
#149 = ORIENTED_EDGE ( 'NONE', *, *, #3423, .F. ) ;
#150 = VECTOR ( 'NONE', #739, 1000.000000000000000 ) ;
#151 = ORIENTED_EDGE ( 'NONE', *, *, #71, .T. ) ;
#152 = UNCERTAINTY_MEASURE_WITH_UNIT (LENGTH_MEASURE( 1.000000000000000082E-05 ), #3359, 'distance_accuracy_value', 'NONE');
#153 = EDGE_CURVE ( 'NONE', #4198, #1099, #2422, .T. ) ;
#154 = VERTEX_POINT ( 'NONE', #794 ) ;
#155 =( NAMED_UNIT ( * ) PLANE_ANGLE_UNIT ( ) SI_UNIT ( $, .RADIAN. ) );
#156 = PRESENTATION_LAYER_ASSIGNMENT (  '', '', ( #930 ) ) ;
#157 = DIRECTION ( 'NONE',  ( -0.0000000000000000000, -1.000000000000000000, -1.224646799146999945E-16 ) ) ;
#158 = DIRECTION ( 'NONE',  ( -0.0000000000000000000, 0.0000000000000000000, 1.000000000000000000 ) ) ;
#159 = CYLINDRICAL_SURFACE ( 'NONE', #3553, 0.1700000000000000122 ) ;
#160 = PRODUCT_DEFINITION_FORMATION_WITH_SPECIFIED_SOURCE ( 'ANY', '', #1653, .NOT_KNOWN. ) ;
#161 = CARTESIAN_POINT ( 'NONE',  ( -0.5500000000000000444, -0.3499999999999999778, -4.286263797015999754E-17 ) ) ;
#162 = ADVANCED_FACE ( 'NONE', ( #1783 ), #3105, .T. ) ;
#163 = ORIENTED_EDGE ( 'NONE', *, *, #691, .F. ) ;
#164 = CARTESIAN_POINT ( 'NONE',  ( 0.5500000000000000444, 0.3499999999999999778, 4.286263797016499571E-17 ) ) ;
#165 = PRODUCT_CONTEXT ( 'NONE', #1899, 'mechanical' ) ;
#166 = VERTEX_POINT ( 'NONE', #2229 ) ;
#167 =( LENGTH_UNIT ( ) NAMED_UNIT ( * ) SI_UNIT ( .MILLI., .METRE. ) );
#168 = CARTESIAN_POINT ( 'NONE',  ( -0.4949999999999304956, -0.1891429205785696566, 0.06000000000000001166 ) ) ;
#169 = DIRECTION ( 'NONE',  ( -1.000000000000000000, 0.0000000000000000000, 0.0000000000000000000 ) ) ;
#170 = CARTESIAN_POINT ( 'NONE',  ( -0.5500000000000000444, -0.3499999999999999778, 4.286263797010336595E-17 ) ) ;
#171 = ORIENTED_EDGE ( 'NONE', *, *, #2107, .F. ) ;
#172 = ORIENTED_EDGE ( 'NONE', *, *, #2058, .F. ) ;
#173 = CARTESIAN_POINT ( 'NONE',  ( 0.4749999999998638089, -0.1645950378226634925, 2.015707862251542426E-17 ) ) ;
#174 =( NAMED_UNIT ( * ) PLANE_ANGLE_UNIT ( ) SI_UNIT ( $, .RADIAN. ) );
#175 = VERTEX_POINT ( 'NONE', #1541 ) ;
#176 = FACE_OUTER_BOUND ( 'NONE', #483, .T. ) ;
#177 = VECTOR ( 'NONE', #3430, 1000.000000000000000 ) ;
#178 = EDGE_CURVE ( 'NONE', #2649, #2525, #523, .T. ) ;
#179 = FILL_AREA_STYLE_COLOUR ( '', #2121 ) ;
#180 = ORIENTED_EDGE ( 'NONE', *, *, #2876, .T. ) ;
#181 = CARTESIAN_POINT ( 'NONE',  ( -0.3713942890050412338, -0.2600000000000000089, 0.02000000000000000042 ) ) ;
#182 = EDGE_CURVE ( 'NONE', #3336, #3416, #2505, .T. ) ;
#183 = VECTOR ( 'NONE', #1109, 1000.000000000000000 ) ;
#184 = CARTESIAN_POINT ( 'NONE',  ( -0.2000000000000000111, -0.2999999999999999889, 0.08000000000000000167 ) ) ;
#185 = PRESENTATION_STYLE_ASSIGNMENT (( #2204 ) ) ;
#186 = CIRCLE ( 'NONE', #1297, 0.2400000000000000189 ) ;
#187 = MECHANICAL_DESIGN_GEOMETRIC_PRESENTATION_REPRESENTATION (  '', ( #2810 ), #2050 ) ;
#188 = SURFACE_SIDE_STYLE ('',( #3234 ) ) ;
#189 = COLOUR_RGB ( '',0.7803921568627451011, 0.5686274509803921351, 0.1137254901960784298 ) ;
#190 =( NAMED_UNIT ( * ) SI_UNIT ( $, .STERADIAN. ) SOLID_ANGLE_UNIT ( ) );
#191 = VECTOR ( 'NONE', #1221, 1000.000000000000000 ) ;
#192 = ORIENTED_EDGE ( 'NONE', *, *, #93, .T. ) ;
#193 =( LENGTH_UNIT ( ) NAMED_UNIT ( * ) SI_UNIT ( .MILLI., .METRE. ) );
#194 = COLOUR_RGB ( '',0.7803921568627451011, 0.5686274509803921351, 0.1137254901960784298 ) ;
#195 = PRESENTATION_LAYER_ASSIGNMENT (  '', '', ( #1927 ) ) ;
#196 =( NAMED_UNIT ( * ) SI_UNIT ( $, .STERADIAN. ) SOLID_ANGLE_UNIT ( ) );
#197 = AXIS2_PLACEMENT_3D ( 'NONE', #2366, #4010, #3410 ) ;
#198 = ORIENTED_EDGE ( 'NONE', *, *, #803, .F. ) ;
#199 = CARTESIAN_POINT ( 'NONE',  ( -0.2999999999999999889, 0.2999999999999999889, 0.0000000000000000000 ) ) ;
#200 = CARTESIAN_POINT ( 'NONE',  ( -0.4949999999999999956, 0.2999999999999999889, 0.02000000000000000042 ) ) ;
#201 = CARTESIAN_POINT ( 'NONE',  ( -0.2950000000000000400, -0.2999999999999999889, 0.0000000000000000000 ) ) ;
#202 = PRESENTATION_LAYER_ASSIGNMENT (  '', '', ( #329 ) ) ;
#203 = COLOUR_RGB ( '',0.8274509803921568096, 0.8274509803921568096, 0.8274509803921568096 ) ;
#204 = CARTESIAN_POINT ( 'NONE',  ( 0.4749999999999319211, -0.1645950378226359589, 0.08000000000000001554 ) ) ;
#205 = ORIENTED_EDGE ( 'NONE', *, *, #783, .T. ) ;
#206 = AXIS2_PLACEMENT_3D ( 'NONE', #1197, #1176, #3481 ) ;
#207 = LINE ( 'NONE', #2846, #1874 ) ;
#208 = PRESENTATION_LAYER_ASSIGNMENT (  '', '', ( #336 ) ) ;
#209 =( GEOMETRIC_REPRESENTATION_CONTEXT ( 3 ) GLOBAL_UNCERTAINTY_ASSIGNED_CONTEXT ( ( #3333 ) ) GLOBAL_UNIT_ASSIGNED_CONTEXT ( ( #147, #2766, #2073 ) ) REPRESENTATION_CONTEXT ( 'NONE', 'WORKASPACE' ) );
#210 = AXIS2_PLACEMENT_3D ( 'NONE', #636, #4273, #1305 ) ;
#211 = DIRECTION ( 'NONE',  ( 1.000000000000000000, 0.0000000000000000000, 0.0000000000000000000 ) ) ;
#212 = STYLED_ITEM ( 'NONE', ( #2918 ), #2111 ) ;
#213 = EDGE_CURVE ( 'NONE', #3004, #1646, #1220, .T. ) ;
#214 = SURFACE_STYLE_USAGE ( .BOTH. , #542 ) ;
#215 = ORIENTED_EDGE ( 'NONE', *, *, #1256, .F. ) ;
#216 = EDGE_CURVE ( 'NONE', #592, #1114, #401, .T. ) ;
#217 =( NAMED_UNIT ( * ) SI_UNIT ( $, .STERADIAN. ) SOLID_ANGLE_UNIT ( ) );
#218 = SURFACE_SIDE_STYLE ('',( #2149 ) ) ;
#219 = ORIENTED_EDGE ( 'NONE', *, *, #2347, .T. ) ;
#220 =( LENGTH_UNIT ( ) NAMED_UNIT ( * ) SI_UNIT ( .MILLI., .METRE. ) );
#221 = CARTESIAN_POINT ( 'NONE',  ( -0.1000000000000000056, 0.2999999999999999889, 0.0000000000000000000 ) ) ;
#222 =( GEOMETRIC_REPRESENTATION_CONTEXT ( 3 ) GLOBAL_UNCERTAINTY_ASSIGNED_CONTEXT ( ( #2008 ) ) GLOBAL_UNIT_ASSIGNED_CONTEXT ( ( #519, #1179, #3235 ) ) REPRESENTATION_CONTEXT ( 'NONE', 'WORKASPACE' ) );
#223 = VERTEX_POINT ( 'NONE', #4185 ) ;
#224 = LINE ( 'NONE', #557, #3193 ) ;
#225 = AXIS2_PLACEMENT_3D ( 'NONE', #578, #3500, #3478 ) ;
#226 = CARTESIAN_POINT ( 'NONE',  ( -0.4999999999999551470, 0.1563508326896407286, 0.07999999999999998779 ) ) ;
#227 = APPLICATION_PROTOCOL_DEFINITION ( 'draft international standard', 'automotive_design', 1998, #25 ) ;
#228 =( LENGTH_UNIT ( ) NAMED_UNIT ( * ) SI_UNIT ( .MILLI., .METRE. ) );
#229 = FACE_OUTER_BOUND ( 'NONE', #2768, .T. ) ;
#230 = SURFACE_STYLE_FILL_AREA ( #2802 ) ;
#231 = EDGE_CURVE ( 'NONE', #2365, #699, #2521, .T. ) ;
#232 = CARTESIAN_POINT ( 'NONE',  ( -0.4749999999999319766, -0.1645950378226359312, 3.150985829628107931E-17 ) ) ;
#233 = ORIENTED_EDGE ( 'NONE', *, *, #178, .T. ) ;
#234 = CARTESIAN_POINT ( 'NONE',  ( -0.5000000000000000000, -0.2999999999999999889, 0.08000000000000000167 ) ) ;
#235 = CARTESIAN_POINT ( 'NONE',  ( -0.5000000000000000000, 0.2999999999999999889, 0.06000000000000000472 ) ) ;
#236 = CARTESIAN_POINT ( 'NONE',  ( -0.2999999999999999889, 0.2999999999999999889, 0.1400000000000000133 ) ) ;
#237 = ADVANCED_FACE ( 'NONE', ( #1184 ), #1518, .T. ) ;
#238 = VERTEX_POINT ( 'NONE', #2458 ) ;
#239 = SURFACE_STYLE_USAGE ( .BOTH. , #2789 ) ;
#240 = PRESENTATION_STYLE_ASSIGNMENT (( #3223 ) ) ;
#241 = PLANE ( 'NONE',  #2812 ) ;
#242 = VERTEX_POINT ( 'NONE', #3554 ) ;
#243 = FACE_OUTER_BOUND ( 'NONE', #435, .T. ) ;
#244 = SURFACE_STYLE_USAGE ( .BOTH. , #2283 ) ;
#245 = STYLED_ITEM ( 'NONE', ( #643 ), #2450 ) ;
#246 = CARTESIAN_POINT ( 'NONE',  ( 0.0000000000000000000, 0.0000000000000000000, 0.0000000000000000000 ) ) ;
#247 = SURFACE_STYLE_FILL_AREA ( #727 ) ;
#248 = CARTESIAN_POINT ( 'NONE',  ( 0.4749999999999999778, 0.2999999999999999889, 0.0000000000000000000 ) ) ;
#249 = CIRCLE ( 'NONE', #111, 0.2000000000000000111 ) ;
#250 = SURFACE_SIDE_STYLE ('',( #4181 ) ) ;
#251 = STYLED_ITEM ( 'NONE', ( #3513 ), #3949 ) ;
#252 = VERTEX_POINT ( 'NONE', #570 ) ;
#253 =( NAMED_UNIT ( * ) PLANE_ANGLE_UNIT ( ) SI_UNIT ( $, .RADIAN. ) );
#254 = AXIS2_PLACEMENT_3D ( 'NONE', #1334, #2317, #1944 ) ;
#255 = EDGE_CURVE ( 'NONE', #778, #1843, #2148, .T. ) ;
#256 = AXIS2_PLACEMENT_3D ( 'NONE', #2155, #4192, #3517 ) ;
#257 = DIRECTION ( 'NONE',  ( -0.0000000000000000000, 1.224646799146999945E-16, -1.000000000000000000 ) ) ;
#258 = DIRECTION ( 'NONE',  ( -0.0000000000000000000, 1.000000000000000000, 0.0000000000000000000 ) ) ;
#259 = VECTOR ( 'NONE', #311, 1000.000000000000000 ) ;
#260 =( GEOMETRIC_REPRESENTATION_CONTEXT ( 3 ) GLOBAL_UNCERTAINTY_ASSIGNED_CONTEXT ( ( #1896 ) ) GLOBAL_UNIT_ASSIGNED_CONTEXT ( ( #2660, #297, #1024 ) ) REPRESENTATION_CONTEXT ( 'NONE', 'WORKASPACE' ) );
#261 = ORIENTED_EDGE ( 'NONE', *, *, #2201, .T. ) ;
#262 = CARTESIAN_POINT ( 'NONE',  ( -0.2849999999999999756, 0.2849999999999999756, 0.1400000000000000133 ) ) ;
#263 = MECHANICAL_DESIGN_GEOMETRIC_PRESENTATION_REPRESENTATION (  '', ( #2130 ), #1928 ) ;
#264 = EDGE_CURVE ( 'NONE', #1823, #166, #1203, .T. ) ;
#265 = DIRECTION ( 'NONE',  ( -1.000000000000000000, -0.0000000000000000000, 0.0000000000000000000 ) ) ;
#266 = FILL_AREA_STYLE_COLOUR ( '', #1986 ) ;
#267 = VECTOR ( 'NONE', #4158, 1000.000000000000000 ) ;
#268 = ORIENTED_EDGE ( 'NONE', *, *, #415, .T. ) ;
#269 = LINE ( 'NONE', #1598, #2198 ) ;
#270 = VECTOR ( 'NONE', #1467, 1000.000000000000000 ) ;
#271 = STYLED_ITEM ( 'NONE', ( #1916 ), #3107 ) ;
#272 = SURFACE_STYLE_USAGE ( .BOTH. , #3581 ) ;
#273 = AXIS2_PLACEMENT_3D ( 'NONE', #1801, #2565, #169 ) ;
#274 = FILL_AREA_STYLE ('',( #1294 ) ) ;
#275 = ORIENTED_EDGE ( 'NONE', *, *, #3030, .F. ) ;
#276 = FILL_AREA_STYLE ('',( #1277 ) ) ;
#277 = FACE_OUTER_BOUND ( 'NONE', #867, .T. ) ;
#278 = UNCERTAINTY_MEASURE_WITH_UNIT (LENGTH_MEASURE( 1.000000000000000082E-05 ), #3300, 'distance_accuracy_value', 'NONE');
#279 = CARTESIAN_POINT ( 'NONE',  ( 0.1000000000000000194, -0.2999999999999999889, -0.01000000000000000021 ) ) ;
#280 = EDGE_LOOP ( 'NONE', ( #2448, #971, #1200, #2285, #798, #172, #2340, #2290, #9, #3074, #3241, #639, #3738, #3150 ) ) ;
#281 = FACE_OUTER_BOUND ( 'NONE', #1601, .T. ) ;
#282 = ADVANCED_FACE ( 'NONE', ( #1891 ), #1585, .T. ) ;
#283 = ORIENTED_EDGE ( 'NONE', *, *, #3238, .T. ) ;
#284 = SURFACE_SIDE_STYLE ('',( #3273 ) ) ;
#285 = ADVANCED_FACE ( 'NONE', ( #277 ), #2286, .F. ) ;
#286 = FILL_AREA_STYLE_COLOUR ( '', #1771 ) ;
#287 = CARTESIAN_POINT ( 'NONE',  ( 0.4949999999999999956, -0.1891429205787729384, 0.02000000000000001082 ) ) ;
#288 =( NAMED_UNIT ( * ) SI_UNIT ( $, .STERADIAN. ) SOLID_ANGLE_UNIT ( ) );
#289 = MECHANICAL_DESIGN_GEOMETRIC_PRESENTATION_REPRESENTATION (  '', ( #871 ), #907 ) ;
#290 = VERTEX_POINT ( 'NONE', #3830 ) ;
#291 = ORIENTED_EDGE ( 'NONE', *, *, #3322, .F. ) ;
#292 = DIRECTION ( 'NONE',  ( 1.000000000000000000, -9.274621392321998436E-15, 1.135813540141000073E-30 ) ) ;
#293 = CARTESIAN_POINT ( 'NONE',  ( 0.4949999999999999956, 0.2999999999999999889, 0.02000000000000000042 ) ) ;
#294 = CARTESIAN_POINT ( 'NONE',  ( -0.3152661081140000210, -0.2999999999999999889, 0.0000000000000000000 ) ) ;
#295 = EDGE_LOOP ( 'NONE', ( #832, #99, #497, #74 ) ) ;
#296 = FILL_AREA_STYLE ('',( #2250 ) ) ;
#297 =( NAMED_UNIT ( * ) PLANE_ANGLE_UNIT ( ) SI_UNIT ( $, .RADIAN. ) );
#298 = ORIENTED_EDGE ( 'NONE', *, *, #454, .F. ) ;
#299 = SURFACE_STYLE_FILL_AREA ( #1346 ) ;
#300 = EDGE_CURVE ( 'NONE', #3458, #175, #3951, .T. ) ;
#301 = MECHANICAL_DESIGN_GEOMETRIC_PRESENTATION_REPRESENTATION (  '', ( #659 ), #4127 ) ;
#302 = ORIENTED_EDGE ( 'NONE', *, *, #2150, .T. ) ;
#303 = VECTOR ( 'NONE', #442, 1000.000000000000000 ) ;
#304 = FACE_OUTER_BOUND ( 'NONE', #3619, .T. ) ;
#305 = EDGE_CURVE ( 'NONE', #3531, #386, #3814, .T. ) ;
#306 = DIRECTION ( 'NONE',  ( -0.0000000000000000000, -0.0000000000000000000, 1.000000000000000000 ) ) ;
#307 = ORIENTED_EDGE ( 'NONE', *, *, #1219, .F. ) ;
#308 = PLANE ( 'NONE',  #2543 ) ;
#309 = SURFACE_STYLE_FILL_AREA ( #1019 ) ;
#310 =( NAMED_UNIT ( * ) PLANE_ANGLE_UNIT ( ) SI_UNIT ( $, .RADIAN. ) );
#311 = DIRECTION ( 'NONE',  ( 0.0000000000000000000, 0.0000000000000000000, -1.000000000000000000 ) ) ;
#312 = ORIENTED_EDGE ( 'NONE', *, *, #2776, .T. ) ;
#313 = ORIENTED_EDGE ( 'NONE', *, *, #2611, .T. ) ;
#314 = MECHANICAL_DESIGN_GEOMETRIC_PRESENTATION_REPRESENTATION (  '', ( #952 ), #777 ) ;
#315 = DIRECTION ( 'NONE',  ( -1.000000000000000000, 0.0000000000000000000, 0.0000000000000000000 ) ) ;
#316 = VECTOR ( 'NONE', #44, 1000.000000000000000 ) ;
#317 = AXIS2_PLACEMENT_3D ( 'NONE', #1651, #2983, #993 ) ;
#318 = COLOUR_RGB ( '',0.7803921568627451011, 0.5686274509803921351, 0.1137254901960784298 ) ;
#319 = VECTOR ( 'NONE', #4084, 1000.000000000000000 ) ;
#320 = ORIENTED_EDGE ( 'NONE', *, *, #940, .F. ) ;
#321 = DIRECTION ( 'NONE',  ( 0.0000000000000000000, -0.0000000000000000000, 1.000000000000000000 ) ) ;
#322 =( GEOMETRIC_REPRESENTATION_CONTEXT ( 3 ) GLOBAL_UNCERTAINTY_ASSIGNED_CONTEXT ( ( #2659 ) ) GLOBAL_UNIT_ASSIGNED_CONTEXT ( ( #1542, #882, #3154 ) ) REPRESENTATION_CONTEXT ( 'NONE', 'WORKASPACE' ) );
#323 = PRESENTATION_STYLE_ASSIGNMENT (( #2688 ) ) ;
#324 = FILL_AREA_STYLE ('',( #3616 ) ) ;
#325 = PRESENTATION_LAYER_ASSIGNMENT (  '', '', ( #2206 ) ) ;
#326 = DIRECTION ( 'NONE',  ( 0.0000000000000000000, -1.224646799146999945E-16, -1.000000000000000000 ) ) ;
#327 = PRODUCT_DEFINITION_SHAPE ( 'NONE', 'NONE',  #4302 ) ;
#328 = PLANE ( 'NONE',  #1508 ) ;
#329 = STYLED_ITEM ( 'NONE', ( #886 ), #3314 ) ;
#330 = PRESENTATION_LAYER_ASSIGNMENT (  '', '', ( #553 ) ) ;
#331 = FILL_AREA_STYLE ('',( #2304 ) ) ;
#332 = FILL_AREA_STYLE_COLOUR ( '', #2087 ) ;
#333 = EDGE_CURVE ( 'NONE', #2195, #353, #1278, .T. ) ;
#334 = ORIENTED_EDGE ( 'NONE', *, *, #3918, .T. ) ;
#335 = STYLED_ITEM ( 'NONE', ( #3136 ), #717 ) ;
#336 = STYLED_ITEM ( 'NONE', ( #3447 ), #2982 ) ;
#337 = CARTESIAN_POINT ( 'NONE',  ( 0.5500000000000000444, -0.3499999999999999778, 0.0000000000000000000 ) ) ;
#338 = VECTOR ( 'NONE', #2141, 1000.000000000000000 ) ;
#339 = LINE ( 'NONE', #3302, #4101 ) ;
#340 = EDGE_LOOP ( 'NONE', ( #2443, #307, #2837, #2059 ) ) ;
#341 = ORIENTED_EDGE ( 'NONE', *, *, #962, .F. ) ;
#342 = VECTOR ( 'NONE', #3688, 1000.000000000000000 ) ;
#343 = DIRECTION ( 'NONE',  ( -1.000000000000000000, 0.0000000000000000000, 0.0000000000000000000 ) ) ;
#344 = ORIENTED_EDGE ( 'NONE', *, *, #1721, .F. ) ;
#345 = CARTESIAN_POINT ( 'NONE',  ( -0.3875192319071404379, 0.2999999999999999889, 0.02000000000000003858 ) ) ;
#346 = SURFACE_SIDE_STYLE ('',( #4026 ) ) ;
#347 = ORIENTED_EDGE ( 'NONE', *, *, #3787, .T. ) ;
#348 = FILL_AREA_STYLE ('',( #4004 ) ) ;
#349 = DIRECTION ( 'NONE',  ( -0.0000000000000000000, 1.224646799146999945E-16, 1.000000000000000000 ) ) ;
#350 = CYLINDRICAL_SURFACE ( 'NONE', #2520, 0.2000000000000000111 ) ;
#351 =( LENGTH_UNIT ( ) NAMED_UNIT ( * ) SI_UNIT ( .MILLI., .METRE. ) );
#352 = STYLED_ITEM ( 'NONE', ( #4120 ), #3779 ) ;
#353 = VERTEX_POINT ( 'NONE', #3968 ) ;
#354 = CARTESIAN_POINT ( 'NONE',  ( 0.5000000000000000000, 0.2999999999999999889, 0.0000000000000000000 ) ) ;
#355 = EDGE_CURVE ( 'NONE', #2484, #3156, #667, .T. ) ;
#356 = DIRECTION ( 'NONE',  ( 0.0000000000000000000, 0.0000000000000000000, 1.000000000000000000 ) ) ;
#357 = CARTESIAN_POINT ( 'NONE',  ( 0.4949999999999999956, -0.2999999999999999889, 0.06000000000000000472 ) ) ;
#358 = ORIENTED_EDGE ( 'NONE', *, *, #3565, .T. ) ;
#359 = CARTESIAN_POINT ( 'NONE',  ( -0.2999999999999999889, 0.2999999999999999889, 0.0000000000000000000 ) ) ;
#360 = EDGE_CURVE ( 'NONE', #2525, #3860, #2245, .T. ) ;
#361 = UNCERTAINTY_MEASURE_WITH_UNIT (LENGTH_MEASURE( 1.000000000000000082E-05 ), #2970, 'distance_accuracy_value', 'NONE');
#362 = FILL_AREA_STYLE ('',( #3354 ) ) ;
#363 = PRODUCT ( 'Cut005', 'Cut005', '', ( #165 ) ) ;
#364 = ORIENTED_EDGE ( 'NONE', *, *, #685, .T. ) ;
#365 = SURFACE_STYLE_FILL_AREA ( #2017 ) ;
#366 = DIRECTION ( 'NONE',  ( 0.0000000000000000000, 0.0000000000000000000, 1.000000000000000000 ) ) ;
#367 = DIRECTION ( 'NONE',  ( 0.0000000000000000000, 0.0000000000000000000, 1.000000000000000000 ) ) ;
#368 =( LENGTH_UNIT ( ) NAMED_UNIT ( * ) SI_UNIT ( .MILLI., .METRE. ) );
#369 = VERTEX_POINT ( 'NONE', #3664 ) ;
#370 = PRESENTATION_LAYER_ASSIGNMENT (  '', '', ( #3441 ) ) ;
#371 =( NAMED_UNIT ( * ) SI_UNIT ( $, .STERADIAN. ) SOLID_ANGLE_UNIT ( ) );
#372 = VERTEX_POINT ( 'NONE', #3237 ) ;
#373 = DIRECTION ( 'NONE',  ( -0.0000000000000000000, -0.0000000000000000000, 1.000000000000000000 ) ) ;
#374 =( NAMED_UNIT ( * ) PLANE_ANGLE_UNIT ( ) SI_UNIT ( $, .RADIAN. ) );
#375 = CARTESIAN_POINT ( 'NONE',  ( -0.4749999999998638645, -0.1645950378226634647, 2.015707862251541810E-17 ) ) ;
#376 = SURFACE_SIDE_STYLE ('',( #1991 ) ) ;
#377 = DIRECTION ( 'NONE',  ( 0.0000000000000000000, 0.0000000000000000000, 1.000000000000000000 ) ) ;
#378 = EDGE_CURVE ( 'NONE', #2065, #1458, #2996, .T. ) ;
#379 = ORIENTED_EDGE ( 'NONE', *, *, #2690, .F. ) ;
#380 = FILL_AREA_STYLE ('',( #2051 ) ) ;
#381 =( NAMED_UNIT ( * ) SI_UNIT ( $, .STERADIAN. ) SOLID_ANGLE_UNIT ( ) );
#382 = CARTESIAN_POINT ( 'NONE',  ( 0.4949999999999999956, 0.2999999999999999889, 0.02000000000000000042 ) ) ;
#383 = MECHANICAL_DESIGN_GEOMETRIC_PRESENTATION_REPRESENTATION (  '', ( #4213 ), #4139 ) ;
#384 = COLOUR_RGB ( '',0.7803921568627451011, 0.5686274509803921351, 0.1137254901960784298 ) ;
#385 = EDGE_CURVE ( 'NONE', #1545, #2656, #2028, .T. ) ;
#386 = VERTEX_POINT ( 'NONE', #2720 ) ;
#387 = PRESENTATION_STYLE_ASSIGNMENT (( #3421 ) ) ;
#388 = VECTOR ( 'NONE', #3839, 1000.000000000000000 ) ;
#389 = CARTESIAN_POINT ( 'NONE',  ( -0.2000000000000000111, 0.2999999999999999889, 0.02000000000000000042 ) ) ;
#390 = COLOUR_RGB ( '',0.7803921568627451011, 0.5686274509803921351, 0.1137254901960784298 ) ;
#391 = COLOUR_RGB ( '',0.8274509803921568096, 0.8274509803921568096, 0.8274509803921568096 ) ;
#392 =( LENGTH_UNIT ( ) NAMED_UNIT ( * ) SI_UNIT ( .MILLI., .METRE. ) );
#393 =( GEOMETRIC_REPRESENTATION_CONTEXT ( 3 ) GLOBAL_UNCERTAINTY_ASSIGNED_CONTEXT ( ( #2529 ) ) GLOBAL_UNIT_ASSIGNED_CONTEXT ( ( #2253, #3883, #2530 ) ) REPRESENTATION_CONTEXT ( 'NONE', 'WORKASPACE' ) );
#394 = AXIS2_PLACEMENT_3D ( 'NONE', #3645, #4022, #343 ) ;
#395 = EDGE_LOOP ( 'NONE', ( #1869, #379, #3775, #2799 ) ) ;
#396 = SURFACE_STYLE_USAGE ( .BOTH. , #3010 ) ;
#397 = AXIS2_PLACEMENT_3D ( 'NONE', #1655, #2969, #3977 ) ;
#398 = CLOSED_SHELL ( 'NONE', ( #3314, #2452, #1038, #3709, #2450, #4146, #1483, #2741, #1250, #1120 ) ) ;
#399 = DIRECTION ( 'NONE',  ( -1.000000000000000000, 0.0000000000000000000, 0.0000000000000000000 ) ) ;
#400 = FACE_OUTER_BOUND ( 'NONE', #1412, .T. ) ;
#401 = CIRCLE ( 'NONE', #2682, 0.1700000000000000122 ) ;
#402 = VERTEX_POINT ( 'NONE', #456 ) ;
#403 = LINE ( 'NONE', #1734, #2330 ) ;
#404 = MECHANICAL_DESIGN_GEOMETRIC_PRESENTATION_REPRESENTATION (  '', ( #2332 ), #972 ) ;
#405 = CARTESIAN_POINT ( 'NONE',  ( 0.5000000000000000000, 0.2999999999999999889, 0.08000000000000000167 ) ) ;
#406 = SURFACE_SIDE_STYLE ('',( #1707 ) ) ;
#407 = COLOUR_RGB ( '',0.7803921568627451011, 0.5686274509803921351, 0.1137254901960784298 ) ;
#408 = DIRECTION ( 'NONE',  ( 0.0000000000000000000, -1.224646799146999945E-16, -1.000000000000000000 ) ) ;
#409 =( GEOMETRIC_REPRESENTATION_CONTEXT ( 3 ) GLOBAL_UNCERTAINTY_ASSIGNED_CONTEXT ( ( #4166 ) ) GLOBAL_UNIT_ASSIGNED_CONTEXT ( ( #750, #2082, #1829 ) ) REPRESENTATION_CONTEXT ( 'NONE', 'WORKASPACE' ) );
#410 = VECTOR ( 'NONE', #3911, 1000.000000000000000 ) ;
#411 = MECHANICAL_DESIGN_GEOMETRIC_PRESENTATION_REPRESENTATION (  '', ( #2764 ), #209 ) ;
#412 = CARTESIAN_POINT ( 'NONE',  ( 0.2950000000000000400, -0.2950000000000000400, 0.0000000000000000000 ) ) ;
#413 = UNCERTAINTY_MEASURE_WITH_UNIT (LENGTH_MEASURE( 1.000000000000000082E-05 ), #3618, 'distance_accuracy_value', 'NONE');
#414 = CARTESIAN_POINT ( 'NONE',  ( 0.3875192319069999947, 0.2999999999999999889, 0.0000000000000000000 ) ) ;
#415 = EDGE_CURVE ( 'NONE', #1888, #910, #3686, .T. ) ;
#416 = AXIS2_PLACEMENT_3D ( 'NONE', #236, #2247, #1814 ) ;
#417 = ORIENTED_EDGE ( 'NONE', *, *, #2604, .F. ) ;
#418 = FACE_OUTER_BOUND ( 'NONE', #1940, .T. ) ;
#419 = MANIFOLD_SOLID_BREP ( 'Imported1', #398 ) ;
#420 = DIRECTION ( 'NONE',  ( 0.0000000000000000000, 0.0000000000000000000, 1.000000000000000000 ) ) ;
#421 = EDGE_CURVE ( 'NONE', #4255, #3336, #3472, .T. ) ;
#422 = LINE ( 'NONE', #1748, #4071 ) ;
#423 = DIRECTION ( 'NONE',  ( -1.084202172485504434E-15, 1.000000000000000000, 1.224646799146999945E-16 ) ) ;
#424 = ORIENTED_EDGE ( 'NONE', *, *, #3265, .T. ) ;
#425 = CARTESIAN_POINT ( 'NONE',  ( -0.1000000000000000056, -0.1500000000000000222, -1.163291170903874963E-19 ) ) ;
#426 = EDGE_CURVE ( 'NONE', #353, #4077, #3092, .T. ) ;
#427 = LINE ( 'NONE', #2109, #539 ) ;
#428 = PRESENTATION_STYLE_ASSIGNMENT (( #3408 ) ) ;
#429 =( NAMED_UNIT ( * ) SI_UNIT ( $, .STERADIAN. ) SOLID_ANGLE_UNIT ( ) );
#430 = FILL_AREA_STYLE ('',( #2700 ) ) ;
#431 = CARTESIAN_POINT ( 'NONE',  ( 0.4949999999999999956, 0.2999999999999999889, 0.05999999999999999778 ) ) ;
#432 = SURFACE_STYLE_FILL_AREA ( #3053 ) ;
#433 =( GEOMETRIC_REPRESENTATION_CONTEXT ( 3 ) GLOBAL_UNCERTAINTY_ASSIGNED_CONTEXT ( ( #1018 ) ) GLOBAL_UNIT_ASSIGNED_CONTEXT ( ( #598, #3216, #1582 ) ) REPRESENTATION_CONTEXT ( 'NONE', 'WORKASPACE' ) );
#434 = SURFACE_SIDE_STYLE ('',( #790 ) ) ;
#435 = EDGE_LOOP ( 'NONE', ( #1654, #3090, #132, #2483 ) ) ;
#436 = ORIENTED_EDGE ( 'NONE', *, *, #3998, .T. ) ;
#437 = FILL_AREA_STYLE ('',( #2011 ) ) ;
#438 = PRESENTATION_STYLE_ASSIGNMENT (( #3417 ) ) ;
#439 = STYLED_ITEM ( 'NONE', ( #1129 ), #1657 ) ;
#440 = DIRECTION ( 'NONE',  ( 1.000000000000000000, -0.0000000000000000000, 0.0000000000000000000 ) ) ;
#441 = ORIENTED_EDGE ( 'NONE', *, *, #3928, .T. ) ;
#442 = DIRECTION ( 'NONE',  ( 0.0000000000000000000, 1.224646799146999945E-16, -1.000000000000000000 ) ) ;
#443 = SURFACE_STYLE_USAGE ( .BOTH. , #818 ) ;
#444 = FACE_OUTER_BOUND ( 'NONE', #1912, .T. ) ;
#445 = SURFACE_STYLE_FILL_AREA ( #2381 ) ;
#446 = ORIENTED_EDGE ( 'NONE', *, *, #1402, .T. ) ;
#447 = CARTESIAN_POINT ( 'NONE',  ( 0.5000000000000000000, 0.2999999999999999889, 0.0000000000000000000 ) ) ;
#448 = EDGE_CURVE ( 'NONE', #931, #3496, #120, .T. ) ;
#449 = MANIFOLD_SOLID_BREP ( 'Imported1', #2470 ) ;
#450 =( LENGTH_UNIT ( ) NAMED_UNIT ( * ) SI_UNIT ( .MILLI., .METRE. ) );
#451 = CARTESIAN_POINT ( 'NONE',  ( -0.2000000000000000111, 0.2600000000000000089, 0.02000000000000000042 ) ) ;
#452 = FILL_AREA_STYLE ('',( #2090 ) ) ;
#453 = LINE ( 'NONE', #3825, #1243 ) ;
#454 = EDGE_CURVE ( 'NONE', #778, #3059, #3411, .T. ) ;
#455 =( NAMED_UNIT ( * ) SI_UNIT ( $, .STERADIAN. ) SOLID_ANGLE_UNIT ( ) );
#456 = CARTESIAN_POINT ( 'NONE',  ( -0.4949999999999611933, 0.1577111547697170046, 0.05999999999999998390 ) ) ;
#457 = CARTESIAN_POINT ( 'NONE',  ( 0.4949999999998611067, 0.1891429205785933598, 0.02000000000000000042 ) ) ;
#458 =( LENGTH_UNIT ( ) NAMED_UNIT ( * ) SI_UNIT ( .MILLI., .METRE. ) );
#459 = AXIS2_PLACEMENT_3D ( 'NONE', #1613, #999, #4300 ) ;
#460 = ORIENTED_EDGE ( 'NONE', *, *, #3957, .T. ) ;
#461 = VERTEX_POINT ( 'NONE', #762 ) ;
#462 = PRESENTATION_STYLE_ASSIGNMENT (( #3437 ) ) ;
#463 =( GEOMETRIC_REPRESENTATION_CONTEXT ( 3 ) GLOBAL_UNCERTAINTY_ASSIGNED_CONTEXT ( ( #152 ) ) GLOBAL_UNIT_ASSIGNED_CONTEXT ( ( #3359, #2738, #1700 ) ) REPRESENTATION_CONTEXT ( 'NONE', 'WORKASPACE' ) );
#464 = FACE_OUTER_BOUND ( 'NONE', #1420, .T. ) ;
#465 = UNCERTAINTY_MEASURE_WITH_UNIT (LENGTH_MEASURE( 1.000000000000000082E-05 ), #1315, 'distance_accuracy_value', 'NONE');
#466 = CARTESIAN_POINT ( 'NONE',  ( 0.1000000000000000056, 0.2999999999999999889, 0.0000000000000000000 ) ) ;
#467 =( GEOMETRIC_REPRESENTATION_CONTEXT ( 3 ) GLOBAL_UNCERTAINTY_ASSIGNED_CONTEXT ( ( #2619 ) ) GLOBAL_UNIT_ASSIGNED_CONTEXT ( ( #950, #1616, #3636 ) ) REPRESENTATION_CONTEXT ( 'NONE', 'WORKASPACE' ) );
#468 = ORIENTED_EDGE ( 'NONE', *, *, #4029, .T. ) ;
#469 = DIRECTION ( 'NONE',  ( 0.0000000000000000000, 1.224646799146999945E-16, -1.000000000000000000 ) ) ;
#470 = VECTOR ( 'NONE', #1736, 1000.000000000000000 ) ;
#471 =( GEOMETRIC_REPRESENTATION_CONTEXT ( 3 ) GLOBAL_UNCERTAINTY_ASSIGNED_CONTEXT ( ( #723 ) ) GLOBAL_UNIT_ASSIGNED_CONTEXT ( ( #450, #113, #4006 ) ) REPRESENTATION_CONTEXT ( 'NONE', 'WORKASPACE' ) );
#472 = AXIS2_PLACEMENT_3D ( 'NONE', #382, #62, #1416 ) ;
#473 = PRODUCT_RELATED_PRODUCT_CATEGORY ( 'part', '', ( #363 ) ) ;
#474 = PRESENTATION_LAYER_ASSIGNMENT (  '', '', ( #116 ) ) ;
#475 = SURFACE_SIDE_STYLE ('',( #759 ) ) ;
#476 = AXIS2_PLACEMENT_3D ( 'NONE', #1755, #2995, #95 ) ;
#477 = CARTESIAN_POINT ( 'NONE',  ( -0.05000000000000000278, 0.1499999999999999944, 0.0000000000000000000 ) ) ;
#478 = CARTESIAN_POINT ( 'NONE',  ( -0.2950000000000000400, 0.3000000000000000444, 0.0000000000000000000 ) ) ;
#479 = CIRCLE ( 'NONE', #1032, 0.1499999999999999667 ) ;
#480 = DIRECTION ( 'NONE',  ( 0.0000000000000000000, 0.0000000000000000000, -1.000000000000000000 ) ) ;
#481 = EDGE_CURVE ( 'NONE', #2575, #252, #3893, .T. ) ;
#482 = CARTESIAN_POINT ( 'NONE',  ( -0.5500000000000000444, 0.3499999999999999778, 0.05999999999999999778 ) ) ;
#483 = EDGE_LOOP ( 'NONE', ( #1552, #2784, #1625, #861 ) ) ;
#484 = ORIENTED_EDGE ( 'NONE', *, *, #2049, .T. ) ;
#485 = COLOUR_RGB ( '',0.0000000000000000000, 0.3333333333333333148, 0.0000000000000000000 ) ;
#486 = SURFACE_SIDE_STYLE ('',( #544 ) ) ;
#487 = DIRECTION ( 'NONE',  ( 0.0000000000000000000, 0.0000000000000000000, -1.000000000000000000 ) ) ;
#488 = COLOUR_RGB ( '',0.7803921568627451011, 0.5686274509803921351, 0.1137254901960784298 ) ;
#489 = ORIENTED_EDGE ( 'NONE', *, *, #3975, .T. ) ;
#490 = SURFACE_STYLE_FILL_AREA ( #3781 ) ;
#491 = CARTESIAN_POINT ( 'NONE',  ( 0.4949999999999611933, 0.1577111547697170046, 0.01999999999999997960 ) ) ;
#492 = CARTESIAN_POINT ( 'NONE',  ( -0.5500000000000000444, 0.3499999999999999778, 0.02000000000000000042 ) ) ;
#493 =( LENGTH_UNIT ( ) NAMED_UNIT ( * ) SI_UNIT ( .MILLI., .METRE. ) );
#494 =( GEOMETRIC_REPRESENTATION_CONTEXT ( 3 ) GLOBAL_UNCERTAINTY_ASSIGNED_CONTEXT ( ( #3418 ) ) GLOBAL_UNIT_ASSIGNED_CONTEXT ( ( #1198, #3867, #938 ) ) REPRESENTATION_CONTEXT ( 'NONE', 'WORKASPACE' ) );
#495 = DIRECTION ( 'NONE',  ( 0.0000000000000000000, 1.224646799146999945E-16, -1.000000000000000000 ) ) ;
#496 = ORIENTED_EDGE ( 'NONE', *, *, #3159, .T. ) ;
#497 = ORIENTED_EDGE ( 'NONE', *, *, #3395, .F. ) ;
#498 =( NAMED_UNIT ( * ) PLANE_ANGLE_UNIT ( ) SI_UNIT ( $, .RADIAN. ) );
#499 = CARTESIAN_POINT ( 'NONE',  ( -0.2999999999999999889, 0.2950000000000000400, 0.0000000000000000000 ) ) ;
#500 = SURFACE_STYLE_FILL_AREA ( #3195 ) ;
#501 = LINE ( 'NONE', #3828, #3263 ) ;
#502 = LINE ( 'NONE', #124, #319 ) ;
#503 = EDGE_LOOP ( 'NONE', ( #20, #521, #3000, #1915 ) ) ;
#504 = ORIENTED_EDGE ( 'NONE', *, *, #1951, .F. ) ;
#505 = ADVANCED_FACE ( 'NONE', ( #3750 ), #2831, .T. ) ;
#506 = CARTESIAN_POINT ( 'NONE',  ( -0.2000000000000000111, -0.2599999999999999534, 0.0000000000000000000 ) ) ;
#507 = UNCERTAINTY_MEASURE_WITH_UNIT (LENGTH_MEASURE( 1.000000000000000082E-05 ), #561, 'distance_accuracy_value', 'NONE');
#508 = VERTEX_POINT ( 'NONE', #168 ) ;
#509 = DIRECTION ( 'NONE',  ( 0.0000000000000000000, -1.000000000000000000, -0.0000000000000000000 ) ) ;
#510 = EDGE_CURVE ( 'NONE', #3746, #1816, #2850, .T. ) ;
#511 = SURFACE_STYLE_FILL_AREA ( #1123 ) ;
#512 = PRODUCT_DEFINITION_FORMATION_WITH_SPECIFIED_SOURCE ( 'ANY', '', #363, .NOT_KNOWN. ) ;
#513 = VERTEX_POINT ( 'NONE', #499 ) ;
#514 = SURFACE_STYLE_USAGE ( .BOTH. , #3477 ) ;
#515 = DIRECTION ( 'NONE',  ( 0.0000000000000000000, 0.0000000000000000000, 1.000000000000000000 ) ) ;
#516 = CARTESIAN_POINT ( 'NONE',  ( -0.1000000000000000056, 0.1499999999999999944, 0.0000000000000000000 ) ) ;
#517 = SURFACE_SIDE_STYLE ('',( #3770 ) ) ;
#518 = DIRECTION ( 'NONE',  ( -0.0000000000000000000, 1.224646799146999945E-16, -1.000000000000000000 ) ) ;
#519 =( LENGTH_UNIT ( ) NAMED_UNIT ( * ) SI_UNIT ( .MILLI., .METRE. ) );
#520 = VERTEX_POINT ( 'NONE', #833 ) ;
#521 = ORIENTED_EDGE ( 'NONE', *, *, #2560, .T. ) ;
#522 = CARTESIAN_POINT ( 'NONE',  ( 0.2950000000000000400, 0.2950000000000000400, 0.0000000000000000000 ) ) ;
#523 = LINE ( 'NONE', #2857, #1307 ) ;
#524 = FILL_AREA_STYLE ('',( #2901 ) ) ;
#525 =( GEOMETRIC_REPRESENTATION_CONTEXT ( 3 ) GLOBAL_UNCERTAINTY_ASSIGNED_CONTEXT ( ( #1154 ) ) GLOBAL_UNIT_ASSIGNED_CONTEXT ( ( #3679, #2952, #2597 ) ) REPRESENTATION_CONTEXT ( 'NONE', 'WORKASPACE' ) );
#526 = PRODUCT_DEFINITION ( 'UNKNOWN', '', #512, #763 ) ;
#527 = CIRCLE ( 'NONE', #2937, 0.2000000000000000389 ) ;
#528 = EDGE_LOOP ( 'NONE', ( #2101, #2535, #2228, #3321 ) ) ;
#529 =( NAMED_UNIT ( * ) PLANE_ANGLE_UNIT ( ) SI_UNIT ( $, .RADIAN. ) );
#530 = SURFACE_STYLE_FILL_AREA ( #2215 ) ;
#531 = ADVANCED_FACE ( 'NONE', ( #144 ), #1837, .T. ) ;
#532 = CARTESIAN_POINT ( 'NONE',  ( 0.4949999999999611933, -0.1577111547697170046, 0.06000000000000001860 ) ) ;
#533 = ORIENTED_EDGE ( 'NONE', *, *, #4060, .T. ) ;
#534 =( NAMED_UNIT ( * ) PLANE_ANGLE_UNIT ( ) SI_UNIT ( $, .RADIAN. ) );
#535 = EDGE_CURVE ( 'NONE', #372, #1386, #976, .T. ) ;
#536 = CARTESIAN_POINT ( 'NONE',  ( 0.0000000000000000000, 0.0000000000000000000, 0.0000000000000000000 ) ) ;
#537 = VECTOR ( 'NONE', #4117, 1000.000000000000000 ) ;
#538 = SURFACE_SIDE_STYLE ('',( #1799 ) ) ;
#539 = VECTOR ( 'NONE', #2737, 1000.000000000000000 ) ;
#540 = UNCERTAINTY_MEASURE_WITH_UNIT (LENGTH_MEASURE( 1.000000000000000082E-05 ), #3360, 'distance_accuracy_value', 'NONE');
#541 = AXIS2_PLACEMENT_3D ( 'NONE', #482, #3148, #1802 ) ;
#542 = SURFACE_SIDE_STYLE ('',( #879 ) ) ;
#543 = ORIENTED_EDGE ( 'NONE', *, *, #984, .T. ) ;
#544 = SURFACE_STYLE_FILL_AREA ( #4199 ) ;
#545 = MECHANICAL_DESIGN_GEOMETRIC_PRESENTATION_REPRESENTATION (  '', ( #1244 ), #4224 ) ;
#546 = UNCERTAINTY_MEASURE_WITH_UNIT (LENGTH_MEASURE( 1.000000000000000082E-05 ), #4020, 'distance_accuracy_value', 'NONE');
#547 = LINE ( 'NONE', #2507, #2540 ) ;
#548 = EDGE_LOOP ( 'NONE', ( #2401, #2281, #1507, #3926 ) ) ;
#549 = PRESENTATION_STYLE_ASSIGNMENT (( #1157 ) ) ;
#550 = SURFACE_SIDE_STYLE ('',( #530 ) ) ;
#551 = UNCERTAINTY_MEASURE_WITH_UNIT (LENGTH_MEASURE( 1.000000000000000082E-05 ), #2930, 'distance_accuracy_value', 'NONE');
#552 = LINE ( 'NONE', #3224, #2598 ) ;
#553 = STYLED_ITEM ( 'NONE', ( #185 ), #505 ) ;
#554 = CARTESIAN_POINT ( 'NONE',  ( 0.5500000000000000444, 0.3499999999999999778, 0.05999999999999998390 ) ) ;
#555 = ORIENTED_EDGE ( 'NONE', *, *, #951, .T. ) ;
#556 = MECHANICAL_DESIGN_GEOMETRIC_PRESENTATION_REPRESENTATION (  '', ( #3476 ), #1804 ) ;
#557 = CARTESIAN_POINT ( 'NONE',  ( -0.2950000000000000955, -0.2999999999999999889, 0.0000000000000000000 ) ) ;
#558 = STYLED_ITEM ( 'NONE', ( #4136 ), #3067 ) ;
#559 = EDGE_CURVE ( 'NONE', #1327, #2748, #804, .T. ) ;
#560 = PRESENTATION_LAYER_ASSIGNMENT (  '', '', ( #2214 ) ) ;
#561 =( LENGTH_UNIT ( ) NAMED_UNIT ( * ) SI_UNIT ( .MILLI., .METRE. ) );
#562 = VECTOR ( 'NONE', #2634, 1000.000000000000000 ) ;
#563 = SURFACE_SIDE_STYLE ('',( #1172 ) ) ;
#564 = EDGE_CURVE ( 'NONE', #2118, #3119, #3520, .T. ) ;
#565 = DIRECTION ( 'NONE',  ( 0.0000000000000000000, 1.000000000000000000, -0.0000000000000000000 ) ) ;
#566 = CYLINDRICAL_SURFACE ( 'NONE', #696, 0.1700000000000000122 ) ;
#567 = DIRECTION ( 'NONE',  ( 0.0000000000000000000, -1.224646799146999945E-16, -1.000000000000000000 ) ) ;
#568 = ORIENTED_EDGE ( 'NONE', *, *, #2201, .F. ) ;
#569 =( NAMED_UNIT ( * ) PLANE_ANGLE_UNIT ( ) SI_UNIT ( $, .RADIAN. ) );
#570 = CARTESIAN_POINT ( 'NONE',  ( 0.3875192319072686686, -0.3000000000000394573, 0.02000000000000000042 ) ) ;
#571 = PLANE ( 'NONE',  #416 ) ;
#572 = VERTEX_POINT ( 'NONE', #4195 ) ;
#573 = FACE_OUTER_BOUND ( 'NONE', #2042, .T. ) ;
#574 = DIRECTION ( 'NONE',  ( 0.0000000000000000000, 0.0000000000000000000, -1.000000000000000000 ) ) ;
#575 = LINE ( 'NONE', #294, #1923 ) ;
#576 = ORIENTED_EDGE ( 'NONE', *, *, #1272, .F. ) ;
#577 = LINE ( 'NONE', #1902, #3723 ) ;
#578 = CARTESIAN_POINT ( 'NONE',  ( 0.0000000000000000000, 0.0000000000000000000, 0.0000000000000000000 ) ) ;
#579 = EDGE_CURVE ( 'NONE', #1386, #1392, #1214, .T. ) ;
#580 = PLANE ( 'NONE',  #1627 ) ;
#581 = CARTESIAN_POINT ( 'NONE',  ( 0.2000000000000000111, -0.2600000000000000089, -3.184081677782999738E-17 ) ) ;
#582 = CARTESIAN_POINT ( 'NONE',  ( 0.2000000000000000111, -0.2999999999999999889, 0.08000000000000000167 ) ) ;
#583 = DIRECTION ( 'NONE',  ( 0.0000000000000000000, 0.0000000000000000000, -1.000000000000000000 ) ) ;
#584 = ADVANCED_FACE ( 'NONE', ( #4235 ), #922, .T. ) ;
#585 = ORIENTED_EDGE ( 'NONE', *, *, #2929, .T. ) ;
#586 = CARTESIAN_POINT ( 'NONE',  ( -0.4749999999998638645, 0.1645950378226634925, -2.015707862251542426E-17 ) ) ;
#587 = CARTESIAN_POINT ( 'NONE',  ( 0.3275140453870559187, -0.2600000000001834732, 0.08000000000000001554 ) ) ;
#588 = ORIENTED_EDGE ( 'NONE', *, *, #2220, .T. ) ;
#589 =( LENGTH_UNIT ( ) NAMED_UNIT ( * ) SI_UNIT ( .MILLI., .METRE. ) );
#590 = DIRECTION ( 'NONE',  ( -0.0000000000000000000, -0.0000000000000000000, -1.000000000000000000 ) ) ;
#591 = CARTESIAN_POINT ( 'NONE',  ( -0.4749999999999319766, -0.1645950378226359312, 0.02000000000000001082 ) ) ;
#592 = VERTEX_POINT ( 'NONE', #287 ) ;
#593 = CARTESIAN_POINT ( 'NONE',  ( -0.2849999999999999756, -0.2849999999999999756, 0.1400000000000000133 ) ) ;
#594 = FILL_AREA_STYLE_COLOUR ( '', #3094 ) ;
#595 = PRESENTATION_STYLE_ASSIGNMENT (( #272 ) ) ;
#596 = SURFACE_SIDE_STYLE ('',( #3582 ) ) ;
#597 =( LENGTH_UNIT ( ) NAMED_UNIT ( * ) SI_UNIT ( .MILLI., .METRE. ) );
#598 =( LENGTH_UNIT ( ) NAMED_UNIT ( * ) SI_UNIT ( .MILLI., .METRE. ) );
#599 = PRESENTATION_LAYER_ASSIGNMENT (  '', '', ( #3177 ) ) ;
#600 = ORIENTED_EDGE ( 'NONE', *, *, #2107, .T. ) ;
#601 = DIRECTION ( 'NONE',  ( 0.0000000000000000000, 1.000000000000000000, 1.224646799146999699E-16 ) ) ;
#602 = MECHANICAL_DESIGN_GEOMETRIC_PRESENTATION_REPRESENTATION (  '', ( #3997 ), #4070 ) ;
#603 = AXIS2_PLACEMENT_3D ( 'NONE', #3190, #3141, #4175 ) ;
#604 = EDGE_CURVE ( 'NONE', #1681, #2662, #626, .T. ) ;
#605 = LINE ( 'NONE', #457, #1781 ) ;
#606 = PRESENTATION_LAYER_ASSIGNMENT (  '', '', ( #2464 ) ) ;
#607 = PRESENTATION_LAYER_ASSIGNMENT (  '', '', ( #3875 ) ) ;
#608 = SURFACE_STYLE_USAGE ( .BOTH. , #2103 ) ;
#609 = VECTOR ( 'NONE', #1675, 1000.000000000000000 ) ;
#610 = STYLED_ITEM ( 'NONE', ( #549 ), #3295 ) ;
#611 = ORIENTED_EDGE ( 'NONE', *, *, #3957, .F. ) ;
#612 = FILL_AREA_STYLE ('',( #2637 ) ) ;
#613 = COLOUR_RGB ( '',0.7803921568627451011, 0.5686274509803921351, 0.1137254901960784298 ) ;
#614 = SURFACE_STYLE_FILL_AREA ( #4257 ) ;
#615 = EDGE_CURVE ( 'NONE', #1906, #2889, #3896, .T. ) ;
#616 = DIRECTION ( 'NONE',  ( 0.0000000000000000000, -1.000000000000000000, -0.0000000000000000000 ) ) ;
#617 = PRESENTATION_LAYER_ASSIGNMENT (  '', '', ( #1866 ) ) ;
#618 = PRODUCT_DEFINITION_SHAPE ( 'NONE', 'NONE',  #3991 ) ;
#619 = ORIENTED_EDGE ( 'NONE', *, *, #4243, .T. ) ;
#620 = FACE_OUTER_BOUND ( 'NONE', #1068, .T. ) ;
#621 = STYLED_ITEM ( 'NONE', ( #240 ), #2741 ) ;
#622 = AXIS2_PLACEMENT_3D ( 'NONE', #694, #3587, #4294 ) ;
#623 =( GEOMETRIC_REPRESENTATION_CONTEXT ( 3 ) GLOBAL_UNCERTAINTY_ASSIGNED_CONTEXT ( ( #3807 ) ) GLOBAL_UNIT_ASSIGNED_CONTEXT ( ( #2361, #4230, #2536 ) ) REPRESENTATION_CONTEXT ( 'NONE', 'WORKASPACE' ) );
#624 = ITEM_DEFINED_TRANSFORMATION ( 'NONE', 'NONE', #1956,  #3761 ) ;
#625 = VECTOR ( 'NONE', #3730, 1000.000000000000000 ) ;
#626 = LINE ( 'NONE', #2358, #1873 ) ;
#627 =( NAMED_UNIT ( * ) PLANE_ANGLE_UNIT ( ) SI_UNIT ( $, .RADIAN. ) );
#628 = SURFACE_STYLE_USAGE ( .BOTH. , #3603 ) ;
#629 = SURFACE_STYLE_FILL_AREA ( #3681 ) ;
#630 = ORIENTED_EDGE ( 'NONE', *, *, #1589, .F. ) ;
#631 = SURFACE_STYLE_USAGE ( .BOTH. , #1962 ) ;
#632 = DIRECTION ( 'NONE',  ( 0.0000000000000000000, 0.0000000000000000000, -1.000000000000000000 ) ) ;
#633 =( NAMED_UNIT ( * ) SI_UNIT ( $, .STERADIAN. ) SOLID_ANGLE_UNIT ( ) );
#634 = EDGE_CURVE ( 'NONE', #4054, #1276, #4094, .T. ) ;
#635 = ORIENTED_EDGE ( 'NONE', *, *, #231, .T. ) ;
#636 = CARTESIAN_POINT ( 'NONE',  ( 0.5500000000000000444, 0.3499999999999999778, 0.05999999999999999778 ) ) ;
#637 = UNCERTAINTY_MEASURE_WITH_UNIT (LENGTH_MEASURE( 1.000000000000000082E-05 ), #2282, 'distance_accuracy_value', 'NONE');
#638 = EDGE_CURVE ( 'NONE', #3691, #3746, #3696, .T. ) ;
#639 = ORIENTED_EDGE ( 'NONE', *, *, #4089, .F. ) ;
#640 = CARTESIAN_POINT ( 'NONE',  ( 0.4749999999999999778, -0.1645950378228042132, 0.02000000000000001082 ) ) ;
#641 = CONTEXT_DEPENDENT_SHAPE_REPRESENTATION ( #1965, #2368 ) ;
#642 = DIRECTION ( 'NONE',  ( 0.0000000000000000000, 1.000000000000000000, -1.129377263005733621E-16 ) ) ;
#643 = PRESENTATION_STYLE_ASSIGNMENT (( #628 ) ) ;
#644 = VECTOR ( 'NONE', #793, 1000.000000000000000 ) ;
#645 =( LENGTH_UNIT ( ) NAMED_UNIT ( * ) SI_UNIT ( .MILLI., .METRE. ) );
#646 =( REPRESENTATION_RELATIONSHIP ('NONE','NONE', #3758, #2861 ) REPRESENTATION_RELATIONSHIP_WITH_TRANSFORMATION ( #2236 )SHAPE_REPRESENTATION_RELATIONSHIP( ) );
#647 = ORIENTED_EDGE ( 'NONE', *, *, #2661, .F. ) ;
#648 = SURFACE_STYLE_FILL_AREA ( #3920 ) ;
#649 = PRESENTATION_STYLE_ASSIGNMENT (( #3639 ) ) ;
#650 = LINE ( 'NONE', #1946, #106 ) ;
#651 = ORIENTED_EDGE ( 'NONE', *, *, #3932, .F. ) ;
#652 = ORIENTED_EDGE ( 'NONE', *, *, #2752, .F. ) ;
#653 = SURFACE_SIDE_STYLE ('',( #3627 ) ) ;
#654 = DIRECTION ( 'NONE',  ( 0.0000000000000000000, 0.0000000000000000000, -1.000000000000000000 ) ) ;
#655 = EDGE_LOOP ( 'NONE', ( #767, #1006, #3801, #2031 ) ) ;
#656 = CARTESIAN_POINT ( 'NONE',  ( -0.05000000000000000278, 0.1499999999999999944, -3.877637236346249075E-20 ) ) ;
#657 = FILL_AREA_STYLE_COLOUR ( '', #3583 ) ;
#658 = ADVANCED_FACE ( 'NONE', ( #2913 ), #3275, .F. ) ;
#659 = STYLED_ITEM ( 'NONE', ( #2341 ), #2883 ) ;
#660 = ORIENTED_EDGE ( 'NONE', *, *, #1142, .T. ) ;
#661 = COLOUR_RGB ( '',0.0000000000000000000, 0.3333333333333333148, 0.0000000000000000000 ) ;
#662 = DIRECTION ( 'NONE',  ( 0.0000000000000000000, 1.224646799146999945E-16, -1.000000000000000000 ) ) ;
#663 = PRESENTATION_LAYER_ASSIGNMENT (  '', '', ( #3166 ) ) ;
#664 = FACE_OUTER_BOUND ( 'NONE', #3371, .T. ) ;
#665 = ORIENTED_EDGE ( 'NONE', *, *, #535, .T. ) ;
#666 = PLANE ( 'NONE',  #4145 ) ;
#667 = LINE ( 'NONE', #1987, #1254 ) ;
#668 = UNCERTAINTY_MEASURE_WITH_UNIT (LENGTH_MEASURE( 1.000000000000000082E-05 ), #193, 'distance_accuracy_value', 'NONE');
#669 = PRESENTATION_STYLE_ASSIGNMENT (( #3301 ) ) ;
#670 = CIRCLE ( 'NONE', #2884, 0.1700000000000000122 ) ;
#671 = DIRECTION ( 'NONE',  ( -1.000000000000000000, 0.0000000000000000000, 0.0000000000000000000 ) ) ;
#672 = MECHANICAL_DESIGN_GEOMETRIC_PRESENTATION_REPRESENTATION (  '', ( #4148 ), #40 ) ;
#673 = ORIENTED_EDGE ( 'NONE', *, *, #3510, .T. ) ;
#674 =( GEOMETRIC_REPRESENTATION_CONTEXT ( 3 ) GLOBAL_UNCERTAINTY_ASSIGNED_CONTEXT ( ( #2053 ) ) GLOBAL_UNIT_ASSIGNED_CONTEXT ( ( #368, #2406, #1347 ) ) REPRESENTATION_CONTEXT ( 'NONE', 'WORKASPACE' ) );
#675 = CARTESIAN_POINT ( 'NONE',  ( -0.3275140453871118185, -0.2600000000000452505, 0.05999999999999999084 ) ) ;
#676 = STYLED_ITEM ( 'NONE', ( #4216 ), #4289 ) ;
#677 = UNCERTAINTY_MEASURE_WITH_UNIT (LENGTH_MEASURE( 1.000000000000000082E-05 ), #392, 'distance_accuracy_value', 'NONE');
#678 = LINE ( 'NONE', #1367, #1241 ) ;
#679 = ORIENTED_EDGE ( 'NONE', *, *, #3768, .F. ) ;
#680 =( NAMED_UNIT ( * ) SI_UNIT ( $, .STERADIAN. ) SOLID_ANGLE_UNIT ( ) );
#681 = CARTESIAN_POINT ( 'NONE',  ( -0.2849999999999999756, -0.2999999999999999889, 0.1250000000000000000 ) ) ;
#682 = STYLED_ITEM ( 'NONE', ( #3324 ), #3790 ) ;
#683 =( GEOMETRIC_REPRESENTATION_CONTEXT ( 3 ) GLOBAL_UNCERTAINTY_ASSIGNED_CONTEXT ( ( #4021 ) ) GLOBAL_UNIT_ASSIGNED_CONTEXT ( ( #4042, #1718, #3112 ) ) REPRESENTATION_CONTEXT ( 'NONE', 'WORKASPACE' ) );
#684 = STYLED_ITEM ( 'NONE', ( #1561 ), #3323 ) ;
#685 = EDGE_CURVE ( 'NONE', #2511, #2759, #2553, .T. ) ;
#686 = PRODUCT_DEFINITION_SHAPE ( 'NONE', 'NONE',  #4303 ) ;
#687 = FILL_AREA_STYLE_COLOUR ( '', #2048 ) ;
#688 = DIRECTION ( 'NONE',  ( 0.0000000000000000000, -1.224646799146999945E-16, 1.000000000000000000 ) ) ;
#689 =( NAMED_UNIT ( * ) PLANE_ANGLE_UNIT ( ) SI_UNIT ( $, .RADIAN. ) );
#690 = ORIENTED_EDGE ( 'NONE', *, *, #2263, .F. ) ;
#691 = EDGE_CURVE ( 'NONE', #3286, #786, #2478, .T. ) ;
#692 = PRESENTATION_LAYER_ASSIGNMENT (  '', '', ( #1042 ) ) ;
#693 = CARTESIAN_POINT ( 'NONE',  ( 0.5500000000000000444, 0.3499999999999999778, 0.02000000000000000042 ) ) ;
#694 = CARTESIAN_POINT ( 'NONE',  ( 0.5500000000000000444, 0.3499999999999999778, 0.05999999999999999778 ) ) ;
#695 = CARTESIAN_POINT ( 'NONE',  ( 0.2999999999999999889, -0.2999999999999999889, 0.1250000000000000000 ) ) ;
#696 = AXIS2_PLACEMENT_3D ( 'NONE', #3215, #2872, #1578 ) ;
#697 =( NAMED_UNIT ( * ) SI_UNIT ( $, .STERADIAN. ) SOLID_ANGLE_UNIT ( ) );
#698 =( LENGTH_UNIT ( ) NAMED_UNIT ( * ) SI_UNIT ( .MILLI., .METRE. ) );
#699 = VERTEX_POINT ( 'NONE', #2732 ) ;
#700 = PRESENTATION_STYLE_ASSIGNMENT (( #3990 ) ) ;
#701 = SURFACE_STYLE_USAGE ( .BOTH. , #4258 ) ;
#702 = ORIENTED_EDGE ( 'NONE', *, *, #2534, .F. ) ;
#703 = FILL_AREA_STYLE_COLOUR ( '', #3877 ) ;
#704 = FILL_AREA_STYLE ('',( #3006 ) ) ;
#705 = CYLINDRICAL_SURFACE ( 'NONE', #1785, 0.1700000000000000122 ) ;
#706 =( LENGTH_UNIT ( ) NAMED_UNIT ( * ) SI_UNIT ( .MILLI., .METRE. ) );
#707 = VECTOR ( 'NONE', #3028, 1000.000000000000000 ) ;
#708 = EDGE_LOOP ( 'NONE', ( #2034, #2310, #3340 ) ) ;
#709 = DIRECTION ( 'NONE',  ( 1.000000000000000000, 0.0000000000000000000, 0.0000000000000000000 ) ) ;
#710 = DIRECTION ( 'NONE',  ( 1.000000000000000000, 0.0000000000000000000, 0.0000000000000000000 ) ) ;
#711 = EDGE_CURVE ( 'NONE', #3416, #3218, #3813, .T. ) ;
#712 = SURFACE_STYLE_FILL_AREA ( #274 ) ;
#713 = ORIENTED_EDGE ( 'NONE', *, *, #1503, .F. ) ;
#714 = FILL_AREA_STYLE_COLOUR ( '', #1796 ) ;
#715 = SURFACE_SIDE_STYLE ('',( #2007 ) ) ;
#716 = DIRECTION ( 'NONE',  ( 0.0000000000000000000, -1.224646799146999945E-16, -1.000000000000000000 ) ) ;
#717 = ADVANCED_FACE ( 'NONE', ( #2447 ), #85, .F. ) ;
#718 = FILL_AREA_STYLE_COLOUR ( '', #2814 ) ;
#719 = EDGE_LOOP ( 'NONE', ( #4121, #4023, #1164, #2098 ) ) ;
#720 = ORIENTED_EDGE ( 'NONE', *, *, #2631, .T. ) ;
#721 = CARTESIAN_POINT ( 'NONE',  ( 0.4749999999999319766, 0.1645950378226359312, 0.05999999999999998390 ) ) ;
#722 = PRESENTATION_STYLE_ASSIGNMENT (( #2372 ) ) ;
#723 = UNCERTAINTY_MEASURE_WITH_UNIT (LENGTH_MEASURE( 1.000000000000000082E-05 ), #450, 'distance_accuracy_value', 'NONE');
#724 = FACE_OUTER_BOUND ( 'NONE', #1811, .T. ) ;
#725 = ORIENTED_EDGE ( 'NONE', *, *, #2509, .T. ) ;
#726 =( NAMED_UNIT ( * ) SI_UNIT ( $, .STERADIAN. ) SOLID_ANGLE_UNIT ( ) );
#727 = FILL_AREA_STYLE ('',( #1614 ) ) ;
#728 = PLANE ( 'NONE',  #1919 ) ;
#729 = EDGE_LOOP ( 'NONE', ( #1948, #4291, #4027, #2346 ) ) ;
#730 = CARTESIAN_POINT ( 'NONE',  ( -0.3275140453870559187, 0.2600000000001834732, 0.07999999999999998779 ) ) ;
#731 = CARTESIAN_POINT ( 'NONE',  ( 0.5500000000000000444, 0.3499999999999999778, 0.0000000000000000000 ) ) ;
#732 = CARTESIAN_POINT ( 'NONE',  ( 0.3275140453871118185, -0.2600000000000453615, 0.05999999999999999084 ) ) ;
#733 = PRESENTATION_LAYER_ASSIGNMENT (  '', '', ( #1629 ) ) ;
#734 = ORIENTED_EDGE ( 'NONE', *, *, #1295, .F. ) ;
#735 = DIRECTION ( 'NONE',  ( 0.0000000000000000000, 1.000000000000000000, -1.129377263005733621E-16 ) ) ;
#736 = ADVANCED_FACE ( 'NONE', ( #3494 ), #3401, .F. ) ;
#737 = PRESENTATION_LAYER_ASSIGNMENT (  '', '', ( #4132 ) ) ;
#738 = ORIENTED_EDGE ( 'NONE', *, *, #93, .F. ) ;
#739 = DIRECTION ( 'NONE',  ( 1.000000000000000000, 0.0000000000000000000, 0.0000000000000000000 ) ) ;
#740 = EDGE_CURVE ( 'NONE', #3139, #242, #3817, .T. ) ;
#741 =( NAMED_UNIT ( * ) SI_UNIT ( $, .STERADIAN. ) SOLID_ANGLE_UNIT ( ) );
#742 = VECTOR ( 'NONE', #2009, 1000.000000000000000 ) ;
#743 =( GEOMETRIC_REPRESENTATION_CONTEXT ( 3 ) GLOBAL_UNCERTAINTY_ASSIGNED_CONTEXT ( ( #677 ) ) GLOBAL_UNIT_ASSIGNED_CONTEXT ( ( #392, #1033, #1443 ) ) REPRESENTATION_CONTEXT ( 'NONE', 'WORKASPACE' ) );
#744 = VERTEX_POINT ( 'NONE', #2127 ) ;
#745 = PRESENTATION_STYLE_ASSIGNMENT (( #3005 ) ) ;
#746 = VECTOR ( 'NONE', #2794, 1000.000000000000000 ) ;
#747 = EDGE_CURVE ( 'NONE', #1296, #520, #1238, .T. ) ;
#748 = DIRECTION ( 'NONE',  ( 0.0000000000000000000, 1.000000000000000000, -1.355252715606880543E-16 ) ) ;
#749 = AXIS2_PLACEMENT_3D ( 'NONE', #3013, #2430, #399 ) ;
#750 =( LENGTH_UNIT ( ) NAMED_UNIT ( * ) SI_UNIT ( .MILLI., .METRE. ) );
#751 = LINE ( 'NONE', #4066, #3718 ) ;
#752 = PRESENTATION_LAYER_ASSIGNMENT (  '', '', ( #2599 ) ) ;
#753 = VECTOR ( 'NONE', #1846, 1000.000000000000000 ) ;
#754 = EDGE_LOOP ( 'NONE', ( #3384, #1331, #738, #1609 ) ) ;
#755 = FILL_AREA_STYLE_COLOUR ( '', #488 ) ;
#756 = COLOUR_RGB ( '',0.0000000000000000000, 0.3333333333333333148, 0.0000000000000000000 ) ;
#757 = CARTESIAN_POINT ( 'NONE',  ( -0.5500000000000000444, -0.3499999999999999778, 0.06000000000000001860 ) ) ;
#758 = VECTOR ( 'NONE', #2726, 1000.000000000000000 ) ;
#759 = SURFACE_STYLE_FILL_AREA ( #1104 ) ;
#760 = DIRECTION ( 'NONE',  ( 0.0000000000000000000, 1.000000000000000000, -1.355252715606880296E-16 ) ) ;
#761 = PRESENTATION_LAYER_ASSIGNMENT (  '', '', ( #2615 ) ) ;
#762 = CARTESIAN_POINT ( 'NONE',  ( -0.3152661081139450094, 0.2999999999999999889, 0.05999999999999999778 ) ) ;
#763 = PRODUCT_DEFINITION_CONTEXT ( 'detailed design', #2108, 'design' ) ;
#764 = CARTESIAN_POINT ( 'NONE',  ( -0.3563508326896408507, 0.2999999999999550804, 3.673940397442249318E-17 ) ) ;
#765 = PRODUCT ( 'User Library-LED_1006_G', 'User Library-LED_1006_G', '', ( #1818 ) ) ;
#766 = PLANE ( 'NONE',  #2052 ) ;
#767 = ORIENTED_EDGE ( 'NONE', *, *, #4260, .T. ) ;
#768 = MECHANICAL_DESIGN_GEOMETRIC_PRESENTATION_REPRESENTATION (  '', ( #2830 ), #3259 ) ;
#769 = MECHANICAL_DESIGN_GEOMETRIC_PRESENTATION_REPRESENTATION (  '', ( #336 ), #623 ) ;
#770 = VERTEX_POINT ( 'NONE', #3082 ) ;
#771 = CARTESIAN_POINT ( 'NONE',  ( -0.2999999999999999889, 0.2849999999999999756, 0.1400000000000000133 ) ) ;
#772 = PRESENTATION_LAYER_ASSIGNMENT (  '', '', ( #2622 ) ) ;
#773 = CARTESIAN_POINT ( 'NONE',  ( 0.5000000000000000000, -0.2999999999999999889, 0.0000000000000000000 ) ) ;
#774 = UNCERTAINTY_MEASURE_WITH_UNIT (LENGTH_MEASURE( 1.000000000000000082E-05 ), #597, 'distance_accuracy_value', 'NONE');
#775 =( NAMED_UNIT ( * ) PLANE_ANGLE_UNIT ( ) SI_UNIT ( $, .RADIAN. ) );
#776 = EDGE_CURVE ( 'NONE', #838, #3173, #3532, .T. ) ;
#777 =( GEOMETRIC_REPRESENTATION_CONTEXT ( 3 ) GLOBAL_UNCERTAINTY_ASSIGNED_CONTEXT ( ( #1628 ) ) GLOBAL_UNIT_ASSIGNED_CONTEXT ( ( #3473, #1249, #4221 ) ) REPRESENTATION_CONTEXT ( 'NONE', 'WORKASPACE' ) );
#778 = VERTEX_POINT ( 'NONE', #1813 ) ;
#779 =( BOUNDED_CURVE ( )  B_SPLINE_CURVE ( 3, ( #3615, #18, #3337, #3943 ),
 .UNSPECIFIED., .F., .T. ) 
 B_SPLINE_CURVE_WITH_KNOTS ( ( 4, 4 ),
 ( 4.712388980384689674, 6.283185307179586232 ),
 .UNSPECIFIED. ) 
 CURVE ( )  GEOMETRIC_REPRESENTATION_ITEM ( )  RATIONAL_B_SPLINE_CURVE ( ( 1.000000000000000000, 0.8047378541243649375, 0.8047378541243649375, 1.000000000000000000 ) ) 
 REPRESENTATION_ITEM ( '' )  );
#780 = DIRECTION ( 'NONE',  ( -0.0000000000000000000, -0.0000000000000000000, -1.000000000000000000 ) ) ;
#781 = SURFACE_STYLE_USAGE ( .BOTH. , #2404 ) ;
#782 = CARTESIAN_POINT ( 'NONE',  ( -0.2999999999999999889, 0.2999999999999999889, 0.0000000000000000000 ) ) ;
#783 = EDGE_CURVE ( 'NONE', #592, #2489, #1206, .T. ) ;
#784 = ORIENTED_EDGE ( 'NONE', *, *, #2142, .T. ) ;
#785 = SURFACE_STYLE_FILL_AREA ( #3747 ) ;
#786 = VERTEX_POINT ( 'NONE', #201 ) ;
#787 = SURFACE_STYLE_FILL_AREA ( #3771 ) ;
#788 = PLANE ( 'NONE',  #2949 ) ;
#789 = FILL_AREA_STYLE_COLOUR ( '', #1939 ) ;
#790 = SURFACE_STYLE_FILL_AREA ( #3098 ) ;
#791 = ORIENTED_EDGE ( 'NONE', *, *, #564, .F. ) ;
#792 = ORIENTED_EDGE ( 'NONE', *, *, #962, .T. ) ;
#793 = DIRECTION ( 'NONE',  ( 1.000000000000000000, 0.0000000000000000000, 0.0000000000000000000 ) ) ;
#794 = CARTESIAN_POINT ( 'NONE',  ( 0.4085786437627077494, -0.2999999999999513611, 0.08000000000000000167 ) ) ;
#795 = VERTEX_POINT ( 'NONE', #3205 ) ;
#796 = LINE ( 'NONE', #2102, #303 ) ;
#797 = CARTESIAN_POINT ( 'NONE',  ( 0.3875192319071404379, 0.2999999999999999889, 0.02000000000000000042 ) ) ;
#798 = ORIENTED_EDGE ( 'NONE', *, *, #385, .F. ) ;
#799 = FILL_AREA_STYLE_COLOUR ( '', #2795 ) ;
#800 = ADVANCED_FACE ( 'NONE', ( #1505 ), #241, .T. ) ;
#801 = DIRECTION ( 'NONE',  ( 1.572093150103981429E-14, 1.000000000000000000, -1.355252715606880543E-16 ) ) ;
#802 = DIRECTION ( 'NONE',  ( 0.0000000000000000000, 1.000000000000000000, 1.224646799146999945E-16 ) ) ;
#803 = EDGE_CURVE ( 'NONE', #1479, #3293, #1877, .T. ) ;
#804 = LINE ( 'NONE', #2179, #4173 ) ;
#805 = CARTESIAN_POINT ( 'NONE',  ( -0.3563508326896408507, 0.2999999999999550804, 0.02000000000000000042 ) ) ;
#806 = DIRECTION ( 'NONE',  ( 0.0000000000000000000, -1.000000000000000000, 0.0000000000000000000 ) ) ;
#807 = PLANE ( 'NONE',  #2199 ) ;
#808 = ORIENTED_EDGE ( 'NONE', *, *, #454, .T. ) ;
#809 = ORIENTED_EDGE ( 'NONE', *, *, #3972, .T. ) ;
#810 = DIRECTION ( 'NONE',  ( -1.000000000000000000, 0.0000000000000000000, -0.0000000000000000000 ) ) ;
#811 = COLOUR_RGB ( '',0.0000000000000000000, 1.000000000000000000, 0.0000000000000000000 ) ;
#812 = SURFACE_STYLE_FILL_AREA ( #3777 ) ;
#813 = UNCERTAINTY_MEASURE_WITH_UNIT (LENGTH_MEASURE( 1.000000000000000082E-05 ), #1536, 'distance_accuracy_value', 'NONE');
#814 = LINE ( 'NONE', #1742, #3800 ) ;
#815 = VERTEX_POINT ( 'NONE', #2862 ) ;
#816 = DIRECTION ( 'NONE',  ( -1.000000000000000000, 0.0000000000000000000, 0.0000000000000000000 ) ) ;
#817 = UNCERTAINTY_MEASURE_WITH_UNIT (LENGTH_MEASURE( 1.000000000000000082E-05 ), #3939, 'distance_accuracy_value', 'NONE');
#818 = SURFACE_SIDE_STYLE ('',( #2709 ) ) ;
#819 = AXIS2_PLACEMENT_3D ( 'NONE', #405, #1044, #2350 ) ;
#820 = CARTESIAN_POINT ( 'NONE',  ( 0.1000000000000000056, 0.2999999999999999889, -0.01000000000000000021 ) ) ;
#821 = CIRCLE ( 'NONE', #1981, 0.1700000000000000122 ) ;
#822 = VECTOR ( 'NONE', #1792, 1000.000000000000000 ) ;
#823 = ORIENTED_EDGE ( 'NONE', *, *, #3450, .T. ) ;
#824 = CARTESIAN_POINT ( 'NONE',  ( 0.4999999999999551470, -0.1563508326896407286, 3.100504632490238188E-17 ) ) ;
#825 = MECHANICAL_DESIGN_GEOMETRIC_PRESENTATION_REPRESENTATION (  '', ( #1921 ), #471 ) ;
#826 = MECHANICAL_DESIGN_GEOMETRIC_PRESENTATION_REPRESENTATION (  '', ( #3875 ), #3533 ) ;
#827 = SURFACE_STYLE_FILL_AREA ( #2134 ) ;
#828 =( GEOMETRIC_REPRESENTATION_CONTEXT ( 3 ) GLOBAL_UNCERTAINTY_ASSIGNED_CONTEXT ( ( #912 ) ) GLOBAL_UNIT_ASSIGNED_CONTEXT ( ( #3940, #2965, #2279 ) ) REPRESENTATION_CONTEXT ( 'NONE', 'WORKASPACE' ) );
#829 = MECHANICAL_DESIGN_GEOMETRIC_PRESENTATION_REPRESENTATION (  '', ( #1926 ), #3250 ) ;
#830 = EDGE_CURVE ( 'NONE', #3293, #2943, #4168, .T. ) ;
#831 = VECTOR ( 'NONE', #1152, 1000.000000000000000 ) ;
#832 = ORIENTED_EDGE ( 'NONE', *, *, #2955, .T. ) ;
#833 = CARTESIAN_POINT ( 'NONE',  ( 0.3275140453870559187, -0.2600000000001834732, 0.06000000000000001166 ) ) ;
#834 = CYLINDRICAL_SURFACE ( 'NONE', #3872, 0.1700000000000000122 ) ;
#835 = MECHANICAL_DESIGN_GEOMETRIC_PRESENTATION_REPRESENTATION (  '', ( #1866 ), #1178 ) ;
#836 =( LENGTH_UNIT ( ) NAMED_UNIT ( * ) SI_UNIT ( .MILLI., .METRE. ) );
#837 = EDGE_CURVE ( 'NONE', #1543, #1545, #1189, .T. ) ;
#838 = VERTEX_POINT ( 'NONE', #3558 ) ;
#839 = ORIENTED_EDGE ( 'NONE', *, *, #1174, .F. ) ;
#840 =( GEOMETRIC_REPRESENTATION_CONTEXT ( 3 ) GLOBAL_UNCERTAINTY_ASSIGNED_CONTEXT ( ( #865 ) ) GLOBAL_UNIT_ASSIGNED_CONTEXT ( ( #2213, #4203, #3811 ) ) REPRESENTATION_CONTEXT ( 'NONE', 'WORKASPACE' ) );
#841 = CARTESIAN_POINT ( 'NONE',  ( 0.5500000000000000444, 0.3499999999999999778, 0.01999999999999997960 ) ) ;
#842 = CARTESIAN_POINT ( 'NONE',  ( -0.4749999999999999778, -0.1645950378230000011, 2.015707862250000449E-17 ) ) ;
#843 = FACE_OUTER_BOUND ( 'NONE', #1952, .T. ) ;
#844 = COLOUR_RGB ( '',0.7803921568627451011, 0.5686274509803921351, 0.1137254901960784298 ) ;
#845 = VECTOR ( 'NONE', #3066, 1000.000000000000000 ) ;
#846 = ORIENTED_EDGE ( 'NONE', *, *, #857, .T. ) ;
#847 = AXIS2_PLACEMENT_3D ( 'NONE', #4214, #923, #2498 ) ;
#848 = DIRECTION ( 'NONE',  ( 0.0000000000000000000, -1.000000000000000000, -0.0000000000000000000 ) ) ;
#849 = SURFACE_SIDE_STYLE ('',( #2570 ) ) ;
#850 = FILL_AREA_STYLE ('',( #179 ) ) ;
#851 = ORIENTED_EDGE ( 'NONE', *, *, #3745, .F. ) ;
#852 = CARTESIAN_POINT ( 'NONE',  ( -0.5000000000000000000, -0.2999999999999999889, 0.0000000000000000000 ) ) ;
#853 =( LENGTH_UNIT ( ) NAMED_UNIT ( * ) SI_UNIT ( .MILLI., .METRE. ) );
#854 =( NAMED_UNIT ( * ) PLANE_ANGLE_UNIT ( ) SI_UNIT ( $, .RADIAN. ) );
#855 = DIRECTION ( 'NONE',  ( 0.0000000000000000000, -1.224646799146999945E-16, -1.000000000000000000 ) ) ;
#856 = SURFACE_STYLE_FILL_AREA ( #1175 ) ;
#857 = EDGE_CURVE ( 'NONE', #2547, #1296, #2574, .T. ) ;
#858 = FACE_OUTER_BOUND ( 'NONE', #340, .T. ) ;
#859 = SURFACE_STYLE_USAGE ( .BOTH. , #188 ) ;
#860 = EDGE_LOOP ( 'NONE', ( #1395, #1474, #3942, #2174 ) ) ;
#861 = ORIENTED_EDGE ( 'NONE', *, *, #3096, .F. ) ;
#862 = PLANE ( 'NONE',  #1448 ) ;
#863 = PRESENTATION_STYLE_ASSIGNMENT (( #2839 ) ) ;
#864 = EDGE_CURVE ( 'NONE', #1646, #2365, #1897, .T. ) ;
#865 = UNCERTAINTY_MEASURE_WITH_UNIT (LENGTH_MEASURE( 1.000000000000000082E-05 ), #2213, 'distance_accuracy_value', 'NONE');
#866 = SURFACE_SIDE_STYLE ('',( #1908 ) ) ;
#867 = EDGE_LOOP ( 'NONE', ( #1723, #171, #4019, #2855 ) ) ;
#868 = PLANE ( 'NONE',  #2546 ) ;
#869 =( GEOMETRIC_REPRESENTATION_CONTEXT ( 3 ) GLOBAL_UNCERTAINTY_ASSIGNED_CONTEXT ( ( #4106 ) ) GLOBAL_UNIT_ASSIGNED_CONTEXT ( ( #2268, #2629, #2581 ) ) REPRESENTATION_CONTEXT ( 'NONE', 'WORKASPACE' ) );
#870 = FILL_AREA_STYLE ('',( #3908 ) ) ;
#871 = STYLED_ITEM ( 'NONE', ( #462 ), #3544 ) ;
#872 = LINE ( 'NONE', #1469, #822 ) ;
#873 = ORIENTED_EDGE ( 'NONE', *, *, #1752, .T. ) ;
#874 =( NAMED_UNIT ( * ) SI_UNIT ( $, .STERADIAN. ) SOLID_ANGLE_UNIT ( ) );
#875 = DIRECTION ( 'NONE',  ( 0.0000000000000000000, 1.224646799146999945E-16, -1.000000000000000000 ) ) ;
#876 = DIRECTION ( 'NONE',  ( 0.0000000000000000000, 0.0000000000000000000, -1.000000000000000000 ) ) ;
#877 = DIRECTION ( 'NONE',  ( -1.000000000000000000, 0.0000000000000000000, -0.0000000000000000000 ) ) ;
#878 = LINE ( 'NONE', #2480, #3125 ) ;
#879 = SURFACE_STYLE_FILL_AREA ( #1841 ) ;
#880 = ORIENTED_EDGE ( 'NONE', *, *, #2904, .F. ) ;
#881 = DIRECTION ( 'NONE',  ( 1.000000000000000000, 0.0000000000000000000, 0.0000000000000000000 ) ) ;
#882 =( NAMED_UNIT ( * ) PLANE_ANGLE_UNIT ( ) SI_UNIT ( $, .RADIAN. ) );
#883 = APPLICATION_CONTEXT ( 'automotive_design' ) ;
#884 = EDGE_CURVE ( 'NONE', #1079, #238, #552, .T. ) ;
#885 = VERTEX_POINT ( 'NONE', #3838 ) ;
#886 = PRESENTATION_STYLE_ASSIGNMENT (( #239 ) ) ;
#887 = PRESENTATION_STYLE_ASSIGNMENT (( #3512 ) ) ;
#888 = DIRECTION ( 'NONE',  ( 0.0000000000000000000, 1.000000000000000000, 1.224646799146999945E-16 ) ) ;
#889 = EDGE_CURVE ( 'NONE', #931, #3065, #3180, .T. ) ;
#890 = ORIENTED_EDGE ( 'NONE', *, *, #4228, .F. ) ;
#891 = LINE ( 'NONE', #2196, #410 ) ;
#892 = AXIS2_PLACEMENT_3D ( 'NONE', #2273, #4295, #632 ) ;
#893 = DIRECTION ( 'NONE',  ( 1.000000000000000000, 0.0000000000000000000, 0.0000000000000000000 ) ) ;
#894 = AXIS2_PLACEMENT_3D ( 'NONE', #2801, #3521, #1177 ) ;
#895 = DIRECTION ( 'NONE',  ( 1.000000000000000000, 0.0000000000000000000, 0.0000000000000000000 ) ) ;
#896 =( GEOMETRIC_REPRESENTATION_CONTEXT ( 3 ) GLOBAL_UNCERTAINTY_ASSIGNED_CONTEXT ( ( #1711 ) ) GLOBAL_UNIT_ASSIGNED_CONTEXT ( ( #1137, #3580, #1570 ) ) REPRESENTATION_CONTEXT ( 'NONE', 'WORKASPACE' ) );
#897 = FILL_AREA_STYLE_COLOUR ( '', #1967 ) ;
#898 =( GEOMETRIC_REPRESENTATION_CONTEXT ( 3 ) GLOBAL_UNCERTAINTY_ASSIGNED_CONTEXT ( ( #1621 ) ) GLOBAL_UNIT_ASSIGNED_CONTEXT ( ( #167, #498, #2112 ) ) REPRESENTATION_CONTEXT ( 'NONE', 'WORKASPACE' ) );
#899 = CARTESIAN_POINT ( 'NONE',  ( -0.4749999999998638645, -0.1645950378226634647, 2.015707862251541810E-17 ) ) ;
#900 = CIRCLE ( 'NONE', #1025, 0.2000000000000000389 ) ;
#901 = CIRCLE ( 'NONE', #397, 0.2000000000000000111 ) ;
#902 = VECTOR ( 'NONE', #3577, 1000.000000000000000 ) ;
#903 = VECTOR ( 'NONE', #3887, 1000.000000000000000 ) ;
#904 = CIRCLE ( 'NONE', #3522, 0.2400000000000000189 ) ;
#905 = ORIENTED_EDGE ( 'NONE', *, *, #1058, .F. ) ;
#906 =( LENGTH_UNIT ( ) NAMED_UNIT ( * ) SI_UNIT ( .MILLI., .METRE. ) );
#907 =( GEOMETRIC_REPRESENTATION_CONTEXT ( 3 ) GLOBAL_UNCERTAINTY_ASSIGNED_CONTEXT ( ( #2487 ) ) GLOBAL_UNIT_ASSIGNED_CONTEXT ( ( #10, #1844, #217 ) ) REPRESENTATION_CONTEXT ( 'NONE', 'WORKASPACE' ) );
#908 = FILL_AREA_STYLE_COLOUR ( '', #3183 ) ;
#909 = AXIS2_PLACEMENT_3D ( 'NONE', #3713, #2731, #748 ) ;
#910 = VERTEX_POINT ( 'NONE', #2557 ) ;
#911 = DIRECTION ( 'NONE',  ( -1.000000000000000000, 0.0000000000000000000, 0.0000000000000000000 ) ) ;
#912 = UNCERTAINTY_MEASURE_WITH_UNIT (LENGTH_MEASURE( 1.000000000000000082E-05 ), #3940, 'distance_accuracy_value', 'NONE');
#913 = CARTESIAN_POINT ( 'NONE',  ( -0.1000000000000000056, -0.1499999999999999944, 0.0000000000000000000 ) ) ;
#914 = EDGE_CURVE ( 'NONE', #238, #1074, #3909, .T. ) ;
#915 = DIRECTION ( 'NONE',  ( -1.000000000000000000, -0.0000000000000000000, -0.0000000000000000000 ) ) ;
#916 = ORIENTED_EDGE ( 'NONE', *, *, #448, .F. ) ;
#917 = VECTOR ( 'NONE', #1261, 1000.000000000000000 ) ;
#918 =( NAMED_UNIT ( * ) PLANE_ANGLE_UNIT ( ) SI_UNIT ( $, .RADIAN. ) );
#919 = MECHANICAL_DESIGN_GEOMETRIC_PRESENTATION_REPRESENTATION (  '', ( #2214 ), #494 ) ;
#920 = FILL_AREA_STYLE ('',( #3892 ) ) ;
#921 = CARTESIAN_POINT ( 'NONE',  ( 0.5000000000000000000, -0.2999999999999999889, 0.08000000000000000167 ) ) ;
#922 = PLANE ( 'NONE',  #3739 ) ;
#923 = DIRECTION ( 'NONE',  ( 0.0000000000000000000, 1.224646799146999945E-16, -1.000000000000000000 ) ) ;
#924 = ORIENTED_EDGE ( 'NONE', *, *, #579, .F. ) ;
#925 = SURFACE_SIDE_STYLE ('',( #3525 ) ) ;
#926 = DIRECTION ( 'NONE',  ( -0.0000000000000000000, 1.224646799146999945E-16, 1.000000000000000000 ) ) ;
#927 = VERTEX_POINT ( 'NONE', #591 ) ;
#928 = PRESENTATION_STYLE_ASSIGNMENT (( #1964 ) ) ;
#929 = DIRECTION ( 'NONE',  ( 0.0000000000000000000, 0.0000000000000000000, 1.000000000000000000 ) ) ;
#930 = STYLED_ITEM ( 'NONE', ( #1887 ), #3906 ) ;
#931 = VERTEX_POINT ( 'NONE', #3925 ) ;
#932 = PRODUCT_RELATED_PRODUCT_CATEGORY ( 'part', '', ( #89 ) ) ;
#933 = CARTESIAN_POINT ( 'NONE',  ( -0.3152661081139450094, -0.2999999999999999889, 0.06000000000000000472 ) ) ;
#934 = DIRECTION ( 'NONE',  ( 0.0000000000000000000, -1.000000000000000000, -0.0000000000000000000 ) ) ;
#935 = ADVANCED_FACE ( 'NONE', ( #1914 ), #3245, .T. ) ;
#936 =( LENGTH_UNIT ( ) NAMED_UNIT ( * ) SI_UNIT ( .MILLI., .METRE. ) );
#937 =( LENGTH_UNIT ( ) NAMED_UNIT ( * ) SI_UNIT ( .MILLI., .METRE. ) );
#938 =( NAMED_UNIT ( * ) SI_UNIT ( $, .STERADIAN. ) SOLID_ANGLE_UNIT ( ) );
#939 = ORIENTED_EDGE ( 'NONE', *, *, #1324, .T. ) ;
#940 = EDGE_CURVE ( 'NONE', #910, #1286, #1326, .T. ) ;
#941 = SURFACE_STYLE_USAGE ( .BOTH. , #1602 ) ;
#942 = DIRECTION ( 'NONE',  ( 0.0000000000000000000, -0.0000000000000000000, 1.000000000000000000 ) ) ;
#943 = CARTESIAN_POINT ( 'NONE',  ( 0.3713942890049999890, 0.2600000000000000089, 3.184081677782999738E-17 ) ) ;
#944 = SURFACE_STYLE_USAGE ( .BOTH. , #849 ) ;
#945 = ORIENTED_EDGE ( 'NONE', *, *, #1088, .T. ) ;
#946 = CIRCLE ( 'NONE', #459, 0.2000000000000000111 ) ;
#947 = FILL_AREA_STYLE ('',( #266 ) ) ;
#948 = VERTEX_POINT ( 'NONE', #3334 ) ;
#949 = CARTESIAN_POINT ( 'NONE',  ( -0.4749999999999999778, 0.2999999999999999889, 0.08000000000000000167 ) ) ;
#950 =( LENGTH_UNIT ( ) NAMED_UNIT ( * ) SI_UNIT ( .MILLI., .METRE. ) );
#951 = EDGE_CURVE ( 'NONE', #744, #513, #4154, .T. ) ;
#952 = STYLED_ITEM ( 'NONE', ( #2129 ), #2064 ) ;
#953 = PRESENTATION_LAYER_ASSIGNMENT (  '', '', ( #251 ) ) ;
#954 = EDGE_LOOP ( 'NONE', ( #2472, #4086, #543, #4153 ) ) ;
#955 = PRESENTATION_STYLE_ASSIGNMENT (( #941 ) ) ;
#956 = PRESENTATION_LAYER_ASSIGNMENT (  '', '', ( #4148 ) ) ;
#957 = PRESENTATION_LAYER_ASSIGNMENT (  '', '', ( #2810 ) ) ;
#958 = FILL_AREA_STYLE ('',( #2586 ) ) ;
#959 = SURFACE_SIDE_STYLE ('',( #309 ) ) ;
#960 = AXIS2_PLACEMENT_3D ( 'NONE', #554, #3118, #2510 ) ;
#961 = DIRECTION ( 'NONE',  ( -1.000000000000000000, 0.0000000000000000000, 0.0000000000000000000 ) ) ;
#962 = EDGE_CURVE ( 'NONE', #3691, #1805, #900, .T. ) ;
#963 = VECTOR ( 'NONE', #1155, 1000.000000000000000 ) ;
#964 = ORIENTED_EDGE ( 'NONE', *, *, #1714, .F. ) ;
#965 = CLOSED_SHELL ( 'NONE', ( #717, #3544, #1532, #121, #282, #3428, #43, #2643, #800, #2289, #2524, #2558, #531, #2064 ) ) ;
#966 = DIRECTION ( 'NONE',  ( 0.0000000000000000000, -1.224646799146999945E-16, 1.000000000000000000 ) ) ;
#967 = VECTOR ( 'NONE', #2936, 1000.000000000000000 ) ;
#968 =( NAMED_UNIT ( * ) PLANE_ANGLE_UNIT ( ) SI_UNIT ( $, .RADIAN. ) );
#969 = DIRECTION ( 'NONE',  ( 0.0000000000000000000, 1.000000000000000000, -1.355252715606880296E-16 ) ) ;
#970 = PRODUCT_DEFINITION_SHAPE ( 'NONE', 'NONE',  #1290 ) ;
#971 = ORIENTED_EDGE ( 'NONE', *, *, #2142, .F. ) ;
#972 =( GEOMETRIC_REPRESENTATION_CONTEXT ( 3 ) GLOBAL_UNCERTAINTY_ASSIGNED_CONTEXT ( ( #1968 ) ) GLOBAL_UNIT_ASSIGNED_CONTEXT ( ( #3534, #4165, #4204 ) ) REPRESENTATION_CONTEXT ( 'NONE', 'WORKASPACE' ) );
#973 = PRESENTATION_LAYER_ASSIGNMENT (  '', '', ( #2276 ) ) ;
#974 = SURFACE_STYLE_FILL_AREA ( #704 ) ;
#975 = CARTESIAN_POINT ( 'NONE',  ( -0.1999999999999999833, -0.2599999999999999534, 0.0000000000000000000 ) ) ;
#976 = CIRCLE ( 'NONE', #1112, 0.2000000000000000389 ) ;
#977 =( GEOMETRIC_REPRESENTATION_CONTEXT ( 3 ) GLOBAL_UNCERTAINTY_ASSIGNED_CONTEXT ( ( #3153 ) ) GLOBAL_UNIT_ASSIGNED_CONTEXT ( ( #2234, #918, #874 ) ) REPRESENTATION_CONTEXT ( 'NONE', 'WORKASPACE' ) );
#978 = ITEM_DEFINED_TRANSFORMATION ( 'NONE', 'NONE', #2984,  #3761 ) ;
#979 = CIRCLE ( 'NONE', #273, 0.1499999999999999667 ) ;
#980 = DIRECTION ( 'NONE',  ( 0.0000000000000000000, -1.224646799146999945E-16, -1.000000000000000000 ) ) ;
#981 =( LENGTH_UNIT ( ) NAMED_UNIT ( * ) SI_UNIT ( .MILLI., .METRE. ) );
#982 = ORIENTED_EDGE ( 'NONE', *, *, #3537, .T. ) ;
#983 =( NAMED_UNIT ( * ) PLANE_ANGLE_UNIT ( ) SI_UNIT ( $, .RADIAN. ) );
#984 = EDGE_CURVE ( 'NONE', #2788, #369, #1004, .T. ) ;
#985 = FILL_AREA_STYLE_COLOUR ( '', #2475 ) ;
#986 = UNCERTAINTY_MEASURE_WITH_UNIT (LENGTH_MEASURE( 1.000000000000000082E-05 ), #1758, 'distance_accuracy_value', 'NONE');
#987 = SURFACE_STYLE_FILL_AREA ( #28 ) ;
#988 = ORIENTED_EDGE ( 'NONE', *, *, #3737, .T. ) ;
#989 = ORIENTED_EDGE ( 'NONE', *, *, #2661, .T. ) ;
#990 = EDGE_CURVE ( 'NONE', #3218, #3496, #2601, .T. ) ;
#991 = DIRECTION ( 'NONE',  ( 1.000000000000000000, 0.0000000000000000000, 0.0000000000000000000 ) ) ;
#992 = UNCERTAINTY_MEASURE_WITH_UNIT (LENGTH_MEASURE( 1.000000000000000082E-05 ), #836, 'distance_accuracy_value', 'NONE');
#993 = DIRECTION ( 'NONE',  ( 1.000000000000000000, 0.0000000000000000000, 0.0000000000000000000 ) ) ;
#994 = ORIENTED_EDGE ( 'NONE', *, *, #2150, .F. ) ;
#995 = EDGE_CURVE ( 'NONE', #3207, #4113, #678, .T. ) ;
#996 = SURFACE_STYLE_USAGE ( .BOTH. , #1030 ) ;
#997 = FILL_AREA_STYLE ('',( #594 ) ) ;
#998 = COLOUR_RGB ( '',0.7921568627450980005, 0.8196078431372548767, 0.9333333333333333481 ) ;
#999 = DIRECTION ( 'NONE',  ( 0.0000000000000000000, -1.224646799146999945E-16, -1.000000000000000000 ) ) ;
#1000 = DIRECTION ( 'NONE',  ( -0.0000000000000000000, -0.0000000000000000000, -1.000000000000000000 ) ) ;
#1001 = EDGE_LOOP ( 'NONE', ( #3221, #3559, #233, #3149 ) ) ;
#1002 = SURFACE_STYLE_FILL_AREA ( #958 ) ;
#1003 = LINE ( 'NONE', #3027, #259 ) ;
#1004 = LINE ( 'NONE', #1607, #1860 ) ;
#1005 = ADVANCED_FACE ( 'NONE', ( #724 ), #1306, .T. ) ;
#1006 = ORIENTED_EDGE ( 'NONE', *, *, #448, .T. ) ;
#1007 = LINE ( 'NONE', #1677, #3388 ) ;
#1008 =( NAMED_UNIT ( * ) PLANE_ANGLE_UNIT ( ) SI_UNIT ( $, .RADIAN. ) );
#1009 = DIRECTION ( 'NONE',  ( -0.0000000000000000000, 0.0000000000000000000, 1.000000000000000000 ) ) ;
#1010 = VECTOR ( 'NONE', #51, 1000.000000000000000 ) ;
#1011 = SURFACE_STYLE_FILL_AREA ( #2931 ) ;
#1012 =( GEOMETRIC_REPRESENTATION_CONTEXT ( 3 ) GLOBAL_UNCERTAINTY_ASSIGNED_CONTEXT ( ( #413 ) ) GLOBAL_UNIT_ASSIGNED_CONTEXT ( ( #3618, #1684, #2953 ) ) REPRESENTATION_CONTEXT ( 'NONE', 'WORKASPACE' ) );
#1013 = CARTESIAN_POINT ( 'NONE',  ( -0.3713942890049999890, 0.2600000000000000089, 3.184081677782999738E-17 ) ) ;
#1014 = CARTESIAN_POINT ( 'NONE',  ( 0.0000000000000000000, 0.0000000000000000000, 0.0000000000000000000 ) ) ;
#1015 = EDGE_LOOP ( 'NONE', ( #3186, #3467, #2785, #1786 ) ) ;
#1016 = PLANE ( 'NONE',  #476 ) ;
#1017 = VECTOR ( 'NONE', #716, 1000.000000000000000 ) ;
#1018 = UNCERTAINTY_MEASURE_WITH_UNIT (LENGTH_MEASURE( 1.000000000000000082E-05 ), #598, 'distance_accuracy_value', 'NONE');
#1019 = FILL_AREA_STYLE ('',( #3640 ) ) ;
#1020 = CARTESIAN_POINT ( 'NONE',  ( 0.3563508326898146561, 0.2999999999999999889, 1.836970198721499984E-17 ) ) ;
#1021 = VECTOR ( 'NONE', #3185, 1000.000000000000000 ) ;
#1022 = MECHANICAL_DESIGN_GEOMETRIC_PRESENTATION_REPRESENTATION (  '', ( #1709 ), #2258 ) ;
#1023 = SURFACE_SIDE_STYLE ('',( #101 ) ) ;
#1024 =( NAMED_UNIT ( * ) SI_UNIT ( $, .STERADIAN. ) SOLID_ANGLE_UNIT ( ) );
#1025 = AXIS2_PLACEMENT_3D ( 'NONE', #3306, #3671, #969 ) ;
#1026 = VECTOR ( 'NONE', #1650, 1000.000000000000000 ) ;
#1027 = AXIS2_PLACEMENT_3D ( 'NONE', #522, #3197, #881 ) ;
#1028 = VERTEX_POINT ( 'NONE', #3612 ) ;
#1029 = CARTESIAN_POINT ( 'NONE',  ( 0.2849999999999999756, 0.2999999999999999889, 0.1400000000000000133 ) ) ;
#1030 = SURFACE_SIDE_STYLE ('',( #299 ) ) ;
#1031 = ADVANCED_FACE ( 'NONE', ( #1969 ), #2014, .T. ) ;
#1032 = AXIS2_PLACEMENT_3D ( 'NONE', #3020, #3385, #2676 ) ;
#1033 =( NAMED_UNIT ( * ) PLANE_ANGLE_UNIT ( ) SI_UNIT ( $, .RADIAN. ) );
#1034 = EDGE_LOOP ( 'NONE', ( #2425, #2145, #4003, #1417, #3258, #1539, #2288, #4126, #2242, #29, #2386, #3963, #2039, #2881 ) ) ;
#1035 = AXIS2_PLACEMENT_3D ( 'NONE', #200, #3812, #1205 ) ;
#1036 = VECTOR ( 'NONE', #1427, 1000.000000000000000 ) ;
#1037 = SURFACE_STYLE_USAGE ( .BOTH. , #2668 ) ;
#1038 = ADVANCED_FACE ( 'NONE', ( #2423 ), #3393, .F. ) ;
#1039 = SURFACE_STYLE_USAGE ( .BOTH. , #90 ) ;
#1040 = MECHANICAL_DESIGN_GEOMETRIC_PRESENTATION_REPRESENTATION (  '', ( #558 ), #977 ) ;
#1041 =( NAMED_UNIT ( * ) SI_UNIT ( $, .STERADIAN. ) SOLID_ANGLE_UNIT ( ) );
#1042 = STYLED_ITEM ( 'NONE', ( #2600 ), #658 ) ;
#1043 = DIRECTION ( 'NONE',  ( -1.000000000000000000, 0.0000000000000000000, 0.0000000000000000000 ) ) ;
#1044 = DIRECTION ( 'NONE',  ( 0.0000000000000000000, 0.0000000000000000000, 1.000000000000000000 ) ) ;
#1045 = CARTESIAN_POINT ( 'NONE',  ( 0.3713942890050658252, -0.2600000000000331490, -3.184081677784105993E-17 ) ) ;
#1046 = EDGE_LOOP ( 'NONE', ( #3923, #436, #1135, #460 ) ) ;
#1047 = PRESENTATION_STYLE_ASSIGNMENT (( #3755 ) ) ;
#1048 = SURFACE_STYLE_USAGE ( .BOTH. , #3270 ) ;
#1049 = ORIENTED_EDGE ( 'NONE', *, *, #481, .T. ) ;
#1050 = CARTESIAN_POINT ( 'NONE',  ( 0.5500000000000000444, -0.3499999999999999778, 0.02000000000000002470 ) ) ;
#1051 =( NAMED_UNIT ( * ) SI_UNIT ( $, .STERADIAN. ) SOLID_ANGLE_UNIT ( ) );
#1052 = DIRECTION ( 'NONE',  ( -0.0000000000000000000, -1.000000000000000000, -1.224646799146999945E-16 ) ) ;
#1053 = PRESENTATION_STYLE_ASSIGNMENT (( #1445 ) ) ;
#1054 = ORIENTED_EDGE ( 'NONE', *, *, #128, .T. ) ;
#1055 = SURFACE_STYLE_USAGE ( .BOTH. , #2133 ) ;
#1056 = LINE ( 'NONE', #3698, #4074 ) ;
#1057 = SHAPE_REPRESENTATION_RELATIONSHIP ( 'NONE' , 'NONE' ,  #1487, #3779 ) ;
#1058 = EDGE_CURVE ( 'NONE', #3207, #3569, #3291, .T. ) ;
#1059 = EDGE_LOOP ( 'NONE', ( #4044, #1425, #3491, #3436 ) ) ;
#1060 = CARTESIAN_POINT ( 'NONE',  ( -0.4750000000000030309, 0.1645950378230000011, 2.015707862250000449E-17 ) ) ;
#1061 = SURFACE_SIDE_STYLE ('',( #3024 ) ) ;
#1062 = FACE_OUTER_BOUND ( 'NONE', #4189, .T. ) ;
#1063 = SURFACE_SIDE_STYLE ('',( #3054 ) ) ;
#1064 = EDGE_CURVE ( 'NONE', #4077, #3625, #4039, .T. ) ;
#1065 = DIRECTION ( 'NONE',  ( 0.0000000000000000000, 0.0000000000000000000, 1.000000000000000000 ) ) ;
#1066 = SURFACE_SIDE_STYLE ('',( #2981 ) ) ;
#1067 = SURFACE_STYLE_FILL_AREA ( #362 ) ;
#1068 = EDGE_LOOP ( 'NONE', ( #151, #924, #2836, #3960, #358, #3637, #2990, #2269 ) ) ;
#1069 = CYLINDRICAL_SURFACE ( 'NONE', #3023, 0.2000000000000000389 ) ;
#1070 = FILL_AREA_STYLE ('',( #1745 ) ) ;
#1071 = FILL_AREA_STYLE_COLOUR ( '', #844 ) ;
#1072 = CARTESIAN_POINT ( 'NONE',  ( -0.05000000000000000971, -0.2999999999999999889, 0.0000000000000000000 ) ) ;
#1073 = CARTESIAN_POINT ( 'NONE',  ( 0.3275140453870000190, -0.2600000000000000089, 0.06000000000000000472 ) ) ;
#1074 = VERTEX_POINT ( 'NONE', #3419 ) ;
#1075 = DIRECTION ( 'NONE',  ( 0.0000000000000000000, 1.000000000000000000, -0.0000000000000000000 ) ) ;
#1076 = PRESENTATION_LAYER_ASSIGNMENT (  '', '', ( #2584 ) ) ;
#1077 = FILL_AREA_STYLE_COLOUR ( '', #391 ) ;
#1078 =( GEOMETRIC_REPRESENTATION_CONTEXT ( 3 ) GLOBAL_UNCERTAINTY_ASSIGNED_CONTEXT ( ( #1809 ) ) GLOBAL_UNIT_ASSIGNED_CONTEXT ( ( #981, #4250, #2602 ) ) REPRESENTATION_CONTEXT ( 'NONE', 'WORKASPACE' ) );
#1079 = VERTEX_POINT ( 'NONE', #2399 ) ;
#1080 =( NAMED_UNIT ( * ) SI_UNIT ( $, .STERADIAN. ) SOLID_ANGLE_UNIT ( ) );
#1081 = EDGE_CURVE ( 'NONE', #2889, #2735, #3021, .T. ) ;
#1082 = DIRECTION ( 'NONE',  ( -0.0000000000000000000, 0.0000000000000000000, -1.000000000000000000 ) ) ;
#1083 = PRESENTATION_STYLE_ASSIGNMENT (( #3413 ) ) ;
#1084 = DIRECTION ( 'NONE',  ( -0.0000000000000000000, 1.000000000000000000, 1.224646799146999945E-16 ) ) ;
#1085 = ORIENTED_EDGE ( 'NONE', *, *, #3510, .F. ) ;
#1086 = CARTESIAN_POINT ( 'NONE',  ( -0.4750000000000015321, 0.1645950378228042132, -3.150985829630565726E-17 ) ) ;
#1087 = CYLINDRICAL_SURFACE ( 'NONE', #2474, 0.005000000000000013115 ) ;
#1088 = EDGE_CURVE ( 'NONE', #3173, #2841, #814, .T. ) ;
#1089 = CARTESIAN_POINT ( 'NONE',  ( -0.2974999999999999867, -0.2975000000000000977, 0.1250000000000000000 ) ) ;
#1090 = ORIENTED_EDGE ( 'NONE', *, *, #1721, .T. ) ;
#1091 = APPLICATION_CONTEXT ( 'automotive_design' ) ;
#1092 = LINE ( 'NONE', #2402, #3944 ) ;
#1093 =( GEOMETRIC_REPRESENTATION_CONTEXT ( 3 ) GLOBAL_UNCERTAINTY_ASSIGNED_CONTEXT ( ( #3969 ) ) GLOBAL_UNIT_ASSIGNED_CONTEXT ( ( #706, #1399, #1768 ) ) REPRESENTATION_CONTEXT ( 'NONE', 'WORKASPACE' ) );
#1094 = SURFACE_STYLE_FILL_AREA ( #1070 ) ;
#1095 = VECTOR ( 'NONE', #2409, 1000.000000000000000 ) ;
#1096 = DIRECTION ( 'NONE',  ( 0.0000000000000000000, 0.0000000000000000000, 1.000000000000000000 ) ) ;
#1097 = DIRECTION ( 'NONE',  ( 0.0000000000000000000, 1.000000000000000000, 1.224646799146999945E-16 ) ) ;
#1098 = STYLED_ITEM ( 'NONE', ( #2612 ), #4146 ) ;
#1099 = VERTEX_POINT ( 'NONE', #1463 ) ;
#1100 = FACE_OUTER_BOUND ( 'NONE', #1517, .T. ) ;
#1101 = MECHANICAL_DESIGN_GEOMETRIC_PRESENTATION_REPRESENTATION (  '', ( #1927 ), #3538 ) ;
#1102 =( NAMED_UNIT ( * ) PLANE_ANGLE_UNIT ( ) SI_UNIT ( $, .RADIAN. ) );
#1103 = AXIS2_PLACEMENT_3D ( 'NONE', #842, #2210, #1153 ) ;
#1104 = FILL_AREA_STYLE ('',( #2781 ) ) ;
#1105 = VERTEX_POINT ( 'NONE', #2771 ) ;
#1106 = FACE_OUTER_BOUND ( 'NONE', #3987, .T. ) ;
#1107 = VECTOR ( 'NONE', #2093, 1000.000000000000000 ) ;
#1108 = DIRECTION ( 'NONE',  ( -0.0000000000000000000, -0.0000000000000000000, 1.000000000000000000 ) ) ;
#1109 = DIRECTION ( 'NONE',  ( -0.0000000000000000000, 1.000000000000000000, 0.0000000000000000000 ) ) ;
#1110 = LINE ( 'NONE', #2454, #4278 ) ;
#1111 = VERTEX_POINT ( 'NONE', #2459 ) ;
#1112 = AXIS2_PLACEMENT_3D ( 'NONE', #1147, #1240, #2159 ) ;
#1113 = PRODUCT_RELATED_PRODUCT_CATEGORY ( 'part', '', ( #1764 ) ) ;
#1114 = VERTEX_POINT ( 'NONE', #3808 ) ;
#1115 = LINE ( 'NONE', #2704, #644 ) ;
#1116 = COLOUR_RGB ( '',0.7803921568627451011, 0.5686274509803921351, 0.1137254901960784298 ) ;
#1117 = CARTESIAN_POINT ( 'NONE',  ( -0.5500000000000000444, -0.3499999999999999778, 0.08000000000000000167 ) ) ;
#1118 = UNCERTAINTY_MEASURE_WITH_UNIT (LENGTH_MEASURE( 1.000000000000000082E-05 ), #2987, 'distance_accuracy_value', 'NONE');
#1119 = VECTOR ( 'NONE', #2960, 1000.000000000000000 ) ;
#1120 = ADVANCED_FACE ( 'NONE', ( #843 ), #3029, .F. ) ;
#1121 = ORIENTED_EDGE ( 'NONE', *, *, #2135, .F. ) ;
#1122 = UNCERTAINTY_MEASURE_WITH_UNIT (LENGTH_MEASURE( 1.000000000000000082E-05 ), #906, 'distance_accuracy_value', 'NONE');
#1123 = FILL_AREA_STYLE ('',( #2756 ) ) ;
#1124 = FACE_OUTER_BOUND ( 'NONE', #3009, .T. ) ;
#1125 = ORIENTED_EDGE ( 'NONE', *, *, #3764, .T. ) ;
#1126 = CARTESIAN_POINT ( 'NONE',  ( 0.4749999999999999778, -0.1645950378230000011, 2.015707862250000449E-17 ) ) ;
#1127 = DIRECTION ( 'NONE',  ( 9.274621392321998436E-15, 1.000000000000000000, 0.0000000000000000000 ) ) ;
#1128 = CARTESIAN_POINT ( 'NONE',  ( 0.4999999999999551470, -0.1563508326896407286, 0.08000000000000001554 ) ) ;
#1129 = PRESENTATION_STYLE_ASSIGNMENT (( #2763 ) ) ;
#1130 = CARTESIAN_POINT ( 'NONE',  ( -0.05000000000000000278, 0.2999999999999999889, 0.0000000000000000000 ) ) ;
#1131 = SURFACE_SIDE_STYLE ('',( #2765 ) ) ;
#1132 = CARTESIAN_POINT ( 'NONE',  ( 0.2849999999999999756, 0.2999999999999999889, 0.1250000000000000000 ) ) ;
#1133 = FACE_OUTER_BOUND ( 'NONE', #3420, .T. ) ;
#1134 = ORIENTED_EDGE ( 'NONE', *, *, #2752, .T. ) ;
#1135 = ORIENTED_EDGE ( 'NONE', *, *, #1977, .F. ) ;
#1136 = FILL_AREA_STYLE_COLOUR ( '', #3891 ) ;
#1137 =( LENGTH_UNIT ( ) NAMED_UNIT ( * ) SI_UNIT ( .MILLI., .METRE. ) );
#1138 = DIRECTION ( 'NONE',  ( 0.0000000000000000000, 0.0000000000000000000, 1.000000000000000000 ) ) ;
#1139 = ORIENTED_EDGE ( 'NONE', *, *, #4264, .T. ) ;
#1140 =( LENGTH_UNIT ( ) NAMED_UNIT ( * ) SI_UNIT ( .MILLI., .METRE. ) );
#1141 = DIRECTION ( 'NONE',  ( 0.0000000000000000000, 0.0000000000000000000, -1.000000000000000000 ) ) ;
#1142 = EDGE_CURVE ( 'NONE', #1314, #3485, #2186, .T. ) ;
#1143 = CARTESIAN_POINT ( 'NONE',  ( 0.2000000000000000111, -0.2999999999999999889, 0.06000000000000000472 ) ) ;
#1144 = EDGE_LOOP ( 'NONE', ( #2614, #890, #1090, #4091 ) ) ;
#1145 = CARTESIAN_POINT ( 'NONE',  ( 0.5500000000000000444, 0.3499999999999999778, 0.0000000000000000000 ) ) ;
#1146 = EDGE_CURVE ( 'NONE', #461, #4198, #1264, .T. ) ;
#1147 = CARTESIAN_POINT ( 'NONE',  ( -0.5500000000000000444, 0.3499999999999999778, 4.286263797016299275E-17 ) ) ;
#1148 = UNCERTAINTY_MEASURE_WITH_UNIT (LENGTH_MEASURE( 1.000000000000000082E-05 ), #351, 'distance_accuracy_value', 'NONE');
#1149 = SURFACE_SIDE_STYLE ('',( #4123 ) ) ;
#1150 = FILL_AREA_STYLE_COLOUR ( '', #1511 ) ;
#1151 = ORIENTED_EDGE ( 'NONE', *, *, #1777, .F. ) ;
#1152 = DIRECTION ( 'NONE',  ( 1.000000000000000000, 0.0000000000000000000, 0.0000000000000000000 ) ) ;
#1153 = DIRECTION ( 'NONE',  ( 9.274621392321998436E-15, -1.000000000000000000, 0.0000000000000000000 ) ) ;
#1154 = UNCERTAINTY_MEASURE_WITH_UNIT (LENGTH_MEASURE( 1.000000000000000082E-05 ), #3679, 'distance_accuracy_value', 'NONE');
#1155 = DIRECTION ( 'NONE',  ( 0.0000000000000000000, -0.0000000000000000000, 1.000000000000000000 ) ) ;
#1156 = ORIENTED_EDGE ( 'NONE', *, *, #2058, .T. ) ;
#1157 = SURFACE_STYLE_USAGE ( .BOTH. , #2125 ) ;
#1158 = CARTESIAN_POINT ( 'NONE',  ( 0.2000000000000000111, -0.2600000000000000089, 0.02000000000000000042 ) ) ;
#1159 = UNCERTAINTY_MEASURE_WITH_UNIT (LENGTH_MEASURE( 1.000000000000000082E-05 ), #3145, 'distance_accuracy_value', 'NONE');
#1160 = LINE ( 'NONE', #4097, #1737 ) ;
#1161 = VECTOR ( 'NONE', #1678, 1000.000000000000000 ) ;
#1162 = SURFACE_STYLE_USAGE ( .BOTH. , #3859 ) ;
#1163 = STYLED_ITEM ( 'NONE', ( #3749 ), #3829 ) ;
#1164 = ORIENTED_EDGE ( 'NONE', *, *, #3039, .T. ) ;
#1165 = CARTESIAN_POINT ( 'NONE',  ( 0.3563508326900000078, -0.2999999999999999889, 0.0000000000000000000 ) ) ;
#1166 = VECTOR ( 'NONE', #877, 1000.000000000000000 ) ;
#1167 = ADVANCED_FACE ( 'NONE', ( #1825 ), #3904, .T. ) ;
#1168 = CIRCLE ( 'NONE', #256, 0.2000000000000000111 ) ;
#1169 = AXIS2_PLACEMENT_3D ( 'NONE', #2104, #138, #2287 ) ;
#1170 = AXIS2_PLACEMENT_3D ( 'NONE', #2294, #3630, #654 ) ;
#1171 = APPLICATION_PROTOCOL_DEFINITION ( 'draft international standard', 'automotive_design', 1998, #2108 ) ;
#1172 = SURFACE_STYLE_FILL_AREA ( #2238 ) ;
#1173 = AXIS2_PLACEMENT_3D ( 'NONE', #1263, #2567, #601 ) ;
#1174 = EDGE_CURVE ( 'NONE', #3774, #3691, #3573, .T. ) ;
#1175 = FILL_AREA_STYLE ('',( #4144 ) ) ;
#1176 = DIRECTION ( 'NONE',  ( 0.0000000000000000000, -1.224646799146999945E-16, -1.000000000000000000 ) ) ;
#1177 = DIRECTION ( 'NONE',  ( 1.000000000000000000, 0.0000000000000000000, 0.0000000000000000000 ) ) ;
#1178 =( GEOMETRIC_REPRESENTATION_CONTEXT ( 3 ) GLOBAL_UNCERTAINTY_ASSIGNED_CONTEXT ( ( #3113 ) ) GLOBAL_UNIT_ASSIGNED_CONTEXT ( ( #2684, #3693, #1824 ) ) REPRESENTATION_CONTEXT ( 'NONE', 'WORKASPACE' ) );
#1179 =( NAMED_UNIT ( * ) PLANE_ANGLE_UNIT ( ) SI_UNIT ( $, .RADIAN. ) );
#1180 = ORIENTED_EDGE ( 'NONE', *, *, #421, .T. ) ;
#1181 = ORIENTED_EDGE ( 'NONE', *, *, #3853, .F. ) ;
#1182 = CIRCLE ( 'NONE', #909, 0.2000000000000000111 ) ;
#1183 = CARTESIAN_POINT ( 'NONE',  ( 0.2999999999999999889, 0.2999999999999999889, 0.1337867965644035650 ) ) ;
#1184 = FACE_OUTER_BOUND ( 'NONE', #655, .T. ) ;
#1185 = PRESENTATION_LAYER_ASSIGNMENT (  '', '', ( #3036 ) ) ;
#1186 = AXIS2_PLACEMENT_3D ( 'NONE', #164, #2820, #2865 ) ;
#1187 = ORIENTED_EDGE ( 'NONE', *, *, #264, .F. ) ;
#1188 = VECTOR ( 'NONE', #4035, 1000.000000000000000 ) ;
#1189 = LINE ( 'NONE', #2216, #3382 ) ;
#1190 =( GEOMETRIC_REPRESENTATION_CONTEXT ( 3 ) GLOBAL_UNCERTAINTY_ASSIGNED_CONTEXT ( ( #3974 ) ) GLOBAL_UNIT_ASSIGNED_CONTEXT ( ( #2306, #310, #697 ) ) REPRESENTATION_CONTEXT ( 'NONE', 'WORKASPACE' ) );
#1191 = DIRECTION ( 'NONE',  ( -1.000000000000000000, -0.0000000000000000000, 0.0000000000000000000 ) ) ;
#1192 = ORIENTED_EDGE ( 'NONE', *, *, #11, .F. ) ;
#1193 = CARTESIAN_POINT ( 'NONE',  ( -0.4749999999999319766, -0.1645950378226359312, 0.06000000000000001860 ) ) ;
#1194 = APPLICATION_PROTOCOL_DEFINITION ( 'draft international standard', 'automotive_design', 1998, #3229 ) ;
#1195 = CARTESIAN_POINT ( 'NONE',  ( -0.4749999999999999778, 0.2999999999999999889, 0.0000000000000000000 ) ) ;
#1196 = SURFACE_SIDE_STYLE ('',( #856 ) ) ;
#1197 = CARTESIAN_POINT ( 'NONE',  ( 0.5500000000000000444, -0.3499999999999999778, 4.286263797015999754E-17 ) ) ;
#1198 =( LENGTH_UNIT ( ) NAMED_UNIT ( * ) SI_UNIT ( .MILLI., .METRE. ) );
#1199 = EDGE_CURVE ( 'NONE', #1114, #2511, #3528, .T. ) ;
#1200 = ORIENTED_EDGE ( 'NONE', *, *, #1692, .F. ) ;
#1201 = ORIENTED_EDGE ( 'NONE', *, *, #300, .F. ) ;
#1202 = DIRECTION ( 'NONE',  ( -0.0000000000000000000, 1.224646799146999945E-16, 1.000000000000000000 ) ) ;
#1203 = LINE ( 'NONE', #3199, #1652 ) ;
#1204 = ORIENTED_EDGE ( 'NONE', *, *, #2534, .T. ) ;
#1205 = DIRECTION ( 'NONE',  ( 0.0000000000000000000, 0.0000000000000000000, -1.000000000000000000 ) ) ;
#1206 = LINE ( 'NONE', #4205, #3247 ) ;
#1207 = AXIS2_PLACEMENT_3D ( 'NONE', #4193, #1903, #1531 ) ;
#1208 = CARTESIAN_POINT ( 'NONE',  ( -0.5500000000000000444, 0.3499999999999999778, 0.05999999999999999778 ) ) ;
#1209 = ORIENTED_EDGE ( 'NONE', *, *, #1224, .T. ) ;
#1210 = CARTESIAN_POINT ( 'NONE',  ( -0.4749999999999999778, -0.2999999999999999889, 0.06000000000000000472 ) ) ;
#1211 = LINE ( 'NONE', #3545, #2462 ) ;
#1212 = CARTESIAN_POINT ( 'NONE',  ( 0.3713942890050412338, 0.2600000000000000089, 0.02000000000000000042 ) ) ;
#1213 =( BOUNDED_CURVE ( )  B_SPLINE_CURVE ( 3, ( #2166, #1183, #2485, #3833 ),
 .UNSPECIFIED., .F., .T. ) 
 B_SPLINE_CURVE_WITH_KNOTS ( ( 4, 4 ),
 ( 3.141592653589793116, 4.712388980384689674 ),
 .UNSPECIFIED. ) 
 CURVE ( )  GEOMETRIC_REPRESENTATION_ITEM ( )  RATIONAL_B_SPLINE_CURVE ( ( 1.000000000000000000, 0.8047378541243649375, 0.8047378541243649375, 1.000000000000000000 ) ) 
 REPRESENTATION_ITEM ( '' )  );
#1214 = LINE ( 'NONE', #2515, #2761 ) ;
#1215 = DIRECTION ( 'NONE',  ( -0.0000000000000000000, 1.000000000000000000, 0.0000000000000000000 ) ) ;
#1216 = FILL_AREA_STYLE_COLOUR ( '', #1116 ) ;
#1217 = ORIENTED_EDGE ( 'NONE', *, *, #3159, .F. ) ;
#1218 = SURFACE_STYLE_USAGE ( .BOTH. , #486 ) ;
#1219 = EDGE_CURVE ( 'NONE', #3293, #1821, #547, .T. ) ;
#1220 = LINE ( 'NONE', #234, #3252 ) ;
#1221 = DIRECTION ( 'NONE',  ( 0.0000000000000000000, -1.224646799146999945E-16, -1.000000000000000000 ) ) ;
#1222 = AXIS2_PLACEMENT_3D ( 'NONE', #1145, #4100, #88 ) ;
#1223 = ORIENTED_EDGE ( 'NONE', *, *, #3858, .T. ) ;
#1224 = EDGE_CURVE ( 'NONE', #1875, #1458, #904, .T. ) ;
#1225 = CYLINDRICAL_SURFACE ( 'NONE', #3325, 0.1700000000000000122 ) ;
#1226 = CARTESIAN_POINT ( 'NONE',  ( 0.3152661081140000210, -0.2999999999999999889, 0.0000000000000000000 ) ) ;
#1227 = CARTESIAN_POINT ( 'NONE',  ( 0.3152661081140000210, 0.2999999999999999889, 0.0000000000000000000 ) ) ;
#1228 = ORIENTED_EDGE ( 'NONE', *, *, #747, .T. ) ;
#1229 = CARTESIAN_POINT ( 'NONE',  ( 0.5000000000000000000, -0.2085786437628452672, 0.0000000000000000000 ) ) ;
#1230 = STYLED_ITEM ( 'NONE', ( #3687 ), #1435 ) ;
#1231 = CYLINDRICAL_SURFACE ( 'NONE', #2319, 0.2400000000000000189 ) ;
#1232 = PRESENTATION_LAYER_ASSIGNMENT (  '', '', ( #1163 ) ) ;
#1233 = VECTOR ( 'NONE', #1215, 1000.000000000000000 ) ;
#1234 = SHAPE_DEFINITION_REPRESENTATION ( #618, #2861 ) ;
#1235 = MECHANICAL_DESIGN_GEOMETRIC_PRESENTATION_REPRESENTATION (  '', ( #1506 ), #743 ) ;
#1236 = DIRECTION ( 'NONE',  ( 0.0000000000000000000, -1.000000000000000000, 0.0000000000000000000 ) ) ;
#1237 = APPLICATION_CONTEXT ( 'automotive_design' ) ;
#1238 = CIRCLE ( 'NONE', #4151, 0.2400000000000000189 ) ;
#1239 = MECHANICAL_DESIGN_GEOMETRIC_PRESENTATION_REPRESENTATION (  '', ( #676 ), #3566 ) ;
#1240 = DIRECTION ( 'NONE',  ( -0.0000000000000000000, -1.224646799146999945E-16, 1.000000000000000000 ) ) ;
#1241 = VECTOR ( 'NONE', #32, 1000.000000000000000 ) ;
#1242 = LINE ( 'NONE', #2180, #1166 ) ;
#1243 = VECTOR ( 'NONE', #3501, 1000.000000000000000 ) ;
#1244 = STYLED_ITEM ( 'NONE', ( #3981 ), #3709 ) ;
#1245 = DIRECTION ( 'NONE',  ( 0.0000000000000000000, 1.000000000000000000, -1.129377263005733621E-16 ) ) ;
#1246 = AXIS2_PLACEMENT_3D ( 'NONE', #3176, #3835, #1519 ) ;
#1247 = ORIENTED_EDGE ( 'NONE', *, *, #3972, .F. ) ;
#1248 = FILL_AREA_STYLE_COLOUR ( '', #1791 ) ;
#1249 =( NAMED_UNIT ( * ) PLANE_ANGLE_UNIT ( ) SI_UNIT ( $, .RADIAN. ) );
#1250 = ADVANCED_FACE ( 'NONE', ( #3509 ), #3201, .F. ) ;
#1251 = VECTOR ( 'NONE', #2826, 1000.000000000000000 ) ;
#1252 = CARTESIAN_POINT ( 'NONE',  ( -0.2950000000000000400, -0.2950000000000000400, 0.0000000000000000000 ) ) ;
#1253 = DIRECTION ( 'NONE',  ( 0.0000000000000000000, 1.000000000000000000, -1.185846126156020228E-16 ) ) ;
#1254 = VECTOR ( 'NONE', #257, 1000.000000000000000 ) ;
#1255 = ADVANCED_BREP_SHAPE_REPRESENTATION ( '', ( #449, #3761 ), #869 ) ;
#1256 = EDGE_CURVE ( 'NONE', #3485, #2559, #650, .T. ) ;
#1257 = ORIENTED_EDGE ( 'NONE', *, *, #2083, .T. ) ;
#1258 = FILL_AREA_STYLE ('',( #1879 ) ) ;
#1259 = DIRECTION ( 'NONE',  ( 0.0000000000000000000, 0.0000000000000000000, 1.000000000000000000 ) ) ;
#1260 = SHAPE_DEFINITION_REPRESENTATION ( #1997, #3758 ) ;
#1261 = DIRECTION ( 'NONE',  ( -0.0000000000000000000, 1.000000000000000000, 0.0000000000000000000 ) ) ;
#1262 = ORIENTED_EDGE ( 'NONE', *, *, #2560, .F. ) ;
#1263 = CARTESIAN_POINT ( 'NONE',  ( -0.5500000000000000444, 0.3499999999999999778, 4.286263797015999754E-17 ) ) ;
#1264 = LINE ( 'NONE', #235, #753 ) ;
#1265 = SURFACE_STYLE_FILL_AREA ( #1482 ) ;
#1266 = STYLED_ITEM ( 'NONE', ( #1047 ), #3457 ) ;
#1267 =( LENGTH_UNIT ( ) NAMED_UNIT ( * ) SI_UNIT ( .MILLI., .METRE. ) );
#1268 =( LENGTH_UNIT ( ) NAMED_UNIT ( * ) SI_UNIT ( .MILLI., .METRE. ) );
#1269 = CARTESIAN_POINT ( 'NONE',  ( -0.2999999999999999889, 0.2999999999999999889, 0.0000000000000000000 ) ) ;
#1270 = STYLED_ITEM ( 'NONE', ( #2345 ), #1255 ) ;
#1271 = ORIENTED_EDGE ( 'NONE', *, *, #1318, .T. ) ;
#1272 = EDGE_CURVE ( 'NONE', #2889, #2065, #2939, .T. ) ;
#1273 = PRODUCT_DEFINITION_FORMATION_WITH_SPECIFIED_SOURCE ( 'ANY', '', #89, .NOT_KNOWN. ) ;
#1274 = ADVANCED_FACE ( 'NONE', ( #3328 ), #3970, .T. ) ;
#1275 = SURFACE_STYLE_USAGE ( .BOTH. , #1617 ) ;
#1276 = VERTEX_POINT ( 'NONE', #1280 ) ;
#1277 = FILL_AREA_STYLE_COLOUR ( '', #4283 ) ;
#1278 = LINE ( 'NONE', #2632, #3602 ) ;
#1279 = UNCERTAINTY_MEASURE_WITH_UNIT (LENGTH_MEASURE( 1.000000000000000082E-05 ), #1666, 'distance_accuracy_value', 'NONE');
#1280 = CARTESIAN_POINT ( 'NONE',  ( 0.2999999999999999889, -0.2950000000000000400, 0.0000000000000000000 ) ) ;
#1281 =( NAMED_UNIT ( * ) PLANE_ANGLE_UNIT ( ) SI_UNIT ( $, .RADIAN. ) );
#1282 = CARTESIAN_POINT ( 'NONE',  ( -0.5000000000000000000, 0.2085786437628452394, 0.0000000000000000000 ) ) ;
#1283 = SURFACE_SIDE_STYLE ('',( #614 ) ) ;
#1284 = COLOUR_RGB ( '',0.7803921568627451011, 0.5686274509803921351, 0.1137254901960784298 ) ;
#1285 = UNCERTAINTY_MEASURE_WITH_UNIT (LENGTH_MEASURE( 1.000000000000000082E-05 ), #2900, 'distance_accuracy_value', 'NONE');
#1286 = VERTEX_POINT ( 'NONE', #2587 ) ;
#1287 = SURFACE_SIDE_STYLE ('',( #2924 ) ) ;
#1288 = CARTESIAN_POINT ( 'NONE',  ( 0.5000000000000000000, 0.2999999999999999889, 0.06000000000000000472 ) ) ;
#1289 = CARTESIAN_POINT ( 'NONE',  ( -0.5500000000000000444, 0.3499999999999999778, 0.02000000000000000042 ) ) ;
#1290 = PRODUCT_DEFINITION ( 'UNKNOWN', '', #160, #2701 ) ;
#1291 = LINE ( 'NONE', #3965, #2197 ) ;
#1292 = PLANE ( 'NONE',  #2871 ) ;
#1293 = STYLED_ITEM ( 'NONE', ( #3562 ), #1885 ) ;
#1294 = FILL_AREA_STYLE_COLOUR ( '', #998 ) ;
#1295 = EDGE_CURVE ( 'NONE', #3870, #3569, #3937, .T. ) ;
#1296 = VERTEX_POINT ( 'NONE', #2977 ) ;
#1297 = AXIS2_PLACEMENT_3D ( 'NONE', #3276, #3979, #642 ) ;
#1298 = PRESENTATION_STYLE_ASSIGNMENT (( #1622 ) ) ;
#1299 = COLOUR_RGB ( '',0.0000000000000000000, 1.000000000000000000, 0.0000000000000000000 ) ;
#1300 = MECHANICAL_DESIGN_GEOMETRIC_PRESENTATION_REPRESENTATION (  '', ( #1098 ), #3724 ) ;
#1301 = SURFACE_STYLE_USAGE ( .BOTH. , #376 ) ;
#1302 = STYLED_ITEM ( 'NONE', ( #2522 ), #1167 ) ;
#1303 = FACE_OUTER_BOUND ( 'NONE', #3086, .T. ) ;
#1304 = EDGE_CURVE ( 'NONE', #2748, #2788, #5, .T. ) ;
#1305 = DIRECTION ( 'NONE',  ( -1.000000000000000000, 0.0000000000000000000, 0.0000000000000000000 ) ) ;
#1306 = PLANE ( 'NONE',  #1170 ) ;
#1307 = VECTOR ( 'NONE', #4200, 1000.000000000000000 ) ;
#1308 = ORIENTED_EDGE ( 'NONE', *, *, #2241, .T. ) ;
#1309 =( NAMED_UNIT ( * ) SI_UNIT ( $, .STERADIAN. ) SOLID_ANGLE_UNIT ( ) );
#1310 = AXIS2_PLACEMENT_3D ( 'NONE', #516, #1236, #1599 ) ;
#1311 = AXIS2_PLACEMENT_3D ( 'NONE', #4080, #1108, #2415 ) ;
#1312 = VECTOR ( 'NONE', #1534, 1000.000000000000000 ) ;
#1313 = VECTOR ( 'NONE', #3889, 1000.000000000000000 ) ;
#1314 = VERTEX_POINT ( 'NONE', #3984 ) ;
#1315 =( LENGTH_UNIT ( ) NAMED_UNIT ( * ) SI_UNIT ( .MILLI., .METRE. ) );
#1316 = SURFACE_SIDE_STYLE ('',( #2932 ) ) ;
#1317 = ORIENTED_EDGE ( 'NONE', *, *, #1910, .F. ) ;
#1318 = EDGE_CURVE ( 'NONE', #242, #508, #3347, .T. ) ;
#1319 = UNCERTAINTY_MEASURE_WITH_UNIT (LENGTH_MEASURE( 1.000000000000000082E-05 ), #2092, 'distance_accuracy_value', 'NONE');
#1320 =( NAMED_UNIT ( * ) PLANE_ANGLE_UNIT ( ) SI_UNIT ( $, .RADIAN. ) );
#1321 = FILL_AREA_STYLE_COLOUR ( '', #1663 ) ;
#1322 = CARTESIAN_POINT ( 'NONE',  ( 0.3713942890049999890, 0.2600000000000000089, 3.184081677782999738E-17 ) ) ;
#1323 = FILL_AREA_STYLE ('',( #2921 ) ) ;
#1324 = EDGE_CURVE ( 'NONE', #1970, #1686, #605, .T. ) ;
#1325 = UNCERTAINTY_MEASURE_WITH_UNIT (LENGTH_MEASURE( 1.000000000000000082E-05 ), #3914, 'distance_accuracy_value', 'NONE');
#1326 = LINE ( 'NONE', #3002, #609 ) ;
#1327 = VERTEX_POINT ( 'NONE', #2436 ) ;
#1328 =( LENGTH_UNIT ( ) NAMED_UNIT ( * ) SI_UNIT ( .MILLI., .METRE. ) );
#1329 = SURFACE_SIDE_STYLE ('',( #1658 ) ) ;
#1330 = MECHANICAL_DESIGN_GEOMETRIC_PRESENTATION_REPRESENTATION (  '', ( #439 ), #2 ) ;
#1331 = ORIENTED_EDGE ( 'NONE', *, *, #3631, .F. ) ;
#1332 = PRESENTATION_STYLE_ASSIGNMENT (( #1975 ) ) ;
#1333 = AXIS2_PLACEMENT_3D ( 'NONE', #3915, #4233, #895 ) ;
#1334 = CARTESIAN_POINT ( 'NONE',  ( 0.2999999999999999889, 0.2999999999999999889, 0.0000000000000000000 ) ) ;
#1335 = ORIENTED_EDGE ( 'NONE', *, *, #1478, .F. ) ;
#1336 = DIRECTION ( 'NONE',  ( -0.0000000000000000000, 1.224646799146999945E-16, 1.000000000000000000 ) ) ;
#1337 = DIRECTION ( 'NONE',  ( -1.000000000000000000, -0.0000000000000000000, -0.0000000000000000000 ) ) ;
#1338 = CARTESIAN_POINT ( 'NONE',  ( 0.4949999999999999956, 0.1891429205790000068, 0.02000000000000000042 ) ) ;
#1339 = SURFACE_STYLE_USAGE ( .BOTH. , #1690 ) ;
#1340 = EDGE_CURVE ( 'NONE', #3860, #1847, #2702, .T. ) ;
#1341 = VERTEX_POINT ( 'NONE', #2072 ) ;
#1342 = LINE ( 'NONE', #3989, #1955 ) ;
#1343 = PRESENTATION_STYLE_ASSIGNMENT (( #701 ) ) ;
#1344 = EDGE_CURVE ( 'NONE', #770, #744, #2030, .T. ) ;
#1345 = ORIENTED_EDGE ( 'NONE', *, *, #711, .T. ) ;
#1346 = FILL_AREA_STYLE ('',( #657 ) ) ;
#1347 =( NAMED_UNIT ( * ) SI_UNIT ( $, .STERADIAN. ) SOLID_ANGLE_UNIT ( ) );
#1348 = CARTESIAN_POINT ( 'NONE',  ( 0.5500000000000000444, -0.3499999999999999778, -4.286263797015299024E-17 ) ) ;
#1349 = VERTEX_POINT ( 'NONE', #1472 ) ;
#1350 = DIRECTION ( 'NONE',  ( 0.0000000000000000000, 1.000000000000000000, -1.129377263005733621E-16 ) ) ;
#1351 = SURFACE_STYLE_USAGE ( .BOTH. , #1316 ) ;
#1352 = EDGE_LOOP ( 'NONE', ( #3780, #2091, #2864, #424, #1759, #26, #100, #2899 ) ) ;
#1353 = DIRECTION ( 'NONE',  ( -0.0000000000000000000, 1.000000000000000000, 0.0000000000000000000 ) ) ;
#1354 = COLOUR_RGB ( '',0.7803921568627451011, 0.5686274509803921351, 0.1137254901960784298 ) ;
#1355 = UNCERTAINTY_MEASURE_WITH_UNIT (LENGTH_MEASURE( 1.000000000000000082E-05 ), #220, 'distance_accuracy_value', 'NONE');
#1356 = SURFACE_SIDE_STYLE ('',( #1603 ) ) ;
#1357 = DIRECTION ( 'NONE',  ( -1.000000000000000000, 0.0000000000000000000, 0.0000000000000000000 ) ) ;
#1358 = AXIS2_PLACEMENT_3D ( 'NONE', #161, #495, #888 ) ;
#1359 = DIRECTION ( 'NONE',  ( 0.0000000000000000000, 1.000000000000000000, -0.0000000000000000000 ) ) ;
#1360 = ORIENTED_EDGE ( 'NONE', *, *, #2083, .F. ) ;
#1361 = COLOUR_RGB ( '',0.0000000000000000000, 0.3333333333333333148, 0.0000000000000000000 ) ;
#1362 = ORIENTED_EDGE ( 'NONE', *, *, #178, .F. ) ;
#1363 = AXIS2_PLACEMENT_3D ( 'NONE', #3863, #893, #1881 ) ;
#1364 = DIRECTION ( 'NONE',  ( 1.000000000000000000, 0.0000000000000000000, 0.0000000000000000000 ) ) ;
#1365 = SURFACE_SIDE_STYLE ('',( #812 ) ) ;
#1366 = UNCERTAINTY_MEASURE_WITH_UNIT (LENGTH_MEASURE( 1.000000000000000082E-05 ), #937, 'distance_accuracy_value', 'NONE');
#1367 = CARTESIAN_POINT ( 'NONE',  ( -0.2849999999999999756, -0.2999999999999999889, 0.1400000000000000133 ) ) ;
#1368 = COLOUR_RGB ( '',0.0000000000000000000, 1.000000000000000000, 0.0000000000000000000 ) ;
#1369 = ORIENTED_EDGE ( 'NONE', *, *, #4032, .T. ) ;
#1370 = CARTESIAN_POINT ( 'NONE',  ( -0.3000000000000000444, -0.2950000000000000400, 0.0000000000000000000 ) ) ;
#1371 = CARTESIAN_POINT ( 'NONE',  ( 0.5500000000000000444, -0.3499999999999999778, 0.01999999999999999348 ) ) ;
#1372 = MECHANICAL_DESIGN_GEOMETRIC_PRESENTATION_REPRESENTATION (  '', ( #4286 ), #3663 ) ;
#1373 = EDGE_CURVE ( 'NONE', #386, #1961, #76, .T. ) ;
#1374 = LINE ( 'NONE', #3062, #1852 ) ;
#1375 = CARTESIAN_POINT ( 'NONE',  ( 0.2975000000000000977, -0.2974999999999999867, 0.1250000000000000000 ) ) ;
#1376 = VERTEX_POINT ( 'NONE', #3454 ) ;
#1377 = PRESENTATION_LAYER_ASSIGNMENT (  '', '', ( #2685 ) ) ;
#1378 =( GEOMETRIC_REPRESENTATION_CONTEXT ( 3 ) GLOBAL_UNCERTAINTY_ASSIGNED_CONTEXT ( ( #2446 ) ) GLOBAL_UNIT_ASSIGNED_CONTEXT ( ( #2270, #4253, #2938 ) ) REPRESENTATION_CONTEXT ( 'NONE', 'WORKASPACE' ) );
#1379 = DIRECTION ( 'NONE',  ( -0.0000000000000000000, 1.000000000000000000, 0.0000000000000000000 ) ) ;
#1380 = EDGE_CURVE ( 'NONE', #166, #572, #1775, .T. ) ;
#1381 = DIRECTION ( 'NONE',  ( 0.0000000000000000000, 0.0000000000000000000, -1.000000000000000000 ) ) ;
#1382 = AXIS2_PLACEMENT_3D ( 'NONE', #3115, #2405, #158 ) ;
#1383 = DIRECTION ( 'NONE',  ( 0.0000000000000000000, 0.0000000000000000000, -1.000000000000000000 ) ) ;
#1384 = SURFACE_STYLE_USAGE ( .BOTH. , #475 ) ;
#1385 = COLOUR_RGB ( '',0.7803921568627451011, 0.5686274509803921351, 0.1137254901960784298 ) ;
#1386 = VERTEX_POINT ( 'NONE', #764 ) ;
#1387 = CIRCLE ( 'NONE', #210, 0.1700000000000000122 ) ;
#1388 = CARTESIAN_POINT ( 'NONE',  ( 0.4949999999999999956, -0.2999999999999999889, 0.06000000000000000472 ) ) ;
#1389 = PRESENTATION_STYLE_ASSIGNMENT (( #3702 ) ) ;
#1390 = CYLINDRICAL_SURFACE ( 'NONE', #2967, 0.1700000000000000122 ) ;
#1391 = CARTESIAN_POINT ( 'NONE',  ( -0.05000000000000000278, -0.1499999999999999944, 0.0000000000000000000 ) ) ;
#1392 = VERTEX_POINT ( 'NONE', #805 ) ;
#1393 = CARTESIAN_POINT ( 'NONE',  ( 0.5500000000000000444, 0.3499999999999999778, 0.06000000000000000472 ) ) ;
#1394 = PRESENTATION_STYLE_ASSIGNMENT (( #1763 ) ) ;
#1395 = ORIENTED_EDGE ( 'NONE', *, *, #3737, .F. ) ;
#1396 = CARTESIAN_POINT ( 'NONE',  ( -0.2950000000000000400, 0.2950000000000000400, 0.0000000000000000000 ) ) ;
#1397 = DIRECTION ( 'NONE',  ( 0.0000000000000000000, 0.0000000000000000000, 1.000000000000000000 ) ) ;
#1398 = CARTESIAN_POINT ( 'NONE',  ( 0.4949999999999306066, 0.1891429205785696288, 0.01999999999999999001 ) ) ;
#1399 =( NAMED_UNIT ( * ) PLANE_ANGLE_UNIT ( ) SI_UNIT ( $, .RADIAN. ) );
#1400 = ORIENTED_EDGE ( 'NONE', *, *, #889, .F. ) ;
#1401 = PLANE ( 'NONE',  #4232 ) ;
#1402 = EDGE_CURVE ( 'NONE', #927, #4272, #2742, .T. ) ;
#1403 = FACE_OUTER_BOUND ( 'NONE', #528, .T. ) ;
#1404 = FILL_AREA_STYLE ('',( #1754 ) ) ;
#1405 = COLOUR_RGB ( '',0.7921568627450980005, 0.8196078431372548767, 0.9333333333333333481 ) ;
#1406 = ORIENTED_EDGE ( 'NONE', *, *, #889, .T. ) ;
#1407 = EDGE_CURVE ( 'NONE', #2118, #1847, #4013, .T. ) ;
#1408 = DIRECTION ( 'NONE',  ( 0.0000000000000000000, 1.000000000000000000, 1.224646799146999945E-16 ) ) ;
#1409 = FILL_AREA_STYLE_COLOUR ( '', #203 ) ;
#1410 = PRESENTATION_STYLE_ASSIGNMENT (( #2437 ) ) ;
#1411 = PRESENTATION_STYLE_ASSIGNMENT (( #78 ) ) ;
#1412 = EDGE_LOOP ( 'NONE', ( #619, #4155, #734, #1262 ) ) ;
#1413 = CARTESIAN_POINT ( 'NONE',  ( 0.4749999999999319766, 0.1645950378226359312, -3.150985829628107931E-17 ) ) ;
#1414 = DIRECTION ( 'NONE',  ( 1.000000000000000000, 0.0000000000000000000, 0.0000000000000000000 ) ) ;
#1415 = UNCERTAINTY_MEASURE_WITH_UNIT (LENGTH_MEASURE( 1.000000000000000082E-05 ), #1268, 'distance_accuracy_value', 'NONE');
#1416 = DIRECTION ( 'NONE',  ( 0.0000000000000000000, 0.0000000000000000000, 1.000000000000000000 ) ) ;
#1417 = ORIENTED_EDGE ( 'NONE', *, *, #3070, .F. ) ;
#1418 = SURFACE_SIDE_STYLE ('',( #511 ) ) ;
#1419 = LINE ( 'NONE', #2733, #35 ) ;
#1420 = EDGE_LOOP ( 'NONE', ( #496, #2005, #647 ) ) ;
#1421 = SURFACE_STYLE_FILL_AREA ( #3044 ) ;
#1422 = LINE ( 'NONE', #1753, #1436 ) ;
#1423 = ADVANCED_FACE ( 'NONE', ( #3728 ), #2115, .T. ) ;
#1424 = SHAPE_REPRESENTATION_RELATIONSHIP ( 'NONE' , 'NONE' ,  #2556, #3163 ) ;
#1425 = ORIENTED_EDGE ( 'NONE', *, *, #2506, .T. ) ;
#1426 = COLOUR_RGB ( '',0.7803921568627451011, 0.5686274509803921351, 0.1137254901960784298 ) ;
#1427 = DIRECTION ( 'NONE',  ( -1.000000000000000000, 0.0000000000000000000, -0.0000000000000000000 ) ) ;
#1428 = EDGE_CURVE ( 'NONE', #3785, #1314, #1976, .T. ) ;
#1429 = DIRECTION ( 'NONE',  ( 0.0000000000000000000, 0.0000000000000000000, 1.000000000000000000 ) ) ;
#1430 = ORIENTED_EDGE ( 'NONE', *, *, #3001, .F. ) ;
#1431 = ORIENTED_EDGE ( 'NONE', *, *, #3913, .F. ) ;
#1432 = VECTOR ( 'NONE', #1082, 1000.000000000000000 ) ;
#1433 = FILL_AREA_STYLE_COLOUR ( '', #2607 ) ;
#1434 = AXIS2_PLACEMENT_3D ( 'NONE', #4122, #1490, #1798 ) ;
#1435 = ADVANCED_FACE ( 'NONE', ( #2721 ), #788, .F. ) ;
#1436 = VECTOR ( 'NONE', #710, 1000.000000000000000 ) ;
#1437 =( GEOMETRIC_REPRESENTATION_CONTEXT ( 3 ) GLOBAL_UNCERTAINTY_ASSIGNED_CONTEXT ( ( #1325 ) ) GLOBAL_UNIT_ASSIGNED_CONTEXT ( ( #3914, #2892, #2256 ) ) REPRESENTATION_CONTEXT ( 'NONE', 'WORKASPACE' ) );
#1438 = VERTEX_POINT ( 'NONE', #4212 ) ;
#1439 =( LENGTH_UNIT ( ) NAMED_UNIT ( * ) SI_UNIT ( .MILLI., .METRE. ) );
#1440 = AXIS2_PLACEMENT_3D ( 'NONE', #2063, #2711, #3064 ) ;
#1441 = COLOUR_RGB ( '',0.7803921568627451011, 0.5686274509803921351, 0.1137254901960784298 ) ;
#1442 = DIRECTION ( 'NONE',  ( -1.000000000000000000, 0.0000000000000000000, 0.0000000000000000000 ) ) ;
#1443 =( NAMED_UNIT ( * ) SI_UNIT ( $, .STERADIAN. ) SOLID_ANGLE_UNIT ( ) );
#1444 = AXIS2_PLACEMENT_3D ( 'NONE', #170, #4036, #2047 ) ;
#1445 = SURFACE_STYLE_USAGE ( .BOTH. , #346 ) ;
#1446 = EDGE_LOOP ( 'NONE', ( #2117, #1496, #2819, #585, #3678, #4017, #3101, #3632, #468, #489, #2370, #2085 ) ) ;
#1447 = DIRECTION ( 'NONE',  ( -1.000000000000000000, 0.0000000000000000000, 0.0000000000000000000 ) ) ;
#1448 = AXIS2_PLACEMENT_3D ( 'NONE', #1907, #292, #3934 ) ;
#1449 = DIRECTION ( 'NONE',  ( 1.084202172485504434E-15, 1.000000000000000000, -1.224646799146999945E-16 ) ) ;
#1450 = VECTOR ( 'NONE', #1141, 1000.000000000000000 ) ;
#1451 = SURFACE_STYLE_FILL_AREA ( #452 ) ;
#1452 =( GEOMETRIC_REPRESENTATION_CONTEXT ( 3 ) GLOBAL_UNCERTAINTY_ASSIGNED_CONTEXT ( ( #1159 ) ) GLOBAL_UNIT_ASSIGNED_CONTEXT ( ( #3145, #2114, #3502 ) ) REPRESENTATION_CONTEXT ( 'NONE', 'WORKASPACE' ) );
#1453 = FILL_AREA_STYLE ('',( #2094 ) ) ;
#1454 = LINE ( 'NONE', #4124, #3479 ) ;
#1455 = APPLICATION_CONTEXT ( 'automotive_design' ) ;
#1456 = ORIENTED_EDGE ( 'NONE', *, *, #3853, .T. ) ;
#1457 = MECHANICAL_DESIGN_GEOMETRIC_PRESENTATION_REPRESENTATION (  '', ( #335 ), #409 ) ;
#1458 = VERTEX_POINT ( 'NONE', #2851 ) ;
#1459 =( NAMED_UNIT ( * ) SI_UNIT ( $, .STERADIAN. ) SOLID_ANGLE_UNIT ( ) );
#1460 = EDGE_CURVE ( 'NONE', #2076, #3810, #1242, .T. ) ;
#1461 = SURFACE_STYLE_FILL_AREA ( #2750 ) ;
#1462 = UNCERTAINTY_MEASURE_WITH_UNIT (LENGTH_MEASURE( 1.000000000000000082E-05 ), #1958, 'distance_accuracy_value', 'NONE');
#1463 = CARTESIAN_POINT ( 'NONE',  ( -0.3875192319071404379, 0.2999999999999999889, 0.02000000000000000042 ) ) ;
#1464 = ORIENTED_EDGE ( 'NONE', *, *, #1884, .T. ) ;
#1465 = SURFACE_SIDE_STYLE ('',( #3712 ) ) ;
#1466 = EDGE_CURVE ( 'NONE', #1105, #3856, #3246, .T. ) ;
#1467 = DIRECTION ( 'NONE',  ( 0.0000000000000000000, 0.0000000000000000000, 1.000000000000000000 ) ) ;
#1468 = DIRECTION ( 'NONE',  ( -1.000000000000000000, 0.0000000000000000000, 0.0000000000000000000 ) ) ;
#1469 = CARTESIAN_POINT ( 'NONE',  ( -0.05000000000000000278, -0.1499999999999999944, 0.0000000000000000000 ) ) ;
#1470 = DIRECTION ( 'NONE',  ( 0.0000000000000000000, 1.224646799146999945E-16, -1.000000000000000000 ) ) ;
#1471 = CARTESIAN_POINT ( 'NONE',  ( 0.3875192319072686686, -0.3000000000000394573, 0.05999999999999999778 ) ) ;
#1472 = CARTESIAN_POINT ( 'NONE',  ( -0.3875192319072686686, -0.3000000000000395128, 0.05999999999999999778 ) ) ;
#1473 = CARTESIAN_POINT ( 'NONE',  ( -0.4085786437627077494, 0.2999999999999513611, 0.08000000000000000167 ) ) ;
#1474 = ORIENTED_EDGE ( 'NONE', *, *, #4060, .F. ) ;
#1475 = ORIENTED_EDGE ( 'NONE', *, *, #3450, .F. ) ;
#1476 = LINE ( 'NONE', #173, #1581 ) ;
#1477 =( LENGTH_UNIT ( ) NAMED_UNIT ( * ) SI_UNIT ( .MILLI., .METRE. ) );
#1478 = EDGE_CURVE ( 'NONE', #154, #2547, #1865, .T. ) ;
#1479 = VERTEX_POINT ( 'NONE', #1838 ) ;
#1480 = CARTESIAN_POINT ( 'NONE',  ( 0.3875192319071404379, -0.2999999999999999889, 0.05999999999999999778 ) ) ;
#1481 = CARTESIAN_POINT ( 'NONE',  ( -0.5000000000000000000, 0.2999999999999999889, 0.0000000000000000000 ) ) ;
#1482 = FILL_AREA_STYLE ('',( #1892 ) ) ;
#1483 = ADVANCED_FACE ( 'NONE', ( #858 ), #4196, .F. ) ;
#1484 = CARTESIAN_POINT ( 'NONE',  ( -0.4949999999999999956, -0.2999999999999999889, 0.02000000000000000042 ) ) ;
#1485 = ORIENTED_EDGE ( 'NONE', *, *, #360, .T. ) ;
#1486 = CYLINDRICAL_SURFACE ( 'NONE', #3819, 0.1700000000000000122 ) ;
#1487 = SHAPE_REPRESENTATION ( 'Cut005_(Mirror_#1)', ( #3761 ), #3498 ) ;
#1488 =( NAMED_UNIT ( * ) PLANE_ANGLE_UNIT ( ) SI_UNIT ( $, .RADIAN. ) );
#1489 =( NAMED_UNIT ( * ) SI_UNIT ( $, .STERADIAN. ) SOLID_ANGLE_UNIT ( ) );
#1490 = DIRECTION ( 'NONE',  ( -0.0000000000000000000, 1.000000000000000000, 0.0000000000000000000 ) ) ;
#1491 = VECTOR ( 'NONE', #934, 1000.000000000000000 ) ;
#1492 = SURFACE_STYLE_USAGE ( .BOTH. , #1864 ) ;
#1493 = FACE_OUTER_BOUND ( 'NONE', #3604, .T. ) ;
#1494 = DIRECTION ( 'NONE',  ( 1.000000000000000000, 0.0000000000000000000, -0.0000000000000000000 ) ) ;
#1495 = ORIENTED_EDGE ( 'NONE', *, *, #604, .F. ) ;
#1496 = ORIENTED_EDGE ( 'NONE', *, *, #1224, .F. ) ;
#1497 = DIRECTION ( 'NONE',  ( 0.0000000000000000000, -1.000000000000000000, -1.224646799146999945E-16 ) ) ;
#1498 = DIRECTION ( 'NONE',  ( -0.0000000000000000000, -0.0000000000000000000, 1.000000000000000000 ) ) ;
#1499 = UNCERTAINTY_MEASURE_WITH_UNIT (LENGTH_MEASURE( 1.000000000000000082E-05 ), #3597, 'distance_accuracy_value', 'NONE');
#1500 = DIRECTION ( 'NONE',  ( 0.0000000000000000000, -1.000000000000000000, -1.034036596358999946E-18 ) ) ;
#1501 = ORIENTED_EDGE ( 'NONE', *, *, #1555, .T. ) ;
#1502 = CARTESIAN_POINT ( 'NONE',  ( -0.3152661081139450094, 0.2999999999999999889, 0.07999999999999998779 ) ) ;
#1503 = EDGE_CURVE ( 'NONE', #2934, #3458, #3848, .T. ) ;
#1504 = UNCERTAINTY_MEASURE_WITH_UNIT (LENGTH_MEASURE( 1.000000000000000082E-05 ), #3547, 'distance_accuracy_value', 'NONE');
#1505 = FACE_OUTER_BOUND ( 'NONE', #3954, .T. ) ;
#1506 = STYLED_ITEM ( 'NONE', ( #2710 ), #1931 ) ;
#1507 = ORIENTED_EDGE ( 'NONE', *, *, #1936, .F. ) ;
#1508 = AXIS2_PLACEMENT_3D ( 'NONE', #2362, #50, #1127 ) ;
#1509 = EDGE_CURVE ( 'NONE', #2686, #1327, #2205, .T. ) ;
#1510 = VECTOR ( 'NONE', #574, 1000.000000000000000 ) ;
#1511 = COLOUR_RGB ( '',0.8274509803921568096, 0.8274509803921568096, 0.8274509803921568096 ) ;
#1512 = CARTESIAN_POINT ( 'NONE',  ( 0.2000000000000000111, -0.2600000000000000089, -3.184081677782999738E-17 ) ) ;
#1513 = STYLED_ITEM ( 'NONE', ( #700 ), #34 ) ;
#1514 = DIRECTION ( 'NONE',  ( 0.0000000000000000000, -1.000000000000000000, -0.0000000000000000000 ) ) ;
#1515 = ADVANCED_FACE ( 'NONE', ( #229 ), #834, .T. ) ;
#1516 =( NAMED_UNIT ( * ) PLANE_ANGLE_UNIT ( ) SI_UNIT ( $, .RADIAN. ) );
#1517 = EDGE_LOOP ( 'NONE', ( #298, #2233, #611, #3129, #3933, #1665, #1247, #1400, #2428, #102, #4031, #64, #3446, #3613 ) ) ;
#1518 = PLANE ( 'NONE',  #1103 ) ;
#1519 = DIRECTION ( 'NONE',  ( 0.0000000000000000000, 1.000000000000000000, -1.129377263005733621E-16 ) ) ;
#1520 = MECHANICAL_DESIGN_GEOMETRIC_PRESENTATION_REPRESENTATION (  '', ( #3036 ), #3397 ) ;
#1521 = AXIS2_PLACEMENT_3D ( 'NONE', #1371, #4024, #3038 ) ;
#1522 = VECTOR ( 'NONE', #1529, 1000.000000000000000 ) ;
#1523 = ORIENTED_EDGE ( 'NONE', *, *, #3918, .F. ) ;
#1524 = MECHANICAL_DESIGN_GEOMETRIC_PRESENTATION_REPRESENTATION (  '', ( #3607 ), #1732 ) ;
#1525 =( LENGTH_UNIT ( ) NAMED_UNIT ( * ) SI_UNIT ( .MILLI., .METRE. ) );
#1526 = FILL_AREA_STYLE ('',( #1849 ) ) ;
#1527 = DIRECTION ( 'NONE',  ( 1.000000000000000000, -0.0000000000000000000, 0.0000000000000000000 ) ) ;
#1528 = EDGE_LOOP ( 'NONE', ( #1192, #15, #3439, #2407 ) ) ;
#1529 = DIRECTION ( 'NONE',  ( 0.0000000000000000000, 1.000000000000000000, 1.224646799146999945E-16 ) ) ;
#1530 =( NAMED_UNIT ( * ) SI_UNIT ( $, .STERADIAN. ) SOLID_ANGLE_UNIT ( ) );
#1531 = DIRECTION ( 'NONE',  ( 1.000000000000000000, 0.0000000000000000000, 0.0000000000000000000 ) ) ;
#1532 = ADVANCED_FACE ( 'NONE', ( #1 ), #3617, .T. ) ;
#1533 = PLANE ( 'NONE',  #2243 ) ;
#1534 = DIRECTION ( 'NONE',  ( -0.0000000000000000000, 0.0000000000000000000, 1.000000000000000000 ) ) ;
#1535 =( LENGTH_UNIT ( ) NAMED_UNIT ( * ) SI_UNIT ( .MILLI., .METRE. ) );
#1536 =( LENGTH_UNIT ( ) NAMED_UNIT ( * ) SI_UNIT ( .MILLI., .METRE. ) );
#1537 = FILL_AREA_STYLE ('',( #3868 ) ) ;
#1538 = EDGE_CURVE ( 'NONE', #948, #1105, #1291, .T. ) ;
#1539 = ORIENTED_EDGE ( 'NONE', *, *, #2665, .F. ) ;
#1540 = LINE ( 'NONE', #4109, #831 ) ;
#1541 = CARTESIAN_POINT ( 'NONE',  ( 0.5000000000000000000, 0.1563508326898145895, -2.143131898505168298E-17 ) ) ;
#1542 =( LENGTH_UNIT ( ) NAMED_UNIT ( * ) SI_UNIT ( .MILLI., .METRE. ) );
#1543 = VERTEX_POINT ( 'NONE', #3950 ) ;
#1544 = LINE ( 'NONE', #1815, #537 ) ;
#1545 = VERTEX_POINT ( 'NONE', #4236 ) ;
#1546 = DIRECTION ( 'NONE',  ( -1.000000000000000000, 0.0000000000000000000, 0.0000000000000000000 ) ) ;
#1547 = DIRECTION ( 'NONE',  ( -0.0000000000000000000, -1.000000000000000000, -1.224646799146999945E-16 ) ) ;
#1548 = PRODUCT_CONTEXT ( 'NONE', #25, 'mechanical' ) ;
#1549 = CARTESIAN_POINT ( 'NONE',  ( 0.5000000000000000000, -0.2999999999999999889, 0.08000000000000000167 ) ) ;
#1550 = FILL_AREA_STYLE_COLOUR ( '', #3721 ) ;
#1551 =( LENGTH_UNIT ( ) NAMED_UNIT ( * ) SI_UNIT ( .MILLI., .METRE. ) );
#1552 = ORIENTED_EDGE ( 'NONE', *, *, #2476, .F. ) ;
#1553 = LINE ( 'NONE', #2875, #967 ) ;
#1554 = SURFACE_STYLE_FILL_AREA ( #3488 ) ;
#1555 = EDGE_CURVE ( 'NONE', #2770, #1906, #186, .T. ) ;
#1556 =( NAMED_UNIT ( * ) PLANE_ANGLE_UNIT ( ) SI_UNIT ( $, .RADIAN. ) );
#1557 = FILL_AREA_STYLE ('',( #4133 ) ) ;
#1558 = VECTOR ( 'NONE', #4211, 1000.000000000000000 ) ;
#1559 = STYLED_ITEM ( 'NONE', ( #428 ), #2524 ) ;
#1560 = EDGE_LOOP ( 'NONE', ( #313, #1984, #784, #2001 ) ) ;
#1561 = PRESENTATION_STYLE_ASSIGNMENT (( #2526 ) ) ;
#1562 = DIRECTION ( 'NONE',  ( -0.0000000000000000000, -0.0000000000000000000, 1.000000000000000000 ) ) ;
#1563 = EDGE_CURVE ( 'NONE', #252, #1765, #3296, .T. ) ;
#1564 = DIRECTION ( 'NONE',  ( -0.0000000000000000000, -0.0000000000000000000, -1.000000000000000000 ) ) ;
#1565 = AXIS2_PLACEMENT_3D ( 'NONE', #1013, #2318, #688 ) ;
#1566 = ORIENTED_EDGE ( 'NONE', *, *, #1295, .T. ) ;
#1567 = SURFACE_STYLE_FILL_AREA ( #1258 ) ;
#1568 =( GEOMETRIC_REPRESENTATION_CONTEXT ( 3 ) GLOBAL_UNCERTAINTY_ASSIGNED_CONTEXT ( ( #3464 ) ) GLOBAL_UNIT_ASSIGNED_CONTEXT ( ( #146, #2390, #3389 ) ) REPRESENTATION_CONTEXT ( 'NONE', 'WORKASPACE' ) );
#1569 = MECHANICAL_DESIGN_GEOMETRIC_PRESENTATION_REPRESENTATION (  '', ( #1572 ), #896 ) ;
#1570 =( NAMED_UNIT ( * ) SI_UNIT ( $, .STERADIAN. ) SOLID_ANGLE_UNIT ( ) );
#1571 = STYLED_ITEM ( 'NONE', ( #2800 ), #3822 ) ;
#1572 = STYLED_ITEM ( 'NONE', ( #2221 ), #1835 ) ;
#1573 = DIRECTION ( 'NONE',  ( 0.0000000000000000000, -0.0000000000000000000, -1.000000000000000000 ) ) ;
#1574 =( GEOMETRIC_REPRESENTATION_CONTEXT ( 3 ) GLOBAL_UNCERTAINTY_ASSIGNED_CONTEXT ( ( #986 ) ) GLOBAL_UNIT_ASSIGNED_CONTEXT ( ( #1758, #2745, #1776 ) ) REPRESENTATION_CONTEXT ( 'NONE', 'WORKASPACE' ) );
#1575 = FILL_AREA_STYLE_COLOUR ( '', #1729 ) ;
#1576 = STYLED_ITEM ( 'NONE', ( #1394 ), #1038 ) ;
#1577 =( NAMED_UNIT ( * ) SI_UNIT ( $, .STERADIAN. ) SOLID_ANGLE_UNIT ( ) );
#1578 = DIRECTION ( 'NONE',  ( -1.000000000000000000, 0.0000000000000000000, 0.0000000000000000000 ) ) ;
#1579 = COLOUR_RGB ( '',0.7803921568627451011, 0.5686274509803921351, 0.1137254901960784298 ) ;
#1580 = CLOSED_SHELL ( 'NONE', ( #658, #3822, #2883, #2827, #1851, #1596, #505, #98, #285, #3829, #2424, #584, #162, #3403, #3289, #1423, #3457, #3682, #935, #1435, #1031, #3634, #1274, #1515, #2853, #3836 ) ) ;
#1581 = VECTOR ( 'NONE', #1202, 1000.000000000000000 ) ;
#1582 =( NAMED_UNIT ( * ) SI_UNIT ( $, .STERADIAN. ) SOLID_ANGLE_UNIT ( ) );
#1583 = ORIENTED_EDGE ( 'NONE', *, *, #415, .F. ) ;
#1584 =( GEOMETRIC_REPRESENTATION_CONTEXT ( 3 ) GLOBAL_UNCERTAINTY_ASSIGNED_CONTEXT ( ( #2922 ) ) GLOBAL_UNIT_ASSIGNED_CONTEXT ( ( #4057, #1762, #741 ) ) REPRESENTATION_CONTEXT ( 'NONE', 'WORKASPACE' ) );
#1585 = PLANE ( 'NONE',  #3257 ) ;
#1586 = AXIS2_PLACEMENT_3D ( 'NONE', #3661, #2739, #735 ) ;
#1587 = UNCERTAINTY_MEASURE_WITH_UNIT (LENGTH_MEASURE( 1.000000000000000082E-05 ), #4270, 'distance_accuracy_value', 'NONE');
#1588 = VECTOR ( 'NONE', #1562, 1000.000000000000000 ) ;
#1589 = EDGE_CURVE ( 'NONE', #3059, #3585, #2564, .T. ) ;
#1590 = ORIENTED_EDGE ( 'NONE', *, *, #4246, .T. ) ;
#1591 = DIRECTION ( 'NONE',  ( 0.0000000000000000000, -1.224646799146999945E-16, -1.000000000000000000 ) ) ;
#1592 = SURFACE_SIDE_STYLE ('',( #3243 ) ) ;
#1593 = SURFACE_SIDE_STYLE ('',( #2844 ) ) ;
#1594 =( GEOMETRIC_REPRESENTATION_CONTEXT ( 3 ) GLOBAL_UNCERTAINTY_ASSIGNED_CONTEXT ( ( #551 ) ) GLOBAL_UNIT_ASSIGNED_CONTEXT ( ( #2930, #1719, #3675 ) ) REPRESENTATION_CONTEXT ( 'NONE', 'WORKASPACE' ) );
#1595 = VECTOR ( 'NONE', #2778, 1000.000000000000000 ) ;
#1596 = ADVANCED_FACE ( 'NONE', ( #1615 ), #328, .T. ) ;
#1597 = ORIENTED_EDGE ( 'NONE', *, *, #1973, .F. ) ;
#1598 = CARTESIAN_POINT ( 'NONE',  ( 0.4949999999999999956, -0.2999999999999999889, 0.02000000000000000042 ) ) ;
#1599 = DIRECTION ( 'NONE',  ( 0.0000000000000000000, -0.0000000000000000000, -1.000000000000000000 ) ) ;
#1600 = DIRECTION ( 'NONE',  ( 0.0000000000000000000, 0.0000000000000000000, 1.000000000000000000 ) ) ;
#1601 = EDGE_LOOP ( 'NONE', ( #180, #446, #1139, #3552, #1827, #3831, #2334, #4125 ) ) ;
#1602 = SURFACE_SIDE_STYLE ('',( #2585 ) ) ;
#1603 = SURFACE_STYLE_FILL_AREA ( #2325 ) ;
#1604 = CARTESIAN_POINT ( 'NONE',  ( -0.5500000000000000444, 0.3499999999999999778, -4.286263797015999754E-17 ) ) ;
#1605 = ORIENTED_EDGE ( 'NONE', *, *, #481, .F. ) ;
#1606 = SURFACE_SIDE_STYLE ('',( #2657 ) ) ;
#1607 = CARTESIAN_POINT ( 'NONE',  ( 0.5000000000000000000, 0.2600000000000000089, 0.0000000000000000000 ) ) ;
#1608 = EDGE_CURVE ( 'NONE', #4077, #1970, #2595, .T. ) ;
#1609 = ORIENTED_EDGE ( 'NONE', *, *, #3342, .F. ) ;
#1610 = DIRECTION ( 'NONE',  ( 0.0000000000000000000, 1.224646799146999945E-16, -1.000000000000000000 ) ) ;
#1611 =( NAMED_UNIT ( * ) PLANE_ANGLE_UNIT ( ) SI_UNIT ( $, .RADIAN. ) );
#1612 = CYLINDRICAL_SURFACE ( 'NONE', #3873, 0.2000000000000000389 ) ;
#1613 = CARTESIAN_POINT ( 'NONE',  ( -0.5500000000000000444, -0.3499999999999999778, 0.02000000000000002470 ) ) ;
#1614 = FILL_AREA_STYLE_COLOUR ( '', #58 ) ;
#1615 = FACE_OUTER_BOUND ( 'NONE', #295, .T. ) ;
#1616 =( NAMED_UNIT ( * ) PLANE_ANGLE_UNIT ( ) SI_UNIT ( $, .RADIAN. ) );
#1617 = SURFACE_SIDE_STYLE ('',( #712 ) ) ;
#1618 = EDGE_LOOP ( 'NONE', ( #2151, #673, #600, #2642, #846, #334, #4061, #2916 ) ) ;
#1619 =( NAMED_UNIT ( * ) SI_UNIT ( $, .STERADIAN. ) SOLID_ANGLE_UNIT ( ) );
#1620 = DIRECTION ( 'NONE',  ( 0.0000000000000000000, -1.000000000000000000, 0.0000000000000000000 ) ) ;
#1621 = UNCERTAINTY_MEASURE_WITH_UNIT (LENGTH_MEASURE( 1.000000000000000082E-05 ), #167, 'distance_accuracy_value', 'NONE');
#1622 = SURFACE_STYLE_USAGE ( .BOTH. , #1356 ) ;
#1623 = LINE ( 'NONE', #1338, #3406 ) ;
#1624 = DIRECTION ( 'NONE',  ( -0.0000000000000000000, 0.0000000000000000000, 1.000000000000000000 ) ) ;
#1625 = ORIENTED_EDGE ( 'NONE', *, *, #1830, .T. ) ;
#1626 = DIRECTION ( 'NONE',  ( -0.0000000000000000000, 1.224646799146999945E-16, 1.000000000000000000 ) ) ;
#1627 = AXIS2_PLACEMENT_3D ( 'NONE', #2284, #709, #2912 ) ;
#1628 = UNCERTAINTY_MEASURE_WITH_UNIT (LENGTH_MEASURE( 1.000000000000000082E-05 ), #3473, 'distance_accuracy_value', 'NONE');
#1629 = STYLED_ITEM ( 'NONE', ( #115 ), #2452 ) ;
#1630 = EDGE_LOOP ( 'NONE', ( #4239, #1049, #3505, #1992, #2803, #4183, #945, #52 ) ) ;
#1631 = CARTESIAN_POINT ( 'NONE',  ( 0.2999999999999999889, -0.2849999999999999756, 0.1250000000000000000 ) ) ;
#1632 = DIRECTION ( 'NONE',  ( -1.000000000000000000, 0.0000000000000000000, 0.0000000000000000000 ) ) ;
#1633 = ITEM_DEFINED_TRANSFORMATION ( 'NONE', 'NONE', #1333,  #3761 ) ;
#1634 = EDGE_CURVE ( 'NONE', #948, #3870, #4073, .T. ) ;
#1635 =( NAMED_UNIT ( * ) PLANE_ANGLE_UNIT ( ) SI_UNIT ( $, .RADIAN. ) );
#1636 = COLOUR_RGB ( '',0.7803921568627451011, 0.5686274509803921351, 0.1137254901960784298 ) ;
#1637 = PRESENTATION_LAYER_ASSIGNMENT (  '', '', ( #952 ) ) ;
#1638 = MECHANICAL_DESIGN_GEOMETRIC_PRESENTATION_REPRESENTATION (  '', ( #1571 ), #898 ) ;
#1639 = MECHANICAL_DESIGN_GEOMETRIC_PRESENTATION_REPRESENTATION (  '', ( #2191 ), #3793 ) ;
#1640 = DIRECTION ( 'NONE',  ( 0.0000000000000000000, 1.000000000000000000, -1.224646799146999699E-16 ) ) ;
#1641 = VECTOR ( 'NONE', #2190, 1000.000000000000000 ) ;
#1642 = AXIS2_PLACEMENT_3D ( 'NONE', #1898, #3642, #671 ) ;
#1643 = LINE ( 'NONE', #1045, #2971 ) ;
#1644 = COLOUR_RGB ( '',0.0000000000000000000, 0.3333333333333333148, 0.0000000000000000000 ) ;
#1645 = SURFACE_STYLE_FILL_AREA ( #3689 ) ;
#1646 = VERTEX_POINT ( 'NONE', #4030 ) ;
#1647 =( NAMED_UNIT ( * ) SI_UNIT ( $, .STERADIAN. ) SOLID_ANGLE_UNIT ( ) );
#1648 = CIRCLE ( 'NONE', #1586, 0.2400000000000000466 ) ;
#1649 = SHAPE_REPRESENTATION ( 'Gr\X2\207f\X0\n', ( #3761 ), #433 ) ;
#1650 = DIRECTION ( 'NONE',  ( 1.000000000000000000, 0.0000000000000000000, 0.0000000000000000000 ) ) ;
#1651 = CARTESIAN_POINT ( 'NONE',  ( -0.2950000000000000400, 0.2950000000000000400, 0.0000000000000000000 ) ) ;
#1652 = VECTOR ( 'NONE', #3152, 1000.000000000000000 ) ;
#1653 = PRODUCT ( 'Cut005_(Mirror_#1)', 'Cut005_(Mirror_#1)', '', ( #2177 ) ) ;
#1654 = ORIENTED_EDGE ( 'NONE', *, *, #2506, .F. ) ;
#1655 = CARTESIAN_POINT ( 'NONE',  ( -0.5500000000000000444, -0.3499999999999999778, 0.01999999999999999001 ) ) ;
#1656 = AXIS2_PLACEMENT_3D ( 'NONE', #3879, #3203, #2842 ) ;
#1657 = ADVANCED_BREP_SHAPE_REPRESENTATION ( '', ( #419, #3761 ), #3280 ) ;
#1658 = SURFACE_STYLE_FILL_AREA ( #997 ) ;
#1659 = AXIS2_PLACEMENT_3D ( 'NONE', #2869, #1886, #876 ) ;
#1660 = AXIS2_PLACEMENT_3D ( 'NONE', #1867, #2852, #2207 ) ;
#1661 = FILL_AREA_STYLE_COLOUR ( '', #390 ) ;
#1662 = EDGE_CURVE ( 'NONE', #1816, #3766, #4277, .T. ) ;
#1663 = COLOUR_RGB ( '',0.8274509803921568096, 0.8274509803921568096, 0.8274509803921568096 ) ;
#1664 = SURFACE_STYLE_USAGE ( .BOTH. , #2025 ) ;
#1665 = ORIENTED_EDGE ( 'NONE', *, *, #1859, .F. ) ;
#1666 =( LENGTH_UNIT ( ) NAMED_UNIT ( * ) SI_UNIT ( .MILLI., .METRE. ) );
#1667 = SURFACE_STYLE_FILL_AREA ( #3327 ) ;
#1668 = UNCERTAINTY_MEASURE_WITH_UNIT (LENGTH_MEASURE( 1.000000000000000082E-05 ), #458, 'distance_accuracy_value', 'NONE');
#1669 = DIRECTION ( 'NONE',  ( -1.000000000000000000, 0.0000000000000000000, 0.0000000000000000000 ) ) ;
#1670 = EDGE_CURVE ( 'NONE', #1821, #2118, #1422, .T. ) ;
#1671 = ORIENTED_EDGE ( 'NONE', *, *, #2241, .F. ) ;
#1672 = LINE ( 'NONE', #675, #4290 ) ;
#1673 = APPLICATION_CONTEXT ( 'automotive_design' ) ;
#1674 = FACE_OUTER_BOUND ( 'NONE', #2296, .T. ) ;
#1675 = DIRECTION ( 'NONE',  ( 1.000000000000000000, 0.0000000000000000000, 0.0000000000000000000 ) ) ;
#1676 = ORIENTED_EDGE ( 'NONE', *, *, #182, .F. ) ;
#1677 = CARTESIAN_POINT ( 'NONE',  ( 0.2950000000000000400, -0.3000000000000000444, 0.0000000000000000000 ) ) ;
#1678 = DIRECTION ( 'NONE',  ( 0.0000000000000000000, 0.0000000000000000000, -1.000000000000000000 ) ) ;
#1679 = COLOUR_RGB ( '',0.7921568627450980005, 0.8196078431372548767, 0.9333333333333333481 ) ;
#1680 = LINE ( 'NONE', #2427, #388 ) ;
#1681 = VERTEX_POINT ( 'NONE', #1727 ) ;
#1682 = SURFACE_STYLE_FILL_AREA ( #348 ) ;
#1683 = LINE ( 'NONE', #1699, #3530 ) ;
#1684 =( NAMED_UNIT ( * ) PLANE_ANGLE_UNIT ( ) SI_UNIT ( $, .RADIAN. ) );
#1685 = SHAPE_REPRESENTATION_RELATIONSHIP ( 'NONE' , 'NONE' ,  #1649, #3906 ) ;
#1686 = VERTEX_POINT ( 'NONE', #3720 ) ;
#1687 = FILL_AREA_STYLE_COLOUR ( '', #756 ) ;
#1688 = PRESENTATION_STYLE_ASSIGNMENT (( #3346 ) ) ;
#1689 = DIRECTION ( 'NONE',  ( -0.0000000000000000000, 1.224646799146999945E-16, 1.000000000000000000 ) ) ;
#1690 = SURFACE_SIDE_STYLE ('',( #1645 ) ) ;
#1691 = LINE ( 'NONE', #359, #707 ) ;
#1692 = EDGE_CURVE ( 'NONE', #3585, #1843, #427, .T. ) ;
#1693 = ORIENTED_EDGE ( 'NONE', *, *, #3703, .T. ) ;
#1694 = EDGE_CURVE ( 'NONE', #386, #2841, #2384, .T. ) ;
#1695 = LINE ( 'NONE', #1288, #2040 ) ;
#1696 = DIRECTION ( 'NONE',  ( -0.0000000000000000000, -1.224646799146999945E-16, 1.000000000000000000 ) ) ;
#1697 = ORIENTED_EDGE ( 'NONE', *, *, #4032, .F. ) ;
#1698 = AXIS2_PLACEMENT_3D ( 'NONE', #681, #2297, #2925 ) ;
#1699 = CARTESIAN_POINT ( 'NONE',  ( 0.5000000000000000000, 0.1563508326899999967, 0.0000000000000000000 ) ) ;
#1700 =( NAMED_UNIT ( * ) SI_UNIT ( $, .STERADIAN. ) SOLID_ANGLE_UNIT ( ) );
#1701 =( NAMED_UNIT ( * ) SI_UNIT ( $, .STERADIAN. ) SOLID_ANGLE_UNIT ( ) );
#1702 = ORIENTED_EDGE ( 'NONE', *, *, #4093, .F. ) ;
#1703 = SURFACE_SIDE_STYLE ('',( #787 ) ) ;
#1704 = COLOUR_RGB ( '',0.0000000000000000000, 0.3333333333333333148, 0.0000000000000000000 ) ;
#1705 = UNCERTAINTY_MEASURE_WITH_UNIT (LENGTH_MEASURE( 1.000000000000000082E-05 ), #3409, 'distance_accuracy_value', 'NONE');
#1706 = VECTOR ( 'NONE', #2793, 1000.000000000000000 ) ;
#1707 = SURFACE_STYLE_FILL_AREA ( #123 ) ;
#1708 = LINE ( 'NONE', #57, #903 ) ;
#1709 = STYLED_ITEM ( 'NONE', ( #1833 ), #1822 ) ;
#1710 = PRESENTATION_LAYER_ASSIGNMENT (  '', '', ( #42 ) ) ;
#1711 = UNCERTAINTY_MEASURE_WITH_UNIT (LENGTH_MEASURE( 1.000000000000000082E-05 ), #1137, 'distance_accuracy_value', 'NONE');
#1712 = FILL_AREA_STYLE_COLOUR ( '', #3459 ) ;
#1713 =( GEOMETRIC_REPRESENTATION_CONTEXT ( 3 ) GLOBAL_UNCERTAINTY_ASSIGNED_CONTEXT ( ( #637 ) ) GLOBAL_UNIT_ASSIGNED_CONTEXT ( ( #2282, #1953, #1309 ) ) REPRESENTATION_CONTEXT ( 'NONE', 'WORKASPACE' ) );
#1714 = EDGE_CURVE ( 'NONE', #3785, #175, #1683, .T. ) ;
#1715 = MECHANICAL_DESIGN_GEOMETRIC_PRESENTATION_REPRESENTATION (  '', ( #3025 ), #2326 ) ;
#1716 = ORIENTED_EDGE ( 'NONE', *, *, #333, .T. ) ;
#1717 = SURFACE_SIDE_STYLE ('',( #2375 ) ) ;
#1718 =( NAMED_UNIT ( * ) PLANE_ANGLE_UNIT ( ) SI_UNIT ( $, .RADIAN. ) );
#1719 =( NAMED_UNIT ( * ) PLANE_ANGLE_UNIT ( ) SI_UNIT ( $, .RADIAN. ) );
#1720 = CARTESIAN_POINT ( 'NONE',  ( -0.5500000000000000444, -0.3499999999999999778, 0.02000000000000000042 ) ) ;
#1721 = EDGE_CURVE ( 'NONE', #3569, #770, #1056, .T. ) ;
#1722 = DIRECTION ( 'NONE',  ( 0.0000000000000000000, 0.0000000000000000000, -1.000000000000000000 ) ) ;
#1723 = ORIENTED_EDGE ( 'NONE', *, *, #2295, .F. ) ;
#1724 = PRESENTATION_LAYER_ASSIGNMENT (  '', '', ( #2136 ) ) ;
#1725 = VECTOR ( 'NONE', #1337, 1000.000000000000000 ) ;
#1726 = LINE ( 'NONE', #1126, #1938 ) ;
#1727 = CARTESIAN_POINT ( 'NONE',  ( 0.4949999999999611933, 0.1577111547697170046, 0.05999999999999998390 ) ) ;
#1728 = MECHANICAL_DESIGN_GEOMETRIC_PRESENTATION_REPRESENTATION (  '', ( #684 ), #2144 ) ;
#1729 = COLOUR_RGB ( '',0.7803921568627451011, 0.5686274509803921351, 0.1137254901960784298 ) ;
#1730 =( GEOMETRIC_REPRESENTATION_CONTEXT ( 3 ) GLOBAL_UNCERTAINTY_ASSIGNED_CONTEXT ( ( #4111 ) ) GLOBAL_UNIT_ASSIGNED_CONTEXT ( ( #2713, #140, #4069 ) ) REPRESENTATION_CONTEXT ( 'NONE', 'WORKASPACE' ) );
#1731 = FILL_AREA_STYLE ('',( #3381 ) ) ;
#1732 =( GEOMETRIC_REPRESENTATION_CONTEXT ( 3 ) GLOBAL_UNCERTAINTY_ASSIGNED_CONTEXT ( ( #992 ) ) GLOBAL_UNIT_ASSIGNED_CONTEXT ( ( #836, #2046, #2743 ) ) REPRESENTATION_CONTEXT ( 'NONE', 'WORKASPACE' ) );
#1733 = ORIENTED_EDGE ( 'NONE', *, *, #990, .T. ) ;
#1734 = CARTESIAN_POINT ( 'NONE',  ( -0.4949999999999999956, 0.1891429205790000068, 0.02000000000000000042 ) ) ;
#1735 =( NAMED_UNIT ( * ) SI_UNIT ( $, .STERADIAN. ) SOLID_ANGLE_UNIT ( ) );
#1736 = DIRECTION ( 'NONE',  ( -0.0000000000000000000, -0.0000000000000000000, -1.000000000000000000 ) ) ;
#1737 = VECTOR ( 'NONE', #3137, 1000.000000000000000 ) ;
#1738 = CYLINDRICAL_SURFACE ( 'NONE', #2834, 0.01499999999999999944 ) ;
#1739 = ORIENTED_EDGE ( 'NONE', *, *, #4228, .T. ) ;
#1740 = DIRECTION ( 'NONE',  ( 0.0000000000000000000, -1.224646799146999945E-16, -1.000000000000000000 ) ) ;
#1741 = DIRECTION ( 'NONE',  ( 0.0000000000000000000, 0.0000000000000000000, 1.000000000000000000 ) ) ;
#1742 = CARTESIAN_POINT ( 'NONE',  ( -0.4949999999999999956, 0.2999999999999999889, 0.02000000000000007674 ) ) ;
#1743 = ORIENTED_EDGE ( 'NONE', *, *, #2665, .T. ) ;
#1744 = LINE ( 'NONE', #3060, #47 ) ;
#1745 = FILL_AREA_STYLE_COLOUR ( '', #3470 ) ;
#1746 = EDGE_CURVE ( 'NONE', #3919, #572, #1980, .T. ) ;
#1747 = DIRECTION ( 'NONE',  ( 1.000000000000000000, 0.0000000000000000000, -0.0000000000000000000 ) ) ;
#1748 = CARTESIAN_POINT ( 'NONE',  ( -0.3713942890050658252, 0.2600000000000332046, 3.184081677784106609E-17 ) ) ;
#1749 = CARTESIAN_POINT ( 'NONE',  ( 0.1000000000000000194, 0.2999999999999999889, 0.0000000000000000000 ) ) ;
#1750 = ORIENTED_EDGE ( 'NONE', *, *, #1889, .T. ) ;
#1751 = LINE ( 'NONE', #447, #2689 ) ;
#1752 = EDGE_CURVE ( 'NONE', #290, #2656, #3069, .T. ) ;
#1753 = CARTESIAN_POINT ( 'NONE',  ( -0.1000000000000000056, 0.1499999999999999944, -0.01000000000000000021 ) ) ;
#1754 = FILL_AREA_STYLE_COLOUR ( '', #4056 ) ;
#1755 = CARTESIAN_POINT ( 'NONE',  ( 0.1000000000000000056, -0.2999999999999999889, 0.0000000000000000000 ) ) ;
#1756 = ADVANCED_FACE ( 'NONE', ( #1403 ), #4046, .F. ) ;
#1757 = DIRECTION ( 'NONE',  ( -0.0000000000000000000, -0.0000000000000000000, 1.000000000000000000 ) ) ;
#1758 =( LENGTH_UNIT ( ) NAMED_UNIT ( * ) SI_UNIT ( .MILLI., .METRE. ) );
#1759 = ORIENTED_EDGE ( 'NONE', *, *, #2271, .T. ) ;
#1760 = EDGE_LOOP ( 'NONE', ( #4099, #215, #2212, #994 ) ) ;
#1761 = SURFACE_STYLE_FILL_AREA ( #437 ) ;
#1762 =( NAMED_UNIT ( * ) PLANE_ANGLE_UNIT ( ) SI_UNIT ( $, .RADIAN. ) );
#1763 = SURFACE_STYLE_USAGE ( .BOTH. , #4059 ) ;
#1764 = PRODUCT ( 'Pad001', 'Pad001', '', ( #4176 ) ) ;
#1765 = VERTEX_POINT ( 'NONE', #1471 ) ;
#1766 = PRESENTATION_STYLE_ASSIGNMENT (( #781 ) ) ;
#1767 = CYLINDRICAL_SURFACE ( 'NONE', #2192, 0.2000000000000000389 ) ;
#1768 =( NAMED_UNIT ( * ) SI_UNIT ( $, .STERADIAN. ) SOLID_ANGLE_UNIT ( ) );
#1769 = ORIENTED_EDGE ( 'NONE', *, *, #17, .F. ) ;
#1770 = CARTESIAN_POINT ( 'NONE',  ( -0.5500000000000000444, -0.3499999999999999778, 0.05999999999999999778 ) ) ;
#1771 = COLOUR_RGB ( '',0.7803921568627451011, 0.5686274509803921351, 0.1137254901960784298 ) ;
#1772 = CARTESIAN_POINT ( 'NONE',  ( 0.4949999999999999956, -0.1891429205787729384, 0.06000000000000001166 ) ) ;
#1773 = EDGE_CURVE ( 'NONE', #3043, #2575, #1211, .T. ) ;
#1774 = FACE_OUTER_BOUND ( 'NONE', #3754, .T. ) ;
#1775 = LINE ( 'NONE', #97, #1432 ) ;
#1776 =( NAMED_UNIT ( * ) SI_UNIT ( $, .STERADIAN. ) SOLID_ANGLE_UNIT ( ) );
#1777 = EDGE_CURVE ( 'NONE', #2686, #815, #3499, .T. ) ;
#1778 = ORIENTED_EDGE ( 'NONE', *, *, #1589, .T. ) ;
#1779 = VERTEX_POINT ( 'NONE', #3842 ) ;
#1780 = DIRECTION ( 'NONE',  ( 0.0000000000000000000, 1.224646799146999945E-16, -1.000000000000000000 ) ) ;
#1781 = VECTOR ( 'NONE', #1757, 1000.000000000000000 ) ;
#1782 = STYLED_ITEM ( 'NONE', ( #3946 ), #1851 ) ;
#1783 = FACE_OUTER_BOUND ( 'NONE', #2725, .T. ) ;
#1784 = CARTESIAN_POINT ( 'NONE',  ( -0.2937867965644035406, -0.2937867965644035406, 0.1399999999999999856 ) ) ;
#1785 = AXIS2_PLACEMENT_3D ( 'NONE', #1720, #3999, #2380 ) ;
#1786 = ORIENTED_EDGE ( 'NONE', *, *, #2509, .F. ) ;
#1787 = PLANE ( 'NONE',  #3803 ) ;
#1788 = COLOUR_RGB ( '',0.7803921568627451011, 0.5686274509803921351, 0.1137254901960784298 ) ;
#1789 = STYLED_ITEM ( 'NONE', ( #387 ), #3289 ) ;
#1790 = MECHANICAL_DESIGN_GEOMETRIC_PRESENTATION_REPRESENTATION (  '', ( #1513 ), #3319 ) ;
#1791 = COLOUR_RGB ( '',0.7803921568627451011, 0.5686274509803921351, 0.1137254901960784298 ) ;
#1792 = DIRECTION ( 'NONE',  ( -0.0000000000000000000, -0.0000000000000000000, 1.000000000000000000 ) ) ;
#1793 = VECTOR ( 'NONE', #2488, 1000.000000000000000 ) ;
#1794 = PRESENTATION_STYLE_ASSIGNMENT (( #396 ) ) ;
#1795 =( GEOMETRIC_REPRESENTATION_CONTEXT ( 3 ) GLOBAL_UNCERTAINTY_ASSIGNED_CONTEXT ( ( #1285 ) ) GLOBAL_UNIT_ASSIGNED_CONTEXT ( ( #2900, #2958, #2568 ) ) REPRESENTATION_CONTEXT ( 'NONE', 'WORKASPACE' ) );
#1796 = COLOUR_RGB ( '',0.8274509803921568096, 0.8274509803921568096, 0.8274509803921568096 ) ;
#1797 = MECHANICAL_DESIGN_GEOMETRIC_PRESENTATION_REPRESENTATION (  '', ( #621 ), #1996 ) ;
#1798 = DIRECTION ( 'NONE',  ( 0.0000000000000000000, -0.0000000000000000000, 1.000000000000000000 ) ) ;
#1799 = SURFACE_STYLE_FILL_AREA ( #4147 ) ;
#1800 = EDGE_CURVE ( 'NONE', #2076, #1286, #2494, .T. ) ;
#1801 = CARTESIAN_POINT ( 'NONE',  ( 0.5500000000000000444, -0.3499999999999999778, 0.08000000000000000167 ) ) ;
#1802 = DIRECTION ( 'NONE',  ( -1.000000000000000000, 0.0000000000000000000, 0.0000000000000000000 ) ) ;
#1803 = ORIENTED_EDGE ( 'NONE', *, *, #740, .T. ) ;
#1804 =( GEOMETRIC_REPRESENTATION_CONTEXT ( 3 ) GLOBAL_UNCERTAINTY_ASSIGNED_CONTEXT ( ( #1504 ) ) GLOBAL_UNIT_ASSIGNED_CONTEXT ( ( #3547, #3847, #3826 ) ) REPRESENTATION_CONTEXT ( 'NONE', 'WORKASPACE' ) );
#1805 = VERTEX_POINT ( 'NONE', #226 ) ;
#1806 = CIRCLE ( 'NONE', #4238, 0.1499999999999999667 ) ;
#1807 = PRESENTATION_STYLE_ASSIGNMENT (( #2119 ) ) ;
#1808 = EDGE_CURVE ( 'NONE', #1646, #3746, #1168, .T. ) ;
#1809 = UNCERTAINTY_MEASURE_WITH_UNIT (LENGTH_MEASURE( 1.000000000000000082E-05 ), #981, 'distance_accuracy_value', 'NONE');
#1810 = DIRECTION ( 'NONE',  ( -1.000000000000000000, 0.0000000000000000000, 0.0000000000000000000 ) ) ;
#1811 = EDGE_LOOP ( 'NONE', ( #2413, #690, #809, #347 ) ) ;
#1812 = UNCERTAINTY_MEASURE_WITH_UNIT (LENGTH_MEASURE( 1.000000000000000082E-05 ), #2434, 'distance_accuracy_value', 'NONE');
#1813 = CARTESIAN_POINT ( 'NONE',  ( -0.2000000000000000111, -0.2600000000000000089, 0.02000000000000000042 ) ) ;
#1814 = DIRECTION ( 'NONE',  ( 1.000000000000000000, 0.0000000000000000000, -0.0000000000000000000 ) ) ;
#1815 = CARTESIAN_POINT ( 'NONE',  ( -0.3713942890049999890, 0.2600000000000000089, 0.02000000000000000042 ) ) ;
#1816 = VERTEX_POINT ( 'NONE', #1193 ) ;
#1817 = CARTESIAN_POINT ( 'NONE',  ( -0.4949999999999611933, 0.1577111547697170046, 0.01999999999999997960 ) ) ;
#1818 = PRODUCT_CONTEXT ( 'NONE', #1091, 'mechanical' ) ;
#1819 = SHAPE_REPRESENTATION ( 'Pad001', ( #3761 ), #3280 ) ;
#1820 = MECHANICAL_DESIGN_GEOMETRIC_PRESENTATION_REPRESENTATION (  '', ( #3841 ), #2640 ) ;
#1821 = VERTEX_POINT ( 'NONE', #3448 ) ;
#1822 = ADVANCED_FACE ( 'NONE', ( #2539 ), #4210, .T. ) ;
#1823 = VERTEX_POINT ( 'NONE', #3821 ) ;
#1824 =( NAMED_UNIT ( * ) SI_UNIT ( $, .STERADIAN. ) SOLID_ANGLE_UNIT ( ) );
#1825 = FACE_OUTER_BOUND ( 'NONE', #548, .T. ) ;
#1826 = ADVANCED_FACE ( 'NONE', ( #3208 ), #1231, .T. ) ;
#1827 = ORIENTED_EDGE ( 'NONE', *, *, #1808, .T. ) ;
#1828 =( NAMED_UNIT ( * ) SI_UNIT ( $, .STERADIAN. ) SOLID_ANGLE_UNIT ( ) );
#1829 =( NAMED_UNIT ( * ) SI_UNIT ( $, .STERADIAN. ) SOLID_ANGLE_UNIT ( ) );
#1830 = EDGE_CURVE ( 'NONE', #242, #1438, #577, .T. ) ;
#1831 = ORIENTED_EDGE ( 'NONE', *, *, #615, .T. ) ;
#1832 = PLANE ( 'NONE',  #2603 ) ;
#1833 = PRESENTATION_STYLE_ASSIGNMENT (( #514 ) ) ;
#1834 = CARTESIAN_POINT ( 'NONE',  ( 0.5500000000000000444, -0.3499999999999999778, 0.08000000000000002942 ) ) ;
#1835 = MANIFOLD_SOLID_BREP ( 'Imported1', #1580 ) ;
#1836 = VECTOR ( 'NONE', #1514, 1000.000000000000000 ) ;
#1837 = CYLINDRICAL_SURFACE ( 'NONE', #1659, 0.01499999999999999944 ) ;
#1838 = CARTESIAN_POINT ( 'NONE',  ( -0.05000000000000000278, -0.1500000000000000222, -0.01000000000000000021 ) ) ;
#1839 =( GEOMETRIC_REPRESENTATION_CONTEXT ( 3 ) GLOBAL_UNCERTAINTY_ASSIGNED_CONTEXT ( ( #1118 ) ) GLOBAL_UNIT_ASSIGNED_CONTEXT ( ( #2987, #1008, #4282 ) ) REPRESENTATION_CONTEXT ( 'NONE', 'WORKASPACE' ) );
#1840 = CYLINDRICAL_SURFACE ( 'NONE', #1660, 0.1499999999999999667 ) ;
#1841 = FILL_AREA_STYLE ('',( #3850 ) ) ;
#1842 = ORIENTED_EDGE ( 'NONE', *, *, #638, .F. ) ;
#1843 = VERTEX_POINT ( 'NONE', #975 ) ;
#1844 =( NAMED_UNIT ( * ) PLANE_ANGLE_UNIT ( ) SI_UNIT ( $, .RADIAN. ) );
#1845 = PRESENTATION_LAYER_ASSIGNMENT (  '', '', ( #245 ) ) ;
#1846 = DIRECTION ( 'NONE',  ( -1.000000000000000000, -0.0000000000000000000, -0.0000000000000000000 ) ) ;
#1847 = VERTEX_POINT ( 'NONE', #2947 ) ;
#1848 = SURFACE_STYLE_FILL_AREA ( #1895 ) ;
#1849 = FILL_AREA_STYLE_COLOUR ( '', #1299 ) ;
#1850 = VECTOR ( 'NONE', #3704, 1000.000000000000000 ) ;
#1851 = ADVANCED_FACE ( 'NONE', ( #1957 ), #1612, .T. ) ;
#1852 = VECTOR ( 'NONE', #1009, 1000.000000000000000 ) ;
#1853 = CARTESIAN_POINT ( 'NONE',  ( -0.4949999999999999956, -0.2999999999999999889, 0.06000000000000000472 ) ) ;
#1854 = MECHANICAL_DESIGN_GEOMETRIC_PRESENTATION_REPRESENTATION (  '', ( #3529 ), #2809 ) ;
#1855 = ORIENTED_EDGE ( 'NONE', *, *, #940, .T. ) ;
#1856 = CARTESIAN_POINT ( 'NONE',  ( -0.5500000000000000444, 0.3499999999999999778, 0.02000000000000000042 ) ) ;
#1857 = VECTOR ( 'NONE', #306, 1000.000000000000000 ) ;
#1858 = MECHANICAL_DESIGN_GEOMETRIC_PRESENTATION_REPRESENTATION (  '', ( #2599 ), #1574 ) ;
#1859 = EDGE_CURVE ( 'NONE', #3626, #1099, #821, .T. ) ;
#1860 = VECTOR ( 'NONE', #4276, 1000.000000000000000 ) ;
#1861 =( LENGTH_UNIT ( ) NAMED_UNIT ( * ) SI_UNIT ( .MILLI., .METRE. ) );
#1862 = VECTOR ( 'NONE', #991, 1000.000000000000000 ) ;
#1863 = PRESENTATION_LAYER_ASSIGNMENT (  '', '', ( #49 ) ) ;
#1864 = SURFACE_SIDE_STYLE ('',( #3170 ) ) ;
#1865 = LINE ( 'NONE', #582, #2531 ) ;
#1866 = STYLED_ITEM ( 'NONE', ( #1807 ), #162 ) ;
#1867 = CARTESIAN_POINT ( 'NONE',  ( -0.5500000000000000444, -0.3499999999999999778, 0.0000000000000000000 ) ) ;
#1868 = SURFACE_STYLE_USAGE ( .BOTH. , #250 ) ;
#1869 = ORIENTED_EDGE ( 'NONE', *, *, #2396, .F. ) ;
#1870 = STYLED_ITEM ( 'NONE', ( #649 ), #285 ) ;
#1871 =( NAMED_UNIT ( * ) PLANE_ANGLE_UNIT ( ) SI_UNIT ( $, .RADIAN. ) );
#1872 = DIRECTION ( 'NONE',  ( 0.0000000000000000000, 1.000000000000000000, -1.129377263005733621E-16 ) ) ;
#1873 = VECTOR ( 'NONE', #980, 1000.000000000000000 ) ;
#1874 = VECTOR ( 'NONE', #3818, 1000.000000000000000 ) ;
#1875 = VERTEX_POINT ( 'NONE', #933 ) ;
#1876 = FACE_OUTER_BOUND ( 'NONE', #2165, .T. ) ;
#1877 = LINE ( 'NONE', #2172, #1641 ) ;
#1878 = DIRECTION ( 'NONE',  ( -1.000000000000000000, -0.0000000000000000000, 0.0000000000000000000 ) ) ;
#1879 = FILL_AREA_STYLE_COLOUR ( '', #3400 ) ;
#1880 = PRODUCT_DEFINITION ( 'UNKNOWN', '', #2573, #2388 ) ;
#1881 = DIRECTION ( 'NONE',  ( 0.0000000000000000000, 0.0000000000000000000, -1.000000000000000000 ) ) ;
#1882 = DIRECTION ( 'NONE',  ( 1.000000000000000000, 0.0000000000000000000, 0.0000000000000000000 ) ) ;
#1883 = CARTESIAN_POINT ( 'NONE',  ( 0.3713942890050412338, 0.2600000000000000089, 1.592040838892100143E-17 ) ) ;
#1884 = EDGE_CURVE ( 'NONE', #2656, #3585, #249, .T. ) ;
#1885 = MANIFOLD_SOLID_BREP ( 'Imported1', #965 ) ;
#1886 = DIRECTION ( 'NONE',  ( 1.000000000000000000, 0.0000000000000000000, 0.0000000000000000000 ) ) ;
#1887 = PRESENTATION_STYLE_ASSIGNMENT (( #214 ) ) ;
#1888 = VERTEX_POINT ( 'NONE', #2019 ) ;
#1889 = EDGE_CURVE ( 'NONE', #2675, #2575, #2235, .T. ) ;
#1890 = FACE_OUTER_BOUND ( 'NONE', #2209, .T. ) ;
#1891 = FACE_OUTER_BOUND ( 'NONE', #3075, .T. ) ;
#1892 = FILL_AREA_STYLE_COLOUR ( '', #3527 ) ;
#1893 = ORIENTED_EDGE ( 'NONE', *, *, #3690, .T. ) ;
#1894 = FILL_AREA_STYLE_COLOUR ( '', #127 ) ;
#1895 = FILL_AREA_STYLE ('',( #3204 ) ) ;
#1896 = UNCERTAINTY_MEASURE_WITH_UNIT (LENGTH_MEASURE( 1.000000000000000082E-05 ), #2660, 'distance_accuracy_value', 'NONE');
#1897 = LINE ( 'NONE', #3536, #3941 ) ;
#1898 = CARTESIAN_POINT ( 'NONE',  ( -0.5500000000000000444, 0.3499999999999999778, 0.0000000000000000000 ) ) ;
#1899 = APPLICATION_CONTEXT ( 'automotive_design' ) ;
#1900 = EDGE_LOOP ( 'NONE', ( #2667, #109, #344, #905 ) ) ;
#1901 = DIRECTION ( 'NONE',  ( -0.0000000000000000000, -0.0000000000000000000, -1.000000000000000000 ) ) ;
#1902 = CARTESIAN_POINT ( 'NONE',  ( -0.4949999999999999956, -0.2999999999999999889, 0.02000000000000000042 ) ) ;
#1903 = DIRECTION ( 'NONE',  ( 0.0000000000000000000, -1.224646799146999945E-16, -1.000000000000000000 ) ) ;
#1904 =( NAMED_UNIT ( * ) SI_UNIT ( $, .STERADIAN. ) SOLID_ANGLE_UNIT ( ) );
#1905 = SURFACE_SIDE_STYLE ('',( #230 ) ) ;
#1906 = VERTEX_POINT ( 'NONE', #3676 ) ;
#1907 = CARTESIAN_POINT ( 'NONE',  ( 0.4749999999999999778, -0.1645950378230000011, 2.015707862250000449E-17 ) ) ;
#1908 = SURFACE_STYLE_FILL_AREA ( #3855 ) ;
#1909 = SURFACE_STYLE_USAGE ( .BOTH. , #2469 ) ;
#1910 = EDGE_CURVE ( 'NONE', #3959, #2489, #2664, .T. ) ;
#1911 = MECHANICAL_DESIGN_GEOMETRIC_PRESENTATION_REPRESENTATION (  '', ( #3233 ), #1839 ) ;
#1912 = EDGE_LOOP ( 'NONE', ( #792, #1963, #1733, #916, #1406, #2132, #1893, #3837 ) ) ;
#1913 = PRESENTATION_STYLE_ASSIGNMENT (( #3557 ) ) ;
#1914 = FACE_OUTER_BOUND ( 'NONE', #2170, .T. ) ;
#1915 = ORIENTED_EDGE ( 'NONE', *, *, #3631, .T. ) ;
#1916 = PRESENTATION_STYLE_ASSIGNMENT (( #2909 ) ) ;
#1917 = VECTOR ( 'NONE', #1052, 1000.000000000000000 ) ;
#1918 = CARTESIAN_POINT ( 'NONE',  ( -0.5500000000000000444, -0.3499999999999999778, 0.06000000000000000472 ) ) ;
#1919 = AXIS2_PLACEMENT_3D ( 'NONE', #1073, #2038, #1722 ) ;
#1920 =( GEOMETRIC_REPRESENTATION_CONTEXT ( 3 ) GLOBAL_UNCERTAINTY_ASSIGNED_CONTEXT ( ( #1366 ) ) GLOBAL_UNIT_ASSIGNED_CONTEXT ( ( #937, #627, #288 ) ) REPRESENTATION_CONTEXT ( 'NONE', 'WORKASPACE' ) );
#1921 = STYLED_ITEM ( 'NONE', ( #2344 ), #1756 ) ;
#1922 = SURFACE_STYLE_USAGE ( .BOTH. , #563 ) ;
#1923 = VECTOR ( 'NONE', #1624, 1000.000000000000000 ) ;
#1924 = DIRECTION ( 'NONE',  ( 0.0000000000000000000, -1.000000000000000000, -1.224646799146999945E-16 ) ) ;
#1925 = FACE_OUTER_BOUND ( 'NONE', #1046, .T. ) ;
#1926 = STYLED_ITEM ( 'NONE', ( #745 ), #3217 ) ;
#1927 = STYLED_ITEM ( 'NONE', ( #2292 ), #43 ) ;
#1928 =( GEOMETRIC_REPRESENTATION_CONTEXT ( 3 ) GLOBAL_UNCERTAINTY_ASSIGNED_CONTEXT ( ( #278 ) ) GLOBAL_UNIT_ASSIGNED_CONTEXT ( ( #3300, #253, #4240 ) ) REPRESENTATION_CONTEXT ( 'NONE', 'WORKASPACE' ) );
#1929 = ORIENTED_EDGE ( 'NONE', *, *, #3932, .T. ) ;
#1930 =( NAMED_UNIT ( * ) SI_UNIT ( $, .STERADIAN. ) SOLID_ANGLE_UNIT ( ) );
#1931 = ADVANCED_FACE ( 'NONE', ( #3714 ), #705, .F. ) ;
#1932 = MECHANICAL_DESIGN_GEOMETRIC_PRESENTATION_REPRESENTATION (  '', ( #3947 ), #1584 ) ;
#1933 = UNCERTAINTY_MEASURE_WITH_UNIT (LENGTH_MEASURE( 1.000000000000000082E-05 ), #3035, 'distance_accuracy_value', 'NONE');
#1934 =( LENGTH_UNIT ( ) NAMED_UNIT ( * ) SI_UNIT ( .MILLI., .METRE. ) );
#1935 = DIRECTION ( 'NONE',  ( 0.0000000000000000000, -1.224646799146999945E-16, -1.000000000000000000 ) ) ;
#1936 = EDGE_CURVE ( 'NONE', #2735, #461, #751, .T. ) ;
#1937 = SURFACE_STYLE_FILL_AREA ( #947 ) ;
#1938 = VECTOR ( 'NONE', #2695, 1000.000000000000000 ) ;
#1939 = COLOUR_RGB ( '',0.0000000000000000000, 1.000000000000000000, 0.0000000000000000000 ) ;
#1940 = EDGE_LOOP ( 'NONE', ( #1842, #839, #2961, #2773 ) ) ;
#1941 = FILL_AREA_STYLE_COLOUR ( '', #1579 ) ;
#1942 = CYLINDRICAL_SURFACE ( 'NONE', #1698, 0.01500000000000001159 ) ;
#1943 = CARTESIAN_POINT ( 'NONE',  ( -0.3275140453870000190, 0.2999999999999999889, 0.08000000000000000167 ) ) ;
#1944 = DIRECTION ( 'NONE',  ( 0.0000000000000000000, 0.0000000000000000000, -1.000000000000000000 ) ) ;
#1945 = ORIENTED_EDGE ( 'NONE', *, *, #255, .F. ) ;
#1946 = CARTESIAN_POINT ( 'NONE',  ( 0.4749999999999999778, -0.2999999999999999889, 0.06000000000000000472 ) ) ;
#1947 = LINE ( 'NONE', #2940, #562 ) ;
#1948 = ORIENTED_EDGE ( 'NONE', *, *, #3271, .F. ) ;
#1949 = SURFACE_STYLE_FILL_AREA ( #296 ) ;
#1950 = PRESENTATION_STYLE_ASSIGNMENT (( #1048 ) ) ;
#1951 = EDGE_CURVE ( 'NONE', #3139, #2097, #1374, .T. ) ;
#1952 = EDGE_LOOP ( 'NONE', ( #484, #2719, #3967, #2946, #3099, #3673, #3460, #94 ) ) ;
#1953 =( NAMED_UNIT ( * ) PLANE_ANGLE_UNIT ( ) SI_UNIT ( $, .RADIAN. ) );
#1954 = CARTESIAN_POINT ( 'NONE',  ( 0.4949999999999304956, -0.1891429205785696566, 0.02000000000000001082 ) ) ;
#1955 = VECTOR ( 'NONE', #4055, 1000.000000000000000 ) ;
#1956 = AXIS2_PLACEMENT_3D ( 'NONE', #2495, #3167, #1882 ) ;
#1957 = FACE_OUTER_BOUND ( 'NONE', #2374, .T. ) ;
#1958 =( LENGTH_UNIT ( ) NAMED_UNIT ( * ) SI_UNIT ( .MILLI., .METRE. ) );
#1959 = CARTESIAN_POINT ( 'NONE',  ( 0.3875192319072565672, -0.3000000000000789258, 0.02000000000000000042 ) ) ;
#1960 = FILL_AREA_STYLE ('',( #24 ) ) ;
#1961 = VERTEX_POINT ( 'NONE', #68 ) ;
#1962 = SURFACE_SIDE_STYLE ('',( #1002 ) ) ;
#1963 = ORIENTED_EDGE ( 'NONE', *, *, #4297, .T. ) ;
#1964 = SURFACE_STYLE_USAGE ( .BOTH. , #653 ) ;
#1965 =( REPRESENTATION_RELATIONSHIP ('NONE','NONE', #3758, #1649 ) REPRESENTATION_RELATIONSHIP_WITH_TRANSFORMATION ( #1633 )SHAPE_REPRESENTATION_RELATIONSHIP( ) );
#1966 = PLANE ( 'NONE',  #3729 ) ;
#1967 = COLOUR_RGB ( '',0.7803921568627451011, 0.5686274509803921351, 0.1137254901960784298 ) ;
#1968 = UNCERTAINTY_MEASURE_WITH_UNIT (LENGTH_MEASURE( 1.000000000000000082E-05 ), #3534, 'distance_accuracy_value', 'NONE');
#1969 = FACE_OUTER_BOUND ( 'NONE', #3396, .T. ) ;
#1970 = VERTEX_POINT ( 'NONE', #1398 ) ;
#1971 = CARTESIAN_POINT ( 'NONE',  ( -0.5000000000000000000, 0.2999999999999999889, 0.0000000000000000000 ) ) ;
#1972 = PRESENTATION_STYLE_ASSIGNMENT (( #996 ) ) ;
#1973 = EDGE_CURVE ( 'NONE', #3810, #910, #4043, .T. ) ;
#1974 = FILL_AREA_STYLE ('',( #2299 ) ) ;
#1975 = SURFACE_STYLE_USAGE ( .BOTH. , #2974 ) ;
#1976 = CIRCLE ( 'NONE', #3526, 0.2000000000000000389 ) ;
#1977 = EDGE_CURVE ( 'NONE', #795, #372, #422, .T. ) ;
#1978 =( GEOMETRIC_REPRESENTATION_CONTEXT ( 3 ) GLOBAL_UNCERTAINTY_ASSIGNED_CONTEXT ( ( #2608 ) ) GLOBAL_UNIT_ASSIGNED_CONTEXT ( ( #2173, #2818, #3784 ) ) REPRESENTATION_CONTEXT ( 'NONE', 'WORKASPACE' ) );
#1979 =( LENGTH_UNIT ( ) NAMED_UNIT ( * ) SI_UNIT ( .MILLI., .METRE. ) );
#1980 = CIRCLE ( 'NONE', #110, 0.1499999999999999667 ) ;
#1981 = AXIS2_PLACEMENT_3D ( 'NONE', #1289, #1259, #1632 ) ;
#1982 = SHAPE_REPRESENTATION_RELATIONSHIP ( 'NONE' , 'NONE' ,  #2861, #1255 ) ;
#1983 = AXIS2_PLACEMENT_3D ( 'NONE', #3391, #408, #1245 ) ;
#1984 = ORIENTED_EDGE ( 'NONE', *, *, #255, .T. ) ;
#1985 = FILL_AREA_STYLE ('',( #714 ) ) ;
#1986 = COLOUR_RGB ( '',0.7803921568627451011, 0.5686274509803921351, 0.1137254901960784298 ) ;
#1987 = CARTESIAN_POINT ( 'NONE',  ( -0.2000000000000000111, 0.2600000000000000089, 3.184081677782999738E-17 ) ) ;
#1988 = PRESENTATION_LAYER_ASSIGNMENT (  '', '', ( #610 ) ) ;
#1989 =( NAMED_UNIT ( * ) PLANE_ANGLE_UNIT ( ) SI_UNIT ( $, .RADIAN. ) );
#1990 = COLOUR_RGB ( '',0.7803921568627451011, 0.5686274509803921351, 0.1137254901960784298 ) ;
#1991 = SURFACE_STYLE_FILL_AREA ( #3623 ) ;
#1992 = ORIENTED_EDGE ( 'NONE', *, *, #3561, .T. ) ;
#1993 = AXIS2_PLACEMENT_3D ( 'NONE', #773, #2032, #487 ) ;
#1994 = CYLINDRICAL_SURFACE ( 'NONE', #3345, 0.005000000000000013115 ) ;
#1995 =( NAMED_UNIT ( * ) SI_UNIT ( $, .STERADIAN. ) SOLID_ANGLE_UNIT ( ) );
#1996 =( GEOMETRIC_REPRESENTATION_CONTEXT ( 3 ) GLOBAL_UNCERTAINTY_ASSIGNED_CONTEXT ( ( #1415 ) ) GLOBAL_UNIT_ASSIGNED_CONTEXT ( ( #1268, #4179, #2848 ) ) REPRESENTATION_CONTEXT ( 'NONE', 'WORKASPACE' ) );
#1997 = PRODUCT_DEFINITION_SHAPE ( 'NONE', 'NONE',  #1880 ) ;
#1998 = EDGE_LOOP ( 'NONE', ( #4266, #1750, #4285, #1121 ) ) ;
#1999 = FILL_AREA_STYLE ('',( #1941 ) ) ;
#2000 =( GEOMETRIC_REPRESENTATION_CONTEXT ( 3 ) GLOBAL_UNCERTAINTY_ASSIGNED_CONTEXT ( ( #1355 ) ) GLOBAL_UNIT_ASSIGNED_CONTEXT ( ( #220, #529, #3181 ) ) REPRESENTATION_CONTEXT ( 'NONE', 'WORKASPACE' ) );
#2001 = ORIENTED_EDGE ( 'NONE', *, *, #355, .F. ) ;
#2002 = PRESENTATION_STYLE_ASSIGNMENT (( #3657 ) ) ;
#2003 = SURFACE_STYLE_USAGE ( .BOTH. , #2914 ) ;
#2004 = EDGE_CURVE ( 'NONE', #1074, #838, #1419, .T. ) ;
#2005 = ORIENTED_EDGE ( 'NONE', *, *, #634, .T. ) ;
#2006 = DIRECTION ( 'NONE',  ( -0.0000000000000000000, -0.0000000000000000000, 1.000000000000000000 ) ) ;
#2007 = SURFACE_STYLE_FILL_AREA ( #430 ) ;
#2008 = UNCERTAINTY_MEASURE_WITH_UNIT (LENGTH_MEASURE( 1.000000000000000082E-05 ), #519, 'distance_accuracy_value', 'NONE');
#2009 = DIRECTION ( 'NONE',  ( -1.000000000000000000, -0.0000000000000000000, -0.0000000000000000000 ) ) ;
#2010 = LINE ( 'NONE', #3281, #342 ) ;
#2011 = FILL_AREA_STYLE_COLOUR ( '', #3068 ) ;
#2012 = FACE_OUTER_BOUND ( 'NONE', #1144, .T. ) ;
#2013 = UNCERTAINTY_MEASURE_WITH_UNIT (LENGTH_MEASURE( 1.000000000000000082E-05 ), #1328, 'distance_accuracy_value', 'NONE');
#2014 = PLANE ( 'NONE',  #472 ) ;
#2015 = MECHANICAL_DESIGN_GEOMETRIC_PRESENTATION_REPRESENTATION (  '', ( #1266 ), #3912 ) ;
#2016 = VERTEX_POINT ( 'NONE', #2084 ) ;
#2017 = FILL_AREA_STYLE ('',( #703 ) ) ;
#2018 = CARTESIAN_POINT ( 'NONE',  ( 0.3152661081139450094, -0.2999999999999999889, 0.08000000000000001554 ) ) ;
#2019 = CARTESIAN_POINT ( 'NONE',  ( -0.05000000000000000278, -0.1500000000000000222, -1.163291170903874963E-19 ) ) ;
#2020 = ORIENTED_EDGE ( 'NONE', *, *, #3537, .F. ) ;
#2021 = DIRECTION ( 'NONE',  ( 0.0000000000000000000, -1.000000000000000000, -1.034036596358999946E-18 ) ) ;
#2022 = PRODUCT_DEFINITION_FORMATION_WITH_SPECIFIED_SOURCE ( 'ANY', '', #1764, .NOT_KNOWN. ) ;
#2023 = CARTESIAN_POINT ( 'NONE',  ( 0.3875192319072565672, 0.3000000000000788702, 0.02000000000000000042 ) ) ;
#2024 = CARTESIAN_POINT ( 'NONE',  ( -0.4949999999999999956, -0.2999999999999999889, 0.06000000000000000472 ) ) ;
#2025 = SURFACE_SIDE_STYLE ('',( #629 ) ) ;
#2026 = EDGE_LOOP ( 'NONE', ( #3266, #2694, #3840, #989 ) ) ;
#2027 = SURFACE_STYLE_USAGE ( .BOTH. , #3684 ) ;
#2028 = LINE ( 'NONE', #3433, #4169 ) ;
#2029 = ADVANCED_FACE ( 'NONE', ( #444 ), #1767, .T. ) ;
#2030 = LINE ( 'NONE', #478, #470 ) ;
#2031 = ORIENTED_EDGE ( 'NONE', *, *, #1402, .F. ) ;
#2032 = DIRECTION ( 'NONE',  ( 1.000000000000000000, 0.0000000000000000000, 0.0000000000000000000 ) ) ;
#2033 = FILL_AREA_STYLE ('',( #13 ) ) ;
#2034 = ORIENTED_EDGE ( 'NONE', *, *, #1538, .T. ) ;
#2035 = AXIS2_PLACEMENT_3D ( 'NONE', #3341, #326, #1350 ) ;
#2036 = DIRECTION ( 'NONE',  ( -0.0000000000000000000, -0.0000000000000000000, -1.000000000000000000 ) ) ;
#2037 = SURFACE_SIDE_STYLE ('',( #3374 ) ) ;
#2038 = DIRECTION ( 'NONE',  ( 1.000000000000000000, 0.0000000000000000000, 0.0000000000000000000 ) ) ;
#2039 = ORIENTED_EDGE ( 'NONE', *, *, #685, .F. ) ;
#2040 = VECTOR ( 'NONE', #3649, 1000.000000000000000 ) ;
#2041 = DIRECTION ( 'NONE',  ( 0.0000000000000000000, -1.224646799146999945E-16, -1.000000000000000000 ) ) ;
#2042 = EDGE_LOOP ( 'NONE', ( #791, #4107, #3355, #3511 ) ) ;
#2043 = CARTESIAN_POINT ( 'NONE',  ( -0.4749999999999319766, -0.1645950378226359312, 0.08000000000000001554 ) ) ;
#2044 = DIRECTION ( 'NONE',  ( 0.0000000000000000000, -1.000000000000000000, -1.034036596358999946E-18 ) ) ;
#2045 = PRESENTATION_LAYER_ASSIGNMENT (  '', '', ( #2880 ) ) ;
#2046 =( NAMED_UNIT ( * ) PLANE_ANGLE_UNIT ( ) SI_UNIT ( $, .RADIAN. ) );
#2047 = DIRECTION ( 'NONE',  ( 2.331034670843834533E-14, 1.000000000000000000, -1.224646799146999945E-16 ) ) ;
#2048 = COLOUR_RGB ( '',0.0000000000000000000, 1.000000000000000000, 0.0000000000000000000 ) ;
#2049 = EDGE_CURVE ( 'NONE', #2649, #2076, #3815, .T. ) ;
#2050 =( GEOMETRIC_REPRESENTATION_CONTEXT ( 3 ) GLOBAL_UNCERTAINTY_ASSIGNED_CONTEXT ( ( #2964 ) ) GLOBAL_UNIT_ASSIGNED_CONTEXT ( ( #853, #1488, #4138 ) ) REPRESENTATION_CONTEXT ( 'NONE', 'WORKASPACE' ) );
#2051 = FILL_AREA_STYLE_COLOUR ( '', #3135 ) ;
#2052 = AXIS2_PLACEMENT_3D ( 'NONE', #3484, #1084, #2074 ) ;
#2053 = UNCERTAINTY_MEASURE_WITH_UNIT (LENGTH_MEASURE( 1.000000000000000082E-05 ), #368, 'distance_accuracy_value', 'NONE');
#2054 = FILL_AREA_STYLE ('',( #1712 ) ) ;
#2055 = PRESENTATION_LAYER_ASSIGNMENT (  '', '', ( #1576 ) ) ;
#2056 = AXIS2_PLACEMENT_3D ( 'NONE', #1050, #2755, #4062 ) ;
#2057 = AXIS2_PLACEMENT_3D ( 'NONE', #3638, #1336, #760 ) ;
#2058 = EDGE_CURVE ( 'NONE', #699, #1545, #4141, .T. ) ;
#2059 = ORIENTED_EDGE ( 'NONE', *, *, #3928, .F. ) ;
#2060 = CARTESIAN_POINT ( 'NONE',  ( -0.5500000000000000444, -0.3499999999999999778, 0.05999999999999999778 ) ) ;
#2061 =( NAMED_UNIT ( * ) SI_UNIT ( $, .STERADIAN. ) SOLID_ANGLE_UNIT ( ) );
#2062 = CIRCLE ( 'NONE', #3809, 0.1499999999999999667 ) ;
#2063 = CARTESIAN_POINT ( 'NONE',  ( 0.2000000000000000111, -0.2999999999999999889, 0.0000000000000000000 ) ) ;
#2064 = ADVANCED_FACE ( 'NONE', ( #3264 ), #571, .T. ) ;
#2065 = VERTEX_POINT ( 'NONE', #2552 ) ;
#2066 = CIRCLE ( 'NONE', #2823, 0.1700000000000000122 ) ;
#2067 = COLOUR_RGB ( '',0.0000000000000000000, 0.3333333333333333148, 0.0000000000000000000 ) ;
#2068 = PRESENTATION_LAYER_ASSIGNMENT (  '', '', ( #2830 ) ) ;
#2069 = DIRECTION ( 'NONE',  ( -0.0000000000000000000, 1.224646799146999945E-16, 1.000000000000000000 ) ) ;
#2070 = DIRECTION ( 'NONE',  ( -0.0000000000000000000, 1.224646799146999945E-16, -1.000000000000000000 ) ) ;
#2071 =( LENGTH_UNIT ( ) NAMED_UNIT ( * ) SI_UNIT ( .MILLI., .METRE. ) );
#2072 = CARTESIAN_POINT ( 'NONE',  ( 0.3275140453870559187, 0.2600000000001834732, 0.05999999999999999778 ) ) ;
#2073 =( NAMED_UNIT ( * ) SI_UNIT ( $, .STERADIAN. ) SOLID_ANGLE_UNIT ( ) );
#2074 = DIRECTION ( 'NONE',  ( 0.0000000000000000000, -1.224646799146999945E-16, 1.000000000000000000 ) ) ;
#2075 = VERTEX_POINT ( 'NONE', #587 ) ;
#2076 = VERTEX_POINT ( 'NONE', #279 ) ;
#2077 = FACE_OUTER_BOUND ( 'NONE', #708, .T. ) ;
#2078 = SURFACE_SIDE_STYLE ('',( #1461 ) ) ;
#2079 = ORIENTED_EDGE ( 'NONE', *, *, #1746, .F. ) ;
#2080 = FILL_AREA_STYLE_COLOUR ( '', #194 ) ;
#2081 = FACE_OUTER_BOUND ( 'NONE', #3878, .T. ) ;
#2082 =( NAMED_UNIT ( * ) PLANE_ANGLE_UNIT ( ) SI_UNIT ( $, .RADIAN. ) );
#2083 = EDGE_CURVE ( 'NONE', #815, #3435, #1160, .T. ) ;
#2084 = CARTESIAN_POINT ( 'NONE',  ( 0.2849999999999999756, 0.2849999999999999756, 0.1400000000000000133 ) ) ;
#2085 = ORIENTED_EDGE ( 'NONE', *, *, #4267, .T. ) ;
#2086 = CARTESIAN_POINT ( 'NONE',  ( 0.5500000000000000444, -0.3499999999999999778, 0.05999999999999999778 ) ) ;
#2087 = COLOUR_RGB ( '',0.7921568627450980005, 0.8196078431372548767, 0.9333333333333333481 ) ;
#2088 = ADVANCED_FACE ( 'NONE', ( #1124 ), #159, .F. ) ;
#2089 = LINE ( 'NONE', #2024, #177 ) ;
#2090 = FILL_AREA_STYLE_COLOUR ( '', #1405 ) ;
#2091 = ORIENTED_EDGE ( 'NONE', *, *, #2482, .T. ) ;
#2092 =( LENGTH_UNIT ( ) NAMED_UNIT ( * ) SI_UNIT ( .MILLI., .METRE. ) );
#2093 = DIRECTION ( 'NONE',  ( -0.0000000000000000000, -1.000000000000000000, -1.224646799146999945E-16 ) ) ;
#2094 = FILL_AREA_STYLE_COLOUR ( '', #1636 ) ;
#2095 = CARTESIAN_POINT ( 'NONE',  ( -0.2000000000000000111, -0.2999999999999999889, 0.06000000000000000472 ) ) ;
#2096 = DIRECTION ( 'NONE',  ( -1.000000000000000000, 0.0000000000000000000, 0.0000000000000000000 ) ) ;
#2097 = VERTEX_POINT ( 'NONE', #3665 ) ;
#2098 = ORIENTED_EDGE ( 'NONE', *, *, #1304, .F. ) ;
#2099 = FACE_OUTER_BOUND ( 'NONE', #860, .T. ) ;
#2100 = UNCERTAINTY_MEASURE_WITH_UNIT (LENGTH_MEASURE( 1.000000000000000082E-05 ), #228, 'distance_accuracy_value', 'NONE');
#2101 = ORIENTED_EDGE ( 'NONE', *, *, #1373, .F. ) ;
#2102 = CARTESIAN_POINT ( 'NONE',  ( -0.3875192319069999947, 0.2999999999999999889, 0.02000000000000000042 ) ) ;
#2103 = SURFACE_SIDE_STYLE ('',( #1265 ) ) ;
#2104 = CARTESIAN_POINT ( 'NONE',  ( -0.5500000000000000444, 0.3499999999999999778, 0.0000000000000000000 ) ) ;
#2105 = EDGE_LOOP ( 'NONE', ( #4068, #4128, #205, #1317 ) ) ;
#2106 = LINE ( 'NONE', #4045, #2336 ) ;
#2107 = EDGE_CURVE ( 'NONE', #223, #154, #2010, .T. ) ;
#2108 = APPLICATION_CONTEXT ( 'automotive_design' ) ;
#2109 = CARTESIAN_POINT ( 'NONE',  ( -0.5000000000000000000, -0.2599999999999999534, 0.0000000000000000000 ) ) ;
#2110 =( NAMED_UNIT ( * ) PLANE_ANGLE_UNIT ( ) SI_UNIT ( $, .RADIAN. ) );
#2111 = ADVANCED_FACE ( 'NONE', ( #3364 ), #7, .F. ) ;
#2112 =( NAMED_UNIT ( * ) SI_UNIT ( $, .STERADIAN. ) SOLID_ANGLE_UNIT ( ) );
#2113 = COLOUR_RGB ( '',0.0000000000000000000, 0.3333333333333333148, 0.0000000000000000000 ) ;
#2114 =( NAMED_UNIT ( * ) PLANE_ANGLE_UNIT ( ) SI_UNIT ( $, .RADIAN. ) );
#2115 = PLANE ( 'NONE',  #819 ) ;
#2116 = FACE_OUTER_BOUND ( 'NONE', #1528, .T. ) ;
#2117 = ORIENTED_EDGE ( 'NONE', *, *, #378, .T. ) ;
#2118 = VERTEX_POINT ( 'NONE', #4015 ) ;
#2119 = SURFACE_STYLE_USAGE ( .BOTH. , #1365 ) ;
#2120 =( NAMED_UNIT ( * ) SI_UNIT ( $, .STERADIAN. ) SOLID_ANGLE_UNIT ( ) );
#2121 = COLOUR_RGB ( '',0.7803921568627451011, 0.5686274509803921351, 0.1137254901960784298 ) ;
#2122 = PRESENTATION_LAYER_ASSIGNMENT (  '', '', ( #4218 ) ) ;
#2123 = VECTOR ( 'NONE', #2822, 1000.000000000000000 ) ;
#2124 = ORIENTED_EDGE ( 'NONE', *, *, #1344, .F. ) ;
#2125 = SURFACE_SIDE_STYLE ('',( #365 ) ) ;
#2126 = DIRECTION ( 'NONE',  ( 1.000000000000000000, 0.0000000000000000000, 0.0000000000000000000 ) ) ;
#2127 = CARTESIAN_POINT ( 'NONE',  ( -0.2950000000000000400, 0.3000000000000000444, 0.0000000000000000000 ) ) ;
#2128 = CIRCLE ( 'NONE', #2056, 0.2000000000000000111 ) ;
#2129 = PRESENTATION_STYLE_ASSIGNMENT (( #608 ) ) ;
#2130 = STYLED_ITEM ( 'NONE', ( #955 ), #3650 ) ;
#2131 = CYLINDRICAL_SURFACE ( 'NONE', #1358, 0.2000000000000000111 ) ;
#2132 = ORIENTED_EDGE ( 'NONE', *, *, #2263, .T. ) ;
#2133 = SURFACE_SIDE_STYLE ('',( #3767 ) ) ;
#2134 = FILL_AREA_STYLE ('',( #3788 ) ) ;
#2135 = EDGE_CURVE ( 'NONE', #3531, #3043, #1623, .T. ) ;
#2136 = STYLED_ITEM ( 'NONE', ( #3182 ), #2718 ) ;
#2137 = VECTOR ( 'NONE', #3213, 1000.000000000000000 ) ;
#2138 = APPLICATION_PROTOCOL_DEFINITION ( 'draft international standard', 'automotive_design', 1998, #1673 ) ;
#2139 = CARTESIAN_POINT ( 'NONE',  ( -0.4085786437627077494, 0.2999999999999513611, 0.0000000000000000000 ) ) ;
#2140 = FILL_AREA_STYLE ('',( #2496 ) ) ;
#2141 = DIRECTION ( 'NONE',  ( -0.0000000000000000000, 1.224646799146999945E-16, 1.000000000000000000 ) ) ;
#2142 = EDGE_CURVE ( 'NONE', #1843, #3156, #1947, .T. ) ;
#2143 = PRESENTATION_STYLE_ASSIGNMENT (( #2438 ) ) ;
#2144 =( GEOMETRIC_REPRESENTATION_CONTEXT ( 3 ) GLOBAL_UNCERTAINTY_ASSIGNED_CONTEXT ( ( #3555 ) ) GLOBAL_UNIT_ASSIGNED_CONTEXT ( ( #1140, #155, #2813 ) ) REPRESENTATION_CONTEXT ( 'NONE', 'WORKASPACE' ) );
#2145 = ORIENTED_EDGE ( 'NONE', *, *, #3210, .F. ) ;
#2146 = ORIENTED_EDGE ( 'NONE', *, *, #830, .F. ) ;
#2147 = VECTOR ( 'NONE', #3773, 1000.000000000000000 ) ;
#2148 = LINE ( 'NONE', #506, #3543 ) ;
#2149 = SURFACE_STYLE_FILL_AREA ( #524 ) ;
#2150 = EDGE_CURVE ( 'NONE', #4048, #1314, #339, .T. ) ;
#2151 = ORIENTED_EDGE ( 'NONE', *, *, #3045, .T. ) ;
#2152 = DIRECTION ( 'NONE',  ( 0.0000000000000000000, -1.034036596358999946E-18, 1.000000000000000000 ) ) ;
#2153 = SURFACE_SIDE_STYLE ('',( #1848 ) ) ;
#2154 = LINE ( 'NONE', #3495, #2460 ) ;
#2155 = CARTESIAN_POINT ( 'NONE',  ( -0.5500000000000000444, -0.3499999999999999778, 0.08000000000000002942 ) ) ;
#2156 = SHAPE_REPRESENTATION_RELATIONSHIP ( 'NONE' , 'NONE' ,  #1819, #1657 ) ;
#2157 = ORIENTED_EDGE ( 'NONE', *, *, #3489, .T. ) ;
#2158 = SURFACE_STYLE_USAGE ( .BOTH. , #1196 ) ;
#2159 = DIRECTION ( 'NONE',  ( 0.0000000000000000000, 1.000000000000000000, 1.224646799146999699E-16 ) ) ;
#2160 = DIRECTION ( 'NONE',  ( 0.0000000000000000000, 0.0000000000000000000, -1.000000000000000000 ) ) ;
#2161 = CARTESIAN_POINT ( 'NONE',  ( -0.5000000000000000000, -0.1563508326898145895, 2.143131898505168298E-17 ) ) ;
#2162 =( GEOMETRIC_REPRESENTATION_CONTEXT ( 3 ) GLOBAL_UNCERTAINTY_ASSIGNED_CONTEXT ( ( #2225 ) ) GLOBAL_UNIT_ASSIGNED_CONTEXT ( ( #3124, #3769, #117 ) ) REPRESENTATION_CONTEXT ( 'NONE', 'WORKASPACE' ) );
#2163 = FACE_OUTER_BOUND ( 'NONE', #4163, .T. ) ;
#2164 = ORIENTED_EDGE ( 'NONE', *, *, #1466, .F. ) ;
#2165 = EDGE_LOOP ( 'NONE', ( #2636, #2566, #36, #2860 ) ) ;
#2166 = CARTESIAN_POINT ( 'NONE',  ( 0.2975000000000000422, 0.2974999999999999867, 0.1250000000000000000 ) ) ;
#2167 = EDGE_CURVE ( 'NONE', #2759, #3435, #1643, .T. ) ;
#2168 = PRESENTATION_LAYER_ASSIGNMENT (  '', '', ( #871 ) ) ;
#2169 =( NAMED_UNIT ( * ) SI_UNIT ( $, .STERADIAN. ) SOLID_ANGLE_UNIT ( ) );
#2170 = EDGE_LOOP ( 'NONE', ( #4009, #2432, #3034, #939 ) ) ;
#2171 = EDGE_CURVE ( 'NONE', #1686, #1681, #4269, .T. ) ;
#2172 = CARTESIAN_POINT ( 'NONE',  ( -0.05000000000000000278, -0.1499999999999999944, -0.01000000000000000021 ) ) ;
#2173 =( LENGTH_UNIT ( ) NAMED_UNIT ( * ) SI_UNIT ( .MILLI., .METRE. ) );
#2174 = ORIENTED_EDGE ( 'NONE', *, *, #2237, .T. ) ;
#2175 = SURFACE_SIDE_STYLE ('',( #1567 ) ) ;
#2176 = CARTESIAN_POINT ( 'NONE',  ( 0.1000000000000000056, -0.2999999999999999889, 0.0000000000000000000 ) ) ;
#2177 = PRODUCT_CONTEXT ( 'NONE', #1673, 'mechanical' ) ;
#2178 = MECHANICAL_DESIGN_GEOMETRIC_PRESENTATION_REPRESENTATION (  '', ( #2584 ), #525 ) ;
#2179 = CARTESIAN_POINT ( 'NONE',  ( 0.3713942890049999890, 0.2600000000000000089, 0.02000000000000000042 ) ) ;
#2180 = CARTESIAN_POINT ( 'NONE',  ( 0.1000000000000000056, -0.2999999999999999889, -0.01000000000000000021 ) ) ;
#2181 =( GEOMETRIC_REPRESENTATION_CONTEXT ( 3 ) GLOBAL_UNCERTAINTY_ASSIGNED_CONTEXT ( ( #2013 ) ) GLOBAL_UNIT_ASSIGNED_CONTEXT ( ( #1328, #3633, #3996 ) ) REPRESENTATION_CONTEXT ( 'NONE', 'WORKASPACE' ) );
#2182 = DIRECTION ( 'NONE',  ( -1.000000000000000000, 0.0000000000000000000, -0.0000000000000000000 ) ) ;
#2183 = DIRECTION ( 'NONE',  ( 0.0000000000000000000, 0.0000000000000000000, 1.000000000000000000 ) ) ;
#2184 = ORIENTED_EDGE ( 'NONE', *, *, #1977, .T. ) ;
#2185 = FILL_AREA_STYLE ('',( #3852 ) ) ;
#2186 = LINE ( 'NONE', #2878, #191 ) ;
#2187 = EDGE_CURVE ( 'NONE', #520, #1341, #4296, .T. ) ;
#2188 = ORIENTED_EDGE ( 'NONE', *, *, #1973, .T. ) ;
#2189 = UNCERTAINTY_MEASURE_WITH_UNIT (LENGTH_MEASURE( 1.000000000000000082E-05 ), #3442, 'distance_accuracy_value', 'NONE');
#2190 = DIRECTION ( 'NONE',  ( -1.000000000000000000, 0.0000000000000000000, -0.0000000000000000000 ) ) ;
#2191 = STYLED_ITEM ( 'NONE', ( #3483 ), #1515 ) ;
#2192 = AXIS2_PLACEMENT_3D ( 'NONE', #1604, #1935, #2879 ) ;
#2193 = CARTESIAN_POINT ( 'NONE',  ( -0.5000000000000000000, 0.2999999999999999889, 0.0000000000000000000 ) ) ;
#2194 =( REPRESENTATION_RELATIONSHIP ('NONE','NONE', #3758, #2556 ) REPRESENTATION_RELATIONSHIP_WITH_TRANSFORMATION ( #978 )SHAPE_REPRESENTATION_RELATIONSHIP( ) );
#2195 = VERTEX_POINT ( 'NONE', #1020 ) ;
#2196 = CARTESIAN_POINT ( 'NONE',  ( 0.1999999999999999833, 0.2999999999999999889, 0.0000000000000000000 ) ) ;
#2197 = VECTOR ( 'NONE', #1000, 1000.000000000000000 ) ;
#2198 = VECTOR ( 'NONE', #4245, 1000.000000000000000 ) ;
#2199 = AXIS2_PLACEMENT_3D ( 'NONE', #3434, #2096, #1429 ) ;
#2200 =( GEOMETRIC_REPRESENTATION_CONTEXT ( 3 ) GLOBAL_UNCERTAINTY_ASSIGNED_CONTEXT ( ( #3370 ) ) GLOBAL_UNIT_ASSIGNED_CONTEXT ( ( #3710, #775, #2120 ) ) REPRESENTATION_CONTEXT ( 'NONE', 'WORKASPACE' ) );
#2201 = EDGE_CURVE ( 'NONE', #2075, #2547, #3268, .T. ) ;
#2202 = DIRECTION ( 'NONE',  ( 1.000000000000000000, 0.0000000000000000000, 0.0000000000000000000 ) ) ;
#2203 = CIRCLE ( 'NONE', #4005, 0.2000000000000000389 ) ;
#2204 = SURFACE_STYLE_USAGE ( .BOTH. , #538 ) ;
#2205 = LINE ( 'NONE', #3549, #3093 ) ;
#2206 = STYLED_ITEM ( 'NONE', ( #2975 ), #282 ) ;
#2207 = DIRECTION ( 'NONE',  ( -1.000000000000000000, 0.0000000000000000000, 0.0000000000000000000 ) ) ;
#2208 =( NAMED_UNIT ( * ) PLANE_ANGLE_UNIT ( ) SI_UNIT ( $, .RADIAN. ) );
#2209 = EDGE_LOOP ( 'NONE', ( #2184, #665, #2804, #2254 ) ) ;
#2210 = DIRECTION ( 'NONE',  ( -1.000000000000000000, -9.274621392321998436E-15, 1.135813540141000073E-30 ) ) ;
#2211 = AXIS2_PLACEMENT_3D ( 'NONE', #3357, #367, #41 ) ;
#2212 = ORIENTED_EDGE ( 'NONE', *, *, #1142, .F. ) ;
#2213 =( LENGTH_UNIT ( ) NAMED_UNIT ( * ) SI_UNIT ( .MILLI., .METRE. ) );
#2214 = STYLED_ITEM ( 'NONE', ( #2833 ), #2316 ) ;
#2215 = FILL_AREA_STYLE ('',( #4188 ) ) ;
#2216 = CARTESIAN_POINT ( 'NONE',  ( -0.4085786437630000156, -0.2999999999999999889, 0.0000000000000000000 ) ) ;
#2217 = VECTOR ( 'NONE', #3971, 1000.000000000000000 ) ;
#2218 = SURFACE_STYLE_USAGE ( .BOTH. , #3329 ) ;
#2219 = ORIENTED_EDGE ( 'NONE', *, *, #837, .T. ) ;
#2220 = EDGE_CURVE ( 'NONE', #2097, #1875, #3026, .T. ) ;
#2221 = PRESENTATION_STYLE_ASSIGNMENT (( #244 ) ) ;
#2222 = SHAPE_DEFINITION_REPRESENTATION ( #2959, #1819 ) ;
#2223 = ADVANCED_FACE ( 'NONE', ( #1062 ), #1390, .T. ) ;
#2224 = PRESENTATION_STYLE_ASSIGNMENT (( #3230 ) ) ;
#2225 = UNCERTAINTY_MEASURE_WITH_UNIT (LENGTH_MEASURE( 1.000000000000000082E-05 ), #3124, 'distance_accuracy_value', 'NONE');
#2226 = DIRECTION ( 'NONE',  ( 1.000000000000000000, 0.0000000000000000000, 0.0000000000000000000 ) ) ;
#2227 = LINE ( 'NONE', #2239, #3672 ) ;
#2228 = ORIENTED_EDGE ( 'NONE', *, *, #1088, .F. ) ;
#2229 = CARTESIAN_POINT ( 'NONE',  ( 0.4085786437628452505, 0.2999999999999999889, 0.08000000000000000167 ) ) ;
#2230 = COLOUR_RGB ( '',0.7921568627450980005, 0.8196078431372548767, 0.9333333333333333481 ) ;
#2231 = ORIENTED_EDGE ( 'NONE', *, *, #264, .T. ) ;
#2232 = CARTESIAN_POINT ( 'NONE',  ( -0.4949999999999999956, -0.1891429205790000068, 0.02000000000000000042 ) ) ;
#2233 = ORIENTED_EDGE ( 'NONE', *, *, #2611, .F. ) ;
#2234 =( LENGTH_UNIT ( ) NAMED_UNIT ( * ) SI_UNIT ( .MILLI., .METRE. ) );
#2235 = LINE ( 'NONE', #3743, #1161 ) ;
#2236 = ITEM_DEFINED_TRANSFORMATION ( 'NONE', 'NONE', #225,  #3761 ) ;
#2237 = EDGE_CURVE ( 'NONE', #1341, #1028, #1454, .T. ) ;
#2238 = FILL_AREA_STYLE ('',( #897 ) ) ;
#2239 = CARTESIAN_POINT ( 'NONE',  ( -0.1000000000000000056, 0.1499999999999999944, 0.0000000000000000000 ) ) ;
#2240 = CARTESIAN_POINT ( 'NONE',  ( -0.4999999999999102385, 0.1563508326896523304, -1.914745467975008224E-17 ) ) ;
#2241 = EDGE_CURVE ( 'NONE', #699, #3004, #3796, .T. ) ;
#2242 = ORIENTED_EDGE ( 'NONE', *, *, #2342, .F. ) ;
#2243 = AXIS2_PLACEMENT_3D ( 'NONE', #3824, #3211, #1573 ) ;
#2244 = SURFACE_SIDE_STYLE ('',( #648 ) ) ;
#2245 = LINE ( 'NONE', #4, #1725 ) ;
#2246 = CARTESIAN_POINT ( 'NONE',  ( -0.4949999999998609956, -0.1891429205785933876, 0.02000000000000000042 ) ) ;
#2247 = DIRECTION ( 'NONE',  ( 0.0000000000000000000, 0.0000000000000000000, 1.000000000000000000 ) ) ;
#2248 = MECHANICAL_DESIGN_GEOMETRIC_PRESENTATION_REPRESENTATION (  '', ( #4132 ), #3708 ) ;
#2249 = EDGE_LOOP ( 'NONE', ( #83, #3660, #3303, #163, #291, #2712, #1475, #2164 ) ) ;
#2250 = FILL_AREA_STYLE_COLOUR ( '', #407 ) ;
#2251 =( BOUNDED_CURVE ( )  B_SPLINE_CURVE ( 3, ( #262, #2905, #2920, #3608 ),
 .UNSPECIFIED., .F., .T. ) 
 B_SPLINE_CURVE_WITH_KNOTS ( ( 4, 4 ),
 ( 4.712388980384689674, 6.283185307179586232 ),
 .UNSPECIFIED. ) 
 CURVE ( )  GEOMETRIC_REPRESENTATION_ITEM ( )  RATIONAL_B_SPLINE_CURVE ( ( 1.000000000000000000, 0.8047378541243649375, 0.8047378541243649375, 1.000000000000000000 ) ) 
 REPRESENTATION_ITEM ( '' )  );
#2252 =( NAMED_UNIT ( * ) SI_UNIT ( $, .STERADIAN. ) SOLID_ANGLE_UNIT ( ) );
#2253 =( LENGTH_UNIT ( ) NAMED_UNIT ( * ) SI_UNIT ( .MILLI., .METRE. ) );
#2254 = ORIENTED_EDGE ( 'NONE', *, *, #2578, .T. ) ;
#2255 = AXIS2_PLACEMENT_3D ( 'NONE', #3783, #3444, #3589 ) ;
#2256 =( NAMED_UNIT ( * ) SI_UNIT ( $, .STERADIAN. ) SOLID_ANGLE_UNIT ( ) );
#2257 = PRESENTATION_LAYER_ASSIGNMENT (  '', '', ( #3529 ) ) ;
#2258 =( GEOMETRIC_REPRESENTATION_CONTEXT ( 3 ) GLOBAL_UNCERTAINTY_ASSIGNED_CONTEXT ( ( #507 ) ) GLOBAL_UNIT_ASSIGNED_CONTEXT ( ( #561, #534, #1530 ) ) REPRESENTATION_CONTEXT ( 'NONE', 'WORKASPACE' ) );
#2259 = CARTESIAN_POINT ( 'NONE',  ( -0.05000000000000000278, 0.2999999999999999889, 0.0000000000000000000 ) ) ;
#2260 = CIRCLE ( 'NONE', #1169, 0.1499999999999999667 ) ;
#2261 = DIRECTION ( 'NONE',  ( 0.0000000000000000000, -1.000000000000000000, -0.0000000000000000000 ) ) ;
#2262 = PRESENTATION_LAYER_ASSIGNMENT (  '', '', ( #3598 ) ) ;
#2263 = EDGE_CURVE ( 'NONE', #3065, #402, #77, .T. ) ;
#2264 = SURFACE_SIDE_STYLE ('',( #3930 ) ) ;
#2265 = FILL_AREA_STYLE ('',( #2580 ) ) ;
#2266 =( GEOMETRIC_REPRESENTATION_CONTEXT ( 3 ) GLOBAL_UNCERTAINTY_ASSIGNED_CONTEXT ( ( #1499 ) ) GLOBAL_UNIT_ASSIGNED_CONTEXT ( ( #3597, #3287, #680 ) ) REPRESENTATION_CONTEXT ( 'NONE', 'WORKASPACE' ) );
#2267 = PRESENTATION_LAYER_ASSIGNMENT (  '', '', ( #3025 ) ) ;
#2268 =( LENGTH_UNIT ( ) NAMED_UNIT ( * ) SI_UNIT ( .MILLI., .METRE. ) );
#2269 = ORIENTED_EDGE ( 'NONE', *, *, #153, .T. ) ;
#2270 =( LENGTH_UNIT ( ) NAMED_UNIT ( * ) SI_UNIT ( .MILLI., .METRE. ) );
#2271 = EDGE_CURVE ( 'NONE', #3361, #3959, #3455, .T. ) ;
#2272 = UNCERTAINTY_MEASURE_WITH_UNIT (LENGTH_MEASURE( 1.000000000000000082E-05 ), #698, 'distance_accuracy_value', 'NONE');
#2273 = CARTESIAN_POINT ( 'NONE',  ( -0.05000000000000000278, 0.1499999999999999944, 0.0000000000000000000 ) ) ;
#2274 = DIRECTION ( 'NONE',  ( -0.0000000000000000000, -0.0000000000000000000, -1.000000000000000000 ) ) ;
#2275 = COLOUR_RGB ( '',0.7803921568627451011, 0.5686274509803921351, 0.1137254901960784298 ) ;
#2276 = STYLED_ITEM ( 'NONE', ( #1389 ), #419 ) ;
#2277 = DIRECTION ( 'NONE',  ( 0.0000000000000000000, 0.0000000000000000000, 1.000000000000000000 ) ) ;
#2278 = MECHANICAL_DESIGN_GEOMETRIC_PRESENTATION_REPRESENTATION (  '', ( #3953 ), #2618 ) ;
#2279 =( NAMED_UNIT ( * ) SI_UNIT ( $, .STERADIAN. ) SOLID_ANGLE_UNIT ( ) );
#2280 = MECHANICAL_DESIGN_GEOMETRIC_PRESENTATION_REPRESENTATION (  '', ( #3261 ), #1730 ) ;
#2281 = ORIENTED_EDGE ( 'NONE', *, *, #4267, .F. ) ;
#2282 =( LENGTH_UNIT ( ) NAMED_UNIT ( * ) SI_UNIT ( .MILLI., .METRE. ) );
#2283 = SURFACE_SIDE_STYLE ('',( #3227 ) ) ;
#2284 = CARTESIAN_POINT ( 'NONE',  ( 0.5000000000000000000, -0.2999999999999999889, 0.0000000000000000000 ) ) ;
#2285 = ORIENTED_EDGE ( 'NONE', *, *, #1884, .F. ) ;
#2286 = CYLINDRICAL_SURFACE ( 'NONE', #2824, 0.1499999999999999667 ) ;
#2287 = DIRECTION ( 'NONE',  ( -1.000000000000000000, 0.0000000000000000000, 0.0000000000000000000 ) ) ;
#2288 = ORIENTED_EDGE ( 'NONE', *, *, #1608, .F. ) ;
#2289 = ADVANCED_FACE ( 'NONE', ( #3751 ), #1738, .T. ) ;
#2290 = ORIENTED_EDGE ( 'NONE', *, *, #4264, .F. ) ;
#2291 = PLANE ( 'NONE',  #3192 ) ;
#2292 = PRESENTATION_STYLE_ASSIGNMENT (( #3332 ) ) ;
#2293 = VECTOR ( 'NONE', #567, 1000.000000000000000 ) ;
#2294 = CARTESIAN_POINT ( 'NONE',  ( -0.4949999999999999956, 0.2999999999999999889, 0.02000000000000000042 ) ) ;
#2295 = EDGE_CURVE ( 'NONE', #154, #30, #979, .T. ) ;
#2296 = EDGE_LOOP ( 'NONE', ( #2157, #3110, #2382, #312 ) ) ;
#2297 = DIRECTION ( 'NONE',  ( 0.0000000000000000000, 1.000000000000000000, 0.0000000000000000000 ) ) ;
#2298 =( GEOMETRIC_REPRESENTATION_CONTEXT ( 3 ) GLOBAL_UNCERTAINTY_ASSIGNED_CONTEXT ( ( #3051 ) ) GLOBAL_UNIT_ASSIGNED_CONTEXT ( ( #1861, #854, #2513 ) ) REPRESENTATION_CONTEXT ( 'NONE', 'WORKASPACE' ) );
#2299 = FILL_AREA_STYLE_COLOUR ( '', #4219 ) ;
#2300 = CONTEXT_DEPENDENT_SHAPE_REPRESENTATION ( #3312, #14 ) ;
#2301 = CARTESIAN_POINT ( 'NONE',  ( 0.3875192319072686686, 0.3000000000000394018, 0.02000000000000000042 ) ) ;
#2302 = PRODUCT_DEFINITION_SHAPE ( 'NONE', 'NONE',  #526 ) ;
#2303 = CARTESIAN_POINT ( 'NONE',  ( 0.5500000000000000444, -0.3499999999999999778, 0.02000000000000000042 ) ) ;
#2304 = FILL_AREA_STYLE_COLOUR ( '', #1385 ) ;
#2305 = EDGE_LOOP ( 'NONE', ( #1134, #2219, #2845, #3404, #2923, #4143, #588, #2352 ) ) ;
#2306 =( LENGTH_UNIT ( ) NAMED_UNIT ( * ) SI_UNIT ( .MILLI., .METRE. ) );
#2307 = ORIENTED_EDGE ( 'NONE', *, *, #1714, .T. ) ;
#2308 = AXIS2_PLACEMENT_3D ( 'NONE', #2086, #70, #2449 ) ;
#2309 = DIRECTION ( 'NONE',  ( 0.0000000000000000000, 1.000000000000000000, -1.224646799146999699E-16 ) ) ;
#2310 = ORIENTED_EDGE ( 'NONE', *, *, #1466, .T. ) ;
#2311 = ADVANCED_FACE ( 'NONE', ( #1493 ), #1840, .F. ) ;
#2312 = FILL_AREA_STYLE ('',( #3084 ) ) ;
#2313 = ITEM_DEFINED_TRANSFORMATION ( 'NONE', 'NONE', #1207,  #3761 ) ;
#2314 = FACE_OUTER_BOUND ( 'NONE', #395, .T. ) ;
#2315 = VECTOR ( 'NONE', #2997, 1000.000000000000000 ) ;
#2316 = ADVANCED_FACE ( 'NONE', ( #4197 ), #566, .F. ) ;
#2317 = DIRECTION ( 'NONE',  ( 1.000000000000000000, 0.0000000000000000000, 0.0000000000000000000 ) ) ;
#2318 = DIRECTION ( 'NONE',  ( -0.0000000000000000000, 1.000000000000000000, 1.224646799146999945E-16 ) ) ;
#2319 = AXIS2_PLACEMENT_3D ( 'NONE', #1918, #2972, #2561 ) ;
#2320 = PRESENTATION_STYLE_ASSIGNMENT (( #1275 ) ) ;
#2321 = APPLICATION_CONTEXT ( 'automotive_design' ) ;
#2322 = MECHANICAL_DESIGN_GEOMETRIC_PRESENTATION_REPRESENTATION (  '', ( #42 ), #3456 ) ;
#2323 = ORIENTED_EDGE ( 'NONE', *, *, #1910, .T. ) ;
#2324 = SURFACE_STYLE_FILL_AREA ( #75 ) ;
#2325 = FILL_AREA_STYLE ('',( #2609 ) ) ;
#2326 =( GEOMETRIC_REPRESENTATION_CONTEXT ( 3 ) GLOBAL_UNCERTAINTY_ASSIGNED_CONTEXT ( ( #3200 ) ) GLOBAL_UNIT_ASSIGNED_CONTEXT ( ( #3901, #569, #1619 ) ) REPRESENTATION_CONTEXT ( 'NONE', 'WORKASPACE' ) );
#2327 = CARTESIAN_POINT ( 'NONE',  ( 0.5500000000000000444, -0.3499999999999999778, 0.08000000000000001554 ) ) ;
#2328 = PLANE ( 'NONE',  #3797 ) ;
#2329 = DIRECTION ( 'NONE',  ( 1.000000000000000000, 0.0000000000000000000, -0.0000000000000000000 ) ) ;
#2330 = VECTOR ( 'NONE', #373, 1000.000000000000000 ) ;
#2331 =( NAMED_UNIT ( * ) PLANE_ANGLE_UNIT ( ) SI_UNIT ( $, .RADIAN. ) );
#2332 = STYLED_ITEM ( 'NONE', ( #1913 ), #2697 ) ;
#2333 = PRESENTATION_LAYER_ASSIGNMENT (  '', '', ( #1870 ) ) ;
#2334 = ORIENTED_EDGE ( 'NONE', *, *, #1662, .T. ) ;
#2335 = FILL_AREA_STYLE ('',( #2080 ) ) ;
#2336 = VECTOR ( 'NONE', #1075, 1000.000000000000000 ) ;
#2337 = DIRECTION ( 'NONE',  ( 1.000000000000000000, 0.0000000000000000000, 0.0000000000000000000 ) ) ;
#2338 = SURFACE_SIDE_STYLE ('',( #445 ) ) ;
#2339 = STYLED_ITEM ( 'NONE', ( #2224 ), #584 ) ;
#2340 = ORIENTED_EDGE ( 'NONE', *, *, #231, .F. ) ;
#2341 = PRESENTATION_STYLE_ASSIGNMENT (( #1037 ) ) ;
#2342 = EDGE_CURVE ( 'NONE', #2748, #353, #2555, .T. ) ;
#2343 = VECTOR ( 'NONE', #1591, 1000.000000000000000 ) ;
#2344 = PRESENTATION_STYLE_ASSIGNMENT (( #1039 ) ) ;
#2345 = PRESENTATION_STYLE_ASSIGNMENT (( #1664 ) ) ;
#2346 = ORIENTED_EDGE ( 'NONE', *, *, #3561, .F. ) ;
#2347 = EDGE_CURVE ( 'NONE', #2675, #3531, #878, .T. ) ;
#2348 = CARTESIAN_POINT ( 'NONE',  ( -0.4749999999999319766, 0.1645950378226359589, 0.05999999999999998390 ) ) ;
#2349 = CARTESIAN_POINT ( 'NONE',  ( -0.3275140453870000190, -0.2999999999999999889, 0.06000000000000000472 ) ) ;
#2350 = DIRECTION ( 'NONE',  ( 1.000000000000000000, 0.0000000000000000000, -0.0000000000000000000 ) ) ;
#2351 = LINE ( 'NONE', #2999, #3595 ) ;
#2352 = ORIENTED_EDGE ( 'NONE', *, *, #4182, .T. ) ;
#2353 = LINE ( 'NONE', #3692, #2714 ) ;
#2354 = UNCERTAINTY_MEASURE_WITH_UNIT (LENGTH_MEASURE( 1.000000000000000082E-05 ), #1979, 'distance_accuracy_value', 'NONE');
#2355 = DIRECTION ( 'NONE',  ( -0.0000000000000000000, 1.224646799146999945E-16, 1.000000000000000000 ) ) ;
#2356 = ORIENTED_EDGE ( 'NONE', *, *, #3039, .F. ) ;
#2357 = FILL_AREA_STYLE_COLOUR ( '', #318 ) ;
#2358 = CARTESIAN_POINT ( 'NONE',  ( 0.4949999999999222799, 0.1577111547697281069, -1.931404608786746271E-17 ) ) ;
#2359 = FILL_AREA_STYLE ('',( #4025 ) ) ;
#2360 = EDGE_LOOP ( 'NONE', ( #3907, #2627, #851, #4244 ) ) ;
#2361 =( LENGTH_UNIT ( ) NAMED_UNIT ( * ) SI_UNIT ( .MILLI., .METRE. ) );
#2362 = CARTESIAN_POINT ( 'NONE',  ( 0.4749999999999999778, -0.1645950378230000011, 2.015707862250000449E-17 ) ) ;
#2363 = CARTESIAN_POINT ( 'NONE',  ( -0.05000000000000000278, 0.2999999999999999889, 0.0000000000000000000 ) ) ;
#2364 = EDGE_CURVE ( 'NONE', #1821, #3888, #2227, .T. ) ;
#2365 = VERTEX_POINT ( 'NONE', #2161 ) ;
#2366 = CARTESIAN_POINT ( 'NONE',  ( 0.5500000000000000444, -0.3499999999999999778, 0.05999999999999999778 ) ) ;
#2367 = PRESENTATION_STYLE_ASSIGNMENT (( #3127 ) ) ;
#2368 = PRODUCT_DEFINITION_SHAPE ( 'NONE', 'NONE',  #4301 ) ;
#2369 = CARTESIAN_POINT ( 'NONE',  ( -0.4999999999999027445, -0.2085786437627248913, 0.0000000000000000000 ) ) ;
#2370 = ORIENTED_EDGE ( 'NONE', *, *, #1146, .F. ) ;
#2371 = DIRECTION ( 'NONE',  ( -0.0000000000000000000, -0.0000000000000000000, -1.000000000000000000 ) ) ;
#2372 = SURFACE_STYLE_USAGE ( .BOTH. , #1066 ) ;
#2373 = DIRECTION ( 'NONE',  ( -0.0000000000000000000, 1.224646799146999945E-16, 1.000000000000000000 ) ) ;
#2374 = EDGE_LOOP ( 'NONE', ( #3759, #4118, #964, #3683, #660, #1369, #3994, #3506 ) ) ;
#2375 = SURFACE_STYLE_FILL_AREA ( #3760 ) ;
#2376 = MECHANICAL_DESIGN_GEOMETRIC_PRESENTATION_REPRESENTATION (  '', ( #3441 ), #4053 ) ;
#2377 = CARTESIAN_POINT ( 'NONE',  ( -0.5500000000000000444, 0.3499999999999999778, 0.02000000000000000736 ) ) ;
#2378 = SURFACE_STYLE_USAGE ( .BOTH. , #1418 ) ;
#2379 = MECHANICAL_DESIGN_GEOMETRIC_PRESENTATION_REPRESENTATION (  '', ( #1559 ), #2181 ) ;
#2380 = DIRECTION ( 'NONE',  ( -1.000000000000000000, 0.0000000000000000000, 0.0000000000000000000 ) ) ;
#2381 = FILL_AREA_STYLE ('',( #3338 ) ) ;
#2382 = ORIENTED_EDGE ( 'NONE', *, *, #4177, .F. ) ;
#2383 = LINE ( 'NONE', #2760, #845 ) ;
#2384 = LINE ( 'NONE', #2023, #1095 ) ;
#2385 = DIRECTION ( 'NONE',  ( 0.0000000000000000000, -1.000000000000000000, 0.0000000000000000000 ) ) ;
#2386 = ORIENTED_EDGE ( 'NONE', *, *, #1509, .F. ) ;
#2387 = FACE_OUTER_BOUND ( 'NONE', #4217, .T. ) ;
#2388 = PRODUCT_DEFINITION_CONTEXT ( 'detailed design', #3846, 'design' ) ;
#2389 = MECHANICAL_DESIGN_GEOMETRIC_PRESENTATION_REPRESENTATION (  '', ( #3592 ), #2882 ) ;
#2390 =( NAMED_UNIT ( * ) PLANE_ANGLE_UNIT ( ) SI_UNIT ( $, .RADIAN. ) );
#2391 = FILL_AREA_STYLE_COLOUR ( '', #2692 ) ;
#2392 = FILL_AREA_STYLE ('',( #1150 ) ) ;
#2393 = ORIENTED_EDGE ( 'NONE', *, *, #2187, .T. ) ;
#2394 = AXIS2_PLACEMENT_3D ( 'NONE', #757, #349, #801 ) ;
#2395 = CARTESIAN_POINT ( 'NONE',  ( 0.4949999999999999956, 0.1891429205787729384, 0.05999999999999999778 ) ) ;
#2396 = EDGE_CURVE ( 'NONE', #2874, #166, #1806, .T. ) ;
#2397 = CIRCLE ( 'NONE', #541, 0.1700000000000000122 ) ;
#2398 = UNCERTAINTY_MEASURE_WITH_UNIT (LENGTH_MEASURE( 1.000000000000000082E-05 ), #2679, 'distance_accuracy_value', 'NONE');
#2399 = CARTESIAN_POINT ( 'NONE',  ( -0.4949999999999304956, 0.1891429205785696566, 0.05999999999999999778 ) ) ;
#2400 = PRESENTATION_LAYER_ASSIGNMENT (  '', '', ( #1244 ) ) ;
#2401 = ORIENTED_EDGE ( 'NONE', *, *, #1272, .T. ) ;
#2402 = CARTESIAN_POINT ( 'NONE',  ( -0.3875192319072565672, -0.3000000000000789813, 0.02000000000000000042 ) ) ;
#2403 = EDGE_CURVE ( 'NONE', #252, #2655, #501, .T. ) ;
#2404 = SURFACE_SIDE_STYLE ('',( #1094 ) ) ;
#2405 = DIRECTION ( 'NONE',  ( -1.000000000000000000, 0.0000000000000000000, -0.0000000000000000000 ) ) ;
#2406 =( NAMED_UNIT ( * ) PLANE_ANGLE_UNIT ( ) SI_UNIT ( $, .RADIAN. ) );
#2407 = ORIENTED_EDGE ( 'NONE', *, *, #1563, .T. ) ;
#2408 = AXIS2_PLACEMENT_3D ( 'NONE', #2651, #3921, #1640 ) ;
#2409 = DIRECTION ( 'NONE',  ( 0.0000000000000000000, 0.0000000000000000000, -1.000000000000000000 ) ) ;
#2410 = PRESENTATION_LAYER_ASSIGNMENT (  '', '', ( #335 ) ) ;
#2411 = CIRCLE ( 'NONE', #2832, 0.1700000000000000122 ) ;
#2412 = DIRECTION ( 'NONE',  ( 0.0000000000000000000, -0.0000000000000000000, -1.000000000000000000 ) ) ;
#2413 = ORIENTED_EDGE ( 'NONE', *, *, #4029, .F. ) ;
#2414 = CARTESIAN_POINT ( 'NONE',  ( -0.05000000000000000971, -0.2999999999999999889, -0.01000000000000000021 ) ) ;
#2415 = DIRECTION ( 'NONE',  ( -1.000000000000000000, -9.566489757225037615E-16, 0.0000000000000000000 ) ) ;
#2416 = FILL_AREA_STYLE ('',( #4034 ) ) ;
#2417 = AXIS2_PLACEMENT_3D ( 'NONE', #2588, #961, #2978 ) ;
#2418 = DIRECTION ( 'NONE',  ( -0.0000000000000000000, 1.224646799146999945E-16, 1.000000000000000000 ) ) ;
#2419 = ORIENTED_EDGE ( 'NONE', *, *, #4243, .F. ) ;
#2420 = ORIENTED_EDGE ( 'NONE', *, *, #691, .T. ) ;
#2421 = SURFACE_SIDE_STYLE ('',( #1761 ) ) ;
#2422 = LINE ( 'NONE', #3756, #758 ) ;
#2423 = FACE_OUTER_BOUND ( 'NONE', #1001, .T. ) ;
#2424 = ADVANCED_FACE ( 'NONE', ( #664 ), #350, .T. ) ;
#2425 = ORIENTED_EDGE ( 'NONE', *, *, #216, .F. ) ;
#2426 = ADVANCED_FACE ( 'NONE', ( #1925 ), #3297, .T. ) ;
#2427 = CARTESIAN_POINT ( 'NONE',  ( -0.4085786437627249024, 0.2999999999999027889, 0.0000000000000000000 ) ) ;
#2428 = ORIENTED_EDGE ( 'NONE', *, *, #4260, .F. ) ;
#2429 = FILL_AREA_STYLE ('',( #755 ) ) ;
#2430 = DIRECTION ( 'NONE',  ( -0.0000000000000000000, -0.0000000000000000000, 1.000000000000000000 ) ) ;
#2431 =( LENGTH_UNIT ( ) NAMED_UNIT ( * ) SI_UNIT ( .MILLI., .METRE. ) );
#2432 = ORIENTED_EDGE ( 'NONE', *, *, #1064, .F. ) ;
#2433 =( NAMED_UNIT ( * ) PLANE_ANGLE_UNIT ( ) SI_UNIT ( $, .RADIAN. ) );
#2434 =( LENGTH_UNIT ( ) NAMED_UNIT ( * ) SI_UNIT ( .MILLI., .METRE. ) );
#2435 = UNCERTAINTY_MEASURE_WITH_UNIT (LENGTH_MEASURE( 1.000000000000000082E-05 ), #645, 'distance_accuracy_value', 'NONE');
#2436 = CARTESIAN_POINT ( 'NONE',  ( 0.2000000000000000111, 0.2600000000000000089, 0.02000000000000000042 ) ) ;
#2437 = SURFACE_STYLE_USAGE ( .BOTH. , #4051 ) ;
#2438 = SURFACE_STYLE_USAGE ( .BOTH. , #434 ) ;
#2439 = ORIENTED_EDGE ( 'NONE', *, *, #182, .T. ) ;
#2440 = EDGE_LOOP ( 'NONE', ( #2994, #3524, #2728, #79 ) ) ;
#2441 = DIRECTION ( 'NONE',  ( 0.0000000000000000000, 0.0000000000000000000, 1.000000000000000000 ) ) ;
#2442 = CARTESIAN_POINT ( 'NONE',  ( -0.2999999999999999889, -0.2999999999999999889, 0.1337867965644035650 ) ) ;
#2443 = ORIENTED_EDGE ( 'NONE', *, *, #2364, .F. ) ;
#2444 = LINE ( 'NONE', #3134, #3662 ) ;
#2445 = PRODUCT_RELATED_PRODUCT_CATEGORY ( 'part', '', ( #765 ) ) ;
#2446 = UNCERTAINTY_MEASURE_WITH_UNIT (LENGTH_MEASURE( 1.000000000000000082E-05 ), #2270, 'distance_accuracy_value', 'NONE');
#2447 = FACE_OUTER_BOUND ( 'NONE', #2249, .T. ) ;
#2448 = ORIENTED_EDGE ( 'NONE', *, *, #3998, .F. ) ;
#2449 = DIRECTION ( 'NONE',  ( -1.000000000000000000, -9.566489757225037615E-16, 0.0000000000000000000 ) ) ;
#2450 = ADVANCED_FACE ( 'NONE', ( #2993 ), #1292, .F. ) ;
#2451 = FILL_AREA_STYLE ('',( #3791 ) ) ;
#2452 = ADVANCED_FACE ( 'NONE', ( #4075 ), #3015, .F. ) ;
#2453 = SURFACE_STYLE_USAGE ( .BOTH. , #1149 ) ;
#2454 = CARTESIAN_POINT ( 'NONE',  ( 0.2999999999999999889, -0.2849999999999999756, 0.1400000000000000133 ) ) ;
#2455 = ORIENTED_EDGE ( 'NONE', *, *, #4089, .T. ) ;
#2456 = EDGE_LOOP ( 'NONE', ( #1362, #3515, #3556, #3172 ) ) ;
#2457 = VECTOR ( 'NONE', #3402, 1000.000000000000000 ) ;
#2458 = CARTESIAN_POINT ( 'NONE',  ( -0.4949999999999999956, -0.1891429205787729384, 0.05999999999999999778 ) ) ;
#2459 = CARTESIAN_POINT ( 'NONE',  ( 0.3563508326898146561, -0.2999999999999999889, -1.836970198720899710E-17 ) ) ;
#2460 = VECTOR ( 'NONE', #1191, 1000.000000000000000 ) ;
#2461 = PRESENTATION_LAYER_ASSIGNMENT (  '', '', ( #2191 ) ) ;
#2462 = VECTOR ( 'NONE', #1547, 1000.000000000000000 ) ;
#2463 = ORIENTED_EDGE ( 'NONE', *, *, #1256, .T. ) ;
#2464 = STYLED_ITEM ( 'NONE', ( #887 ), #800 ) ;
#2465 = FILL_AREA_STYLE ('',( #1894 ) ) ;
#2466 = LINE ( 'NONE', #2708, #1588 ) ;
#2467 = MECHANICAL_DESIGN_GEOMETRIC_PRESENTATION_REPRESENTATION (  '', ( #4079 ), #322 ) ;
#2468 = PRESENTATION_LAYER_ASSIGNMENT (  '', '', ( #1789 ) ) ;
#2469 = SURFACE_SIDE_STYLE ('',( #3574 ) ) ;
#2470 = CLOSED_SHELL ( 'NONE', ( #3107, #2088, #2111, #2316, #1756, #3067, #3295, #1931, #4201, #3790 ) ) ;
#2471 = AXIS2_PLACEMENT_3D ( 'NONE', #3507, #2441, #2805 ) ;
#2472 = ORIENTED_EDGE ( 'NONE', *, *, #559, .T. ) ;
#2473 = CARTESIAN_POINT ( 'NONE',  ( 0.4749999999999999778, -0.1645950378230000011, 0.02000000000000000042 ) ) ;
#2474 = AXIS2_PLACEMENT_3D ( 'NONE', #412, #1741, #1414 ) ;
#2475 = COLOUR_RGB ( '',0.7803921568627451011, 0.5686274509803921351, 0.1137254901960784298 ) ;
#2476 = EDGE_CURVE ( 'NONE', #508, #3766, #2089, .T. ) ;
#2477 = ORIENTED_EDGE ( 'NONE', *, *, #884, .T. ) ;
#2478 = CIRCLE ( 'NONE', #3955, 0.005000000000000013115 ) ;
#2479 = DIRECTION ( 'NONE',  ( 0.0000000000000000000, 1.000000000000000000, 1.224646799146999945E-16 ) ) ;
#2480 = CARTESIAN_POINT ( 'NONE',  ( 0.4949999999999999956, -0.2999999999999999889, 0.05999999999999999778 ) ) ;
#2481 = PRESENTATION_LAYER_ASSIGNMENT (  '', '', ( #3820 ) ) ;
#2482 = EDGE_CURVE ( 'NONE', #2968, #2934, #3083, .T. ) ;
#2483 = ORIENTED_EDGE ( 'NONE', *, *, #776, .F. ) ;
#2484 = VERTEX_POINT ( 'NONE', #451 ) ;
#2485 = CARTESIAN_POINT ( 'NONE',  ( 0.2937867965644035406, 0.2937867965644035406, 0.1399999999999999856 ) ) ;
#2486 = COLOUR_RGB ( '',0.8274509803921568096, 0.8274509803921568096, 0.8274509803921568096 ) ;
#2487 = UNCERTAINTY_MEASURE_WITH_UNIT (LENGTH_MEASURE( 1.000000000000000082E-05 ), #10, 'distance_accuracy_value', 'NONE');
#2488 = DIRECTION ( 'NONE',  ( -1.000000000000000000, 0.0000000000000000000, -0.0000000000000000000 ) ) ;
#2489 = VERTEX_POINT ( 'NONE', #1772 ) ;
#2490 = DIRECTION ( 'NONE',  ( 0.0000000000000000000, -0.0000000000000000000, 1.000000000000000000 ) ) ;
#2491 = LINE ( 'NONE', #1853, #1021 ) ;
#2492 = ORIENTED_EDGE ( 'NONE', *, *, #2776, .F. ) ;
#2493 = LINE ( 'NONE', #1165, #1313 ) ;
#2494 = LINE ( 'NONE', #2176, #2123 ) ;
#2495 = CARTESIAN_POINT ( 'NONE',  ( 0.0000000000000000000, 0.0000000000000000000, 0.0000000000000000000 ) ) ;
#2496 = FILL_AREA_STYLE_COLOUR ( '', #4018 ) ;
#2497 = CARTESIAN_POINT ( 'NONE',  ( -0.1000000000000000056, -0.1499999999999999944, 0.0000000000000000000 ) ) ;
#2498 = DIRECTION ( 'NONE',  ( 0.0000000000000000000, 1.000000000000000000, 1.185846126156020228E-16 ) ) ;
#2499 = MECHANICAL_DESIGN_GEOMETRIC_PRESENTATION_REPRESENTATION (  '', ( #1270 ), #2849 ) ;
#2500 = DIRECTION ( 'NONE',  ( 1.000000000000000000, 0.0000000000000000000, 0.0000000000000000000 ) ) ;
#2501 = ORIENTED_EDGE ( 'NONE', *, *, #2976, .T. ) ;
#2502 = ORIENTED_EDGE ( 'NONE', *, *, #3514, .F. ) ;
#2503 = DIRECTION ( 'NONE',  ( 0.0000000000000000000, -1.224646799146999945E-16, -1.000000000000000000 ) ) ;
#2504 = VECTOR ( 'NONE', #3707, 1000.000000000000000 ) ;
#2505 = LINE ( 'NONE', #3572, #267 ) ;
#2506 = EDGE_CURVE ( 'NONE', #1079, #838, #3088, .T. ) ;
#2507 = CARTESIAN_POINT ( 'NONE',  ( -0.1000000000000000056, -0.1499999999999999944, -0.01000000000000000021 ) ) ;
#2508 = ORIENTED_EDGE ( 'NONE', *, *, #3369, .F. ) ;
#2509 = EDGE_CURVE ( 'NONE', #2075, #520, #3699, .T. ) ;
#2510 = DIRECTION ( 'NONE',  ( 0.0000000000000000000, 1.000000000000000000, -1.355252715606880296E-16 ) ) ;
#2511 = VERTEX_POINT ( 'NONE', #3722 ) ;
#2512 = FILL_AREA_STYLE ('',( #3162 ) ) ;
#2513 =( NAMED_UNIT ( * ) SI_UNIT ( $, .STERADIAN. ) SOLID_ANGLE_UNIT ( ) );
#2514 = CARTESIAN_POINT ( 'NONE',  ( 0.3713942890050741519, -0.2600000000000166067, 0.02000000000000000389 ) ) ;
#2515 = CARTESIAN_POINT ( 'NONE',  ( -0.3563508326896523970, 0.2999999999999102274, 3.673940397441400060E-17 ) ) ;
#2516 = MECHANICAL_DESIGN_GEOMETRIC_PRESENTATION_REPRESENTATION (  '', ( #1629 ), #463 ) ;
#2517 = SURFACE_STYLE_USAGE ( .BOTH. , #1905 ) ;
#2518 = VERTEX_POINT ( 'NONE', #1128 ) ;
#2519 = LINE ( 'NONE', #2856, #2605 ) ;
#2520 = AXIS2_PLACEMENT_3D ( 'NONE', #3658, #4265, #3966 ) ;
#2521 = LINE ( 'NONE', #3805, #3326 ) ;
#2522 = PRESENTATION_STYLE_ASSIGNMENT (( #3490 ) ) ;
#2523 = MECHANICAL_DESIGN_GEOMETRIC_PRESENTATION_REPRESENTATION (  '', ( #2880 ), #2806 ) ;
#2524 = ADVANCED_FACE ( 'NONE', ( #400 ), #3047, .T. ) ;
#2525 = VERTEX_POINT ( 'NONE', #3274 ) ;
#2526 = SURFACE_STYLE_USAGE ( .BOTH. , #4187 ) ;
#2527 = CARTESIAN_POINT ( 'NONE',  ( -0.5500000000000000444, 0.3499999999999999778, 0.02000000000000000042 ) ) ;
#2528 =( GEOMETRIC_REPRESENTATION_CONTEXT ( 3 ) GLOBAL_UNCERTAINTY_ASSIGNED_CONTEXT ( ( #1319 ) ) GLOBAL_UNIT_ASSIGNED_CONTEXT ( ( #2092, #2828, #455 ) ) REPRESENTATION_CONTEXT ( 'NONE', 'WORKASPACE' ) );
#2529 = UNCERTAINTY_MEASURE_WITH_UNIT (LENGTH_MEASURE( 1.000000000000000082E-05 ), #2253, 'distance_accuracy_value', 'NONE');
#2530 =( NAMED_UNIT ( * ) SI_UNIT ( $, .STERADIAN. ) SOLID_ANGLE_UNIT ( ) );
#2531 = VECTOR ( 'NONE', #3827, 1000.000000000000000 ) ;
#2532 = MECHANICAL_DESIGN_GEOMETRIC_PRESENTATION_REPRESENTATION (  '', ( #1293 ), #674 ) ;
#2533 = DIRECTION ( 'NONE',  ( 0.0000000000000000000, -0.0000000000000000000, 1.000000000000000000 ) ) ;
#2534 = EDGE_CURVE ( 'NONE', #3625, #885, #1695, .T. ) ;
#2535 = ORIENTED_EDGE ( 'NONE', *, *, #1694, .T. ) ;
#2536 =( NAMED_UNIT ( * ) SI_UNIT ( $, .STERADIAN. ) SOLID_ANGLE_UNIT ( ) );
#2537 = PRESENTATION_LAYER_ASSIGNMENT (  '', '', ( #114 ) ) ;
#2538 = CIRCLE ( 'NONE', #2057, 0.2000000000000000389 ) ;
#2539 = FACE_OUTER_BOUND ( 'NONE', #1560, .T. ) ;
#2540 = VECTOR ( 'NONE', #258, 1000.000000000000000 ) ;
#2541 = APPLICATION_PROTOCOL_DEFINITION ( 'draft international standard', 'automotive_design', 1998, #1237 ) ;
#2542 =( NAMED_UNIT ( * ) PLANE_ANGLE_UNIT ( ) SI_UNIT ( $, .RADIAN. ) );
#2543 = AXIS2_PLACEMENT_3D ( 'NONE', #1388, #2070, #1408 ) ;
#2544 = DIRECTION ( 'NONE',  ( 1.000000000000000000, 0.0000000000000000000, 0.0000000000000000000 ) ) ;
#2545 = SURFACE_STYLE_USAGE ( .BOTH. , #3503 ) ;
#2546 = AXIS2_PLACEMENT_3D ( 'NONE', #4129, #2152, #3132 ) ;
#2547 = VERTEX_POINT ( 'NONE', #2018 ) ;
#2548 = VECTOR ( 'NONE', #2740, 1000.000000000000000 ) ;
#2549 = PRESENTATION_STYLE_ASSIGNMENT (( #3260 ) ) ;
#2550 = SURFACE_SIDE_STYLE ('',( #1554 ) ) ;
#2551 = APPLICATION_CONTEXT ( 'automotive_design' ) ;
#2552 = CARTESIAN_POINT ( 'NONE',  ( -0.3275140453870559187, 0.2600000000001834732, 0.05999999999999999084 ) ) ;
#2553 = CIRCLE ( 'NONE', #1521, 0.2000000000000000111 ) ;
#2554 = CARTESIAN_POINT ( 'NONE',  ( -0.5000000000000000000, 0.2085786437628452394, 0.08000000000000000167 ) ) ;
#2555 = CIRCLE ( 'NONE', #847, 0.2000000000000000389 ) ;
#2556 = SHAPE_REPRESENTATION ( 'Cut005', ( #3761 ), #3694 ) ;
#2557 = CARTESIAN_POINT ( 'NONE',  ( -0.05000000000000000971, -0.2999999999999999889, -1.551054894538499630E-19 ) ) ;
#2558 = ADVANCED_FACE ( 'NONE', ( #2625 ), #1942, .T. ) ;
#2559 = VERTEX_POINT ( 'NONE', #4261 ) ;
#2560 = EDGE_CURVE ( 'NONE', #1779, #3870, #779, .T. ) ;
#2561 = DIRECTION ( 'NONE',  ( 0.0000000000000000000, 1.000000000000000000, -1.129377263005733621E-16 ) ) ;
#2562 = APPLICATION_PROTOCOL_DEFINITION ( 'draft international standard', 'automotive_design', 1998, #1455 ) ;
#2563 = CARTESIAN_POINT ( 'NONE',  ( -0.3152661081139450094, -0.2999999999999999889, 0.08000000000000001554 ) ) ;
#2564 = LINE ( 'NONE', #3318, #3014 ) ;
#2565 = DIRECTION ( 'NONE',  ( 0.0000000000000000000, 0.0000000000000000000, -1.000000000000000000 ) ) ;
#2566 = ORIENTED_EDGE ( 'NONE', *, *, #1859, .T. ) ;
#2567 = DIRECTION ( 'NONE',  ( 0.0000000000000000000, 1.224646799146999945E-16, -1.000000000000000000 ) ) ;
#2568 =( NAMED_UNIT ( * ) SI_UNIT ( $, .STERADIAN. ) SOLID_ANGLE_UNIT ( ) );
#2569 = CARTESIAN_POINT ( 'NONE',  ( -0.5500000000000000444, -0.3499999999999999778, 0.06000000000000001166 ) ) ;
#2570 = SURFACE_STYLE_FILL_AREA ( #2312 ) ;
#2571 = VERTEX_POINT ( 'NONE', #640 ) ;
#2572 = SURFACE_SIDE_STYLE ('',( #1949 ) ) ;
#2573 = PRODUCT_DEFINITION_FORMATION_WITH_SPECIFIED_SOURCE ( 'ANY', '', #765, .NOT_KNOWN. ) ;
#2574 = LINE ( 'NONE', #1226, #1510 ) ;
#2575 = VERTEX_POINT ( 'NONE', #1954 ) ;
#2576 = ADVANCED_FACE ( 'NONE', ( #2592 ), #3288, .T. ) ;
#2577 =( NAMED_UNIT ( * ) PLANE_ANGLE_UNIT ( ) SI_UNIT ( $, .RADIAN. ) );
#2578 = EDGE_CURVE ( 'NONE', #1392, #795, #527, .T. ) ;
#2579 = DIRECTION ( 'NONE',  ( 0.0000000000000000000, 0.0000000000000000000, -1.000000000000000000 ) ) ;
#2580 = FILL_AREA_STYLE_COLOUR ( '', #2113 ) ;
#2581 =( NAMED_UNIT ( * ) SI_UNIT ( $, .STERADIAN. ) SOLID_ANGLE_UNIT ( ) );
#2582 = EDGE_LOOP ( 'NONE', ( #2307, #1125, #4279, #3731 ) ) ;
#2583 = EDGE_CURVE ( 'NONE', #1961, #3173, #796, .T. ) ;
#2584 = STYLED_ITEM ( 'NONE', ( #595 ), #2827 ) ;
#2585 = SURFACE_STYLE_FILL_AREA ( #276 ) ;
#2586 = FILL_AREA_STYLE_COLOUR ( '', #4087 ) ;
#2587 = CARTESIAN_POINT ( 'NONE',  ( 0.1000000000000000194, -0.2999999999999999889, -1.551054894538499630E-19 ) ) ;
#2588 = CARTESIAN_POINT ( 'NONE',  ( 0.4949999999999999956, -0.2999999999999999889, 0.02000000000000000042 ) ) ;
#2589 = LINE ( 'NONE', #3924, #2343 ) ;
#2590 = ORIENTED_EDGE ( 'NONE', *, *, #3482, .T. ) ;
#2591 = PRESENTATION_STYLE_ASSIGNMENT (( #3248 ) ) ;
#2592 = FACE_OUTER_BOUND ( 'NONE', #1446, .T. ) ;
#2593 = COLOUR_RGB ( '',0.7803921568627451011, 0.5686274509803921351, 0.1137254901960784298 ) ;
#2594 = SURFACE_STYLE_USAGE ( .BOTH. , #4284 ) ;
#2595 = CIRCLE ( 'NONE', #749, 0.1700000000000000122 ) ;
#2596 = COLOUR_RGB ( '',0.7803921568627451011, 0.5686274509803921351, 0.1137254901960784298 ) ;
#2597 =( NAMED_UNIT ( * ) SI_UNIT ( $, .STERADIAN. ) SOLID_ANGLE_UNIT ( ) );
#2598 = VECTOR ( 'NONE', #616, 1000.000000000000000 ) ;
#2599 = STYLED_ITEM ( 'NONE', ( #2143 ), #4223 ) ;
#2600 = PRESENTATION_STYLE_ASSIGNMENT (( #3373 ) ) ;
#2601 = CIRCLE ( 'NONE', #4281, 0.2000000000000000389 ) ;
#2602 =( NAMED_UNIT ( * ) SI_UNIT ( $, .STERADIAN. ) SOLID_ANGLE_UNIT ( ) );
#2603 = AXIS2_PLACEMENT_3D ( 'NONE', #2624, #1610, #3614 ) ;
#2604 = EDGE_CURVE ( 'NONE', #3959, #2559, #1182, .T. ) ;
#2605 = VECTOR ( 'NONE', #810, 1000.000000000000000 ) ;
#2606 = ORIENTED_EDGE ( 'NONE', *, *, #984, .F. ) ;
#2607 = COLOUR_RGB ( '',0.0000000000000000000, 1.000000000000000000, 0.0000000000000000000 ) ;
#2608 = UNCERTAINTY_MEASURE_WITH_UNIT (LENGTH_MEASURE( 1.000000000000000082E-05 ), #2173, 'distance_accuracy_value', 'NONE');
#2609 = FILL_AREA_STYLE_COLOUR ( '', #1354 ) ;
#2610 = CARTESIAN_POINT ( 'NONE',  ( 0.5500000000000000444, -0.3499999999999999778, 0.02000000000000000042 ) ) ;
#2611 = EDGE_CURVE ( 'NONE', #2484, #778, #4063, .T. ) ;
#2612 = PRESENTATION_STYLE_ASSIGNMENT (( #2218 ) ) ;
#2613 = PRESENTATION_LAYER_ASSIGNMENT (  '', '', ( #2332 ) ) ;
#2614 = ORIENTED_EDGE ( 'NONE', *, *, #3322, .T. ) ;
#2615 = STYLED_ITEM ( 'NONE', ( #1688 ), #449 ) ;
#2616 = FACE_OUTER_BOUND ( 'NONE', #954, .T. ) ;
#2617 = LINE ( 'NONE', #3611, #1026 ) ;
#2618 =( GEOMETRIC_REPRESENTATION_CONTEXT ( 3 ) GLOBAL_UNCERTAINTY_ASSIGNED_CONTEXT ( ( #2917 ) ) GLOBAL_UNIT_ASSIGNED_CONTEXT ( ( #1267, #4256, #3282 ) ) REPRESENTATION_CONTEXT ( 'NONE', 'WORKASPACE' ) );
#2619 = UNCERTAINTY_MEASURE_WITH_UNIT (LENGTH_MEASURE( 1.000000000000000082E-05 ), #950, 'distance_accuracy_value', 'NONE');
#2620 = CARTESIAN_POINT ( 'NONE',  ( -0.5500000000000000444, 0.3499999999999999778, -4.286263797010733491E-17 ) ) ;
#2621 = VECTOR ( 'NONE', #4190, 1000.000000000000000 ) ;
#2622 = STYLED_ITEM ( 'NONE', ( #3147 ), #2311 ) ;
#2623 = EDGE_LOOP ( 'NONE', ( #1676, #2811, #1431, #2455 ) ) ;
#2624 = CARTESIAN_POINT ( 'NONE',  ( -0.4949999999999999956, -0.2999999999999999889, 0.02000000000000000042 ) ) ;
#2625 = FACE_OUTER_BOUND ( 'NONE', #1900, .T. ) ;
#2626 = CARTESIAN_POINT ( 'NONE',  ( -0.5500000000000000444, -0.3499999999999999778, -4.286263797015499320E-17 ) ) ;
#2627 = ORIENTED_EDGE ( 'NONE', *, *, #2135, .T. ) ;
#2628 = SURFACE_STYLE_USAGE ( .BOTH. , #2264 ) ;
#2629 =( NAMED_UNIT ( * ) PLANE_ANGLE_UNIT ( ) SI_UNIT ( $, .RADIAN. ) );
#2630 = CYLINDRICAL_SURFACE ( 'NONE', #1173, 0.2000000000000000389 ) ;
#2631 = EDGE_CURVE ( 'NONE', #238, #1349, #2066, .T. ) ;
#2632 = CARTESIAN_POINT ( 'NONE',  ( 0.3563508326900000078, 0.2999999999999999889, 0.0000000000000000000 ) ) ;
#2633 =( NAMED_UNIT ( * ) SI_UNIT ( $, .STERADIAN. ) SOLID_ANGLE_UNIT ( ) );
#2634 = DIRECTION ( 'NONE',  ( -0.0000000000000000000, 1.000000000000000000, 0.0000000000000000000 ) ) ;
#2635 = CYLINDRICAL_SURFACE ( 'NONE', #1642, 0.1499999999999999667 ) ;
#2636 = ORIENTED_EDGE ( 'NONE', *, *, #3787, .F. ) ;
#2637 = FILL_AREA_STYLE_COLOUR ( '', #4171 ) ;
#2638 = EDGE_CURVE ( 'NONE', #3856, #948, #4130, .T. ) ;
#2639 =( LENGTH_UNIT ( ) NAMED_UNIT ( * ) SI_UNIT ( .MILLI., .METRE. ) );
#2640 =( GEOMETRIC_REPRESENTATION_CONTEXT ( 3 ) GLOBAL_UNCERTAINTY_ASSIGNED_CONTEXT ( ( #2435 ) ) GLOBAL_UNIT_ASSIGNED_CONTEXT ( ( #645, #689, #1701 ) ) REPRESENTATION_CONTEXT ( 'NONE', 'WORKASPACE' ) );
#2641 = AXIS2_PLACEMENT_3D ( 'NONE', #246, #2847, #2202 ) ;
#2642 = ORIENTED_EDGE ( 'NONE', *, *, #1478, .T. ) ;
#2643 = ADVANCED_FACE ( 'NONE', ( #2081 ), #66, .T. ) ;
#2644 = DIRECTION ( 'NONE',  ( -1.000000000000000000, 0.0000000000000000000, 0.0000000000000000000 ) ) ;
#2645 = SURFACE_STYLE_USAGE ( .BOTH. , #1329 ) ;
#2646 = SURFACE_STYLE_FILL_AREA ( #3635 ) ;
#2647 = PRESENTATION_STYLE_ASSIGNMENT (( #2003 ) ) ;
#2648 =( LENGTH_UNIT ( ) NAMED_UNIT ( * ) SI_UNIT ( .MILLI., .METRE. ) );
#2649 = VERTEX_POINT ( 'NONE', #3468 ) ;
#2650 = SURFACE_STYLE_USAGE ( .BOTH. , #3701 ) ;
#2651 = CARTESIAN_POINT ( 'NONE',  ( 0.5500000000000000444, 0.3499999999999999778, -4.286263797010336595E-17 ) ) ;
#2652 = UNCERTAINTY_MEASURE_WITH_UNIT (LENGTH_MEASURE( 1.000000000000000082E-05 ), #1551, 'distance_accuracy_value', 'NONE');
#2653 = DIRECTION ( 'NONE',  ( -0.0000000000000000000, 1.224646799146999945E-16, -1.000000000000000000 ) ) ;
#2654 = FACE_OUTER_BOUND ( 'NONE', #2623, .T. ) ;
#2655 = VERTEX_POINT ( 'NONE', #3762 ) ;
#2656 = VERTEX_POINT ( 'NONE', #135 ) ;
#2657 = SURFACE_STYLE_FILL_AREA ( #3669 ) ;
#2658 = VECTOR ( 'NONE', #2021, 1000.000000000000000 ) ;
#2659 = UNCERTAINTY_MEASURE_WITH_UNIT (LENGTH_MEASURE( 1.000000000000000082E-05 ), #1542, 'distance_accuracy_value', 'NONE');
#2660 =( LENGTH_UNIT ( ) NAMED_UNIT ( * ) SI_UNIT ( .MILLI., .METRE. ) );
#2661 = EDGE_CURVE ( 'NONE', #3870, #1276, #2774, .T. ) ;
#2662 = VERTEX_POINT ( 'NONE', #491 ) ;
#2663 = CARTESIAN_POINT ( 'NONE',  ( -0.1999999999999999833, 0.2600000000000000089, 0.0000000000000000000 ) ) ;
#2664 = LINE ( 'NONE', #107, #1917 ) ;
#2665 = EDGE_CURVE ( 'NONE', #1970, #2662, #2444, .T. ) ;
#2666 = PRESENTATION_STYLE_ASSIGNMENT (( #19 ) ) ;
#2667 = ORIENTED_EDGE ( 'NONE', *, *, #995, .T. ) ;
#2668 = SURFACE_SIDE_STYLE ('',( #1682 ) ) ;
#2669 = PRESENTATION_LAYER_ASSIGNMENT (  '', '', ( #3089 ) ) ;
#2670 = COLOUR_RGB ( '',0.8274509803921568096, 0.8274509803921568096, 0.8274509803921568096 ) ;
#2671 = CIRCLE ( 'NONE', #3719, 0.2000000000000000111 ) ;
#2672 =( GEOMETRIC_REPRESENTATION_CONTEXT ( 3 ) GLOBAL_UNCERTAINTY_ASSIGNED_CONTEXT ( ( #3757 ) ) GLOBAL_UNIT_ASSIGNED_CONTEXT ( ( #3146, #1516, #1904 ) ) REPRESENTATION_CONTEXT ( 'NONE', 'WORKASPACE' ) );
#2673 = DIRECTION ( 'NONE',  ( 0.0000000000000000000, 0.0000000000000000000, 1.000000000000000000 ) ) ;
#2674 = AXIS2_PLACEMENT_3D ( 'NONE', #8, #3624, #3365 ) ;
#2675 = VERTEX_POINT ( 'NONE', #2790 ) ;
#2676 = DIRECTION ( 'NONE',  ( -1.000000000000000000, 0.0000000000000000000, 0.0000000000000000000 ) ) ;
#2677 =( GEOMETRIC_REPRESENTATION_CONTEXT ( 3 ) GLOBAL_UNCERTAINTY_ASSIGNED_CONTEXT ( ( #12 ) ) GLOBAL_UNIT_ASSIGNED_CONTEXT ( ( #1477, #3438, #3734 ) ) REPRESENTATION_CONTEXT ( 'NONE', 'WORKASPACE' ) );
#2678 = DIRECTION ( 'NONE',  ( 1.000000000000000000, 0.0000000000000000000, -0.0000000000000000000 ) ) ;
#2679 =( LENGTH_UNIT ( ) NAMED_UNIT ( * ) SI_UNIT ( .MILLI., .METRE. ) );
#2680 = DIRECTION ( 'NONE',  ( 0.0000000000000000000, 1.224646799146999945E-16, -1.000000000000000000 ) ) ;
#2681 = ORIENTED_EDGE ( 'NONE', *, *, #3565, .F. ) ;
#2682 = AXIS2_PLACEMENT_3D ( 'NONE', #4220, #1498, #2786 ) ;
#2683 = DIRECTION ( 'NONE',  ( 0.0000000000000000000, 1.000000000000000000, -1.129377263005733621E-16 ) ) ;
#2684 =( LENGTH_UNIT ( ) NAMED_UNIT ( * ) SI_UNIT ( .MILLI., .METRE. ) );
#2685 = STYLED_ITEM ( 'NONE', ( #1766 ), #2643 ) ;
#2686 = VERTEX_POINT ( 'NONE', #1158 ) ;
#2687 = VECTOR ( 'NONE', #2261, 1000.000000000000000 ) ;
#2688 = SURFACE_STYLE_USAGE ( .BOTH. , #39 ) ;
#2689 = VECTOR ( 'NONE', #1379, 1000.000000000000000 ) ;
#2690 = EDGE_CURVE ( 'NONE', #3919, #2874, #2466, .T. ) ;
#2691 = SURFACE_STYLE_USAGE ( .BOTH. , #2037 ) ;
#2692 = COLOUR_RGB ( '',0.7803921568627451011, 0.5686274509803921351, 0.1137254901960784298 ) ;
#2693 = FILL_AREA_STYLE ('',( #4067 ) ) ;
#2694 = ORIENTED_EDGE ( 'NONE', *, *, #1538, .F. ) ;
#2695 = DIRECTION ( 'NONE',  ( 1.135813540141000073E-30, -1.053424055708070232E-44, -1.000000000000000000 ) ) ;
#2696 =( GEOMETRIC_REPRESENTATION_CONTEXT ( 3 ) GLOBAL_UNCERTAINTY_ASSIGNED_CONTEXT ( ( #813 ) ) GLOBAL_UNIT_ASSIGNED_CONTEXT ( ( #1536, #3550, #3898 ) ) REPRESENTATION_CONTEXT ( 'NONE', 'WORKASPACE' ) );
#2697 = ADVANCED_FACE ( 'NONE', ( #176 ), #3881, .T. ) ;
#2698 = CARTESIAN_POINT ( 'NONE',  ( 0.5500000000000000444, -0.3499999999999999778, 4.286263797010733491E-17 ) ) ;
#2699 = ORIENTED_EDGE ( 'NONE', *, *, #638, .T. ) ;
#2700 = FILL_AREA_STYLE_COLOUR ( '', #485 ) ;
#2701 = PRODUCT_DEFINITION_CONTEXT ( 'detailed design', #883, 'design' ) ;
#2702 = LINE ( 'NONE', #56, #3992 ) ;
#2703 = CARTESIAN_POINT ( 'NONE',  ( -0.5500000000000000444, -0.3499999999999999778, 0.02000000000000000042 ) ) ;
#2704 = CARTESIAN_POINT ( 'NONE',  ( -0.05000000000000000278, -0.1500000000000000222, -4.653164683615499853E-19 ) ) ;
#2705 = UNCERTAINTY_MEASURE_WITH_UNIT (LENGTH_MEASURE( 1.000000000000000082E-05 ), #1535, 'distance_accuracy_value', 'NONE');
#2706 = ORIENTED_EDGE ( 'NONE', *, *, #3155, .T. ) ;
#2707 =( NAMED_UNIT ( * ) SI_UNIT ( $, .STERADIAN. ) SOLID_ANGLE_UNIT ( ) );
#2708 = CARTESIAN_POINT ( 'NONE',  ( 0.4999999999999027445, 0.2085786437627249190, 0.0000000000000000000 ) ) ;
#2709 = SURFACE_STYLE_FILL_AREA ( #3158 ) ;
#2710 = PRESENTATION_STYLE_ASSIGNMENT (( #2691 ) ) ;
#2711 = DIRECTION ( 'NONE',  ( 0.0000000000000000000, -1.000000000000000000, -0.0000000000000000000 ) ) ;
#2712 = ORIENTED_EDGE ( 'NONE', *, *, #951, .F. ) ;
#2713 =( LENGTH_UNIT ( ) NAMED_UNIT ( * ) SI_UNIT ( .MILLI., .METRE. ) );
#2714 = VECTOR ( 'NONE', #3076, 1000.000000000000000 ) ;
#2715 = CARTESIAN_POINT ( 'NONE',  ( 0.2999999999999999889, 0.2999999999999999889, 0.1250000000000000000 ) ) ;
#2716 = SURFACE_STYLE_FILL_AREA ( #1404 ) ;
#2717 =( NAMED_UNIT ( * ) SI_UNIT ( $, .STERADIAN. ) SOLID_ANGLE_UNIT ( ) );
#2718 = ADVANCED_FACE ( 'NONE', ( #1876 ), #1225, .T. ) ;
#2719 = ORIENTED_EDGE ( 'NONE', *, *, #1460, .T. ) ;
#2720 = CARTESIAN_POINT ( 'NONE',  ( 0.3875192319072686686, 0.3000000000000394018, 0.05999999999999999778 ) ) ;
#2721 = FACE_OUTER_BOUND ( 'NONE', #1034, .T. ) ;
#2722 = DIRECTION ( 'NONE',  ( -0.0000000000000000000, -0.0000000000000000000, -1.000000000000000000 ) ) ;
#2723 =( NAMED_UNIT ( * ) PLANE_ANGLE_UNIT ( ) SI_UNIT ( $, .RADIAN. ) );
#2724 = EDGE_CURVE ( 'NONE', #572, #2195, #3157, .T. ) ;
#2725 = EDGE_LOOP ( 'NONE', ( #283, #2908, #1151, #3753 ) ) ;
#2726 = DIRECTION ( 'NONE',  ( -0.0000000000000000000, 0.0000000000000000000, -1.000000000000000000 ) ) ;
#2727 = SURFACE_SIDE_STYLE ('',( #1067 ) ) ;
#2728 = ORIENTED_EDGE ( 'NONE', *, *, #564, .T. ) ;
#2729 = CARTESIAN_POINT ( 'NONE',  ( -0.4999999999999551470, 0.1563508326896407286, -3.100504632490238188E-17 ) ) ;
#2730 = COLOUR_RGB ( '',0.7803921568627451011, 0.5686274509803921351, 0.1137254901960784298 ) ;
#2731 = DIRECTION ( 'NONE',  ( -0.0000000000000000000, 1.224646799146999945E-16, 1.000000000000000000 ) ) ;
#2732 = CARTESIAN_POINT ( 'NONE',  ( -0.4999999999999514277, -0.2085786437627077106, 0.0000000000000000000 ) ) ;
#2733 = CARTESIAN_POINT ( 'NONE',  ( -0.4949999999999999956, -0.2999999999999999889, 0.02000000000000000042 ) ) ;
#2734 =( NAMED_UNIT ( * ) PLANE_ANGLE_UNIT ( ) SI_UNIT ( $, .RADIAN. ) );
#2735 = VERTEX_POINT ( 'NONE', #1502 ) ;
#2736 = MECHANICAL_DESIGN_GEOMETRIC_PRESENTATION_REPRESENTATION (  '', ( #3166 ), #467 ) ;
#2737 = DIRECTION ( 'NONE',  ( 1.000000000000000000, 0.0000000000000000000, -0.0000000000000000000 ) ) ;
#2738 =( NAMED_UNIT ( * ) PLANE_ANGLE_UNIT ( ) SI_UNIT ( $, .RADIAN. ) );
#2739 = DIRECTION ( 'NONE',  ( -0.0000000000000000000, 1.224646799146999945E-16, 1.000000000000000000 ) ) ;
#2740 = DIRECTION ( 'NONE',  ( 1.000000000000000000, 0.0000000000000000000, 0.0000000000000000000 ) ) ;
#2741 = ADVANCED_FACE ( 'NONE', ( #573 ), #4194, .F. ) ;
#2742 = LINE ( 'NONE', #375, #1017 ) ;
#2743 =( NAMED_UNIT ( * ) SI_UNIT ( $, .STERADIAN. ) SOLID_ANGLE_UNIT ( ) );
#2744 = MECHANICAL_DESIGN_GEOMETRIC_PRESENTATION_REPRESENTATION (  '', ( #251 ), #1978 ) ;
#2745 =( NAMED_UNIT ( * ) PLANE_ANGLE_UNIT ( ) SI_UNIT ( $, .RADIAN. ) );
#2746 = EDGE_LOOP ( 'NONE', ( #4241, #3128, #1257, #3298 ) ) ;
#2747 = AXIS2_PLACEMENT_3D ( 'NONE', #2858, #3220, #1500 ) ;
#2748 = VERTEX_POINT ( 'NONE', #1212 ) ;
#2749 = AXIS2_PLACEMENT_3D ( 'NONE', #2886, #4226, #1253 ) ;
#2750 = FILL_AREA_STYLE ('',( #1433 ) ) ;
#2751 = VECTOR ( 'NONE', #3798, 1000.000000000000000 ) ;
#2752 = EDGE_CURVE ( 'NONE', #2770, #1543, #3844, .T. ) ;
#2753 = UNCERTAINTY_MEASURE_WITH_UNIT (LENGTH_MEASURE( 1.000000000000000082E-05 ), #4254, 'distance_accuracy_value', 'NONE');
#2754 = ORIENTED_EDGE ( 'NONE', *, *, #1064, .T. ) ;
#2755 = DIRECTION ( 'NONE',  ( 0.0000000000000000000, -1.224646799146999945E-16, -1.000000000000000000 ) ) ;
#2756 = FILL_AREA_STYLE_COLOUR ( '', #4292 ) ;
#2757 = MECHANICAL_DESIGN_GEOMETRIC_PRESENTATION_REPRESENTATION (  '', ( #2206 ), #1795 ) ;
#2758 = DIRECTION ( 'NONE',  ( 0.0000000000000000000, 1.224646799146999945E-16, -1.000000000000000000 ) ) ;
#2759 = VERTEX_POINT ( 'NONE', #2514 ) ;
#2760 = CARTESIAN_POINT ( 'NONE',  ( 0.2999999999999999889, 0.2999999999999999889, 0.0000000000000000000 ) ) ;
#2761 = VECTOR ( 'NONE', #3866, 1000.000000000000000 ) ;
#2762 = CARTESIAN_POINT ( 'NONE',  ( -0.4949999999998609956, 0.1891429205785933876, 0.02000000000000000042 ) ) ;
#2763 = SURFACE_STYLE_USAGE ( .BOTH. , #4103 ) ;
#2764 = STYLED_ITEM ( 'NONE', ( #1410 ), #2289 ) ;
#2765 = SURFACE_STYLE_FILL_AREA ( #1453 ) ;
#2766 =( NAMED_UNIT ( * ) PLANE_ANGLE_UNIT ( ) SI_UNIT ( $, .RADIAN. ) );
#2767 =( NAMED_UNIT ( * ) SI_UNIT ( $, .STERADIAN. ) SOLID_ANGLE_UNIT ( ) );
#2768 = EDGE_LOOP ( 'NONE', ( #880, #126, #3591, #1702 ) ) ;
#2769 = EDGE_CURVE ( 'NONE', #3496, #4272, #4142, .T. ) ;
#2770 = VERTEX_POINT ( 'NONE', #2563 ) ;
#2771 = CARTESIAN_POINT ( 'NONE',  ( 0.3000000000000000444, 0.2950000000000000400, 0.0000000000000000000 ) ) ;
#2772 = EDGE_CURVE ( 'NONE', #4048, #2518, #3861, .T. ) ;
#2773 = ORIENTED_EDGE ( 'NONE', *, *, #510, .F. ) ;
#2774 = LINE ( 'NONE', #4115, #1450 ) ;
#2775 = FACE_OUTER_BOUND ( 'NONE', #3350, .T. ) ;
#2776 = EDGE_CURVE ( 'NONE', #2518, #30, #2867, .T. ) ;
#2777 = EDGE_LOOP ( 'NONE', ( #2501, #2439, #1345, #4135 ) ) ;
#2778 = DIRECTION ( 'NONE',  ( 1.000000000000000000, 0.0000000000000000000, -0.0000000000000000000 ) ) ;
#2779 = PRESENTATION_LAYER_ASSIGNMENT (  '', '', ( #352 ) ) ;
#2780 = SURFACE_STYLE_USAGE ( .BOTH. , #141 ) ;
#2781 = FILL_AREA_STYLE_COLOUR ( '', #2230 ) ;
#2782 = FILL_AREA_STYLE_COLOUR ( '', #4288 ) ;
#2783 = FILL_AREA_STYLE_COLOUR ( '', #1361 ) ;
#2784 = ORIENTED_EDGE ( 'NONE', *, *, #1318, .F. ) ;
#2785 = ORIENTED_EDGE ( 'NONE', *, *, #2187, .F. ) ;
#2786 = DIRECTION ( 'NONE',  ( -1.000000000000000000, -9.566489757225037615E-16, 0.0000000000000000000 ) ) ;
#2787 = CARTESIAN_POINT ( 'NONE',  ( -0.2849999999999999756, -0.2849999999999999756, 0.1400000000000000133 ) ) ;
#2788 = VERTEX_POINT ( 'NONE', #1883 ) ;
#2789 = SURFACE_SIDE_STYLE ('',( #490 ) ) ;
#2790 = CARTESIAN_POINT ( 'NONE',  ( 0.4949999999999304956, -0.1891429205785696566, 0.05999999999999999778 ) ) ;
#2791 =( NAMED_UNIT ( * ) PLANE_ANGLE_UNIT ( ) SI_UNIT ( $, .RADIAN. ) );
#2792 = ADVANCED_FACE ( 'NONE', ( #3865 ), #1533, .T. ) ;
#2793 = DIRECTION ( 'NONE',  ( -0.0000000000000000000, -1.000000000000000000, 0.0000000000000000000 ) ) ;
#2794 = DIRECTION ( 'NONE',  ( 0.0000000000000000000, -1.000000000000000000, -1.034036596358999946E-18 ) ) ;
#2795 = COLOUR_RGB ( '',0.7803921568627451011, 0.5686274509803921351, 0.1137254901960784298 ) ;
#2796 = DIRECTION ( 'NONE',  ( -1.000000000000000000, 0.0000000000000000000, 0.0000000000000000000 ) ) ;
#2797 = EDGE_CURVE ( 'NONE', #2874, #3785, #3895, .T. ) ;
#2798 = APPLICATION_PROTOCOL_DEFINITION ( 'draft international standard', 'automotive_design', 1998, #1091 ) ;
#2799 = ORIENTED_EDGE ( 'NONE', *, *, #1380, .F. ) ;
#2800 = PRESENTATION_STYLE_ASSIGNMENT (( #143 ) ) ;
#2801 = CARTESIAN_POINT ( 'NONE',  ( 0.2950000000000000400, 0.2950000000000000400, 0.0000000000000000000 ) ) ;
#2802 = FILL_AREA_STYLE ('',( #3849 ) ) ;
#2803 = ORIENTED_EDGE ( 'NONE', *, *, #2004, .T. ) ;
#2804 = ORIENTED_EDGE ( 'NONE', *, *, #579, .T. ) ;
#2805 = DIRECTION ( 'NONE',  ( -1.000000000000000000, -9.566489757225037615E-16, 0.0000000000000000000 ) ) ;
#2806 =( GEOMETRIC_REPRESENTATION_CONTEXT ( 3 ) GLOBAL_UNCERTAINTY_ASSIGNED_CONTEXT ( ( #2398 ) ) GLOBAL_UNIT_ASSIGNED_CONTEXT ( ( #2679, #1320, #2633 ) ) REPRESENTATION_CONTEXT ( 'NONE', 'WORKASPACE' ) );
#2807 = PRESENTATION_LAYER_ASSIGNMENT (  '', '', ( #1782 ) ) ;
#2808 = CARTESIAN_POINT ( 'NONE',  ( 0.2000000000000000111, 0.2999999999999999889, 0.0000000000000000000 ) ) ;
#2809 =( GEOMETRIC_REPRESENTATION_CONTEXT ( 3 ) GLOBAL_UNCERTAINTY_ASSIGNED_CONTEXT ( ( #3903 ) ) GLOBAL_UNIT_ASSIGNED_CONTEXT ( ( #86, #2734, #3744 ) ) REPRESENTATION_CONTEXT ( 'NONE', 'WORKASPACE' ) );
#2810 = STYLED_ITEM ( 'NONE', ( #3165 ), #1826 ) ;
#2811 = ORIENTED_EDGE ( 'NONE', *, *, #421, .F. ) ;
#2812 = AXIS2_PLACEMENT_3D ( 'NONE', #1269, #2816, #2490 ) ;
#2813 =( NAMED_UNIT ( * ) SI_UNIT ( $, .STERADIAN. ) SOLID_ANGLE_UNIT ( ) );
#2814 = COLOUR_RGB ( '',0.0000000000000000000, 0.3333333333333333148, 0.0000000000000000000 ) ;
#2815 = AXIS2_PLACEMENT_3D ( 'NONE', #129, #2373, #3778 ) ;
#2816 = DIRECTION ( 'NONE',  ( -0.0000000000000000000, 1.000000000000000000, 0.0000000000000000000 ) ) ;
#2817 = MECHANICAL_DESIGN_GEOMETRIC_PRESENTATION_REPRESENTATION (  '', ( #116 ), #1713 ) ;
#2818 =( NAMED_UNIT ( * ) PLANE_ANGLE_UNIT ( ) SI_UNIT ( $, .RADIAN. ) );
#2819 = ORIENTED_EDGE ( 'NONE', *, *, #2220, .F. ) ;
#2820 = DIRECTION ( 'NONE',  ( -0.0000000000000000000, -1.224646799146999945E-16, 1.000000000000000000 ) ) ;
#2821 = PRODUCT_DEFINITION ( 'UNKNOWN', '', #2022, #3794 ) ;
#2822 = DIRECTION ( 'NONE',  ( 0.0000000000000000000, 0.0000000000000000000, 1.000000000000000000 ) ) ;
#2823 = AXIS2_PLACEMENT_3D ( 'NONE', #2060, #2036, #816 ) ;
#2824 = AXIS2_PLACEMENT_3D ( 'NONE', #337, #3983, #3956 ) ;
#2825 = APPLICATION_PROTOCOL_DEFINITION ( 'draft international standard', 'automotive_design', 1998, #3846 ) ;
#2826 = DIRECTION ( 'NONE',  ( -1.000000000000000000, -0.0000000000000000000, -0.0000000000000000000 ) ) ;
#2827 = ADVANCED_FACE ( 'NONE', ( #3564 ), #580, .T. ) ;
#2828 =( NAMED_UNIT ( * ) PLANE_ANGLE_UNIT ( ) SI_UNIT ( $, .RADIAN. ) );
#2829 = PRESENTATION_LAYER_ASSIGNMENT (  '', '', ( #3953 ) ) ;
#2830 = STYLED_ITEM ( 'NONE', ( #3763 ), #736 ) ;
#2831 = CYLINDRICAL_SURFACE ( 'NONE', #206, 0.2000000000000000111 ) ;
#2832 = AXIS2_PLACEMENT_3D ( 'NONE', #1770, #3087, #1447 ) ;
#2833 = PRESENTATION_STYLE_ASSIGNMENT (( #2517 ) ) ;
#2834 = AXIS2_PLACEMENT_3D ( 'NONE', #1132, #806, #480 ) ;
#2835 = CARTESIAN_POINT ( 'NONE',  ( 0.0000000000000000000, 0.0000000000000000000, 0.0000000000000000000 ) ) ;
#2836 = ORIENTED_EDGE ( 'NONE', *, *, #4052, .T. ) ;
#2837 = ORIENTED_EDGE ( 'NONE', *, *, #830, .T. ) ;
#2838 = PRESENTATION_LAYER_ASSIGNMENT (  '', '', ( #4178 ) ) ;
#2839 = SURFACE_STYLE_USAGE ( .BOTH. , #2550 ) ;
#2840 = PRESENTATION_STYLE_ASSIGNMENT (( #4161 ) ) ;
#2841 = VERTEX_POINT ( 'NONE', #2301 ) ;
#2842 = DIRECTION ( 'NONE',  ( 0.0000000000000000000, 0.0000000000000000000, -1.000000000000000000 ) ) ;
#2843 = UNCERTAINTY_MEASURE_WITH_UNIT (LENGTH_MEASURE( 1.000000000000000082E-05 ), #936, 'distance_accuracy_value', 'NONE');
#2844 = SURFACE_STYLE_FILL_AREA ( #1526 ) ;
#2845 = ORIENTED_EDGE ( 'NONE', *, *, #385, .T. ) ;
#2846 = CARTESIAN_POINT ( 'NONE',  ( -0.4949999999999222799, -0.1577111547697281346, 1.931404608786746271E-17 ) ) ;
#2847 = DIRECTION ( 'NONE',  ( 0.0000000000000000000, 0.0000000000000000000, 1.000000000000000000 ) ) ;
#2848 =( NAMED_UNIT ( * ) SI_UNIT ( $, .STERADIAN. ) SOLID_ANGLE_UNIT ( ) );
#2849 =( GEOMETRIC_REPRESENTATION_CONTEXT ( 3 ) GLOBAL_UNCERTAINTY_ASSIGNED_CONTEXT ( ( #1148 ) ) GLOBAL_UNIT_ASSIGNED_CONTEXT ( ( #351, #2933, #1041 ) ) REPRESENTATION_CONTEXT ( 'NONE', 'WORKASPACE' ) );
#2850 = LINE ( 'NONE', #899, #2137 ) ;
#2851 = CARTESIAN_POINT ( 'NONE',  ( -0.3275140453870559187, -0.2600000000001834732, 0.06000000000000001166 ) ) ;
#2852 = DIRECTION ( 'NONE',  ( -0.0000000000000000000, -0.0000000000000000000, -1.000000000000000000 ) ) ;
#2853 = ADVANCED_FACE ( 'NONE', ( #304 ), #21, .T. ) ;
#2854 = PLANE ( 'NONE',  #4191 ) ;
#2855 = ORIENTED_EDGE ( 'NONE', *, *, #3489, .F. ) ;
#2856 = CARTESIAN_POINT ( 'NONE',  ( 0.2000000000000000111, -0.2600000000000000089, 0.02000000000000000042 ) ) ;
#2857 = CARTESIAN_POINT ( 'NONE',  ( 0.1000000000000000194, 0.2999999999999999889, 0.0000000000000000000 ) ) ;
#2858 = CARTESIAN_POINT ( 'NONE',  ( -0.05000000000000000278, 0.2999999999999999889, -0.01000000000000000021 ) ) ;
#2859 = EDGE_CURVE ( 'NONE', #3860, #3119, #3948, .T. ) ;
#2860 = ORIENTED_EDGE ( 'NONE', *, *, #3975, .F. ) ;
#2861 = SHAPE_REPRESENTATION ( 'Cut006', ( #3761 ), #869 ) ;
#2862 = CARTESIAN_POINT ( 'NONE',  ( 0.1999999999999999833, -0.2600000000000000089, -2.006177025403370566E-33 ) ) ;
#2863 = LINE ( 'NONE', #1227, #3383 ) ;
#2864 = ORIENTED_EDGE ( 'NONE', *, *, #2955, .F. ) ;
#2865 = DIRECTION ( 'NONE',  ( -1.626303258728256257E-15, 1.000000000000000000, 1.224646799146999945E-16 ) ) ;
#2866 = APPLICATION_PROTOCOL_DEFINITION ( 'draft international standard', 'automotive_design', 1998, #2321 ) ;
#2867 = LINE ( 'NONE', #921, #1491 ) ;
#2868 = MECHANICAL_DESIGN_GEOMETRIC_PRESENTATION_REPRESENTATION (  '', ( #3927 ), #2935 ) ;
#2869 = CARTESIAN_POINT ( 'NONE',  ( -0.2999999999999999889, 0.2849999999999999756, 0.1250000000000000000 ) ) ;
#2870 = FILL_AREA_STYLE ('',( #1550 ) ) ;
#2871 = AXIS2_PLACEMENT_3D ( 'NONE', #4102, #3680, #1383 ) ;
#2872 = DIRECTION ( 'NONE',  ( 0.0000000000000000000, 0.0000000000000000000, -1.000000000000000000 ) ) ;
#2873 = CARTESIAN_POINT ( 'NONE',  ( -0.5000000000000000000, 0.2999999999999999889, 0.08000000000000000167 ) ) ;
#2874 = VERTEX_POINT ( 'NONE', #2928 ) ;
#2875 = CARTESIAN_POINT ( 'NONE',  ( -0.05000000000000000278, 0.1499999999999999944, -1.551054894538499630E-19 ) ) ;
#2876 = EDGE_CURVE ( 'NONE', #1438, #927, #946, .T. ) ;
#2877 = UNCERTAINTY_MEASURE_WITH_UNIT (LENGTH_MEASURE( 1.000000000000000082E-05 ), #2957, 'distance_accuracy_value', 'NONE');
#2878 = CARTESIAN_POINT ( 'NONE',  ( 0.4749999999998638645, 0.1645950378226634647, -2.015707862251541810E-17 ) ) ;
#2879 = DIRECTION ( 'NONE',  ( 0.0000000000000000000, 1.000000000000000000, -1.224646799146999699E-16 ) ) ;
#2880 = STYLED_ITEM ( 'NONE', ( #1298 ), #1274 ) ;
#2881 = ORIENTED_EDGE ( 'NONE', *, *, #1199, .F. ) ;
#2882 =( GEOMETRIC_REPRESENTATION_CONTEXT ( 3 ) GLOBAL_UNCERTAINTY_ASSIGNED_CONTEXT ( ( #3670 ) ) GLOBAL_UNIT_ASSIGNED_CONTEXT ( ( #493, #137, #3905 ) ) REPRESENTATION_CONTEXT ( 'NONE', 'WORKASPACE' ) );
#2883 = ADVANCED_FACE ( 'NONE', ( #2314 ), #3653, .F. ) ;
#2884 = AXIS2_PLACEMENT_3D ( 'NONE', #1208, #4134, #3816 ) ;
#2885 = UNCERTAINTY_MEASURE_WITH_UNIT (LENGTH_MEASURE( 1.000000000000000082E-05 ), #2639, 'distance_accuracy_value', 'NONE');
#2886 = CARTESIAN_POINT ( 'NONE',  ( -0.5500000000000000444, 0.3499999999999999778, 0.01999999999999997960 ) ) ;
#2887 = MECHANICAL_DESIGN_GEOMETRIC_PRESENTATION_REPRESENTATION (  '', ( #4218 ), #1920 ) ;
#2888 = PRESENTATION_LAYER_ASSIGNMENT (  '', '', ( #1921 ) ) ;
#2889 = VERTEX_POINT ( 'NONE', #730 ) ;
#2890 = DIRECTION ( 'NONE',  ( 0.0000000000000000000, -0.0000000000000000000, -1.000000000000000000 ) ) ;
#2891 = AXIS2_PLACEMENT_3D ( 'NONE', #3305, #3644, #3269 ) ;
#2892 =( NAMED_UNIT ( * ) PLANE_ANGLE_UNIT ( ) SI_UNIT ( $, .RADIAN. ) );
#2893 = FILL_AREA_STYLE_COLOUR ( '', #2730 ) ;
#2894 = MECHANICAL_DESIGN_GEOMETRIC_PRESENTATION_REPRESENTATION (  '', ( #682 ), #3309 ) ;
#2895 = PRESENTATION_STYLE_ASSIGNMENT (( #2628 ) ) ;
#2896 = VECTOR ( 'NONE', #3740, 1000.000000000000000 ) ;
#2897 = MECHANICAL_DESIGN_GEOMETRIC_PRESENTATION_REPRESENTATION (  '', ( #2615 ), #3120 ) ;
#2898 = CARTESIAN_POINT ( 'NONE',  ( 0.5500000000000000444, 0.3499999999999999778, 0.08000000000000000167 ) ) ;
#2899 = ORIENTED_EDGE ( 'NONE', *, *, #2772, .T. ) ;
#2900 =( LENGTH_UNIT ( ) NAMED_UNIT ( * ) SI_UNIT ( .MILLI., .METRE. ) );
#2901 = FILL_AREA_STYLE_COLOUR ( '', #1644 ) ;
#2902 = PRESENTATION_STYLE_ASSIGNMENT (( #944 ) ) ;
#2903 = PRESENTATION_LAYER_ASSIGNMENT (  '', '', ( #2339 ) ) ;
#2904 = EDGE_CURVE ( 'NONE', #2489, #3307, #3299, .T. ) ;
#2905 = CARTESIAN_POINT ( 'NONE',  ( -0.2937867965644035406, 0.2937867965644035406, 0.1399999999999999856 ) ) ;
#2906 = DIRECTION ( 'NONE',  ( 0.0000000000000000000, -0.0000000000000000000, -1.000000000000000000 ) ) ;
#2907 = ADVANCED_FACE ( 'NONE', ( #1100 ), #1401, .F. ) ;
#2908 = ORIENTED_EDGE ( 'NONE', *, *, #3030, .T. ) ;
#2909 = SURFACE_STYLE_USAGE ( .BOTH. , #284 ) ;
#2910 = SURFACE_STYLE_FILL_AREA ( #1974 ) ;
#2911 = EDGE_CURVE ( 'NONE', #786, #4054, #3405, .T. ) ;
#2912 = DIRECTION ( 'NONE',  ( 0.0000000000000000000, 0.0000000000000000000, -1.000000000000000000 ) ) ;
#2913 = FACE_OUTER_BOUND ( 'NONE', #4259, .T. ) ;
#2914 = SURFACE_SIDE_STYLE ('',( #3952 ) ) ;
#2915 =( NAMED_UNIT ( * ) PLANE_ANGLE_UNIT ( ) SI_UNIT ( $, .RADIAN. ) );
#2916 = ORIENTED_EDGE ( 'NONE', *, *, #1199, .T. ) ;
#2917 = UNCERTAINTY_MEASURE_WITH_UNIT (LENGTH_MEASURE( 1.000000000000000082E-05 ), #1267, 'distance_accuracy_value', 'NONE');
#2918 = PRESENTATION_STYLE_ASSIGNMENT (( #1301 ) ) ;
#2919 = ORIENTED_EDGE ( 'NONE', *, *, #2295, .T. ) ;
#2920 = CARTESIAN_POINT ( 'NONE',  ( -0.2999999999999999889, 0.2999999999999999889, 0.1337867965644035650 ) ) ;
#2921 = FILL_AREA_STYLE_COLOUR ( '', #2954 ) ;
#2922 = UNCERTAINTY_MEASURE_WITH_UNIT (LENGTH_MEASURE( 1.000000000000000082E-05 ), #4057, 'distance_accuracy_value', 'NONE');
#2923 = ORIENTED_EDGE ( 'NONE', *, *, #4116, .T. ) ;
#2924 = SURFACE_STYLE_FILL_AREA ( #1999 ) ;
#2925 = DIRECTION ( 'NONE',  ( 0.0000000000000000000, 0.0000000000000000000, 1.000000000000000000 ) ) ;
#2926 = EDGE_CURVE ( 'NONE', #3048, #2968, #1751, .T. ) ;
#2927 = DIRECTION ( 'NONE',  ( 0.0000000000000000000, -1.224646799146999945E-16, -1.000000000000000000 ) ) ;
#2928 = CARTESIAN_POINT ( 'NONE',  ( 0.4999999999999514277, 0.2085786437627077106, 0.08000000000000000167 ) ) ;
#2929 = EDGE_CURVE ( 'NONE', #2097, #508, #2411, .T. ) ;
#2930 =( LENGTH_UNIT ( ) NAMED_UNIT ( * ) SI_UNIT ( .MILLI., .METRE. ) );
#2931 = FILL_AREA_STYLE ('',( #1661 ) ) ;
#2932 = SURFACE_STYLE_FILL_AREA ( #1960 ) ;
#2933 =( NAMED_UNIT ( * ) PLANE_ANGLE_UNIT ( ) SI_UNIT ( $, .RADIAN. ) );
#2934 = VERTEX_POINT ( 'NONE', #4119 ) ;
#2935 =( GEOMETRIC_REPRESENTATION_CONTEXT ( 3 ) GLOBAL_UNCERTAINTY_ASSIGNED_CONTEXT ( ( #2100 ) ) GLOBAL_UNIT_ASSIGNED_CONTEXT ( ( #228, #2542, #3191 ) ) REPRESENTATION_CONTEXT ( 'NONE', 'WORKASPACE' ) );
#2936 = DIRECTION ( 'NONE',  ( -1.000000000000000000, -0.0000000000000000000, -0.0000000000000000000 ) ) ;
#2937 = AXIS2_PLACEMENT_3D ( 'NONE', #2377, #469, #4095 ) ;
#2938 =( NAMED_UNIT ( * ) SI_UNIT ( $, .STERADIAN. ) SOLID_ANGLE_UNIT ( ) );
#2939 = LINE ( 'NONE', #3621, #2315 ) ;
#2940 = CARTESIAN_POINT ( 'NONE',  ( -0.1999999999999999833, 0.2999999999999999889, 0.0000000000000000000 ) ) ;
#2941 = CARTESIAN_POINT ( 'NONE',  ( -0.3875192319071404379, 0.2999999999999999889, 0.05999999999999999778 ) ) ;
#2942 = MECHANICAL_DESIGN_GEOMETRIC_PRESENTATION_REPRESENTATION (  '', ( #245 ), #1078 ) ;
#2943 = VERTEX_POINT ( 'NONE', #425 ) ;
#2944 = CARTESIAN_POINT ( 'NONE',  ( -0.05000000000000000278, -0.2999999999999999889, -0.01000000000000000021 ) ) ;
#2945 = LINE ( 'NONE', #3962, #1862 ) ;
#2946 = ORIENTED_EDGE ( 'NONE', *, *, #803, .T. ) ;
#2947 = CARTESIAN_POINT ( 'NONE',  ( -0.05000000000000000278, 0.2999999999999999889, -0.01000000000000000021 ) ) ;
#2948 = VECTOR ( 'NONE', #4170, 1000.000000000000000 ) ;
#2949 = AXIS2_PLACEMENT_3D ( 'NONE', #3232, #518, #2479 ) ;
#2950 = EDGE_CURVE ( 'NONE', #1276, #1105, #2383, .T. ) ;
#2951 = ORIENTED_EDGE ( 'NONE', *, *, #1889, .F. ) ;
#2952 =( NAMED_UNIT ( * ) PLANE_ANGLE_UNIT ( ) SI_UNIT ( $, .RADIAN. ) );
#2953 =( NAMED_UNIT ( * ) SI_UNIT ( $, .STERADIAN. ) SOLID_ANGLE_UNIT ( ) );
#2954 = COLOUR_RGB ( '',0.7803921568627451011, 0.5686274509803921351, 0.1137254901960784298 ) ;
#2955 = EDGE_CURVE ( 'NONE', #2571, #2934, #1726, .T. ) ;
#2956 = ORIENTED_EDGE ( 'NONE', *, *, #1800, .T. ) ;
#2957 =( LENGTH_UNIT ( ) NAMED_UNIT ( * ) SI_UNIT ( .MILLI., .METRE. ) );
#2958 =( NAMED_UNIT ( * ) PLANE_ANGLE_UNIT ( ) SI_UNIT ( $, .RADIAN. ) );
#2959 = PRODUCT_DEFINITION_SHAPE ( 'NONE', 'NONE',  #2821 ) ;
#2960 = DIRECTION ( 'NONE',  ( -0.0000000000000000000, -1.000000000000000000, -1.224646799146999945E-16 ) ) ;
#2961 = ORIENTED_EDGE ( 'NONE', *, *, #3003, .F. ) ;
#2962 = CARTESIAN_POINT ( 'NONE',  ( 0.4949999999999611933, -0.1577111547697170046, 0.02000000000000002470 ) ) ;
#2963 = PLANE ( 'NONE',  #1993 ) ;
#2964 = UNCERTAINTY_MEASURE_WITH_UNIT (LENGTH_MEASURE( 1.000000000000000082E-05 ), #853, 'distance_accuracy_value', 'NONE');
#2965 =( NAMED_UNIT ( * ) PLANE_ANGLE_UNIT ( ) SI_UNIT ( $, .RADIAN. ) );
#2966 = MECHANICAL_DESIGN_GEOMETRIC_PRESENTATION_REPRESENTATION (  '', ( #271 ), #2266 ) ;
#2967 = AXIS2_PLACEMENT_3D ( 'NONE', #2703, #2722, #3073 ) ;
#2968 = VERTEX_POINT ( 'NONE', #824 ) ;
#2969 = DIRECTION ( 'NONE',  ( 0.0000000000000000000, 1.224646799146999945E-16, -1.000000000000000000 ) ) ;
#2970 =( LENGTH_UNIT ( ) NAMED_UNIT ( * ) SI_UNIT ( .MILLI., .METRE. ) );
#2971 = VECTOR ( 'NONE', #2680, 1000.000000000000000 ) ;
#2972 = DIRECTION ( 'NONE',  ( 0.0000000000000000000, -1.224646799146999945E-16, -1.000000000000000000 ) ) ;
#2973 = ORIENTED_EDGE ( 'NONE', *, *, #2482, .F. ) ;
#2974 = SURFACE_SIDE_STYLE ('',( #2646 ) ) ;
#2975 = PRESENTATION_STYLE_ASSIGNMENT (( #631 ) ) ;
#2976 = EDGE_CURVE ( 'NONE', #1805, #3336, #2106, .T. ) ;
#2977 = CARTESIAN_POINT ( 'NONE',  ( 0.3152661081139450094, -0.2999999999999999889, 0.06000000000000001166 ) ) ;
#2978 = DIRECTION ( 'NONE',  ( 0.0000000000000000000, 0.0000000000000000000, 1.000000000000000000 ) ) ;
#2979 =( NAMED_UNIT ( * ) PLANE_ANGLE_UNIT ( ) SI_UNIT ( $, .RADIAN. ) );
#2980 = ORIENTED_EDGE ( 'NONE', *, *, #747, .F. ) ;
#2981 = SURFACE_STYLE_FILL_AREA ( #1323 ) ;
#2982 = ADVANCED_FACE ( 'NONE', ( #4028 ), #3716, .T. ) ;
#2983 = DIRECTION ( 'NONE',  ( 0.0000000000000000000, 0.0000000000000000000, 1.000000000000000000 ) ) ;
#2984 = AXIS2_PLACEMENT_3D ( 'NONE', #536, #515, #211 ) ;
#2985 = ORIENTED_EDGE ( 'NONE', *, *, #4182, .F. ) ;
#2986 = CARTESIAN_POINT ( 'NONE',  ( 0.4749999999999334754, 0.1645950378226353483, 0.01999999999999999001 ) ) ;
#2987 =( LENGTH_UNIT ( ) NAMED_UNIT ( * ) SI_UNIT ( .MILLI., .METRE. ) );
#2988 = DIRECTION ( 'NONE',  ( 1.000000000000000000, 0.0000000000000000000, -0.0000000000000000000 ) ) ;
#2989 = SHAPE_DEFINITION_REPRESENTATION ( #4014, #1649 ) ;
#2990 = ORIENTED_EDGE ( 'NONE', *, *, #1146, .T. ) ;
#2991 = PRODUCT_DEFINITION_SHAPE ( 'NONE', 'NONE',  #4305 ) ;
#2992 = DIRECTION ( 'NONE',  ( 0.0000000000000000000, 0.0000000000000000000, -1.000000000000000000 ) ) ;
#2993 = FACE_OUTER_BOUND ( 'NONE', #4040, .T. ) ;
#2994 = ORIENTED_EDGE ( 'NONE', *, *, #1340, .T. ) ;
#2995 = DIRECTION ( 'NONE',  ( 0.0000000000000000000, 1.000000000000000000, -0.0000000000000000000 ) ) ;
#2996 = LINE ( 'NONE', #2349, #1107 ) ;
#2997 = DIRECTION ( 'NONE',  ( 0.0000000000000000000, -1.224646799146999945E-16, -1.000000000000000000 ) ) ;
#2998 = DIRECTION ( 'NONE',  ( -1.807003620809173794E-15, 1.000000000000000000, -1.129377263005733621E-16 ) ) ;
#2999 = CARTESIAN_POINT ( 'NONE',  ( -0.2000000000000000111, -0.2999999999999999889, 0.02000000000000000042 ) ) ;
#3000 = ORIENTED_EDGE ( 'NONE', *, *, #1634, .F. ) ;
#3001 = EDGE_CURVE ( 'NONE', #3569, #786, #224, .T. ) ;
#3002 = CARTESIAN_POINT ( 'NONE',  ( -0.05000000000000000278, -0.2999999999999999889, -6.204219578153998520E-19 ) ) ;
#3003 = EDGE_CURVE ( 'NONE', #1816, #3774, #3560, .T. ) ;
#3004 = VERTEX_POINT ( 'NONE', #3542 ) ;
#3005 = SURFACE_STYLE_USAGE ( .BOTH. , #1717 ) ;
#3006 = FILL_AREA_STYLE_COLOUR ( '', #811 ) ;
#3007 = SURFACE_SIDE_STYLE ('',( #247 ) ) ;
#3008 = LINE ( 'NONE', #1749, #316 ) ;
#3009 = EDGE_LOOP ( 'NONE', ( #3143, #3236, #1605, #2951 ) ) ;
#3010 = SURFACE_SIDE_STYLE ('',( #1421 ) ) ;
#3011 = MECHANICAL_DESIGN_GEOMETRIC_PRESENTATION_REPRESENTATION (  '', ( #1782 ), #1437 ) ;
#3012 = PRESENTATION_LAYER_ASSIGNMENT (  '', '', ( #1571 ) ) ;
#3013 = CARTESIAN_POINT ( 'NONE',  ( 0.5500000000000000444, 0.3499999999999999778, 0.02000000000000000042 ) ) ;
#3014 = VECTOR ( 'NONE', #662, 1000.000000000000000 ) ;
#3015 = PLANE ( 'NONE',  #3516 ) ;
#3016 = VECTOR ( 'NONE', #875, 1000.000000000000000 ) ;
#3017 = MECHANICAL_DESIGN_GEOMETRIC_PRESENTATION_REPRESENTATION (  '', ( #2464 ), #393 ) ;
#3018 = VECTOR ( 'NONE', #1878, 1000.000000000000000 ) ;
#3019 = ORIENTED_EDGE ( 'NONE', *, *, #3348, .T. ) ;
#3020 = CARTESIAN_POINT ( 'NONE',  ( 0.5500000000000000444, -0.3499999999999999778, 0.0000000000000000000 ) ) ;
#3021 = CIRCLE ( 'NONE', #2815, 0.2400000000000000466 ) ;
#3022 = CARTESIAN_POINT ( 'NONE',  ( -0.5500000000000000444, 0.3499999999999999778, 0.08000000000000000167 ) ) ;
#3023 = AXIS2_PLACEMENT_3D ( 'NONE', #103, #3440, #4114 ) ;
#3024 = SURFACE_STYLE_FILL_AREA ( #2416 ) ;
#3025 = STYLED_ITEM ( 'NONE', ( #3586 ), #3634 ) ;
#3026 = LINE ( 'NONE', #2095, #1188 ) ;
#3027 = CARTESIAN_POINT ( 'NONE',  ( 0.3875192319069999947, -0.2999999999999999889, 0.0000000000000000000 ) ) ;
#3028 = DIRECTION ( 'NONE',  ( -1.000000000000000000, -0.0000000000000000000, 0.0000000000000000000 ) ) ;
#3029 = PLANE ( 'NONE',  #2747 ) ;
#3030 = EDGE_CURVE ( 'NONE', #369, #815, #891, .T. ) ;
#3031 = AXIS2_PLACEMENT_3D ( 'NONE', #1396, #3422, #2126 ) ;
#3032 = MECHANICAL_DESIGN_GEOMETRIC_PRESENTATION_REPRESENTATION (  '', ( #1870 ), #1378 ) ;
#3033 = PRODUCT ( 'Cut006', 'Cut006', '', ( #1548 ) ) ;
#3034 = ORIENTED_EDGE ( 'NONE', *, *, #1608, .T. ) ;
#3035 =( LENGTH_UNIT ( ) NAMED_UNIT ( * ) SI_UNIT ( .MILLI., .METRE. ) );
#3036 = STYLED_ITEM ( 'NONE', ( #928 ), #3428 ) ;
#3037 = MECHANICAL_DESIGN_GEOMETRIC_PRESENTATION_REPRESENTATION (  '', ( #2339 ), #134 ) ;
#3038 = DIRECTION ( 'NONE',  ( 0.0000000000000000000, 1.000000000000000000, 1.185846126156020475E-16 ) ) ;
#3039 = EDGE_CURVE ( 'NONE', #2195, #2788, #3741, .T. ) ;
#3040 = DIRECTION ( 'NONE',  ( -0.0000000000000000000, 0.0000000000000000000, -1.000000000000000000 ) ) ;
#3041 = PRESENTATION_LAYER_ASSIGNMENT (  '', '', ( #2764 ) ) ;
#3042 = FACE_OUTER_BOUND ( 'NONE', #1015, .T. ) ;
#3043 = VERTEX_POINT ( 'NONE', #3187 ) ;
#3044 = FILL_AREA_STYLE ('',( #799 ) ) ;
#3045 = EDGE_CURVE ( 'NONE', #2511, #1111, #2493, .T. ) ;
#3046 = DIRECTION ( 'NONE',  ( -1.000000000000000000, 0.0000000000000000000, 0.0000000000000000000 ) ) ;
#3047 = CYLINDRICAL_SURFACE ( 'NONE', #3931, 0.01500000000000001159 ) ;
#3048 = VERTEX_POINT ( 'NONE', #1229 ) ;
#3049 = SURFACE_STYLE_FILL_AREA ( #1985 ) ;
#3050 =( NAMED_UNIT ( * ) SI_UNIT ( $, .STERADIAN. ) SOLID_ANGLE_UNIT ( ) );
#3051 = UNCERTAINTY_MEASURE_WITH_UNIT (LENGTH_MEASURE( 1.000000000000000082E-05 ), #1861, 'distance_accuracy_value', 'NONE');
#3052 = DIRECTION ( 'NONE',  ( 0.0000000000000000000, -1.224646799146999945E-16, -1.000000000000000000 ) ) ;
#3053 = FILL_AREA_STYLE ('',( #789 ) ) ;
#3054 = SURFACE_STYLE_FILL_AREA ( #2392 ) ;
#3055 = ORIENTED_EDGE ( 'NONE', *, *, #1460, .F. ) ;
#3056 =( NAMED_UNIT ( * ) SI_UNIT ( $, .STERADIAN. ) SOLID_ANGLE_UNIT ( ) );
#3057 = UNCERTAINTY_MEASURE_WITH_UNIT (LENGTH_MEASURE( 1.000000000000000082E-05 ), #1525, 'distance_accuracy_value', 'NONE');
#3058 = SURFACE_STYLE_USAGE ( .BOTH. , #2727 ) ;
#3059 = VERTEX_POINT ( 'NONE', #181 ) ;
#3060 = CARTESIAN_POINT ( 'NONE',  ( 0.2000000000000000111, 0.2600000000000000089, 0.0000000000000000000 ) ) ;
#3061 = DIRECTION ( 'NONE',  ( 0.0000000000000000000, 1.000000000000000000, 1.224646799146999945E-16 ) ) ;
#3062 = CARTESIAN_POINT ( 'NONE',  ( -0.3875192319069999947, -0.2999999999999999889, 0.0000000000000000000 ) ) ;
#3063 = PRESENTATION_LAYER_ASSIGNMENT (  '', '', ( #3841 ) ) ;
#3064 = DIRECTION ( 'NONE',  ( 0.0000000000000000000, 0.0000000000000000000, -1.000000000000000000 ) ) ;
#3065 = VERTEX_POINT ( 'NONE', #1817 ) ;
#3066 = DIRECTION ( 'NONE',  ( -0.0000000000000000000, 1.000000000000000000, 0.0000000000000000000 ) ) ;
#3067 = ADVANCED_FACE ( 'NONE', ( #243 ), #1486, .F. ) ;
#3068 = COLOUR_RGB ( '',0.0000000000000000000, 1.000000000000000000, 0.0000000000000000000 ) ;
#3069 = LINE ( 'NONE', #23, #3795 ) ;
#3070 = EDGE_CURVE ( 'NONE', #3179, #2571, #3862, .T. ) ;
#3071 =( LENGTH_UNIT ( ) NAMED_UNIT ( * ) SI_UNIT ( .MILLI., .METRE. ) );
#3072 = DIRECTION ( 'NONE',  ( 0.0000000000000000000, 1.000000000000000000, -1.355252715606880296E-16 ) ) ;
#3073 = DIRECTION ( 'NONE',  ( -1.000000000000000000, 0.0000000000000000000, 0.0000000000000000000 ) ) ;
#3074 = ORIENTED_EDGE ( 'NONE', *, *, #990, .F. ) ;
#3075 = EDGE_LOOP ( 'NONE', ( #3647, #1217, #1566, #3988 ) ) ;
#3076 = DIRECTION ( 'NONE',  ( 0.0000000000000000000, -1.000000000000000000, -0.0000000000000000000 ) ) ;
#3077 =( NAMED_UNIT ( * ) PLANE_ANGLE_UNIT ( ) SI_UNIT ( $, .RADIAN. ) );
#3078 = ORIENTED_EDGE ( 'NONE', *, *, #857, .F. ) ;
#3079 = CARTESIAN_POINT ( 'NONE',  ( -0.1000000000000000056, -0.1500000000000000222, -0.01000000000000000021 ) ) ;
#3080 = PRESENTATION_LAYER_ASSIGNMENT (  '', '', ( #659 ) ) ;
#3081 = DIRECTION ( 'NONE',  ( 0.0000000000000000000, 1.224646799146999945E-16, -1.000000000000000000 ) ) ;
#3082 = CARTESIAN_POINT ( 'NONE',  ( -0.2975000000000000977, 0.2974999999999999867, 0.1250000000000000000 ) ) ;
#3083 = CIRCLE ( 'NONE', #3164, 0.2000000000000000111 ) ;
#3084 = FILL_AREA_STYLE_COLOUR ( '', #384 ) ;
#3085 = CARTESIAN_POINT ( 'NONE',  ( -0.5000000000000000000, 0.2999999999999999889, 0.0000000000000000000 ) ) ;
#3086 = EDGE_LOOP ( 'NONE', ( #2146, #198, #1929, #2020 ) ) ;
#3087 = DIRECTION ( 'NONE',  ( 0.0000000000000000000, 0.0000000000000000000, 1.000000000000000000 ) ) ;
#3088 = LINE ( 'NONE', #2762, #1010 ) ;
#3089 = STYLED_ITEM ( 'NONE', ( #2367 ), #1423 ) ;
#3090 = ORIENTED_EDGE ( 'NONE', *, *, #4246, .F. ) ;
#3091 = VECTOR ( 'NONE', #1527, 1000.000000000000000 ) ;
#3092 = LINE ( 'NONE', #4049, #2548 ) ;
#3093 = VECTOR ( 'NONE', #565, 1000.000000000000000 ) ;
#3094 = COLOUR_RGB ( '',0.0000000000000000000, 1.000000000000000000, 0.0000000000000000000 ) ;
#3095 = CARTESIAN_POINT ( 'NONE',  ( 0.4949999999999222799, -0.1577111547697281346, 1.931404608786746271E-17 ) ) ;
#3096 = EDGE_CURVE ( 'NONE', #3766, #1438, #207, .T. ) ;
#3097 = PRESENTATION_LAYER_ASSIGNMENT (  '', '', ( #676 ) ) ;
#3098 = FILL_AREA_STYLE ('',( #3414 ) ) ;
#3099 = ORIENTED_EDGE ( 'NONE', *, *, #1219, .T. ) ;
#3100 = STYLED_ITEM ( 'NONE', ( #1950 ), #935 ) ;
#3101 = ORIENTED_EDGE ( 'NONE', *, *, #3003, .T. ) ;
#3102 = CARTESIAN_POINT ( 'NONE',  ( 0.3875192319071404379, 0.2999999999999999889, 0.05999999999999999778 ) ) ;
#3103 = AXIS2_PLACEMENT_3D ( 'NONE', #1971, #3308, #321 ) ;
#3104 = AXIS2_PLACEMENT_3D ( 'NONE', #492, #105, #1442 ) ;
#3105 = PLANE ( 'NONE',  #3188 ) ;
#3106 = CIRCLE ( 'NONE', #197, 0.1700000000000000122 ) ;
#3107 = ADVANCED_FACE ( 'NONE', ( #3497 ), #1832, .T. ) ;
#3108 = CLOSED_SHELL ( 'NONE', ( #3886, #3650, #2426, #1822, #3590, #3949, #2792, #2311, #4223, #34, #237, #2029, #2982, #4137, #3133, #2907, #4289, #1826, #2576, #2223, #2697, #3217, #1005, #2718, #1167, #736 ) ) ;
#3109 = VECTOR ( 'NONE', #1353, 1000.000000000000000 ) ;
#3110 = ORIENTED_EDGE ( 'NONE', *, *, #2926, .T. ) ;
#3111 = CARTESIAN_POINT ( 'NONE',  ( -0.4749999999999999778, -0.1645950378230000011, 2.015707862250000449E-17 ) ) ;
#3112 =( NAMED_UNIT ( * ) SI_UNIT ( $, .STERADIAN. ) SOLID_ANGLE_UNIT ( ) );
#3113 = UNCERTAINTY_MEASURE_WITH_UNIT (LENGTH_MEASURE( 1.000000000000000082E-05 ), #2684, 'distance_accuracy_value', 'NONE');
#3114 = MECHANICAL_DESIGN_GEOMETRIC_PRESENTATION_REPRESENTATION (  '', ( #2136 ), #3601 ) ;
#3115 = CARTESIAN_POINT ( 'NONE',  ( -0.3275140453870000190, -0.2600000000000000089, 0.06000000000000000472 ) ) ;
#3116 = PRESENTATION_LAYER_ASSIGNMENT (  '', '', ( #684 ) ) ;
#3117 = PRESENTATION_LAYER_ASSIGNMENT (  '', '', ( #4286 ) ) ;
#3118 = DIRECTION ( 'NONE',  ( -0.0000000000000000000, 1.224646799146999945E-16, 1.000000000000000000 ) ) ;
#3119 = VERTEX_POINT ( 'NONE', #656 ) ;
#3120 =( GEOMETRIC_REPRESENTATION_CONTEXT ( 3 ) GLOBAL_UNCERTAINTY_ASSIGNED_CONTEXT ( ( #4064 ) ) GLOBAL_UNIT_ASSIGNED_CONTEXT ( ( #2071, #4012, #1735 ) ) REPRESENTATION_CONTEXT ( 'NONE', 'WORKASPACE' ) );
#3121 = DIRECTION ( 'NONE',  ( 0.0000000000000000000, 1.000000000000000000, 1.224646799146999945E-16 ) ) ;
#3122 = SURFACE_STYLE_FILL_AREA ( #920 ) ;
#3123 = VECTOR ( 'NONE', #848, 1000.000000000000000 ) ;
#3124 =( LENGTH_UNIT ( ) NAMED_UNIT ( * ) SI_UNIT ( .MILLI., .METRE. ) );
#3125 = VECTOR ( 'NONE', #3523, 1000.000000000000000 ) ;
#3126 = CARTESIAN_POINT ( 'NONE',  ( -0.4949999999999999956, -0.2999999999999999889, 0.06000000000000000472 ) ) ;
#3127 = SURFACE_STYLE_USAGE ( .BOTH. , #1061 ) ;
#3128 = ORIENTED_EDGE ( 'NONE', *, *, #1777, .T. ) ;
#3129 = ORIENTED_EDGE ( 'NONE', *, *, #2578, .F. ) ;
#3130 = CARTESIAN_POINT ( 'NONE',  ( -0.3713942890050412338, -0.2600000000000000089, -1.592040838891600018E-17 ) ) ;
#3131 = ORIENTED_EDGE ( 'NONE', *, *, #2772, .F. ) ;
#3132 = DIRECTION ( 'NONE',  ( 0.0000000000000000000, -1.000000000000000000, -1.034036596358999946E-18 ) ) ;
#3133 = ADVANCED_FACE ( 'NONE', ( #620 ), #4280, .T. ) ;
#3134 = CARTESIAN_POINT ( 'NONE',  ( 0.4949999999999999956, -0.2999999999999999889, 0.02000000000000000042 ) ) ;
#3135 = COLOUR_RGB ( '',0.7803921568627451011, 0.5686274509803921351, 0.1137254901960784298 ) ;
#3136 = PRESENTATION_STYLE_ASSIGNMENT (( #2378 ) ) ;
#3137 = DIRECTION ( 'NONE',  ( 1.000000000000000000, 0.0000000000000000000, -0.0000000000000000000 ) ) ;
#3138 = LINE ( 'NONE', #1484, #2948 ) ;
#3139 = VERTEX_POINT ( 'NONE', #16 ) ;
#3140 = DIRECTION ( 'NONE',  ( 0.0000000000000000000, 0.0000000000000000000, 1.000000000000000000 ) ) ;
#3141 = DIRECTION ( 'NONE',  ( 0.0000000000000000000, -1.000000000000000000, -1.224646799146999945E-16 ) ) ;
#3142 = APPLICATION_PROTOCOL_DEFINITION ( 'draft international standard', 'automotive_design', 1998, #1899 ) ;
#3143 = ORIENTED_EDGE ( 'NONE', *, *, #3703, .F. ) ;
#3144 = PLANE ( 'NONE',  #1434 ) ;
#3145 =( LENGTH_UNIT ( ) NAMED_UNIT ( * ) SI_UNIT ( .MILLI., .METRE. ) );
#3146 =( LENGTH_UNIT ( ) NAMED_UNIT ( * ) SI_UNIT ( .MILLI., .METRE. ) );
#3147 = PRESENTATION_STYLE_ASSIGNMENT (( #859 ) ) ;
#3148 = DIRECTION ( 'NONE',  ( -0.0000000000000000000, -0.0000000000000000000, -1.000000000000000000 ) ) ;
#3149 = ORIENTED_EDGE ( 'NONE', *, *, #3858, .F. ) ;
#3150 = ORIENTED_EDGE ( 'NONE', *, *, #535, .F. ) ;
#3151 = FACE_OUTER_BOUND ( 'NONE', #1760, .T. ) ;
#3152 = DIRECTION ( 'NONE',  ( 1.000000000000000000, 0.0000000000000000000, 0.0000000000000000000 ) ) ;
#3153 = UNCERTAINTY_MEASURE_WITH_UNIT (LENGTH_MEASURE( 1.000000000000000082E-05 ), #2234, 'distance_accuracy_value', 'NONE');
#3154 =( NAMED_UNIT ( * ) SI_UNIT ( $, .STERADIAN. ) SOLID_ANGLE_UNIT ( ) );
#3155 = EDGE_CURVE ( 'NONE', #3059, #290, #901, .T. ) ;
#3156 = VERTEX_POINT ( 'NONE', #2663 ) ;
#3157 = LINE ( 'NONE', #4225, #4167 ) ;
#3158 = FILL_AREA_STYLE ('',( #1071 ) ) ;
#3159 = EDGE_CURVE ( 'NONE', #3870, #4054, #1007, .T. ) ;
#3160 = CARTESIAN_POINT ( 'NONE',  ( 0.4999999999999514277, 0.2085786437627077106, 0.0000000000000000000 ) ) ;
#3161 = PRESENTATION_LAYER_ASSIGNMENT (  '', '', ( #3927 ) ) ;
#3162 = FILL_AREA_STYLE_COLOUR ( '', #4293 ) ;
#3163 = ADVANCED_BREP_SHAPE_REPRESENTATION ( '', ( #3323, #3761 ), #3694 ) ;
#3164 = AXIS2_PLACEMENT_3D ( 'NONE', #2698, #2069, #1449 ) ;
#3165 = PRESENTATION_STYLE_ASSIGNMENT (( #2780 ) ) ;
#3166 = STYLED_ITEM ( 'NONE', ( #3277 ), #2426 ) ;
#3167 = DIRECTION ( 'NONE',  ( 0.0000000000000000000, 0.0000000000000000000, 1.000000000000000000 ) ) ;
#3168 = SURFACE_STYLE_FILL_AREA ( #4234 ) ;
#3169 = PLANE ( 'NONE',  #1440 ) ;
#3170 = SURFACE_STYLE_FILL_AREA ( #2140 ) ;
#3171 = FILL_AREA_STYLE ('',( #1216 ) ) ;
#3172 = ORIENTED_EDGE ( 'NONE', *, *, #360, .F. ) ;
#3173 = VERTEX_POINT ( 'NONE', #345 ) ;
#3174 = CARTESIAN_POINT ( 'NONE',  ( -0.4949999999999999956, 0.1891429205787729384, 0.02000000000000002123 ) ) ;
#3175 = DIRECTION ( 'NONE',  ( 0.0000000000000000000, 0.0000000000000000000, 1.000000000000000000 ) ) ;
#3176 = CARTESIAN_POINT ( 'NONE',  ( -0.5500000000000000444, 0.3499999999999999778, 0.06000000000000000472 ) ) ;
#3177 = STYLED_ITEM ( 'NONE', ( #2666 ), #3836 ) ;
#3178 = VECTOR ( 'NONE', #3429, 1000.000000000000000 ) ;
#3179 = VERTEX_POINT ( 'NONE', #2986 ) ;
#3180 = CIRCLE ( 'NONE', #2749, 0.2000000000000000389 ) ;
#3181 =( NAMED_UNIT ( * ) SI_UNIT ( $, .STERADIAN. ) SOLID_ANGLE_UNIT ( ) );
#3182 = PRESENTATION_STYLE_ASSIGNMENT (( #3493 ) ) ;
#3183 = COLOUR_RGB ( '',0.7803921568627451011, 0.5686274509803921351, 0.1137254901960784298 ) ;
#3184 = DIRECTION ( 'NONE',  ( 0.0000000000000000000, 0.0000000000000000000, 1.000000000000000000 ) ) ;
#3185 = DIRECTION ( 'NONE',  ( 0.0000000000000000000, 1.000000000000000000, 1.224646799146999945E-16 ) ) ;
#3186 = ORIENTED_EDGE ( 'NONE', *, *, #3482, .F. ) ;
#3187 = CARTESIAN_POINT ( 'NONE',  ( 0.4949999999999999956, 0.1891429205787729384, 0.02000000000000002123 ) ) ;
#3188 = AXIS2_PLACEMENT_3D ( 'NONE', #2808, #3902, #3175 ) ;
#3189 = EDGE_CURVE ( 'NONE', #2016, #1779, #3995, .T. ) ;
#3190 = CARTESIAN_POINT ( 'NONE',  ( 0.4949999999999999956, 0.2999999999999999889, 0.02000000000000000042 ) ) ;
#3191 =( NAMED_UNIT ( * ) SI_UNIT ( $, .STERADIAN. ) SOLID_ANGLE_UNIT ( ) );
#3192 = AXIS2_PLACEMENT_3D ( 'NONE', #1322, #3938, #966 ) ;
#3193 = VECTOR ( 'NONE', #2890, 1000.000000000000000 ) ;
#3194 = UNCERTAINTY_MEASURE_WITH_UNIT (LENGTH_MEASURE( 1.000000000000000082E-05 ), #2648, 'distance_accuracy_value', 'NONE');
#3195 = FILL_AREA_STYLE ('',( #2783 ) ) ;
#3196 = ORIENTED_EDGE ( 'NONE', *, *, #3655, .T. ) ;
#3197 = DIRECTION ( 'NONE',  ( 0.0000000000000000000, 0.0000000000000000000, 1.000000000000000000 ) ) ;
#3198 = MECHANICAL_DESIGN_GEOMETRIC_PRESENTATION_REPRESENTATION (  '', ( #212 ), #4299 ) ;
#3199 = CARTESIAN_POINT ( 'NONE',  ( 0.5000000000000000000, 0.2999999999999999889, 0.08000000000000000167 ) ) ;
#3200 = UNCERTAINTY_MEASURE_WITH_UNIT (LENGTH_MEASURE( 1.000000000000000082E-05 ), #3901, 'distance_accuracy_value', 'NONE');
#3201 = PLANE ( 'NONE',  #892 ) ;
#3202 = ORIENTED_EDGE ( 'NONE', *, *, #2171, .T. ) ;
#3203 = DIRECTION ( 'NONE',  ( 1.000000000000000000, 0.0000000000000000000, 0.0000000000000000000 ) ) ;
#3204 = FILL_AREA_STYLE_COLOUR ( '', #3735 ) ;
#3205 = CARTESIAN_POINT ( 'NONE',  ( -0.3713942890050741519, 0.2600000000000166067, 0.01999999999999999695 ) ) ;
#3206 = CARTESIAN_POINT ( 'NONE',  ( 0.2950000000000000400, -0.3000000000000000444, 0.0000000000000000000 ) ) ;
#3207 = VERTEX_POINT ( 'NONE', #593 ) ;
#3208 = FACE_OUTER_BOUND ( 'NONE', #3851, .T. ) ;
#3209 = SHAPE_DEFINITION_REPRESENTATION ( #2302, #2556 ) ;
#3210 = EDGE_CURVE ( 'NONE', #3361, #592, #269, .T. ) ;
#3211 = DIRECTION ( 'NONE',  ( 0.0000000000000000000, -1.000000000000000000, 0.0000000000000000000 ) ) ;
#3212 = PRESENTATION_LAYER_ASSIGNMENT (  '', '', ( #439 ) ) ;
#3213 = DIRECTION ( 'NONE',  ( 0.0000000000000000000, -1.224646799146999945E-16, -1.000000000000000000 ) ) ;
#3214 =( NAMED_UNIT ( * ) PLANE_ANGLE_UNIT ( ) SI_UNIT ( $, .RADIAN. ) );
#3215 = CARTESIAN_POINT ( 'NONE',  ( 0.5500000000000000444, 0.3499999999999999778, 0.02000000000000000042 ) ) ;
#3216 =( NAMED_UNIT ( * ) PLANE_ANGLE_UNIT ( ) SI_UNIT ( $, .RADIAN. ) );
#3217 = ADVANCED_FACE ( 'NONE', ( #418 ), #1787, .T. ) ;
#3218 = VERTEX_POINT ( 'NONE', #2729 ) ;
#3219 = FILL_AREA_STYLE_COLOUR ( '', #3732 ) ;
#3220 = DIRECTION ( 'NONE',  ( 0.0000000000000000000, -1.034036596358999946E-18, 1.000000000000000000 ) ) ;
#3221 = ORIENTED_EDGE ( 'NONE', *, *, #1800, .F. ) ;
#3222 = SURFACE_STYLE_FILL_AREA ( #2465 ) ;
#3223 = SURFACE_STYLE_USAGE ( .BOTH. , #1592 ) ;
#3224 = CARTESIAN_POINT ( 'NONE',  ( -0.4949999999999999956, 0.2999999999999999889, 0.05999999999999999778 ) ) ;
#3225 =( NAMED_UNIT ( * ) PLANE_ANGLE_UNIT ( ) SI_UNIT ( $, .RADIAN. ) );
#3226 = EDGE_LOOP ( 'NONE', ( #3541, #1523, #1228, #2393, #3415, #702, #3019, #3202, #1697, #2463, #417, #2323 ) ) ;
#3227 = SURFACE_STYLE_FILL_AREA ( #324 ) ;
#3228 = PRESENTATION_STYLE_ASSIGNMENT (( #1922 ) ) ;
#3229 = APPLICATION_CONTEXT ( 'automotive_design' ) ;
#3230 = SURFACE_STYLE_USAGE ( .BOTH. , #596 ) ;
#3231 = PRODUCT_DEFINITION ( 'UNKNOWN', '', #1273, #55 ) ;
#3232 = CARTESIAN_POINT ( 'NONE',  ( 0.4949999999999999956, -0.2999999999999999889, 0.02000000000000000042 ) ) ;
#3233 = STYLED_ITEM ( 'NONE', ( #323 ), #2558 ) ;
#3234 = SURFACE_STYLE_FILL_AREA ( #3171 ) ;
#3235 =( NAMED_UNIT ( * ) SI_UNIT ( $, .STERADIAN. ) SOLID_ANGLE_UNIT ( ) );
#3236 = ORIENTED_EDGE ( 'NONE', *, *, #1563, .F. ) ;
#3237 = CARTESIAN_POINT ( 'NONE',  ( -0.3713942890050741519, 0.2600000000000166067, 3.184081677784202751E-17 ) ) ;
#3238 = EDGE_CURVE ( 'NONE', #1327, #369, #1744, .T. ) ;
#3239 = CARTESIAN_POINT ( 'NONE',  ( 0.2000000000000000111, -0.2999999999999999889, 0.02000000000000000042 ) ) ;
#3240 = PRESENTATION_STYLE_ASSIGNMENT (( #1909 ) ) ;
#3241 = ORIENTED_EDGE ( 'NONE', *, *, #711, .F. ) ;
#3242 = PRESENTATION_LAYER_ASSIGNMENT (  '', '', ( #1572 ) ) ;
#3243 = SURFACE_STYLE_FILL_AREA ( #870 ) ;
#3244 = CIRCLE ( 'NONE', #960, 0.2000000000000000389 ) ;
#3245 = CYLINDRICAL_SURFACE ( 'NONE', #394, 0.1700000000000000122 ) ;
#3246 = CIRCLE ( 'NONE', #894, 0.005000000000000013115 ) ;
#3247 = VECTOR ( 'NONE', #929, 1000.000000000000000 ) ;
#3248 = SURFACE_STYLE_USAGE ( .BOTH. , #1287 ) ;
#3249 = MECHANICAL_DESIGN_GEOMETRIC_PRESENTATION_REPRESENTATION (  '', ( #3100 ), #828 ) ;
#3250 =( GEOMETRIC_REPRESENTATION_CONTEXT ( 3 ) GLOBAL_UNCERTAINTY_ASSIGNED_CONTEXT ( ( #3283 ) ) GLOBAL_UNIT_ASSIGNED_CONTEXT ( ( #1439, #3356, #2707 ) ) REPRESENTATION_CONTEXT ( 'NONE', 'WORKASPACE' ) );
#3251 = PRESENTATION_LAYER_ASSIGNMENT (  '', '', ( #3599 ) ) ;
#3252 = VECTOR ( 'NONE', #3854, 1000.000000000000000 ) ;
#3253 = FILL_AREA_STYLE ('',( #1575 ) ) ;
#3254 = DIRECTION ( 'NONE',  ( -1.000000000000000000, 0.0000000000000000000, 0.0000000000000000000 ) ) ;
#3255 = MECHANICAL_DESIGN_GEOMETRIC_PRESENTATION_REPRESENTATION (  '', ( #2685 ), #683 ) ;
#3256 = MECHANICAL_DESIGN_GEOMETRIC_PRESENTATION_REPRESENTATION (  '', ( #329 ), #2000 ) ;
#3257 = AXIS2_PLACEMENT_3D ( 'NONE', #3262, #1620, #3620 ) ;
#3258 = ORIENTED_EDGE ( 'NONE', *, *, #3610, .F. ) ;
#3259 =( GEOMETRIC_REPRESENTATION_CONTEXT ( 3 ) GLOBAL_UNCERTAINTY_ASSIGNED_CONTEXT ( ( #2189 ) ) GLOBAL_UNIT_ASSIGNED_CONTEXT ( ( #3442, #2791, #2061 ) ) REPRESENTATION_CONTEXT ( 'NONE', 'WORKASPACE' ) );
#3260 = SURFACE_STYLE_USAGE ( .BOTH. , #2244 ) ;
#3261 = STYLED_ITEM ( 'NONE', ( #1794 ), #2907 ) ;
#3262 = CARTESIAN_POINT ( 'NONE',  ( 0.2999999999999999889, -0.2999999999999999889, 0.0000000000000000000 ) ) ;
#3263 = VECTOR ( 'NONE', #2182, 1000.000000000000000 ) ;
#3264 = FACE_OUTER_BOUND ( 'NONE', #3715, .T. ) ;
#3265 = EDGE_CURVE ( 'NONE', #2571, #3361, #2128, .T. ) ;
#3266 = ORIENTED_EDGE ( 'NONE', *, *, #2950, .T. ) ;
#3267 =( NAMED_UNIT ( * ) PLANE_ANGLE_UNIT ( ) SI_UNIT ( $, .RADIAN. ) );
#3268 = CIRCLE ( 'NONE', #3823, 0.2400000000000000189 ) ;
#3269 = DIRECTION ( 'NONE',  ( 0.0000000000000000000, 1.000000000000000000, -1.224646799146999945E-16 ) ) ;
#3270 = SURFACE_SIDE_STYLE ('',( #1937 ) ) ;
#3271 = EDGE_CURVE ( 'NONE', #1349, #2655, #1092, .T. ) ;
#3272 = ORIENTED_EDGE ( 'NONE', *, *, #2171, .F. ) ;
#3273 = SURFACE_STYLE_FILL_AREA ( #2512 ) ;
#3274 = CARTESIAN_POINT ( 'NONE',  ( 0.1000000000000000194, 0.2999999999999999889, 0.0000000000000000000 ) ) ;
#3275 = PLANE ( 'NONE',  #2211 ) ;
#3276 = CARTESIAN_POINT ( 'NONE',  ( -0.5500000000000000444, -0.3499999999999999778, 0.08000000000000001554 ) ) ;
#3277 = PRESENTATION_STYLE_ASSIGNMENT (( #1351 ) ) ;
#3278 = EDGE_LOOP ( 'NONE', ( #1223, #1485, #3789, #3196, #441, #982, #268, #1855 ) ) ;
#3279 =( NAMED_UNIT ( * ) SI_UNIT ( $, .STERADIAN. ) SOLID_ANGLE_UNIT ( ) );
#3280 =( GEOMETRIC_REPRESENTATION_CONTEXT ( 3 ) GLOBAL_UNCERTAINTY_ASSIGNED_CONTEXT ( ( #540 ) ) GLOBAL_UNIT_ASSIGNED_CONTEXT ( ( #3360, #142, #429 ) ) REPRESENTATION_CONTEXT ( 'NONE', 'WORKASPACE' ) );
#3281 = CARTESIAN_POINT ( 'NONE',  ( 0.4085786437627249024, -0.2999999999999027334, 0.0000000000000000000 ) ) ;
#3282 =( NAMED_UNIT ( * ) SI_UNIT ( $, .STERADIAN. ) SOLID_ANGLE_UNIT ( ) );
#3283 = UNCERTAINTY_MEASURE_WITH_UNIT (LENGTH_MEASURE( 1.000000000000000082E-05 ), #1439, 'distance_accuracy_value', 'NONE');
#3284 = SURFACE_STYLE_FILL_AREA ( #2033 ) ;
#3285 = PRODUCT_RELATED_PRODUCT_CATEGORY ( 'part', '', ( #3033 ) ) ;
#3286 = VERTEX_POINT ( 'NONE', #1370 ) ;
#3287 =( NAMED_UNIT ( * ) PLANE_ANGLE_UNIT ( ) SI_UNIT ( $, .RADIAN. ) );
#3288 = PLANE ( 'NONE',  #4263 ) ;
#3289 = ADVANCED_FACE ( 'NONE', ( #133 ), #1069, .T. ) ;
#3290 = DIRECTION ( 'NONE',  ( 0.0000000000000000000, 1.000000000000000000, 1.224646799146999945E-16 ) ) ;
#3291 =( BOUNDED_CURVE ( )  B_SPLINE_CURVE ( 3, ( #2787, #1784, #2442, #1089 ),
 .UNSPECIFIED., .F., .T. ) 
 B_SPLINE_CURVE_WITH_KNOTS ( ( 4, 4 ),
 ( 4.712388980384689674, 6.283185307179586232 ),
 .UNSPECIFIED. ) 
 CURVE ( )  GEOMETRIC_REPRESENTATION_ITEM ( )  RATIONAL_B_SPLINE_CURVE ( ( 1.000000000000000000, 0.8047378541243649375, 0.8047378541243649375, 1.000000000000000000 ) ) 
 REPRESENTATION_ITEM ( '' )  );
#3292 = CONTEXT_DEPENDENT_SHAPE_REPRESENTATION ( #646, #327 ) ;
#3293 = VERTEX_POINT ( 'NONE', #3079 ) ;
#3294 =( NAMED_UNIT ( * ) SI_UNIT ( $, .STERADIAN. ) SOLID_ANGLE_UNIT ( ) );
#3295 = ADVANCED_FACE ( 'NONE', ( #3674 ), #4092, .F. ) ;
#3296 = LINE ( 'NONE', #1959, #1857 ) ;
#3297 = PLANE ( 'NONE',  #1565 ) ;
#3298 = ORIENTED_EDGE ( 'NONE', *, *, #2167, .F. ) ;
#3299 = CIRCLE ( 'NONE', #2308, 0.1700000000000000122 ) ;
#3300 =( LENGTH_UNIT ( ) NAMED_UNIT ( * ) SI_UNIT ( .MILLI., .METRE. ) );
#3301 = SURFACE_STYLE_USAGE ( .BOTH. , #959 ) ;
#3302 = CARTESIAN_POINT ( 'NONE',  ( 0.4749999999999999778, 0.2999999999999999889, 0.08000000000000000167 ) ) ;
#3303 = ORIENTED_EDGE ( 'NONE', *, *, #2911, .F. ) ;
#3304 = EDGE_LOOP ( 'NONE', ( #1778, #3900, #1945, #808 ) ) ;
#3305 = CARTESIAN_POINT ( 'NONE',  ( -0.5500000000000000444, -0.3499999999999999778, 4.286263797015999754E-17 ) ) ;
#3306 = CARTESIAN_POINT ( 'NONE',  ( -0.5500000000000000444, 0.3499999999999999778, 0.07999999999999997391 ) ) ;
#3307 = VERTEX_POINT ( 'NONE', #1480 ) ;
#3308 = DIRECTION ( 'NONE',  ( -0.0000000000000000000, 1.000000000000000000, 0.0000000000000000000 ) ) ;
#3309 =( GEOMETRIC_REPRESENTATION_CONTEXT ( 3 ) GLOBAL_UNCERTAINTY_ASSIGNED_CONTEXT ( ( #1279 ) ) GLOBAL_UNIT_ASSIGNED_CONTEXT ( ( #1666, #2433, #4104 ) ) REPRESENTATION_CONTEXT ( 'NONE', 'WORKASPACE' ) );
#3310 = PRESENTATION_LAYER_ASSIGNMENT (  '', '', ( #3997 ) ) ;
#3311 = DIRECTION ( 'NONE',  ( -0.0000000000000000000, -1.224646799146999945E-16, 1.000000000000000000 ) ) ;
#3312 =( REPRESENTATION_RELATIONSHIP ('NONE','NONE', #3758, #1487 ) REPRESENTATION_RELATIONSHIP_WITH_TRANSFORMATION ( #624 )SHAPE_REPRESENTATION_RELATIONSHIP( ) );
#3313 =( GEOMETRIC_REPRESENTATION_CONTEXT ( 3 ) GLOBAL_UNCERTAINTY_ASSIGNED_CONTEXT ( ( #1933 ) ) GLOBAL_UNIT_ASSIGNED_CONTEXT ( ( #3035, #65, #3372 ) ) REPRESENTATION_CONTEXT ( 'NONE', 'WORKASPACE' ) );
#3314 = ADVANCED_FACE ( 'NONE', ( #4164 ), #868, .T. ) ;
#3315 = AXIS2_PLACEMENT_3D ( 'NONE', #136, #420, #1468 ) ;
#3316 = CIRCLE ( 'NONE', #1444, 0.2000000000000000111 ) ;
#3317 = PRESENTATION_LAYER_ASSIGNMENT (  '', '', ( #1302 ) ) ;
#3318 = CARTESIAN_POINT ( 'NONE',  ( -0.3713942890049999890, -0.2600000000000000089, -3.184081677782999738E-17 ) ) ;
#3319 =( GEOMETRIC_REPRESENTATION_CONTEXT ( 3 ) GLOBAL_UNCERTAINTY_ASSIGNED_CONTEXT ( ( #2885 ) ) GLOBAL_UNIT_ASSIGNED_CONTEXT ( ( #2639, #2331, #2252 ) ) REPRESENTATION_CONTEXT ( 'NONE', 'WORKASPACE' ) );
#3320 = AXIS2_PLACEMENT_3D ( 'NONE', #4184, #1497, #1780 ) ;
#3321 = ORIENTED_EDGE ( 'NONE', *, *, #2583, .F. ) ;
#3322 = EDGE_CURVE ( 'NONE', #513, #3286, #3492, .T. ) ;
#3323 = MANIFOLD_SOLID_BREP ( 'Imported1', #3108 ) ;
#3324 = PRESENTATION_STYLE_ASSIGNMENT (( #2027 ) ) ;
#3325 = AXIS2_PLACEMENT_3D ( 'NONE', #2527, #590, #911 ) ;
#3326 = VECTOR ( 'NONE', #3834, 1000.000000000000000 ) ;
#3327 = FILL_AREA_STYLE ('',( #985 ) ) ;
#3328 = FACE_OUTER_BOUND ( 'NONE', #2105, .T. ) ;
#3329 = SURFACE_SIDE_STYLE ('',( #987 ) ) ;
#3330 = ORIENTED_EDGE ( 'NONE', *, *, #378, .F. ) ;
#3331 = DIRECTION ( 'NONE',  ( -0.0000000000000000000, 1.000000000000000000, 0.0000000000000000000 ) ) ;
#3332 = SURFACE_STYLE_USAGE ( .BOTH. , #1283 ) ;
#3333 = UNCERTAINTY_MEASURE_WITH_UNIT (LENGTH_MEASURE( 1.000000000000000082E-05 ), #147, 'distance_accuracy_value', 'NONE');
#3334 = CARTESIAN_POINT ( 'NONE',  ( 0.2975000000000000422, 0.2974999999999999867, 0.1250000000000000000 ) ) ;
#3335 = MECHANICAL_DESIGN_GEOMETRIC_PRESENTATION_REPRESENTATION (  '', ( #1042 ), #1594 ) ;
#3336 = VERTEX_POINT ( 'NONE', #2554 ) ;
#3337 = CARTESIAN_POINT ( 'NONE',  ( 0.2999999999999999889, -0.2999999999999999889, 0.1337867965644035650 ) ) ;
#3338 = FILL_AREA_STYLE_COLOUR ( '', #3869 ) ;
#3339 = CONTEXT_DEPENDENT_SHAPE_REPRESENTATION ( #2194, #686 ) ;
#3340 = ORIENTED_EDGE ( 'NONE', *, *, #2638, .T. ) ;
#3341 = CARTESIAN_POINT ( 'NONE',  ( 0.5500000000000000444, -0.3499999999999999778, 0.06000000000000000472 ) ) ;
#3342 = EDGE_CURVE ( 'NONE', #4113, #770, #2251, .T. ) ;
#3343 = ORIENTED_EDGE ( 'NONE', *, *, #1324, .F. ) ;
#3344 = LINE ( 'NONE', #354, #3109 ) ;
#3345 = AXIS2_PLACEMENT_3D ( 'NONE', #1252, #1065, #1364 ) ;
#3346 = SURFACE_STYLE_USAGE ( .BOTH. , #1703 ) ;
#3347 = LINE ( 'NONE', #2246, #3377 ) ;
#3348 = EDGE_CURVE ( 'NONE', #3625, #1686, #1387, .T. ) ;
#3349 =( NAMED_UNIT ( * ) SI_UNIT ( $, .STERADIAN. ) SOLID_ANGLE_UNIT ( ) );
#3350 = EDGE_LOOP ( 'NONE', ( #873, #1464, #630, #2706 ) ) ;
#3351 = ORIENTED_EDGE ( 'NONE', *, *, #3045, .F. ) ;
#3352 = CARTESIAN_POINT ( 'NONE',  ( 0.3713942890050741519, -0.2600000000000165512, -3.184081677783202500E-17 ) ) ;
#3353 = FILL_AREA_STYLE_COLOUR ( '', #1368 ) ;
#3354 = FILL_AREA_STYLE_COLOUR ( '', #1788 ) ;
#3355 = ORIENTED_EDGE ( 'NONE', *, *, #2364, .T. ) ;
#3356 =( NAMED_UNIT ( * ) PLANE_ANGLE_UNIT ( ) SI_UNIT ( $, .RADIAN. ) );
#3357 = CARTESIAN_POINT ( 'NONE',  ( 0.5000000000000000000, 0.2999999999999999889, 0.0000000000000000000 ) ) ;
#3358 = ORIENTED_EDGE ( 'NONE', *, *, #2167, .T. ) ;
#3359 =( LENGTH_UNIT ( ) NAMED_UNIT ( * ) SI_UNIT ( .MILLI., .METRE. ) );
#3360 =( LENGTH_UNIT ( ) NAMED_UNIT ( * ) SI_UNIT ( .MILLI., .METRE. ) );
#3361 = VERTEX_POINT ( 'NONE', #2962 ) ;
#3362 = CARTESIAN_POINT ( 'NONE',  ( 0.5000000000000000000, 0.1563508326898145895, 0.07999999999999998779 ) ) ;
#3363 = CARTESIAN_POINT ( 'NONE',  ( 0.5500000000000000444, 0.3499999999999999778, 0.07999999999999997391 ) ) ;
#3364 = FACE_OUTER_BOUND ( 'NONE', #1998, .T. ) ;
#3365 = DIRECTION ( 'NONE',  ( 0.0000000000000000000, 1.000000000000000000, -1.129377263005733621E-16 ) ) ;
#3366 = AXIS2_PLACEMENT_3D ( 'NONE', #1834, #855, #3916 ) ;
#3367 = ORIENTED_EDGE ( 'NONE', *, *, #1428, .F. ) ;
#3368 = LINE ( 'NONE', #4088, #82 ) ;
#3369 = EDGE_CURVE ( 'NONE', #3810, #1479, #4242, .T. ) ;
#3370 = UNCERTAINTY_MEASURE_WITH_UNIT (LENGTH_MEASURE( 1.000000000000000082E-05 ), #3710, 'distance_accuracy_value', 'NONE');
#3371 = EDGE_LOOP ( 'NONE', ( #364, #3358, #1456, #3351 ) ) ;
#3372 =( NAMED_UNIT ( * ) SI_UNIT ( $, .STERADIAN. ) SOLID_ANGLE_UNIT ( ) );
#3373 = SURFACE_STYLE_USAGE ( .BOTH. , #3007 ) ;
#3374 = SURFACE_STYLE_FILL_AREA ( #2359 ) ;
#3375 = CARTESIAN_POINT ( 'NONE',  ( -0.05000000000000000278, 0.2999999999999999889, 0.0000000000000000000 ) ) ;
#3376 = ORIENTED_EDGE ( 'NONE', *, *, #2724, .F. ) ;
#3377 = VECTOR ( 'NONE', #356, 1000.000000000000000 ) ;
#3378 = PRESENTATION_LAYER_ASSIGNMENT (  '', '', ( #1293 ) ) ;
#3379 = MECHANICAL_DESIGN_GEOMETRIC_PRESENTATION_REPRESENTATION (  '', ( #1163 ), #2528 ) ;
#3380 = AXIS2_PLACEMENT_3D ( 'NONE', #2497, #2226, #2160 ) ;
#3381 = FILL_AREA_STYLE_COLOUR ( '', #661 ) ;
#3382 = VECTOR ( 'NONE', #2906, 1000.000000000000000 ) ;
#3383 = VECTOR ( 'NONE', #2533, 1000.000000000000000 ) ;
#3384 = ORIENTED_EDGE ( 'NONE', *, *, #3514, .T. ) ;
#3385 = DIRECTION ( 'NONE',  ( 0.0000000000000000000, 0.0000000000000000000, -1.000000000000000000 ) ) ;
#3386 = MECHANICAL_DESIGN_GEOMETRIC_PRESENTATION_REPRESENTATION (  '', ( #3598 ), #260 ) ;
#3387 = DIRECTION ( 'NONE',  ( -0.0000000000000000000, -0.0000000000000000000, -1.000000000000000000 ) ) ;
#3388 = VECTOR ( 'NONE', #3648, 1000.000000000000000 ) ;
#3389 =( NAMED_UNIT ( * ) SI_UNIT ( $, .STERADIAN. ) SOLID_ANGLE_UNIT ( ) );
#3390 = COLOUR_RGB ( '',0.7803921568627451011, 0.5686274509803921351, 0.1137254901960784298 ) ;
#3391 = CARTESIAN_POINT ( 'NONE',  ( -0.5500000000000000444, 0.3499999999999999778, 0.05999999999999999084 ) ) ;
#3392 = CARTESIAN_POINT ( 'NONE',  ( 0.5000000000000000000, -0.2085786437628452672, 0.08000000000000000167 ) ) ;
#3393 = PLANE ( 'NONE',  #3535 ) ;
#3394 = MECHANICAL_DESIGN_GEOMETRIC_PRESENTATION_REPRESENTATION (  '', ( #2276 ), #131 ) ;
#3395 = EDGE_CURVE ( 'NONE', #3179, #3458, #2589, .T. ) ;
#3396 = EDGE_LOOP ( 'NONE', ( #3343, #1743, #1495, #3272 ) ) ;
#3397 =( GEOMETRIC_REPRESENTATION_CONTEXT ( 3 ) GLOBAL_UNCERTAINTY_ASSIGNED_CONTEXT ( ( #3936 ) ) GLOBAL_UNIT_ASSIGNED_CONTEXT ( ( #589, #3267, #1647 ) ) REPRESENTATION_CONTEXT ( 'NONE', 'WORKASPACE' ) );
#3398 = AXIS2_PLACEMENT_3D ( 'NONE', #782, #1096, #1747 ) ;
#3399 = CARTESIAN_POINT ( 'NONE',  ( 0.2950000000000000400, 0.3000000000000000444, 0.0000000000000000000 ) ) ;
#3400 = COLOUR_RGB ( '',0.8274509803921568096, 0.8274509803921568096, 0.8274509803921568096 ) ;
#3401 = PLANE ( 'NONE',  #1382 ) ;
#3402 = DIRECTION ( 'NONE',  ( 0.0000000000000000000, 0.0000000000000000000, 1.000000000000000000 ) ) ;
#3403 = ADVANCED_FACE ( 'NONE', ( #2616 ), #2291, .T. ) ;
#3404 = ORIENTED_EDGE ( 'NONE', *, *, #1752, .F. ) ;
#3405 = LINE ( 'NONE', #3427, #1595 ) ;
#3406 = VECTOR ( 'NONE', #2274, 1000.000000000000000 ) ;
#3407 = DIRECTION ( 'NONE',  ( 0.0000000000000000000, 1.000000000000000000, -0.0000000000000000000 ) ) ;
#3408 = SURFACE_STYLE_USAGE ( .BOTH. , #4047 ) ;
#3409 =( LENGTH_UNIT ( ) NAMED_UNIT ( * ) SI_UNIT ( .MILLI., .METRE. ) );
#3410 = DIRECTION ( 'NONE',  ( -1.000000000000000000, 0.0000000000000000000, 0.0000000000000000000 ) ) ;
#3411 = LINE ( 'NONE', #96, #1036 ) ;
#3412 = PRODUCT_DEFINITION_CONTEXT ( 'detailed design', #2321, 'design' ) ;
#3413 = SURFACE_STYLE_USAGE ( .BOTH. , #406 ) ;
#3414 = FILL_AREA_STYLE_COLOUR ( '', #189 ) ;
#3415 = ORIENTED_EDGE ( 'NONE', *, *, #4112, .F. ) ;
#3416 = VERTEX_POINT ( 'NONE', #1282 ) ;
#3417 = SURFACE_STYLE_USAGE ( .BOTH. , #2078 ) ;
#3418 = UNCERTAINTY_MEASURE_WITH_UNIT (LENGTH_MEASURE( 1.000000000000000082E-05 ), #1198, 'distance_accuracy_value', 'NONE');
#3419 = CARTESIAN_POINT ( 'NONE',  ( -0.4949999999999999956, -0.1891429205787729384, 0.02000000000000001082 ) ) ;
#3420 = EDGE_LOOP ( 'NONE', ( #4037, #4208, #635, #1308 ) ) ;
#3421 = SURFACE_STYLE_USAGE ( .BOTH. , #1465 ) ;
#3422 = DIRECTION ( 'NONE',  ( 0.0000000000000000000, 0.0000000000000000000, 1.000000000000000000 ) ) ;
#3423 = EDGE_CURVE ( 'NONE', #1458, #1906, #1672, .T. ) ;
#3424 = DIRECTION ( 'NONE',  ( 0.0000000000000000000, -1.224646799146999945E-16, -1.000000000000000000 ) ) ;
#3425 = PLANE ( 'NONE',  #4275 ) ;
#3426 = ORIENTED_EDGE ( 'NONE', *, *, #2976, .F. ) ;
#3427 = CARTESIAN_POINT ( 'NONE',  ( -0.2999999999999999889, -0.2999999999999999889, 0.0000000000000000000 ) ) ;
#3428 = ADVANCED_FACE ( 'NONE', ( #3593 ), #1994, .T. ) ;
#3429 = DIRECTION ( 'NONE',  ( 0.0000000000000000000, -1.000000000000000000, -0.0000000000000000000 ) ) ;
#3430 = DIRECTION ( 'NONE',  ( 0.0000000000000000000, 1.000000000000000000, 1.224646799146999945E-16 ) ) ;
#3431 = DIRECTION ( 'NONE',  ( 0.0000000000000000000, 1.224646799146999945E-16, -1.000000000000000000 ) ) ;
#3432 = EDGE_CURVE ( 'NONE', #1847, #2649, #3668, .T. ) ;
#3433 = CARTESIAN_POINT ( 'NONE',  ( -0.5000000000000000000, -0.2999999999999999889, 0.0000000000000000000 ) ) ;
#3434 = CARTESIAN_POINT ( 'NONE',  ( -0.5000000000000000000, -0.2999999999999999889, 0.0000000000000000000 ) ) ;
#3435 = VERTEX_POINT ( 'NONE', #3352 ) ;
#3436 = ORIENTED_EDGE ( 'NONE', *, *, #914, .F. ) ;
#3437 = SURFACE_STYLE_USAGE ( .BOTH. , #2421 ) ;
#3438 =( NAMED_UNIT ( * ) PLANE_ANGLE_UNIT ( ) SI_UNIT ( $, .RADIAN. ) );
#3439 = ORIENTED_EDGE ( 'NONE', *, *, #2403, .F. ) ;
#3440 = DIRECTION ( 'NONE',  ( 0.0000000000000000000, 1.224646799146999945E-16, -1.000000000000000000 ) ) ;
#3441 = STYLED_ITEM ( 'NONE', ( #1332 ), #2853 ) ;
#3442 =( LENGTH_UNIT ( ) NAMED_UNIT ( * ) SI_UNIT ( .MILLI., .METRE. ) );
#3443 = VECTOR ( 'NONE', #2041, 1000.000000000000000 ) ;
#3444 = DIRECTION ( 'NONE',  ( -0.0000000000000000000, -0.0000000000000000000, -1.000000000000000000 ) ) ;
#3445 = LINE ( 'NONE', #221, #746 ) ;
#3446 = ORIENTED_EDGE ( 'NONE', *, *, #4116, .F. ) ;
#3447 = PRESENTATION_STYLE_ASSIGNMENT (( #1055 ) ) ;
#3448 = CARTESIAN_POINT ( 'NONE',  ( -0.1000000000000000056, 0.1499999999999999944, -0.01000000000000000021 ) ) ;
#3449 = MECHANICAL_DESIGN_GEOMETRIC_PRESENTATION_REPRESENTATION (  '', ( #1230 ), #2672 ) ;
#3450 = EDGE_CURVE ( 'NONE', #3856, #744, #1691, .T. ) ;
#3451 = COLOUR_RGB ( '',0.7803921568627451011, 0.5686274509803921351, 0.1137254901960784298 ) ;
#3452 = PRESENTATION_STYLE_ASSIGNMENT (( #1492 ) ) ;
#3453 = COLOUR_RGB ( '',0.7803921568627451011, 0.5686274509803921351, 0.1137254901960784298 ) ;
#3454 = CARTESIAN_POINT ( 'NONE',  ( -0.4949999999999999956, 0.1891429205787729384, 0.06000000000000001860 ) ) ;
#3455 = LINE ( 'NONE', #3095, #338 ) ;
#3456 =( GEOMETRIC_REPRESENTATION_CONTEXT ( 3 ) GLOBAL_UNCERTAINTY_ASSIGNED_CONTEXT ( ( #1668 ) ) GLOBAL_UNIT_ASSIGNED_CONTEXT ( ( #458, #2723, #2767 ) ) REPRESENTATION_CONTEXT ( 'NONE', 'WORKASPACE' ) );
#3457 = ADVANCED_FACE ( 'NONE', ( #2099 ), #31, .T. ) ;
#3458 = VERTEX_POINT ( 'NONE', #1413 ) ;
#3459 = COLOUR_RGB ( '',0.0000000000000000000, 0.3333333333333333148, 0.0000000000000000000 ) ;
#3460 = ORIENTED_EDGE ( 'NONE', *, *, #1407, .T. ) ;
#3461 = FACE_OUTER_BOUND ( 'NONE', #3304, .T. ) ;
#3462 = VECTOR ( 'NONE', #3579, 1000.000000000000000 ) ;
#3463 = STYLED_ITEM ( 'NONE', ( #722 ), #98 ) ;
#3464 = UNCERTAINTY_MEASURE_WITH_UNIT (LENGTH_MEASURE( 1.000000000000000082E-05 ), #146, 'distance_accuracy_value', 'NONE');
#3465 = SURFACE_STYLE_FILL_AREA ( #2054 ) ;
#3466 = CIRCLE ( 'NONE', #3659, 0.1700000000000000122 ) ;
#3467 = ORIENTED_EDGE ( 'NONE', *, *, #2237, .F. ) ;
#3468 = CARTESIAN_POINT ( 'NONE',  ( 0.1000000000000000194, 0.2999999999999999889, -0.01000000000000000021 ) ) ;
#3469 = UNCERTAINTY_MEASURE_WITH_UNIT (LENGTH_MEASURE( 1.000000000000000082E-05 ), #61, 'distance_accuracy_value', 'NONE');
#3470 = COLOUR_RGB ( '',0.0000000000000000000, 1.000000000000000000, 0.0000000000000000000 ) ;
#3471 = DIRECTION ( 'NONE',  ( 0.0000000000000000000, 1.000000000000000000, -1.129377263005733621E-16 ) ) ;
#3472 = CIRCLE ( 'NONE', #4011, 0.1499999999999999667 ) ;
#3473 =( LENGTH_UNIT ( ) NAMED_UNIT ( * ) SI_UNIT ( .MILLI., .METRE. ) );
#3474 = SURFACE_STYLE_FILL_AREA ( #850 ) ;
#3475 = ORIENTED_EDGE ( 'NONE', *, *, #3764, .F. ) ;
#3476 = STYLED_ITEM ( 'NONE', ( #3452 ), #531 ) ;
#3477 = SURFACE_SIDE_STYLE ('',( #827 ) ) ;
#3478 = DIRECTION ( 'NONE',  ( 1.000000000000000000, 0.0000000000000000000, 0.0000000000000000000 ) ) ;
#3479 = VECTOR ( 'NONE', #2418, 1000.000000000000000 ) ;
#3480 = VECTOR ( 'NONE', #3331, 1000.000000000000000 ) ;
#3481 = DIRECTION ( 'NONE',  ( 0.0000000000000000000, 1.000000000000000000, -1.224646799146999945E-16 ) ) ;
#3482 = EDGE_CURVE ( 'NONE', #1028, #2075, #2353, .T. ) ;
#3483 = PRESENTATION_STYLE_ASSIGNMENT (( #2453 ) ) ;
#3484 = CARTESIAN_POINT ( 'NONE',  ( -0.4949999999999999956, -0.2999999999999999889, 0.02000000000000000042 ) ) ;
#3485 = VERTEX_POINT ( 'NONE', #721 ) ;
#3486 = EDGE_LOOP ( 'NONE', ( #1739, #2420, #1430 ) ) ;
#3487 = DIRECTION ( 'NONE',  ( 0.0000000000000000000, 1.000000000000000000, -1.185846126156020228E-16 ) ) ;
#3488 = FILL_AREA_STYLE ('',( #3219 ) ) ;
#3489 = EDGE_CURVE ( 'NONE', #30, #3048, #1342, .T. ) ;
#3490 = SURFACE_STYLE_USAGE ( .BOTH. , #866 ) ;
#3491 = ORIENTED_EDGE ( 'NONE', *, *, #2004, .F. ) ;
#3492 = LINE ( 'NONE', #199, #130 ) ;
#3493 = SURFACE_STYLE_USAGE ( .BOTH. , #2153 ) ;
#3494 = FACE_OUTER_BOUND ( 'NONE', #3832, .T. ) ;
#3495 = CARTESIAN_POINT ( 'NONE',  ( -0.5000000000000000000, 0.2600000000000000089, 0.0000000000000000000 ) ) ;
#3496 = VERTEX_POINT ( 'NONE', #1086 ) ;
#3497 = FACE_OUTER_BOUND ( 'NONE', #1630, .T. ) ;
#3498 =( GEOMETRIC_REPRESENTATION_CONTEXT ( 3 ) GLOBAL_UNCERTAINTY_ASSIGNED_CONTEXT ( ( #1705 ) ) GLOBAL_UNIT_ASSIGNED_CONTEXT ( ( #3409, #92, #2717 ) ) REPRESENTATION_CONTEXT ( 'NONE', 'WORKASPACE' ) );
#3499 = LINE ( 'NONE', #1512, #3016 ) ;
#3500 = DIRECTION ( 'NONE',  ( 0.0000000000000000000, 0.0000000000000000000, 1.000000000000000000 ) ) ;
#3501 = DIRECTION ( 'NONE',  ( 1.000000000000000000, 0.0000000000000000000, 0.0000000000000000000 ) ) ;
#3502 =( NAMED_UNIT ( * ) SI_UNIT ( $, .STERADIAN. ) SOLID_ANGLE_UNIT ( ) );
#3503 = SURFACE_SIDE_STYLE ('',( #500 ) ) ;
#3504 = DIRECTION ( 'NONE',  ( 0.0000000000000000000, 0.0000000000000000000, 1.000000000000000000 ) ) ;
#3505 = ORIENTED_EDGE ( 'NONE', *, *, #2403, .T. ) ;
#3506 = ORIENTED_EDGE ( 'NONE', *, *, #3610, .T. ) ;
#3507 = CARTESIAN_POINT ( 'NONE',  ( -0.5500000000000000444, -0.3499999999999999778, 0.02000000000000000042 ) ) ;
#3508 = DIRECTION ( 'NONE',  ( 0.0000000000000000000, 0.0000000000000000000, -1.000000000000000000 ) ) ;
#3509 = FACE_OUTER_BOUND ( 'NONE', #2440, .T. ) ;
#3510 = EDGE_CURVE ( 'NONE', #1111, #223, #3368, .T. ) ;
#3511 = ORIENTED_EDGE ( 'NONE', *, *, #3655, .F. ) ;
#3512 = SURFACE_STYLE_USAGE ( .BOTH. , #1593 ) ;
#3513 = PRESENTATION_STYLE_ASSIGNMENT (( #1162 ) ) ;
#3514 = EDGE_CURVE ( 'NONE', #4113, #2016, #60, .T. ) ;
#3515 = ORIENTED_EDGE ( 'NONE', *, *, #3432, .F. ) ;
#3516 = AXIS2_PLACEMENT_3D ( 'NONE', #2363, #2385, #2412 ) ;
#3517 = DIRECTION ( 'NONE',  ( 0.0000000000000000000, 1.000000000000000000, -1.355252715606880543E-16 ) ) ;
#3518 = MECHANICAL_DESIGN_GEOMETRIC_PRESENTATION_REPRESENTATION (  '', ( #3820 ), #1012 ) ;
#3519 = SHAPE_DEFINITION_REPRESENTATION ( #970, #1487 ) ;
#3520 = LINE ( 'NONE', #477, #1312 ) ;
#3521 = DIRECTION ( 'NONE',  ( 0.0000000000000000000, 0.0000000000000000000, 1.000000000000000000 ) ) ;
#3522 = AXIS2_PLACEMENT_3D ( 'NONE', #2569, #3922, #1872 ) ;
#3523 = DIRECTION ( 'NONE',  ( 0.0000000000000000000, 1.000000000000000000, -0.0000000000000000000 ) ) ;
#3524 = ORIENTED_EDGE ( 'NONE', *, *, #1407, .F. ) ;
#3525 = SURFACE_STYLE_FILL_AREA ( #2185 ) ;
#3526 = AXIS2_PLACEMENT_3D ( 'NONE', #3363, #3052, #3072 ) ;
#3527 = COLOUR_RGB ( '',0.0000000000000000000, 1.000000000000000000, 0.0000000000000000000 ) ;
#3528 = LINE ( 'NONE', #3239, #1793 ) ;
#3529 = STYLED_ITEM ( 'NONE', ( #1053 ), #3886 ) ;
#3530 = VECTOR ( 'NONE', #1381, 1000.000000000000000 ) ;
#3531 = VERTEX_POINT ( 'NONE', #2395 ) ;
#3532 = CIRCLE ( 'NONE', #3104, 0.1700000000000000122 ) ;
#3533 =( GEOMETRIC_REPRESENTATION_CONTEXT ( 3 ) GLOBAL_UNCERTAINTY_ASSIGNED_CONTEXT ( ( #1587 ) ) GLOBAL_UNIT_ASSIGNED_CONTEXT ( ( #4270, #3225, #4298 ) ) REPRESENTATION_CONTEXT ( 'NONE', 'WORKASPACE' ) );
#3534 =( LENGTH_UNIT ( ) NAMED_UNIT ( * ) SI_UNIT ( .MILLI., .METRE. ) );
#3535 = AXIS2_PLACEMENT_3D ( 'NONE', #466, #1810, #1138 ) ;
#3536 = CARTESIAN_POINT ( 'NONE',  ( -0.5000000000000000000, -0.1563508326899999967, 0.0000000000000000000 ) ) ;
#3537 = EDGE_CURVE ( 'NONE', #2943, #1888, #1115, .T. ) ;
#3538 =( GEOMETRIC_REPRESENTATION_CONTEXT ( 3 ) GLOBAL_UNCERTAINTY_ASSIGNED_CONTEXT ( ( #817 ) ) GLOBAL_UNIT_ASSIGNED_CONTEXT ( ( #3939, #968, #1995 ) ) REPRESENTATION_CONTEXT ( 'NONE', 'WORKASPACE' ) );
#3539 = MECHANICAL_DESIGN_GEOMETRIC_PRESENTATION_REPRESENTATION (  '', ( #49 ), #3945 ) ;
#3540 = LINE ( 'NONE', #1143, #3091 ) ;
#3541 = ORIENTED_EDGE ( 'NONE', *, *, #2904, .T. ) ;
#3542 = CARTESIAN_POINT ( 'NONE',  ( -0.4999999999999514277, -0.2085786437627077106, 0.08000000000000000167 ) ) ;
#3543 = VECTOR ( 'NONE', #3508, 1000.000000000000000 ) ;
#3544 = ADVANCED_FACE ( 'NONE', ( #2077 ), #4038, .T. ) ;
#3545 = CARTESIAN_POINT ( 'NONE',  ( 0.4949999999999999956, -0.2999999999999999889, 0.02000000000000000042 ) ) ;
#3546 = AXIS2_PLACEMENT_3D ( 'NONE', #3567, #1600, #2337 ) ;
#3547 =( LENGTH_UNIT ( ) NAMED_UNIT ( * ) SI_UNIT ( .MILLI., .METRE. ) );
#3548 = PRESENTATION_LAYER_ASSIGNMENT (  '', '', ( #558 ) ) ;
#3549 = CARTESIAN_POINT ( 'NONE',  ( 0.2000000000000000111, 0.2999999999999999889, 0.02000000000000000042 ) ) ;
#3550 =( NAMED_UNIT ( * ) PLANE_ANGLE_UNIT ( ) SI_UNIT ( $, .RADIAN. ) );
#3551 = LINE ( 'NONE', #2240, #2293 ) ;
#3552 = ORIENTED_EDGE ( 'NONE', *, *, #864, .F. ) ;
#3553 = AXIS2_PLACEMENT_3D ( 'NONE', #2610, #3641, #1357 ) ;
#3554 = CARTESIAN_POINT ( 'NONE',  ( -0.4949999999999304956, -0.1891429205785696566, 0.02000000000000001082 ) ) ;
#3555 = UNCERTAINTY_MEASURE_WITH_UNIT (LENGTH_MEASURE( 1.000000000000000082E-05 ), #1140, 'distance_accuracy_value', 'NONE');
#3556 = ORIENTED_EDGE ( 'NONE', *, *, #1340, .F. ) ;
#3557 = SURFACE_STYLE_USAGE ( .BOTH. , #550 ) ;
#3558 = CARTESIAN_POINT ( 'NONE',  ( -0.4949999999999304956, 0.1891429205785696566, 0.01999999999999999001 ) ) ;
#3559 = ORIENTED_EDGE ( 'NONE', *, *, #2049, .F. ) ;
#3560 = LINE ( 'NONE', #1210, #1522 ) ;
#3561 = EDGE_CURVE ( 'NONE', #2655, #1074, #4159, .T. ) ;
#3562 = PRESENTATION_STYLE_ASSIGNMENT (( #2645 ) ) ;
#3563 = APPLICATION_PROTOCOL_DEFINITION ( 'draft international standard', 'automotive_design', 1998, #2551 ) ;
#3564 = FACE_OUTER_BOUND ( 'NONE', #2582, .T. ) ;
#3565 = EDGE_CURVE ( 'NONE', #4255, #2735, #1540, .T. ) ;
#3566 =( GEOMETRIC_REPRESENTATION_CONTEXT ( 3 ) GLOBAL_UNCERTAINTY_ASSIGNED_CONTEXT ( ( #2652 ) ) GLOBAL_UNIT_ASSIGNED_CONTEXT ( ( #1551, #2208, #190 ) ) REPRESENTATION_CONTEXT ( 'NONE', 'WORKASPACE' ) );
#3567 = CARTESIAN_POINT ( 'NONE',  ( 0.2950000000000000400, -0.2950000000000000400, 0.0000000000000000000 ) ) ;
#3568 = DIRECTION ( 'NONE',  ( -0.0000000000000000000, -0.0000000000000000000, 1.000000000000000000 ) ) ;
#3569 = VERTEX_POINT ( 'NONE', #3776 ) ;
#3570 = EDGE_CURVE ( 'NONE', #2559, #4048, #1476, .T. ) ;
#3571 = SURFACE_STYLE_USAGE ( .BOTH. , #925 ) ;
#3572 = CARTESIAN_POINT ( 'NONE',  ( -0.5000000000000000000, 0.2085786437629999490, 0.0000000000000000000 ) ) ;
#3573 = LINE ( 'NONE', #586, #3656 ) ;
#3574 = SURFACE_STYLE_FILL_AREA ( #1557 ) ;
#3575 = ORIENTED_EDGE ( 'NONE', *, *, #1380, .T. ) ;
#3576 =( NAMED_UNIT ( * ) PLANE_ANGLE_UNIT ( ) SI_UNIT ( $, .RADIAN. ) );
#3577 = DIRECTION ( 'NONE',  ( 0.0000000000000000000, 0.0000000000000000000, -1.000000000000000000 ) ) ;
#3578 = ORIENTED_EDGE ( 'NONE', *, *, #2638, .F. ) ;
#3579 = DIRECTION ( 'NONE',  ( 0.0000000000000000000, -1.000000000000000000, 0.0000000000000000000 ) ) ;
#3580 =( NAMED_UNIT ( * ) PLANE_ANGLE_UNIT ( ) SI_UNIT ( $, .RADIAN. ) );
#3581 = SURFACE_SIDE_STYLE ('',( #3168 ) ) ;
#3582 = SURFACE_STYLE_FILL_AREA ( #3253 ) ;
#3583 = COLOUR_RGB ( '',0.7803921568627451011, 0.5686274509803921351, 0.1137254901960784298 ) ;
#3584 = EDGE_CURVE ( 'NONE', #2759, #2686, #2519, .T. ) ;
#3585 = VERTEX_POINT ( 'NONE', #3130 ) ;
#3586 = PRESENTATION_STYLE_ASSIGNMENT (( #3571 ) ) ;
#3587 = DIRECTION ( 'NONE',  ( 0.0000000000000000000, 0.0000000000000000000, -1.000000000000000000 ) ) ;
#3588 = DIRECTION ( 'NONE',  ( 0.0000000000000000000, 0.0000000000000000000, 1.000000000000000000 ) ) ;
#3589 = DIRECTION ( 'NONE',  ( -1.000000000000000000, 0.0000000000000000000, 0.0000000000000000000 ) ) ;
#3590 = ADVANCED_FACE ( 'NONE', ( #3461 ), #3802, .T. ) ;
#3591 = ORIENTED_EDGE ( 'NONE', *, *, #216, .T. ) ;
#3592 = STYLED_ITEM ( 'NONE', ( #2902 ), #2029 ) ;
#3593 = FACE_OUTER_BOUND ( 'NONE', #3486, .T. ) ;
#3594 = COLOUR_RGB ( '',0.7803921568627451011, 0.5686274509803921351, 0.1137254901960784298 ) ;
#3595 = VECTOR ( 'NONE', #915, 1000.000000000000000 ) ;
#3596 = ORIENTED_EDGE ( 'NONE', *, *, #1555, .F. ) ;
#3597 =( LENGTH_UNIT ( ) NAMED_UNIT ( * ) SI_UNIT ( .MILLI., .METRE. ) );
#3598 = STYLED_ITEM ( 'NONE', ( #1343 ), #1005 ) ;
#3599 = STYLED_ITEM ( 'NONE', ( #3871 ), #3590 ) ;
#3600 =( NAMED_UNIT ( * ) PLANE_ANGLE_UNIT ( ) SI_UNIT ( $, .RADIAN. ) );
#3601 =( GEOMETRIC_REPRESENTATION_CONTEXT ( 3 ) GLOBAL_UNCERTAINTY_ASSIGNED_CONTEXT ( ( #3057 ) ) GLOBAL_UNIT_ASSIGNED_CONTEXT ( ( #1525, #3576, #1828 ) ) REPRESENTATION_CONTEXT ( 'NONE', 'WORKASPACE' ) );
#3602 = VECTOR ( 'NONE', #942, 1000.000000000000000 ) ;
#3603 = SURFACE_SIDE_STYLE ('',( #4007 ) ) ;
#3604 = EDGE_LOOP ( 'NONE', ( #46, #3976, #1671, #1156 ) ) ;
#3605 = PRESENTATION_LAYER_ASSIGNMENT (  '', '', ( #3476 ) ) ;
#3606 = PRESENTATION_LAYER_ASSIGNMENT (  '', '', ( #3261 ) ) ;
#3607 = STYLED_ITEM ( 'NONE', ( #1083 ), #2223 ) ;
#3608 = CARTESIAN_POINT ( 'NONE',  ( -0.2975000000000000977, 0.2974999999999999867, 0.1250000000000000000 ) ) ;
#3609 = PRESENTATION_LAYER_ASSIGNMENT (  '', '', ( #212 ) ) ;
#3610 = EDGE_CURVE ( 'NONE', #2662, #3179, #2203, .T. ) ;
#3611 = CARTESIAN_POINT ( 'NONE',  ( -0.5000000000000000000, 0.2999999999999999889, 0.02000000000000000042 ) ) ;
#3612 = CARTESIAN_POINT ( 'NONE',  ( 0.3275140453870559187, 0.2600000000001834732, 0.07999999999999998779 ) ) ;
#3613 = ORIENTED_EDGE ( 'NONE', *, *, #3155, .F. ) ;
#3614 = DIRECTION ( 'NONE',  ( 0.0000000000000000000, 1.000000000000000000, 1.224646799146999945E-16 ) ) ;
#3615 = CARTESIAN_POINT ( 'NONE',  ( 0.2849999999999999756, -0.2849999999999999756, 0.1400000000000000133 ) ) ;
#3616 = FILL_AREA_STYLE_COLOUR ( '', #3453 ) ;
#3617 = PLANE ( 'NONE',  #254 ) ;
#3618 =( LENGTH_UNIT ( ) NAMED_UNIT ( * ) SI_UNIT ( .MILLI., .METRE. ) );
#3619 = EDGE_LOOP ( 'NONE', ( #568, #725, #2980, #3078 ) ) ;
#3620 = DIRECTION ( 'NONE',  ( 0.0000000000000000000, -0.0000000000000000000, -1.000000000000000000 ) ) ;
#3621 = CARTESIAN_POINT ( 'NONE',  ( -0.3275140453871118185, 0.2600000000000452505, 0.06000000000000001166 ) ) ;
#3622 = MECHANICAL_DESIGN_GEOMETRIC_PRESENTATION_REPRESENTATION (  '', ( #352 ), #2162 ) ;
#3623 = FILL_AREA_STYLE ('',( #1321 ) ) ;
#3624 = DIRECTION ( 'NONE',  ( -0.0000000000000000000, 1.224646799146999945E-16, 1.000000000000000000 ) ) ;
#3625 = VERTEX_POINT ( 'NONE', #3102 ) ;
#3626 = VERTEX_POINT ( 'NONE', #3174 ) ;
#3627 = SURFACE_STYLE_FILL_AREA ( #612 ) ;
#3628 = FILL_AREA_STYLE_COLOUR ( '', #3390 ) ;
#3629 = UNCERTAINTY_MEASURE_WITH_UNIT (LENGTH_MEASURE( 1.000000000000000082E-05 ), #3874, 'distance_accuracy_value', 'NONE');
#3630 = DIRECTION ( 'NONE',  ( 1.000000000000000000, 0.0000000000000000000, 0.0000000000000000000 ) ) ;
#3631 = EDGE_CURVE ( 'NONE', #948, #2016, #1213, .T. ) ;
#3632 = ORIENTED_EDGE ( 'NONE', *, *, #3690, .F. ) ;
#3633 =( NAMED_UNIT ( * ) PLANE_ANGLE_UNIT ( ) SI_UNIT ( $, .RADIAN. ) );
#3634 = ADVANCED_FACE ( 'NONE', ( #3151 ), #862, .T. ) ;
#3635 = FILL_AREA_STYLE ('',( #286 ) ) ;
#3636 =( NAMED_UNIT ( * ) SI_UNIT ( $, .STERADIAN. ) SOLID_ANGLE_UNIT ( ) );
#3637 = ORIENTED_EDGE ( 'NONE', *, *, #1936, .T. ) ;
#3638 = CARTESIAN_POINT ( 'NONE',  ( -0.5500000000000000444, 0.3499999999999999778, 0.05999999999999998390 ) ) ;
#3639 = SURFACE_STYLE_USAGE ( .BOTH. , #3935 ) ;
#3640 = FILL_AREA_STYLE_COLOUR ( '', #1704 ) ;
#3641 = DIRECTION ( 'NONE',  ( 0.0000000000000000000, 0.0000000000000000000, -1.000000000000000000 ) ) ;
#3642 = DIRECTION ( 'NONE',  ( -0.0000000000000000000, -0.0000000000000000000, -1.000000000000000000 ) ) ;
#3643 = PRESENTATION_STYLE_ASSIGNMENT (( #3961 ) ) ;
#3644 = DIRECTION ( 'NONE',  ( 0.0000000000000000000, -1.224646799146999945E-16, -1.000000000000000000 ) ) ;
#3645 = CARTESIAN_POINT ( 'NONE',  ( 0.5500000000000000444, 0.3499999999999999778, 0.02000000000000000042 ) ) ;
#3646 = PRESENTATION_LAYER_ASSIGNMENT (  '', '', ( #1230 ) ) ;
#3647 = ORIENTED_EDGE ( 'NONE', *, *, #2911, .T. ) ;
#3648 = DIRECTION ( 'NONE',  ( -0.0000000000000000000, -0.0000000000000000000, -1.000000000000000000 ) ) ;
#3649 = DIRECTION ( 'NONE',  ( -1.000000000000000000, -0.0000000000000000000, -0.0000000000000000000 ) ) ;
#3650 = ADVANCED_FACE ( 'NONE', ( #1890 ), #2630, .T. ) ;
#3651 = PRESENTATION_LAYER_ASSIGNMENT (  '', '', ( #3100 ) ) ;
#3652 = CONTEXT_DEPENDENT_SHAPE_REPRESENTATION ( #4207, #2991 ) ;
#3653 = CYLINDRICAL_SURFACE ( 'NONE', #1222, 0.1499999999999999667 ) ;
#3654 = MECHANICAL_DESIGN_GEOMETRIC_PRESENTATION_REPRESENTATION (  '', ( #610 ), #840 ) ;
#3655 = EDGE_CURVE ( 'NONE', #3119, #3888, #1553, .T. ) ;
#3656 = VECTOR ( 'NONE', #926, 1000.000000000000000 ) ;
#3657 = SURFACE_STYLE_USAGE ( .BOTH. , #4249 ) ;
#3658 = CARTESIAN_POINT ( 'NONE',  ( 0.5500000000000000444, -0.3499999999999999778, -4.286263797015999754E-17 ) ) ;
#3659 = AXIS2_PLACEMENT_3D ( 'NONE', #693, #2006, #1043 ) ;
#3660 = ORIENTED_EDGE ( 'NONE', *, *, #634, .F. ) ;
#3661 = CARTESIAN_POINT ( 'NONE',  ( 0.5500000000000000444, 0.3499999999999999778, 0.07999999999999998779 ) ) ;
#3662 = VECTOR ( 'NONE', #157, 1000.000000000000000 ) ;
#3663 =( GEOMETRIC_REPRESENTATION_CONTEXT ( 3 ) GLOBAL_UNCERTAINTY_ASSIGNED_CONTEXT ( ( #1122 ) ) GLOBAL_UNIT_ASSIGNED_CONTEXT ( ( #906, #174, #196 ) ) REPRESENTATION_CONTEXT ( 'NONE', 'WORKASPACE' ) );
#3664 = CARTESIAN_POINT ( 'NONE',  ( 0.1999999999999999833, 0.2600000000000000089, 0.0000000000000000000 ) ) ;
#3665 = CARTESIAN_POINT ( 'NONE',  ( -0.3875192319071404379, -0.2999999999999999889, 0.05999999999999999778 ) ) ;
#3666 = CARTESIAN_POINT ( 'NONE',  ( -0.2849999999999999756, 0.2849999999999999756, 0.1400000000000000133 ) ) ;
#3667 = MECHANICAL_DESIGN_GEOMETRIC_PRESENTATION_REPRESENTATION (  '', ( #553 ), #1452 ) ;
#3668 = LINE ( 'NONE', #3733, #150 ) ;
#3669 = FILL_AREA_STYLE ('',( #3628 ) ) ;
#3670 = UNCERTAINTY_MEASURE_WITH_UNIT (LENGTH_MEASURE( 1.000000000000000082E-05 ), #493, 'distance_accuracy_value', 'NONE');
#3671 = DIRECTION ( 'NONE',  ( 0.0000000000000000000, -1.224646799146999945E-16, -1.000000000000000000 ) ) ;
#3672 = VECTOR ( 'NONE', #3568, 1000.000000000000000 ) ;
#3673 = ORIENTED_EDGE ( 'NONE', *, *, #1670, .T. ) ;
#3674 = FACE_OUTER_BOUND ( 'NONE', #1059, .T. ) ;
#3675 =( NAMED_UNIT ( * ) SI_UNIT ( $, .STERADIAN. ) SOLID_ANGLE_UNIT ( ) );
#3676 = CARTESIAN_POINT ( 'NONE',  ( -0.3275140453870559187, -0.2600000000001834732, 0.08000000000000001554 ) ) ;
#3677 = FACE_OUTER_BOUND ( 'NONE', #280, .T. ) ;
#3678 = ORIENTED_EDGE ( 'NONE', *, *, #2476, .T. ) ;
#3679 =( LENGTH_UNIT ( ) NAMED_UNIT ( * ) SI_UNIT ( .MILLI., .METRE. ) );
#3680 = DIRECTION ( 'NONE',  ( 1.000000000000000000, 0.0000000000000000000, 0.0000000000000000000 ) ) ;
#3681 = FILL_AREA_STYLE ('',( #332 ) ) ;
#3682 = ADVANCED_FACE ( 'NONE', ( #4268 ), #308, .T. ) ;
#3683 = ORIENTED_EDGE ( 'NONE', *, *, #1428, .T. ) ;
#3684 = SURFACE_SIDE_STYLE ('',( #3049 ) ) ;
#3685 = PRESENTATION_LAYER_ASSIGNMENT (  '', '', ( #1266 ) ) ;
#3686 = LINE ( 'NONE', #1130, #54 ) ;
#3687 = PRESENTATION_STYLE_ASSIGNMENT (( #3772 ) ) ;
#3688 = DIRECTION ( 'NONE',  ( -0.0000000000000000000, -0.0000000000000000000, 1.000000000000000000 ) ) ;
#3689 = FILL_AREA_STYLE ('',( #4016 ) ) ;
#3690 = EDGE_CURVE ( 'NONE', #402, #3774, #2538, .T. ) ;
#3691 = VERTEX_POINT ( 'NONE', #4033 ) ;
#3692 = CARTESIAN_POINT ( 'NONE',  ( 0.3275140453870000190, 0.2999999999999999889, 0.08000000000000000167 ) ) ;
#3693 =( NAMED_UNIT ( * ) PLANE_ANGLE_UNIT ( ) SI_UNIT ( $, .RADIAN. ) );
#3694 =( GEOMETRIC_REPRESENTATION_CONTEXT ( 3 ) GLOBAL_UNCERTAINTY_ASSIGNED_CONTEXT ( ( #3194 ) ) GLOBAL_UNIT_ASSIGNED_CONTEXT ( ( #2648, #2915, #4008 ) ) REPRESENTATION_CONTEXT ( 'NONE', 'WORKASPACE' ) );
#3695 = ORIENTED_EDGE ( 'NONE', *, *, #1373, .T. ) ;
#3696 = LINE ( 'NONE', #949, #2687 ) ;
#3697 = ORIENTED_EDGE ( 'NONE', *, *, #995, .F. ) ;
#3698 = CARTESIAN_POINT ( 'NONE',  ( -0.2999999999999999889, -0.2999999999999999889, 0.1250000000000000000 ) ) ;
#3699 = LINE ( 'NONE', #732, #3443 ) ;
#3700 = ORIENTED_EDGE ( 'NONE', *, *, #2724, .T. ) ;
#3701 = SURFACE_SIDE_STYLE ('',( #2324 ) ) ;
#3702 = SURFACE_STYLE_USAGE ( .BOTH. , #715 ) ;
#3703 = EDGE_CURVE ( 'NONE', #1765, #2675, #3106, .T. ) ;
#3704 = DIRECTION ( 'NONE',  ( -1.000000000000000000, 0.0000000000000000000, -0.0000000000000000000 ) ) ;
#3705 = CARTESIAN_POINT ( 'NONE',  ( -0.4949999999999222799, 0.1577111547697281346, -1.931404608786746271E-17 ) ) ;
#3706 = CARTESIAN_POINT ( 'NONE',  ( -0.4749999999999999778, -0.1645950378230000011, 0.02000000000000000042 ) ) ;
#3707 = DIRECTION ( 'NONE',  ( 1.000000000000000000, 0.0000000000000000000, 0.0000000000000000000 ) ) ;
#3708 =( GEOMETRIC_REPRESENTATION_CONTEXT ( 3 ) GLOBAL_UNCERTAINTY_ASSIGNED_CONTEXT ( ( #361 ) ) GLOBAL_UNIT_ASSIGNED_CONTEXT ( ( #2970, #1611, #726 ) ) REPRESENTATION_CONTEXT ( 'NONE', 'WORKASPACE' ) );
#3709 = ADVANCED_FACE ( 'NONE', ( #2387 ), #1016, .F. ) ;
#3710 =( LENGTH_UNIT ( ) NAMED_UNIT ( * ) SI_UNIT ( .MILLI., .METRE. ) );
#3711 = ORIENTED_EDGE ( 'NONE', *, *, #2929, .F. ) ;
#3712 = SURFACE_STYLE_FILL_AREA ( #2335 ) ;
#3713 = CARTESIAN_POINT ( 'NONE',  ( 0.5500000000000000444, -0.3499999999999999778, 0.06000000000000001860 ) ) ;
#3714 = FACE_OUTER_BOUND ( 'NONE', #729, .T. ) ;
#3715 = EDGE_LOOP ( 'NONE', ( #2502, #3697, #2419, #4085 ) ) ;
#3716 = PLANE ( 'NONE',  #4096 ) ;
#3717 = VECTOR ( 'NONE', #2653, 1000.000000000000000 ) ;
#3718 = VECTOR ( 'NONE', #3040, 1000.000000000000000 ) ;
#3719 = AXIS2_PLACEMENT_3D ( 'NONE', #1348, #1696, #423 ) ;
#3720 = CARTESIAN_POINT ( 'NONE',  ( 0.4949999999999306066, 0.1891429205785696288, 0.05999999999999998390 ) ) ;
#3721 = COLOUR_RGB ( '',0.7803921568627451011, 0.5686274509803921351, 0.1137254901960784298 ) ;
#3722 = CARTESIAN_POINT ( 'NONE',  ( 0.3563508326898146561, -0.2999999999999999889, 0.02000000000000000042 ) ) ;
#3723 = VECTOR ( 'NONE', #3290, 1000.000000000000000 ) ;
#3724 =( GEOMETRIC_REPRESENTATION_CONTEXT ( 3 ) GLOBAL_UNCERTAINTY_ASSIGNED_CONTEXT ( ( #2272 ) ) GLOBAL_UNIT_ASSIGNED_CONTEXT ( ( #698, #2979, #3349 ) ) REPRESENTATION_CONTEXT ( 'NONE', 'WORKASPACE' ) );
#3725 =( NAMED_UNIT ( * ) PLANE_ANGLE_UNIT ( ) SI_UNIT ( $, .RADIAN. ) );
#3726 = MECHANICAL_DESIGN_GEOMETRIC_PRESENTATION_REPRESENTATION (  '', ( #1576 ), #2677 ) ;
#3727 = DIRECTION ( 'NONE',  ( -1.135813540141000073E-30, -1.053424055708070232E-44, -1.000000000000000000 ) ) ;
#3728 = FACE_OUTER_BOUND ( 'NONE', #3910, .T. ) ;
#3729 = AXIS2_PLACEMENT_3D ( 'NONE', #4274, #315, #2277 ) ;
#3730 = DIRECTION ( 'NONE',  ( -0.0000000000000000000, 1.224646799146999945E-16, 1.000000000000000000 ) ) ;
#3731 = ORIENTED_EDGE ( 'NONE', *, *, #2797, .T. ) ;
#3732 = COLOUR_RGB ( '',0.7803921568627451011, 0.5686274509803921351, 0.1137254901960784298 ) ;
#3733 = CARTESIAN_POINT ( 'NONE',  ( -0.05000000000000000278, 0.2999999999999999889, -0.01000000000000000021 ) ) ;
#3734 =( NAMED_UNIT ( * ) SI_UNIT ( $, .STERADIAN. ) SOLID_ANGLE_UNIT ( ) );
#3735 = COLOUR_RGB ( '',0.7803921568627451011, 0.5686274509803921351, 0.1137254901960784298 ) ;
#3736 = VECTOR ( 'NONE', #3727, 1000.000000000000000 ) ;
#3737 = EDGE_CURVE ( 'NONE', #1823, #1028, #1648, .T. ) ;
#3738 = ORIENTED_EDGE ( 'NONE', *, *, #4052, .F. ) ;
#3739 = AXIS2_PLACEMENT_3D ( 'NONE', #581, #1924, #3929 ) ;
#3740 = DIRECTION ( 'NONE',  ( 0.0000000000000000000, -1.000000000000000000, -0.0000000000000000000 ) ) ;
#3741 = CIRCLE ( 'NONE', #1186, 0.2000000000000000389 ) ;
#3742 = CARTESIAN_POINT ( 'NONE',  ( 0.5500000000000000444, -0.3499999999999999778, 0.06000000000000001166 ) ) ;
#3743 = CARTESIAN_POINT ( 'NONE',  ( 0.4949999999998609956, -0.1891429205785933876, 0.02000000000000000042 ) ) ;
#3744 =( NAMED_UNIT ( * ) SI_UNIT ( $, .STERADIAN. ) SOLID_ANGLE_UNIT ( ) );
#3745 = EDGE_CURVE ( 'NONE', #2841, #3043, #3466, .T. ) ;
#3746 = VERTEX_POINT ( 'NONE', #2043 ) ;
#3747 = FILL_AREA_STYLE ('',( #1077 ) ) ;
#3748 = SURFACE_STYLE_FILL_AREA ( #1731 ) ;
#3749 = PRESENTATION_STYLE_ASSIGNMENT (( #2158 ) ) ;
#3750 = FACE_OUTER_BOUND ( 'NONE', #1352, .T. ) ;
#3751 = FACE_OUTER_BOUND ( 'NONE', #503, .T. ) ;
#3752 = DIRECTION ( 'NONE',  ( -1.000000000000000000, 0.0000000000000000000, 0.0000000000000000000 ) ) ;
#3753 = ORIENTED_EDGE ( 'NONE', *, *, #1509, .T. ) ;
#3754 = EDGE_LOOP ( 'NONE', ( #3575, #3700, #1716, #69, #2754, #1204, #533, #2231 ) ) ;
#3755 = SURFACE_STYLE_USAGE ( .BOTH. , #1023 ) ;
#3756 = CARTESIAN_POINT ( 'NONE',  ( -0.3875192319069999947, 0.2999999999999999889, 0.0000000000000000000 ) ) ;
#3757 = UNCERTAINTY_MEASURE_WITH_UNIT (LENGTH_MEASURE( 1.000000000000000082E-05 ), #3146, 'distance_accuracy_value', 'NONE');
#3758 = SHAPE_REPRESENTATION ( 'User Library-LED_1006_G', ( #4251, #1333, #225, #2984, #1956, #1207 ), #2298 ) ;
#3759 = ORIENTED_EDGE ( 'NONE', *, *, #3395, .T. ) ;
#3760 = FILL_AREA_STYLE ('',( #2357 ) ) ;
#3761 = AXIS2_PLACEMENT_3D ( 'NONE', #2835, #3504, #2500 ) ;
#3762 = CARTESIAN_POINT ( 'NONE',  ( -0.3875192319072686686, -0.3000000000000395128, 0.02000000000000000042 ) ) ;
#3763 = PRESENTATION_STYLE_ASSIGNMENT (( #443 ) ) ;
#3764 = EDGE_CURVE ( 'NONE', #175, #3919, #3344, .T. ) ;
#3765 = CARTESIAN_POINT ( 'NONE',  ( 0.2950000000000000400, 0.3000000000000000444, 0.0000000000000000000 ) ) ;
#3766 = VERTEX_POINT ( 'NONE', #4078 ) ;
#3767 = SURFACE_STYLE_FILL_AREA ( #2429 ) ;
#3768 = EDGE_CURVE ( 'NONE', #223, #3048, #479, .T. ) ;
#3769 =( NAMED_UNIT ( * ) PLANE_ANGLE_UNIT ( ) SI_UNIT ( $, .RADIAN. ) );
#3770 = SURFACE_STYLE_FILL_AREA ( #2451 ) ;
#3771 = FILL_AREA_STYLE ('',( #1409 ) ) ;
#3772 = SURFACE_STYLE_USAGE ( .BOTH. , #1131 ) ;
#3773 = DIRECTION ( 'NONE',  ( 0.0000000000000000000, 0.0000000000000000000, 1.000000000000000000 ) ) ;
#3774 = VERTEX_POINT ( 'NONE', #2348 ) ;
#3775 = ORIENTED_EDGE ( 'NONE', *, *, #1746, .T. ) ;
#3776 = CARTESIAN_POINT ( 'NONE',  ( -0.2974999999999999867, -0.2975000000000000977, 0.1250000000000000000 ) ) ;
#3777 = FILL_AREA_STYLE ('',( #1136 ) ) ;
#3778 = DIRECTION ( 'NONE',  ( 0.0000000000000000000, 1.000000000000000000, -1.129377263005733621E-16 ) ) ;
#3779 = ADVANCED_BREP_SHAPE_REPRESENTATION ( '', ( #1835, #3761 ), #3498 ) ;
#3780 = ORIENTED_EDGE ( 'NONE', *, *, #4177, .T. ) ;
#3781 = FILL_AREA_STYLE ('',( #3857 ) ) ;
#3782 = PRESENTATION_LAYER_ASSIGNMENT (  '', '', ( #3233 ) ) ;
#3783 = CARTESIAN_POINT ( 'NONE',  ( -0.5500000000000000444, -0.3499999999999999778, 0.0000000000000000000 ) ) ;
#3784 =( NAMED_UNIT ( * ) SI_UNIT ( $, .STERADIAN. ) SOLID_ANGLE_UNIT ( ) );
#3785 = VERTEX_POINT ( 'NONE', #3362 ) ;
#3786 = CARTESIAN_POINT ( 'NONE',  ( -0.4949999999999999956, -0.2999999999999999889, 0.02000000000000000042 ) ) ;
#3787 = EDGE_CURVE ( 'NONE', #3626, #1376, #403, .T. ) ;
#3788 = FILL_AREA_STYLE_COLOUR ( '', #3594 ) ;
#3789 = ORIENTED_EDGE ( 'NONE', *, *, #2859, .T. ) ;
#3790 = ADVANCED_FACE ( 'NONE', ( #1106 ), #666, .F. ) ;
#3791 = FILL_AREA_STYLE_COLOUR ( '', #3451 ) ;
#3792 = MECHANICAL_DESIGN_GEOMETRIC_PRESENTATION_REPRESENTATION (  '', ( #3177 ), #1093 ) ;
#3793 =( GEOMETRIC_REPRESENTATION_CONTEXT ( 3 ) GLOBAL_UNCERTAINTY_ASSIGNED_CONTEXT ( ( #2354 ) ) GLOBAL_UNIT_ASSIGNED_CONTEXT ( ( #1979, #1635, #1577 ) ) REPRESENTATION_CONTEXT ( 'NONE', 'WORKASPACE' ) );
#3794 = PRODUCT_DEFINITION_CONTEXT ( 'detailed design', #3229, 'design' ) ;
#3795 = VECTOR ( 'NONE', #72, 1000.000000000000000 ) ;
#3796 = LINE ( 'NONE', #2369, #2147 ) ;
#3797 = AXIS2_PLACEMENT_3D ( 'NONE', #1391, #1359, #377 ) ;
#3798 = DIRECTION ( 'NONE',  ( -9.274621392321998436E-15, 1.000000000000000000, -0.0000000000000000000 ) ) ;
#3799 = VERTEX_POINT ( 'NONE', #2139 ) ;
#3800 = VECTOR ( 'NONE', #440, 1000.000000000000000 ) ;
#3801 = ORIENTED_EDGE ( 'NONE', *, *, #2769, .T. ) ;
#3802 = PLANE ( 'NONE',  #3320 ) ;
#3803 = AXIS2_PLACEMENT_3D ( 'NONE', #3111, #4041, #37 ) ;
#3804 = VECTOR ( 'NONE', #2371, 1000.000000000000000 ) ;
#3805 = CARTESIAN_POINT ( 'NONE',  ( -0.5000000000000000000, 0.2999999999999999889, 0.0000000000000000000 ) ) ;
#3806 = COLOUR_RGB ( '',0.7803921568627451011, 0.5686274509803921351, 0.1137254901960784298 ) ;
#3807 = UNCERTAINTY_MEASURE_WITH_UNIT (LENGTH_MEASURE( 1.000000000000000082E-05 ), #2361, 'distance_accuracy_value', 'NONE');
#3808 = CARTESIAN_POINT ( 'NONE',  ( 0.3875192319071404379, -0.2999999999999999889, 0.02000000000000000042 ) ) ;
#3809 = AXIS2_PLACEMENT_3D ( 'NONE', #1117, #4090, #4110 ) ;
#3810 = VERTEX_POINT ( 'NONE', #2414 ) ;
#3811 =( NAMED_UNIT ( * ) SI_UNIT ( $, .STERADIAN. ) SOLID_ANGLE_UNIT ( ) );
#3812 = DIRECTION ( 'NONE',  ( 1.000000000000000000, 0.0000000000000000000, 0.0000000000000000000 ) ) ;
#3813 = LINE ( 'NONE', #1481, #3123 ) ;
#3814 = CIRCLE ( 'NONE', #622, 0.1700000000000000122 ) ;
#3815 = LINE ( 'NONE', #820, #1706 ) ;
#3816 = DIRECTION ( 'NONE',  ( -1.000000000000000000, 0.0000000000000000000, 0.0000000000000000000 ) ) ;
#3817 = CIRCLE ( 'NONE', #3315, 0.1700000000000000122 ) ;
#3818 = DIRECTION ( 'NONE',  ( 0.0000000000000000000, -1.224646799146999945E-16, -1.000000000000000000 ) ) ;
#3819 = AXIS2_PLACEMENT_3D ( 'NONE', #1856, #1901, #2796 ) ;
#3820 = STYLED_ITEM ( 'NONE', ( #2647 ), #2424 ) ;
#3821 = CARTESIAN_POINT ( 'NONE',  ( 0.3152661081139450094, 0.2999999999999999889, 0.07999999999999998779 ) ) ;
#3822 = ADVANCED_FACE ( 'NONE', ( #1774 ), #3144, .T. ) ;
#3823 = AXIS2_PLACEMENT_3D ( 'NONE', #2327, #1689, #2998 ) ;
#3824 = CARTESIAN_POINT ( 'NONE',  ( -0.2000000000000000111, -0.2999999999999999889, 0.0000000000000000000 ) ) ;
#3825 = CARTESIAN_POINT ( 'NONE',  ( -0.4949999999999999956, -0.2999999999999999889, 0.05999999999999999778 ) ) ;
#3826 =( NAMED_UNIT ( * ) SI_UNIT ( $, .STERADIAN. ) SOLID_ANGLE_UNIT ( ) );
#3827 = DIRECTION ( 'NONE',  ( -1.000000000000000000, 0.0000000000000000000, -0.0000000000000000000 ) ) ;
#3828 = CARTESIAN_POINT ( 'NONE',  ( -0.4949999999999999956, -0.2999999999999999889, 0.02000000000000000042 ) ) ;
#3829 = ADVANCED_FACE ( 'NONE', ( #4180 ), #3169, .T. ) ;
#3830 = CARTESIAN_POINT ( 'NONE',  ( -0.3563508326896407952, -0.2999999999999550804, 0.01999999999999999695 ) ) ;
#3831 = ORIENTED_EDGE ( 'NONE', *, *, #510, .T. ) ;
#3832 = EDGE_LOOP ( 'NONE', ( #576, #4108, #149, #3330 ) ) ;
#3833 = CARTESIAN_POINT ( 'NONE',  ( 0.2849999999999999756, 0.2849999999999999756, 0.1400000000000000133 ) ) ;
#3834 = DIRECTION ( 'NONE',  ( 0.0000000000000000000, -1.000000000000000000, -0.0000000000000000000 ) ) ;
#3835 = DIRECTION ( 'NONE',  ( 0.0000000000000000000, -1.224646799146999945E-16, -1.000000000000000000 ) ) ;
#3836 = ADVANCED_FACE ( 'NONE', ( #3042 ), #728, .F. ) ;
#3837 = ORIENTED_EDGE ( 'NONE', *, *, #1174, .T. ) ;
#3838 = CARTESIAN_POINT ( 'NONE',  ( 0.3152661081139450094, 0.2999999999999999889, 0.06000000000000000472 ) ) ;
#3839 = DIRECTION ( 'NONE',  ( 0.0000000000000000000, 0.0000000000000000000, 1.000000000000000000 ) ) ;
#3840 = ORIENTED_EDGE ( 'NONE', *, *, #1634, .T. ) ;
#3841 = STYLED_ITEM ( 'NONE', ( #2320 ), #3163 ) ;
#3842 = CARTESIAN_POINT ( 'NONE',  ( 0.2849999999999999756, -0.2849999999999999756, 0.1400000000000000133 ) ) ;
#3843 = AXIS2_PLACEMENT_3D ( 'NONE', #1393, #1740, #2683 ) ;
#3844 = LINE ( 'NONE', #184, #1251 ) ;
#3845 = LINE ( 'NONE', #22, #3804 ) ;
#3846 = APPLICATION_CONTEXT ( 'automotive_design' ) ;
#3847 =( NAMED_UNIT ( * ) PLANE_ANGLE_UNIT ( ) SI_UNIT ( $, .RADIAN. ) );
#3848 = LINE ( 'NONE', #248, #1233 ) ;
#3849 = FILL_AREA_STYLE_COLOUR ( '', #3899 ) ;
#3850 = FILL_AREA_STYLE_COLOUR ( '', #1679 ) ;
#3851 = EDGE_LOOP ( 'NONE', ( #2985, #1209, #4202, #3596 ) ) ;
#3852 = FILL_AREA_STYLE_COLOUR ( '', #3806 ) ;
#3853 = EDGE_CURVE ( 'NONE', #3435, #1111, #2671, .T. ) ;
#3854 = DIRECTION ( 'NONE',  ( 0.0000000000000000000, 1.000000000000000000, -0.0000000000000000000 ) ) ;
#3855 = FILL_AREA_STYLE ('',( #908 ) ) ;
#3856 = VERTEX_POINT ( 'NONE', #3765 ) ;
#3857 = FILL_AREA_STYLE_COLOUR ( '', #2067 ) ;
#3858 = EDGE_CURVE ( 'NONE', #1286, #2525, #3008, .T. ) ;
#3859 = SURFACE_SIDE_STYLE ('',( #3474 ) ) ;
#3860 = VERTEX_POINT ( 'NONE', #3375 ) ;
#3861 = CIRCLE ( 'NONE', #3366, 0.2000000000000000111 ) ;
#3862 = LINE ( 'NONE', #2473, #2621 ) ;
#3863 = CARTESIAN_POINT ( 'NONE',  ( -0.2000000000000000111, 0.2999999999999999889, 0.0000000000000000000 ) ) ;
#3864 = DIRECTION ( 'NONE',  ( 1.000000000000000000, 0.0000000000000000000, 0.0000000000000000000 ) ) ;
#3865 = FACE_OUTER_BOUND ( 'NONE', #2305, .T. ) ;
#3866 = DIRECTION ( 'NONE',  ( -0.0000000000000000000, -1.224646799146999945E-16, 1.000000000000000000 ) ) ;
#3867 =( NAMED_UNIT ( * ) PLANE_ANGLE_UNIT ( ) SI_UNIT ( $, .RADIAN. ) );
#3868 = FILL_AREA_STYLE_COLOUR ( '', #112 ) ;
#3869 = COLOUR_RGB ( '',0.7803921568627451011, 0.5686274509803921351, 0.1137254901960784298 ) ;
#3870 = VERTEX_POINT ( 'NONE', #1375 ) ;
#3871 = PRESENTATION_STYLE_ASSIGNMENT (( #1218 ) ) ;
#3872 = AXIS2_PLACEMENT_3D ( 'NONE', #2303, #2579, #3254 ) ;
#3873 = AXIS2_PLACEMENT_3D ( 'NONE', #4231, #2927, #4262 ) ;
#3874 =( LENGTH_UNIT ( ) NAMED_UNIT ( * ) SI_UNIT ( .MILLI., .METRE. ) );
#3875 = STYLED_ITEM ( 'NONE', ( #3986 ), #4137 ) ;
#3876 = PRODUCT_RELATED_PRODUCT_CATEGORY ( 'part', '', ( #1653 ) ) ;
#3877 = COLOUR_RGB ( '',0.8274509803921568096, 0.8274509803921568096, 0.8274509803921568096 ) ;
#3878 = EDGE_LOOP ( 'NONE', ( #4186, #555, #1769 ) ) ;
#3879 = CARTESIAN_POINT ( 'NONE',  ( -0.4949999999999999956, 0.2999999999999999889, 0.02000000000000000042 ) ) ;
#3880 = CIRCLE ( 'NONE', #1983, 0.2400000000000000466 ) ;
#3881 = PLANE ( 'NONE',  #1035 ) ;
#3882 =( GEOMETRIC_REPRESENTATION_CONTEXT ( 3 ) GLOBAL_UNCERTAINTY_ASSIGNED_CONTEXT ( ( #3629 ) ) GLOBAL_UNIT_ASSIGNED_CONTEXT ( ( #3874, #1556, #2169 ) ) REPRESENTATION_CONTEXT ( 'NONE', 'WORKASPACE' ) );
#3883 =( NAMED_UNIT ( * ) PLANE_ANGLE_UNIT ( ) SI_UNIT ( $, .RADIAN. ) );
#3884 =( GEOMETRIC_REPRESENTATION_CONTEXT ( 3 ) GLOBAL_UNCERTAINTY_ASSIGNED_CONTEXT ( ( #3469 ) ) GLOBAL_UNIT_ASSIGNED_CONTEXT ( ( #61, #3077, #381 ) ) REPRESENTATION_CONTEXT ( 'NONE', 'WORKASPACE' ) );
#3885 = PRESENTATION_LAYER_ASSIGNMENT (  '', '', ( #2130 ) ) ;
#3886 = ADVANCED_FACE ( 'NONE', ( #3677 ), #3425, .F. ) ;
#3887 = DIRECTION ( 'NONE',  ( 0.0000000000000000000, -1.224646799146999945E-16, -1.000000000000000000 ) ) ;
#3888 = VERTEX_POINT ( 'NONE', #108 ) ;
#3889 = DIRECTION ( 'NONE',  ( 0.0000000000000000000, 0.0000000000000000000, -1.000000000000000000 ) ) ;
#3890 = PRESENTATION_LAYER_ASSIGNMENT (  '', '', ( #621 ) ) ;
#3891 = COLOUR_RGB ( '',0.7803921568627451011, 0.5686274509803921351, 0.1137254901960784298 ) ;
#3892 = FILL_AREA_STYLE_COLOUR ( '', #2596 ) ;
#3893 = CIRCLE ( 'NONE', #1311, 0.1700000000000000122 ) ;
#3894 = PRODUCT_CONTEXT ( 'NONE', #1237, 'mechanical' ) ;
#3895 = LINE ( 'NONE', #1549, #1558 ) ;
#3896 = LINE ( 'NONE', #1943, #917 ) ;
#3897 =( NAMED_UNIT ( * ) SI_UNIT ( $, .STERADIAN. ) SOLID_ANGLE_UNIT ( ) );
#3898 =( NAMED_UNIT ( * ) SI_UNIT ( $, .STERADIAN. ) SOLID_ANGLE_UNIT ( ) );
#3899 = COLOUR_RGB ( '',0.8274509803921568096, 0.8274509803921568096, 0.8274509803921568096 ) ;
#3900 = ORIENTED_EDGE ( 'NONE', *, *, #1692, .T. ) ;
#3901 =( LENGTH_UNIT ( ) NAMED_UNIT ( * ) SI_UNIT ( .MILLI., .METRE. ) );
#3902 = DIRECTION ( 'NONE',  ( -1.000000000000000000, 0.0000000000000000000, 0.0000000000000000000 ) ) ;
#3903 = UNCERTAINTY_MEASURE_WITH_UNIT (LENGTH_MEASURE( 1.000000000000000082E-05 ), #86, 'distance_accuracy_value', 'NONE');
#3904 = CYLINDRICAL_SURFACE ( 'NONE', #1246, 0.2400000000000000466 ) ;
#3905 =( NAMED_UNIT ( * ) SI_UNIT ( $, .STERADIAN. ) SOLID_ANGLE_UNIT ( ) );
#3906 = ADVANCED_BREP_SHAPE_REPRESENTATION ( '', ( #1885, #3761 ), #433 ) ;
#3907 = ORIENTED_EDGE ( 'NONE', *, *, #305, .F. ) ;
#3908 = FILL_AREA_STYLE_COLOUR ( '', #53 ) ;
#3909 = LINE ( 'NONE', #2232, #902 ) ;
#3910 = EDGE_LOOP ( 'NONE', ( #3, #1187, #988, #2590, #261, #1335, #2919, #2492, #3131, #302, #3367, #4229 ) ) ;
#3911 = DIRECTION ( 'NONE',  ( 0.0000000000000000000, -1.000000000000000000, -0.0000000000000000000 ) ) ;
#3912 =( GEOMETRIC_REPRESENTATION_CONTEXT ( 3 ) GLOBAL_UNCERTAINTY_ASSIGNED_CONTEXT ( ( #546 ) ) GLOBAL_UNIT_ASSIGNED_CONTEXT ( ( #4020, #80, #3056 ) ) REPRESENTATION_CONTEXT ( 'NONE', 'WORKASPACE' ) );
#3913 = EDGE_CURVE ( 'NONE', #3799, #4255, #1680, .T. ) ;
#3914 =( LENGTH_UNIT ( ) NAMED_UNIT ( * ) SI_UNIT ( .MILLI., .METRE. ) );
#3915 = CARTESIAN_POINT ( 'NONE',  ( 0.0000000000000000000, 0.0000000000000000000, 0.06010000000000000064 ) ) ;
#3916 = DIRECTION ( 'NONE',  ( 0.0000000000000000000, 1.000000000000000000, -1.355252715606880543E-16 ) ) ;
#3917 = MECHANICAL_DESIGN_GEOMETRIC_PRESENTATION_REPRESENTATION (  '', ( #930 ), #222 ) ;
#3918 = EDGE_CURVE ( 'NONE', #1296, #3307, #3540, .T. ) ;
#3919 = VERTEX_POINT ( 'NONE', #3160 ) ;
#3920 = FILL_AREA_STYLE ('',( #1248 ) ) ;
#3921 = DIRECTION ( 'NONE',  ( -0.0000000000000000000, 1.224646799146999945E-16, 1.000000000000000000 ) ) ;
#3922 = DIRECTION ( 'NONE',  ( -0.0000000000000000000, 1.224646799146999945E-16, 1.000000000000000000 ) ) ;
#3923 = ORIENTED_EDGE ( 'NONE', *, *, #355, .T. ) ;
#3924 = CARTESIAN_POINT ( 'NONE',  ( 0.4749999999998638645, 0.1645950378226634647, -2.015707862251541810E-17 ) ) ;
#3925 = CARTESIAN_POINT ( 'NONE',  ( -0.4750000000000030309, 0.1645950378228036026, 0.01999999999999999001 ) ) ;
#3926 = ORIENTED_EDGE ( 'NONE', *, *, #1081, .F. ) ;
#3927 = STYLED_ITEM ( 'NONE', ( #3228 ), #2792 ) ;
#3928 = EDGE_CURVE ( 'NONE', #3888, #2943, #3445, .T. ) ;
#3929 = DIRECTION ( 'NONE',  ( 0.0000000000000000000, 1.224646799146999945E-16, -1.000000000000000000 ) ) ;
#3930 = SURFACE_STYLE_FILL_AREA ( #4287 ) ;
#3931 = AXIS2_PLACEMENT_3D ( 'NONE', #1631, #2644, #366 ) ;
#3932 = EDGE_CURVE ( 'NONE', #1479, #1888, #872, .T. ) ;
#3933 = ORIENTED_EDGE ( 'NONE', *, *, #71, .F. ) ;
#3934 = DIRECTION ( 'NONE',  ( 9.274621392321998436E-15, 1.000000000000000000, 0.0000000000000000000 ) ) ;
#3935 = SURFACE_SIDE_STYLE ('',( #1667 ) ) ;
#3936 = UNCERTAINTY_MEASURE_WITH_UNIT (LENGTH_MEASURE( 1.000000000000000082E-05 ), #589, 'distance_accuracy_value', 'NONE');
#3937 = LINE ( 'NONE', #695, #742 ) ;
#3938 = DIRECTION ( 'NONE',  ( -0.0000000000000000000, 1.000000000000000000, 1.224646799146999945E-16 ) ) ;
#3939 =( LENGTH_UNIT ( ) NAMED_UNIT ( * ) SI_UNIT ( .MILLI., .METRE. ) );
#3940 =( LENGTH_UNIT ( ) NAMED_UNIT ( * ) SI_UNIT ( .MILLI., .METRE. ) );
#3941 = VECTOR ( 'NONE', #1564, 1000.000000000000000 ) ;
#3942 = ORIENTED_EDGE ( 'NONE', *, *, #4112, .T. ) ;
#3943 = CARTESIAN_POINT ( 'NONE',  ( 0.2975000000000000977, -0.2974999999999999867, 0.1250000000000000000 ) ) ;
#3944 = VECTOR ( 'NONE', #780, 1000.000000000000000 ) ;
#3945 =( GEOMETRIC_REPRESENTATION_CONTEXT ( 3 ) GLOBAL_UNCERTAINTY_ASSIGNED_CONTEXT ( ( #2877 ) ) GLOBAL_UNIT_ASSIGNED_CONTEXT ( ( #2957, #983, #1930 ) ) REPRESENTATION_CONTEXT ( 'NONE', 'WORKASPACE' ) );
#3946 = PRESENTATION_STYLE_ASSIGNMENT (( #2594 ) ) ;
#3947 = STYLED_ITEM ( 'NONE', ( #438 ), #121 ) ;
#3948 = LINE ( 'NONE', #2259, #2658 ) ;
#3949 = ADVANCED_FACE ( 'NONE', ( #2775 ), #2131, .T. ) ;
#3950 = CARTESIAN_POINT ( 'NONE',  ( -0.4085786437628452505, -0.2999999999999999889, 0.08000000000000000167 ) ) ;
#3951 = CIRCLE ( 'NONE', #2408, 0.2000000000000000389 ) ;
#3952 = SURFACE_STYLE_FILL_AREA ( #331 ) ;
#3953 = STYLED_ITEM ( 'NONE', ( #3643 ), #3403 ) ;
#3954 = EDGE_LOOP ( 'NONE', ( #823, #2124, #192, #3578 ) ) ;
#3955 = AXIS2_PLACEMENT_3D ( 'NONE', #67, #1397, #4131 ) ;
#3956 = DIRECTION ( 'NONE',  ( -1.000000000000000000, 0.0000000000000000000, 0.0000000000000000000 ) ) ;
#3957 = EDGE_CURVE ( 'NONE', #795, #2484, #1544, .T. ) ;
#3958 = DIRECTION ( 'NONE',  ( -0.0000000000000000000, -1.000000000000000000, -1.224646799146999945E-16 ) ) ;
#3959 = VERTEX_POINT ( 'NONE', #532 ) ;
#3960 = ORIENTED_EDGE ( 'NONE', *, *, #3913, .T. ) ;
#3961 = SURFACE_STYLE_USAGE ( .BOTH. , #2572 ) ;
#3962 = CARTESIAN_POINT ( 'NONE',  ( -0.2999999999999999889, 0.2999999999999999889, 0.1250000000000000000 ) ) ;
#3963 = ORIENTED_EDGE ( 'NONE', *, *, #3584, .F. ) ;
#3964 = DIRECTION ( 'NONE',  ( 5.421010862427522170E-15, 1.000000000000000000, 1.224646799146999945E-16 ) ) ;
#3965 = CARTESIAN_POINT ( 'NONE',  ( 0.3000000000000000444, 0.2950000000000000400, 0.0000000000000000000 ) ) ;
#3966 = DIRECTION ( 'NONE',  ( 0.0000000000000000000, 1.000000000000000000, 1.224646799146999945E-16 ) ) ;
#3967 = ORIENTED_EDGE ( 'NONE', *, *, #3369, .T. ) ;
#3968 = CARTESIAN_POINT ( 'NONE',  ( 0.3563508326898146561, 0.2999999999999999889, 0.02000000000000000389 ) ) ;
#3969 = UNCERTAINTY_MEASURE_WITH_UNIT (LENGTH_MEASURE( 1.000000000000000082E-05 ), #706, 'distance_accuracy_value', 'NONE');
#3970 = PLANE ( 'NONE',  #33 ) ;
#3971 = DIRECTION ( 'NONE',  ( 0.0000000000000000000, 1.000000000000000000, 1.224646799146999945E-16 ) ) ;
#3972 = EDGE_CURVE ( 'NONE', #3065, #3626, #3138, .T. ) ;
#3973 = CYLINDRICAL_SURFACE ( 'NONE', #2891, 0.2000000000000000111 ) ;
#3974 = UNCERTAINTY_MEASURE_WITH_UNIT (LENGTH_MEASURE( 1.000000000000000082E-05 ), #2306, 'distance_accuracy_value', 'NONE');
#3975 = EDGE_CURVE ( 'NONE', #1376, #4198, #670, .T. ) ;
#3976 = ORIENTED_EDGE ( 'NONE', *, *, #128, .F. ) ;
#3977 = DIRECTION ( 'NONE',  ( 0.0000000000000000000, 1.000000000000000000, 1.185846126156020475E-16 ) ) ;
#3978 =( NAMED_UNIT ( * ) PLANE_ANGLE_UNIT ( ) SI_UNIT ( $, .RADIAN. ) );
#3979 = DIRECTION ( 'NONE',  ( -0.0000000000000000000, 1.224646799146999945E-16, 1.000000000000000000 ) ) ;
#3980 = ORIENTED_EDGE ( 'NONE', *, *, #213, .F. ) ;
#3981 = PRESENTATION_STYLE_ASSIGNMENT (( #2650 ) ) ;
#3982 = PRESENTATION_LAYER_ASSIGNMENT (  '', '', ( #1559 ) ) ;
#3983 = DIRECTION ( 'NONE',  ( 0.0000000000000000000, 0.0000000000000000000, -1.000000000000000000 ) ) ;
#3984 = CARTESIAN_POINT ( 'NONE',  ( 0.4749999999999319766, 0.1645950378226359312, 0.07999999999999998779 ) ) ;
#3985 = DIRECTION ( 'NONE',  ( -0.0000000000000000000, 1.000000000000000000, 0.0000000000000000000 ) ) ;
#3986 = PRESENTATION_STYLE_ASSIGNMENT (( #1339 ) ) ;
#3987 = EDGE_LOOP ( 'NONE', ( #219, #139, #3695, #1590, #2477, #720, #125, #1693 ) ) ;
#3988 = ORIENTED_EDGE ( 'NONE', *, *, #3001, .T. ) ;
#3989 = CARTESIAN_POINT ( 'NONE',  ( 0.5000000000000000000, -0.2085786437630000045, 0.0000000000000000000 ) ) ;
#3990 = SURFACE_STYLE_USAGE ( .BOTH. , #1606 ) ;
#3991 = PRODUCT_DEFINITION ( 'UNKNOWN', '', #6, #3412 ) ;
#3992 = VECTOR ( 'NONE', #4050, 1000.000000000000000 ) ;
#3993 = PRESENTATION_LAYER_ASSIGNMENT (  '', '', ( #1506 ) ) ;
#3994 = ORIENTED_EDGE ( 'NONE', *, *, #604, .T. ) ;
#3995 = LINE ( 'NONE', #1029, #3462 ) ;
#3996 =( NAMED_UNIT ( * ) SI_UNIT ( $, .STERADIAN. ) SOLID_ANGLE_UNIT ( ) );
#3997 = STYLED_ITEM ( 'NONE', ( #2002 ), #1596 ) ;
#3998 = EDGE_CURVE ( 'NONE', #3156, #372, #2154, .T. ) ;
#3999 = DIRECTION ( 'NONE',  ( -0.0000000000000000000, -0.0000000000000000000, -1.000000000000000000 ) ) ;
#4000 = PRESENTATION_LAYER_ASSIGNMENT (  '', '', ( #1098 ) ) ;
#4001 = DIRECTION ( 'NONE',  ( 0.0000000000000000000, 0.0000000000000000000, 1.000000000000000000 ) ) ;
#4002 = MECHANICAL_DESIGN_GEOMETRIC_PRESENTATION_REPRESENTATION (  '', ( #114 ), #2200 ) ;
#4003 = ORIENTED_EDGE ( 'NONE', *, *, #3265, .F. ) ;
#4004 = FILL_AREA_STYLE_COLOUR ( '', #1284 ) ;
#4005 = AXIS2_PLACEMENT_3D ( 'NONE', #841, #2503, #3487 ) ;
#4006 =( NAMED_UNIT ( * ) SI_UNIT ( $, .STERADIAN. ) SOLID_ANGLE_UNIT ( ) );
#4007 = SURFACE_STYLE_FILL_AREA ( #2265 ) ;
#4008 =( NAMED_UNIT ( * ) SI_UNIT ( $, .STERADIAN. ) SOLID_ANGLE_UNIT ( ) );
#4009 = ORIENTED_EDGE ( 'NONE', *, *, #3348, .F. ) ;
#4010 = DIRECTION ( 'NONE',  ( 0.0000000000000000000, 0.0000000000000000000, -1.000000000000000000 ) ) ;
#4011 = AXIS2_PLACEMENT_3D ( 'NONE', #3022, #3387, #4105 ) ;
#4012 =( NAMED_UNIT ( * ) PLANE_ANGLE_UNIT ( ) SI_UNIT ( $, .RADIAN. ) );
#4013 = LINE ( 'NONE', #4081, #183 ) ;
#4014 = PRODUCT_DEFINITION_SHAPE ( 'NONE', 'NONE',  #3231 ) ;
#4015 = CARTESIAN_POINT ( 'NONE',  ( -0.05000000000000000278, 0.1499999999999999944, -0.01000000000000000021 ) ) ;
#4016 = FILL_AREA_STYLE_COLOUR ( '', #1990 ) ;
#4017 = ORIENTED_EDGE ( 'NONE', *, *, #1662, .F. ) ;
#4018 = COLOUR_RGB ( '',0.0000000000000000000, 1.000000000000000000, 0.0000000000000000000 ) ;
#4019 = ORIENTED_EDGE ( 'NONE', *, *, #3768, .T. ) ;
#4020 =( LENGTH_UNIT ( ) NAMED_UNIT ( * ) SI_UNIT ( .MILLI., .METRE. ) );
#4021 = UNCERTAINTY_MEASURE_WITH_UNIT (LENGTH_MEASURE( 1.000000000000000082E-05 ), #4042, 'distance_accuracy_value', 'NONE');
#4022 = DIRECTION ( 'NONE',  ( 0.0000000000000000000, 0.0000000000000000000, -1.000000000000000000 ) ) ;
#4023 = ORIENTED_EDGE ( 'NONE', *, *, #333, .F. ) ;
#4024 = DIRECTION ( 'NONE',  ( 0.0000000000000000000, 1.224646799146999945E-16, -1.000000000000000000 ) ) ;
#4025 = FILL_AREA_STYLE_COLOUR ( '', #2670 ) ;
#4026 = SURFACE_STYLE_FILL_AREA ( #2693 ) ;
#4027 = ORIENTED_EDGE ( 'NONE', *, *, #914, .T. ) ;
#4028 = FACE_OUTER_BOUND ( 'NONE', #2777, .T. ) ;
#4029 = EDGE_CURVE ( 'NONE', #402, #1376, #2491, .T. ) ;
#4030 = CARTESIAN_POINT ( 'NONE',  ( -0.5000000000000000000, -0.1563508326898145895, 0.08000000000000001554 ) ) ;
#4031 = ORIENTED_EDGE ( 'NONE', *, *, #1830, .F. ) ;
#4032 = EDGE_CURVE ( 'NONE', #3485, #1681, #3244, .T. ) ;
#4033 = CARTESIAN_POINT ( 'NONE',  ( -0.4749999999999319766, 0.1645950378226359589, 0.07999999999999998779 ) ) ;
#4034 = FILL_AREA_STYLE_COLOUR ( '', #2593 ) ;
#4035 = DIRECTION ( 'NONE',  ( 1.000000000000000000, 0.0000000000000000000, 0.0000000000000000000 ) ) ;
#4036 = DIRECTION ( 'NONE',  ( -0.0000000000000000000, 1.224646799146999945E-16, 1.000000000000000000 ) ) ;
#4037 = ORIENTED_EDGE ( 'NONE', *, *, #213, .T. ) ;
#4038 = CYLINDRICAL_SURFACE ( 'NONE', #1027, 0.005000000000000013115 ) ;
#4039 = LINE ( 'NONE', #414, #963 ) ;
#4040 = EDGE_LOOP ( 'NONE', ( #651, #2508, #2188, #1583 ) ) ;
#4041 = DIRECTION ( 'NONE',  ( -1.000000000000000000, -9.274621392321998436E-15, 1.135813540141000073E-30 ) ) ;
#4042 =( LENGTH_UNIT ( ) NAMED_UNIT ( * ) SI_UNIT ( .MILLI., .METRE. ) );
#4043 = LINE ( 'NONE', #1072, #2457 ) ;
#4044 = ORIENTED_EDGE ( 'NONE', *, *, #884, .F. ) ;
#4045 = CARTESIAN_POINT ( 'NONE',  ( -0.5000000000000000000, -0.2999999999999999889, 0.08000000000000000167 ) ) ;
#4046 = PLANE ( 'NONE',  #603 ) ;
#4047 = SURFACE_SIDE_STYLE ('',( #2716 ) ) ;
#4048 = VERTEX_POINT ( 'NONE', #204 ) ;
#4049 = CARTESIAN_POINT ( 'NONE',  ( 0.5000000000000000000, 0.2999999999999999889, 0.02000000000000000042 ) ) ;
#4050 = DIRECTION ( 'NONE',  ( 0.0000000000000000000, -0.0000000000000000000, -1.000000000000000000 ) ) ;
#4051 = SURFACE_SIDE_STYLE ('',( #432 ) ) ;
#4052 = EDGE_CURVE ( 'NONE', #1386, #3799, #4206, .T. ) ;
#4053 =( GEOMETRIC_REPRESENTATION_CONTEXT ( 3 ) GLOBAL_UNCERTAINTY_ASSIGNED_CONTEXT ( ( #465 ) ) GLOBAL_UNIT_ASSIGNED_CONTEXT ( ( #1315, #3978, #4247 ) ) REPRESENTATION_CONTEXT ( 'NONE', 'WORKASPACE' ) );
#4054 = VERTEX_POINT ( 'NONE', #3206 ) ;
#4055 = DIRECTION ( 'NONE',  ( 0.0000000000000000000, 0.0000000000000000000, -1.000000000000000000 ) ) ;
#4056 = COLOUR_RGB ( '',0.0000000000000000000, 1.000000000000000000, 0.0000000000000000000 ) ;
#4057 =( LENGTH_UNIT ( ) NAMED_UNIT ( * ) SI_UNIT ( .MILLI., .METRE. ) );
#4058 = UNCERTAINTY_MEASURE_WITH_UNIT (LENGTH_MEASURE( 1.000000000000000082E-05 ), #1934, 'distance_accuracy_value', 'NONE');
#4059 = SURFACE_SIDE_STYLE ('',( #3465 ) ) ;
#4060 = EDGE_CURVE ( 'NONE', #885, #1823, #2863, .T. ) ;
#4061 = ORIENTED_EDGE ( 'NONE', *, *, #4093, .T. ) ;
#4062 = DIRECTION ( 'NONE',  ( 0.0000000000000000000, 1.000000000000000000, -1.185846126156020475E-16 ) ) ;
#4063 = LINE ( 'NONE', #389, #2896 ) ;
#4064 = UNCERTAINTY_MEASURE_WITH_UNIT (LENGTH_MEASURE( 1.000000000000000082E-05 ), #2071, 'distance_accuracy_value', 'NONE');
#4065 = PRESENTATION_LAYER_ASSIGNMENT (  '', '', ( #4213 ) ) ;
#4066 = CARTESIAN_POINT ( 'NONE',  ( -0.3152661081140000210, 0.2999999999999999889, 0.0000000000000000000 ) ) ;
#4067 = FILL_AREA_STYLE_COLOUR ( '', #38 ) ;
#4068 = ORIENTED_EDGE ( 'NONE', *, *, #2271, .F. ) ;
#4069 =( NAMED_UNIT ( * ) SI_UNIT ( $, .STERADIAN. ) SOLID_ANGLE_UNIT ( ) );
#4070 =( GEOMETRIC_REPRESENTATION_CONTEXT ( 3 ) GLOBAL_UNCERTAINTY_ASSIGNED_CONTEXT ( ( #774 ) ) GLOBAL_UNIT_ASSIGNED_CONTEXT ( ( #597, #1102, #371 ) ) REPRESENTATION_CONTEXT ( 'NONE', 'WORKASPACE' ) );
#4071 = VECTOR ( 'NONE', #2758, 1000.000000000000000 ) ;
#4072 = COLOUR_RGB ( '',0.7803921568627451011, 0.5686274509803921351, 0.1137254901960784298 ) ;
#4073 = LINE ( 'NONE', #2715, #3178 ) ;
#4074 = VECTOR ( 'NONE', #3407, 1000.000000000000000 ) ;
#4075 = FACE_OUTER_BOUND ( 'NONE', #2456, .T. ) ;
#4076 = VECTOR ( 'NONE', #3184, 1000.000000000000000 ) ;
#4077 = VERTEX_POINT ( 'NONE', #797 ) ;
#4078 = CARTESIAN_POINT ( 'NONE',  ( -0.4949999999999611933, -0.1577111547697170046, 0.06000000000000001860 ) ) ;
#4079 = STYLED_ITEM ( 'NONE', ( #2840 ), #1120 ) ;
#4080 = CARTESIAN_POINT ( 'NONE',  ( 0.5500000000000000444, -0.3499999999999999778, 0.02000000000000000042 ) ) ;
#4081 = CARTESIAN_POINT ( 'NONE',  ( -0.05000000000000000278, 0.1499999999999999944, -0.01000000000000000021 ) ) ;
#4082 = MECHANICAL_DESIGN_GEOMETRIC_PRESENTATION_REPRESENTATION (  '', ( #3463 ), #3884 ) ;
#4083 =( GEOMETRIC_REPRESENTATION_CONTEXT ( 3 ) GLOBAL_UNCERTAINTY_ASSIGNED_CONTEXT ( ( #668 ) ) GLOBAL_UNIT_ASSIGNED_CONTEXT ( ( #193, #1871, #1459 ) ) REPRESENTATION_CONTEXT ( 'NONE', 'WORKASPACE' ) );
#4084 = DIRECTION ( 'NONE',  ( -0.0000000000000000000, -0.0000000000000000000, -1.000000000000000000 ) ) ;
#4085 = ORIENTED_EDGE ( 'NONE', *, *, #3189, .F. ) ;
#4086 = ORIENTED_EDGE ( 'NONE', *, *, #1304, .T. ) ;
#4087 = COLOUR_RGB ( '',0.0000000000000000000, 1.000000000000000000, 0.0000000000000000000 ) ;
#4088 = CARTESIAN_POINT ( 'NONE',  ( 0.5000000000000000000, -0.2999999999999999889, 0.0000000000000000000 ) ) ;
#4089 = EDGE_CURVE ( 'NONE', #3799, #3416, #2260, .T. ) ;
#4090 = DIRECTION ( 'NONE',  ( -0.0000000000000000000, -0.0000000000000000000, -1.000000000000000000 ) ) ;
#4091 = ORIENTED_EDGE ( 'NONE', *, *, #17, .T. ) ;
#4092 = PLANE ( 'NONE',  #1656 ) ;
#4093 = EDGE_CURVE ( 'NONE', #3307, #1114, #1003, .T. ) ;
#4094 = CIRCLE ( 'NONE', #3546, 0.005000000000000013115 ) ;
#4095 = DIRECTION ( 'NONE',  ( 0.0000000000000000000, 1.000000000000000000, 1.185846126156020228E-16 ) ) ;
#4096 = AXIS2_PLACEMENT_3D ( 'NONE', #852, #1546, #3140 ) ;
#4097 = CARTESIAN_POINT ( 'NONE',  ( 0.5000000000000000000, -0.2599999999999999534, 0.0000000000000000000 ) ) ;
#4098 = MECHANICAL_DESIGN_GEOMETRIC_PRESENTATION_REPRESENTATION (  '', ( #2622 ), #2696 ) ;
#4099 = ORIENTED_EDGE ( 'NONE', *, *, #3570, .F. ) ;
#4100 = DIRECTION ( 'NONE',  ( 0.0000000000000000000, 0.0000000000000000000, -1.000000000000000000 ) ) ;
#4101 = VECTOR ( 'NONE', #3985, 1000.000000000000000 ) ;
#4102 = CARTESIAN_POINT ( 'NONE',  ( -0.05000000000000000278, -0.2999999999999999889, 0.0000000000000000000 ) ) ;
#4103 = SURFACE_SIDE_STYLE ('',( #1451 ) ) ;
#4104 =( NAMED_UNIT ( * ) SI_UNIT ( $, .STERADIAN. ) SOLID_ANGLE_UNIT ( ) );
#4105 = DIRECTION ( 'NONE',  ( -1.000000000000000000, 0.0000000000000000000, 0.0000000000000000000 ) ) ;
#4106 = UNCERTAINTY_MEASURE_WITH_UNIT (LENGTH_MEASURE( 1.000000000000000082E-05 ), #2268, 'distance_accuracy_value', 'NONE');
#4107 = ORIENTED_EDGE ( 'NONE', *, *, #1670, .F. ) ;
#4108 = ORIENTED_EDGE ( 'NONE', *, *, #615, .F. ) ;
#4109 = CARTESIAN_POINT ( 'NONE',  ( -0.5000000000000000000, 0.2999999999999999889, 0.08000000000000000167 ) ) ;
#4110 = DIRECTION ( 'NONE',  ( -1.000000000000000000, 0.0000000000000000000, 0.0000000000000000000 ) ) ;
#4111 = UNCERTAINTY_MEASURE_WITH_UNIT (LENGTH_MEASURE( 1.000000000000000082E-05 ), #2713, 'distance_accuracy_value', 'NONE');
#4112 = EDGE_CURVE ( 'NONE', #885, #1341, #4152, .T. ) ;
#4113 = VERTEX_POINT ( 'NONE', #3666 ) ;
#4114 = DIRECTION ( 'NONE',  ( 0.0000000000000000000, 1.000000000000000000, 1.224646799146999699E-16 ) ) ;
#4115 = CARTESIAN_POINT ( 'NONE',  ( 0.2999999999999999889, -0.2950000000000000955, 0.0000000000000000000 ) ) ;
#4116 = EDGE_CURVE ( 'NONE', #290, #3139, #2351, .T. ) ;
#4117 = DIRECTION ( 'NONE',  ( 1.000000000000000000, 0.0000000000000000000, 0.0000000000000000000 ) ) ;
#4118 = ORIENTED_EDGE ( 'NONE', *, *, #300, .T. ) ;
#4119 = CARTESIAN_POINT ( 'NONE',  ( 0.4749999999999999778, -0.1645950378228042132, 2.143131898505366746E-17 ) ) ;
#4120 = PRESENTATION_STYLE_ASSIGNMENT (( #1384 ) ) ;
#4121 = ORIENTED_EDGE ( 'NONE', *, *, #2342, .T. ) ;
#4122 = CARTESIAN_POINT ( 'NONE',  ( 0.5000000000000000000, 0.2999999999999999889, 0.0000000000000000000 ) ) ;
#4123 = SURFACE_STYLE_FILL_AREA ( #2870 ) ;
#4124 = CARTESIAN_POINT ( 'NONE',  ( 0.3275140453871118185, 0.2600000000000452505, 0.06000000000000001166 ) ) ;
#4125 = ORIENTED_EDGE ( 'NONE', *, *, #3096, .T. ) ;
#4126 = ORIENTED_EDGE ( 'NONE', *, *, #426, .F. ) ;
#4127 =( GEOMETRIC_REPRESENTATION_CONTEXT ( 3 ) GLOBAL_UNCERTAINTY_ASSIGNED_CONTEXT ( ( #1462 ) ) GLOBAL_UNIT_ASSIGNED_CONTEXT ( ( #1958, #2577, #3294 ) ) REPRESENTATION_CONTEXT ( 'NONE', 'WORKASPACE' ) );
#4128 = ORIENTED_EDGE ( 'NONE', *, *, #3210, .T. ) ;
#4129 = CARTESIAN_POINT ( 'NONE',  ( -0.05000000000000000278, 0.2999999999999999889, 0.0000000000000000000 ) ) ;
#4130 = LINE ( 'NONE', #3399, #270 ) ;
#4131 = DIRECTION ( 'NONE',  ( 1.000000000000000000, 0.0000000000000000000, 0.0000000000000000000 ) ) ;
#4132 = STYLED_ITEM ( 'NONE', ( #1972 ), #2576 ) ;
#4133 = FILL_AREA_STYLE_COLOUR ( '', #2486 ) ;
#4134 = DIRECTION ( 'NONE',  ( 0.0000000000000000000, 0.0000000000000000000, 1.000000000000000000 ) ) ;
#4135 = ORIENTED_EDGE ( 'NONE', *, *, #4297, .F. ) ;
#4136 = PRESENTATION_STYLE_ASSIGNMENT (( #4209 ) ) ;
#4137 = ADVANCED_FACE ( 'NONE', ( #2654 ), #2635, .F. ) ;
#4138 =( NAMED_UNIT ( * ) SI_UNIT ( $, .STERADIAN. ) SOLID_ANGLE_UNIT ( ) );
#4139 =( GEOMETRIC_REPRESENTATION_CONTEXT ( 3 ) GLOBAL_UNCERTAINTY_ASSIGNED_CONTEXT ( ( #4058 ) ) GLOBAL_UNIT_ASSIGNED_CONTEXT ( ( #1934, #1989, #3279 ) ) REPRESENTATION_CONTEXT ( 'NONE', 'WORKASPACE' ) );
#4140 = APPLICATION_PROTOCOL_DEFINITION ( 'draft international standard', 'automotive_design', 1998, #883 ) ;
#4141 = CIRCLE ( 'NONE', #2255, 0.1499999999999999667 ) ;
#4142 = LINE ( 'NONE', #1195, #1836 ) ;
#4143 = ORIENTED_EDGE ( 'NONE', *, *, #1951, .T. ) ;
#4144 = FILL_AREA_STYLE_COLOUR ( '', #4072 ) ;
#4145 = AXIS2_PLACEMENT_3D ( 'NONE', #3126, #3431, #802 ) ;
#4146 = ADVANCED_FACE ( 'NONE', ( #1303 ), #2328, .F. ) ;
#4147 = FILL_AREA_STYLE ('',( #2782 ) ) ;
#4148 = STYLED_ITEM ( 'NONE', ( #4150 ), #1483 ) ;
#4149 = PRESENTATION_LAYER_ASSIGNMENT (  '', '', ( #1709 ) ) ;
#4150 = PRESENTATION_STYLE_ASSIGNMENT (( #2545 ) ) ;
#4151 = AXIS2_PLACEMENT_3D ( 'NONE', #3742, #3424, #3471 ) ;
#4152 = CIRCLE ( 'NONE', #2674, 0.2400000000000000466 ) ;
#4153 = ORIENTED_EDGE ( 'NONE', *, *, #3238, .F. ) ;
#4154 = CIRCLE ( 'NONE', #317, 0.005000000000000013115 ) ;
#4155 = ORIENTED_EDGE ( 'NONE', *, *, #1058, .T. ) ;
#4156 = FILL_AREA_STYLE_COLOUR ( '', #613 ) ;
#4157 = PRESENTATION_LAYER_ASSIGNMENT (  '', '', ( #1926 ) ) ;
#4158 = DIRECTION ( 'NONE',  ( -0.0000000000000000000, -0.0000000000000000000, -1.000000000000000000 ) ) ;
#4159 = CIRCLE ( 'NONE', #2471, 0.1700000000000000122 ) ;
#4160 = UNCERTAINTY_MEASURE_WITH_UNIT (LENGTH_MEASURE( 1.000000000000000082E-05 ), #3071, 'distance_accuracy_value', 'NONE');
#4161 = SURFACE_STYLE_USAGE ( .BOTH. , #218 ) ;
#4162 = PRESENTATION_LAYER_ASSIGNMENT (  '', '', ( #3947 ) ) ;
#4163 = EDGE_LOOP ( 'NONE', ( #1831, #4252, #2681, #1180, #3426, #341, #2699, #4172, #3980, #1054, #652, #1501 ) ) ;
#4164 = FACE_OUTER_BOUND ( 'NONE', #3278, .T. ) ;
#4165 =( NAMED_UNIT ( * ) PLANE_ANGLE_UNIT ( ) SI_UNIT ( $, .RADIAN. ) );
#4166 = UNCERTAINTY_MEASURE_WITH_UNIT (LENGTH_MEASURE( 1.000000000000000082E-05 ), #750, 'distance_accuracy_value', 'NONE');
#4167 = VECTOR ( 'NONE', #265, 1000.000000000000000 ) ;
#4168 = LINE ( 'NONE', #913, #4076 ) ;
#4169 = VECTOR ( 'NONE', #2678, 1000.000000000000000 ) ;
#4170 = DIRECTION ( 'NONE',  ( 0.0000000000000000000, 1.000000000000000000, 1.224646799146999945E-16 ) ) ;
#4171 = COLOUR_RGB ( '',0.0000000000000000000, 1.000000000000000000, 0.0000000000000000000 ) ;
#4172 = ORIENTED_EDGE ( 'NONE', *, *, #1808, .F. ) ;
#4173 = VECTOR ( 'NONE', #2544, 1000.000000000000000 ) ;
#4174 = PRESENTATION_LAYER_ASSIGNMENT (  '', '', ( #3607 ) ) ;
#4175 = DIRECTION ( 'NONE',  ( 0.0000000000000000000, 1.224646799146999945E-16, -1.000000000000000000 ) ) ;
#4176 = PRODUCT_CONTEXT ( 'NONE', #1455, 'mechanical' ) ;
#4177 = EDGE_CURVE ( 'NONE', #2518, #2968, #1708, .T. ) ;
#4178 = STYLED_ITEM ( 'NONE', ( #3240 ), #2088 ) ;
#4179 =( NAMED_UNIT ( * ) PLANE_ANGLE_UNIT ( ) SI_UNIT ( $, .RADIAN. ) );
#4180 = FACE_OUTER_BOUND ( 'NONE', #1618, .T. ) ;
#4181 = SURFACE_STYLE_FILL_AREA ( #1537 ) ;
#4182 = EDGE_CURVE ( 'NONE', #1875, #2770, #575, .T. ) ;
#4183 = ORIENTED_EDGE ( 'NONE', *, *, #776, .T. ) ;
#4184 = CARTESIAN_POINT ( 'NONE',  ( -0.2000000000000000111, -0.2600000000000000089, -3.184081677782999738E-17 ) ) ;
#4185 = CARTESIAN_POINT ( 'NONE',  ( 0.4085786437627077494, -0.2999999999999513611, 0.0000000000000000000 ) ) ;
#4186 = ORIENTED_EDGE ( 'NONE', *, *, #1344, .T. ) ;
#4187 = SURFACE_SIDE_STYLE ('',( #3222 ) ) ;
#4188 = FILL_AREA_STYLE_COLOUR ( '', #2275 ) ;
#4189 = EDGE_LOOP ( 'NONE', ( #504, #1803, #1271, #3711 ) ) ;
#4190 = DIRECTION ( 'NONE',  ( -9.274621392321998436E-15, -1.000000000000000000, -0.0000000000000000000 ) ) ;
#4191 = AXIS2_PLACEMENT_3D ( 'NONE', #2873, #2183, #1494 ) ;
#4192 = DIRECTION ( 'NONE',  ( 0.0000000000000000000, -1.224646799146999945E-16, -1.000000000000000000 ) ) ;
#4193 = CARTESIAN_POINT ( 'NONE',  ( 0.0000000000000000000, 0.0000000000000000000, 0.01000000000000000021 ) ) ;
#4194 = PLANE ( 'NONE',  #1310 ) ;
#4195 = CARTESIAN_POINT ( 'NONE',  ( 0.4085786437628452505, 0.2999999999999999889, 0.0000000000000000000 ) ) ;
#4196 = PLANE ( 'NONE',  #3380 ) ;
#4197 = FACE_OUTER_BOUND ( 'NONE', #2360, .T. ) ;
#4198 = VERTEX_POINT ( 'NONE', #2941 ) ;
#4199 = FILL_AREA_STYLE ('',( #4156 ) ) ;
#4200 = DIRECTION ( 'NONE',  ( -0.0000000000000000000, 0.0000000000000000000, 1.000000000000000000 ) ) ;
#4201 = ADVANCED_FACE ( 'NONE', ( #2116 ), #766, .F. ) ;
#4202 = ORIENTED_EDGE ( 'NONE', *, *, #3423, .T. ) ;
#4203 =( NAMED_UNIT ( * ) PLANE_ANGLE_UNIT ( ) SI_UNIT ( $, .RADIAN. ) );
#4204 =( NAMED_UNIT ( * ) SI_UNIT ( $, .STERADIAN. ) SOLID_ANGLE_UNIT ( ) );
#4205 = CARTESIAN_POINT ( 'NONE',  ( 0.4949999999999999956, -0.1891429205790000068, 0.02000000000000000042 ) ) ;
#4206 = LINE ( 'NONE', #2193, #3018 ) ;
#4207 =( REPRESENTATION_RELATIONSHIP ('NONE','NONE', #3758, #1819 ) REPRESENTATION_RELATIONSHIP_WITH_TRANSFORMATION ( #2313 )SHAPE_REPRESENTATION_RELATIONSHIP( ) );
#4208 = ORIENTED_EDGE ( 'NONE', *, *, #864, .T. ) ;
#4209 = SURFACE_STYLE_USAGE ( .BOTH. , #2175 ) ;
#4210 = PLANE ( 'NONE',  #1363 ) ;
#4211 = DIRECTION ( 'NONE',  ( 0.0000000000000000000, -1.000000000000000000, -0.0000000000000000000 ) ) ;
#4212 = CARTESIAN_POINT ( 'NONE',  ( -0.4949999999999611933, -0.1577111547697170046, 0.02000000000000002470 ) ) ;
#4213 = STYLED_ITEM ( 'NONE', ( #669 ), #1250 ) ;
#4214 = CARTESIAN_POINT ( 'NONE',  ( 0.5500000000000000444, 0.3499999999999999778, 0.02000000000000001082 ) ) ;
#4215 = PRESENTATION_LAYER_ASSIGNMENT (  '', '', ( #3592 ) ) ;
#4216 = PRESENTATION_STYLE_ASSIGNMENT (( #1868 ) ) ;
#4217 = EDGE_LOOP ( 'NONE', ( #1597, #3055, #2956, #320 ) ) ;
#4218 = STYLED_ITEM ( 'NONE', ( #2895 ), #1532 ) ;
#4219 = COLOUR_RGB ( '',0.7803921568627451011, 0.5686274509803921351, 0.1137254901960784298 ) ;
#4220 = CARTESIAN_POINT ( 'NONE',  ( 0.5500000000000000444, -0.3499999999999999778, 0.02000000000000000042 ) ) ;
#4221 =( NAMED_UNIT ( * ) SI_UNIT ( $, .STERADIAN. ) SOLID_ANGLE_UNIT ( ) );
#4222 = MECHANICAL_DESIGN_GEOMETRIC_PRESENTATION_REPRESENTATION (  '', ( #1789 ), #3313 ) ;
#4223 = ADVANCED_FACE ( 'NONE', ( #1133 ), #807, .T. ) ;
#4224 =( GEOMETRIC_REPRESENTATION_CONTEXT ( 3 ) GLOBAL_UNCERTAINTY_ASSIGNED_CONTEXT ( ( #4160 ) ) GLOBAL_UNIT_ASSIGNED_CONTEXT ( ( #3071, #3725, #1080 ) ) REPRESENTATION_CONTEXT ( 'NONE', 'WORKASPACE' ) );
#4225 = CARTESIAN_POINT ( 'NONE',  ( 0.5000000000000000000, 0.2999999999999999889, 0.0000000000000000000 ) ) ;
#4226 = DIRECTION ( 'NONE',  ( 0.0000000000000000000, -1.224646799146999945E-16, -1.000000000000000000 ) ) ;
#4227 = PRESENTATION_LAYER_ASSIGNMENT (  '', '', ( #682 ) ) ;
#4228 = EDGE_CURVE ( 'NONE', #3569, #3286, #502, .T. ) ;
#4229 = ORIENTED_EDGE ( 'NONE', *, *, #2797, .F. ) ;
#4230 =( NAMED_UNIT ( * ) PLANE_ANGLE_UNIT ( ) SI_UNIT ( $, .RADIAN. ) );
#4231 = CARTESIAN_POINT ( 'NONE',  ( 0.5500000000000000444, 0.3499999999999999778, -4.286263797015999754E-17 ) ) ;
#4232 = AXIS2_PLACEMENT_3D ( 'NONE', #3786, #1470, #3121 ) ;
#4233 = DIRECTION ( 'NONE',  ( 0.0000000000000000000, 0.0000000000000000000, 1.000000000000000000 ) ) ;
#4234 = FILL_AREA_STYLE ('',( #2893 ) ) ;
#4235 = FACE_OUTER_BOUND ( 'NONE', #2746, .T. ) ;
#4236 = CARTESIAN_POINT ( 'NONE',  ( -0.4085786437628452505, -0.2999999999999999889, 0.0000000000000000000 ) ) ;
#4237 = DIRECTION ( 'NONE',  ( -1.000000000000000000, 0.0000000000000000000, 0.0000000000000000000 ) ) ;
#4238 = AXIS2_PLACEMENT_3D ( 'NONE', #2898, #583, #4237 ) ;
#4239 = ORIENTED_EDGE ( 'NONE', *, *, #1773, .T. ) ;
#4240 =( NAMED_UNIT ( * ) SI_UNIT ( $, .STERADIAN. ) SOLID_ANGLE_UNIT ( ) );
#4241 = ORIENTED_EDGE ( 'NONE', *, *, #3584, .T. ) ;
#4242 = LINE ( 'NONE', #2944, #3480 ) ;
#4243 = EDGE_CURVE ( 'NONE', #1779, #3207, #1110, .T. ) ;
#4244 = ORIENTED_EDGE ( 'NONE', *, *, #1694, .F. ) ;
#4245 = DIRECTION ( 'NONE',  ( -0.0000000000000000000, -1.000000000000000000, -1.224646799146999945E-16 ) ) ;
#4246 = EDGE_CURVE ( 'NONE', #1961, #1079, #2397, .T. ) ;
#4247 =( NAMED_UNIT ( * ) SI_UNIT ( $, .STERADIAN. ) SOLID_ANGLE_UNIT ( ) );
#4248 = PRESENTATION_LAYER_ASSIGNMENT (  '', '', ( #1270 ) ) ;
#4249 = SURFACE_SIDE_STYLE ('',( #1011 ) ) ;
#4250 =( NAMED_UNIT ( * ) PLANE_ANGLE_UNIT ( ) SI_UNIT ( $, .RADIAN. ) );
#4251 = AXIS2_PLACEMENT_3D ( 'NONE', #1014, #2673, #3864 ) ;
#4252 = ORIENTED_EDGE ( 'NONE', *, *, #1081, .T. ) ;
#4253 =( NAMED_UNIT ( * ) PLANE_ANGLE_UNIT ( ) SI_UNIT ( $, .RADIAN. ) );
#4254 =( LENGTH_UNIT ( ) NAMED_UNIT ( * ) SI_UNIT ( .MILLI., .METRE. ) );
#4255 = VERTEX_POINT ( 'NONE', #1473 ) ;
#4256 =( NAMED_UNIT ( * ) PLANE_ANGLE_UNIT ( ) SI_UNIT ( $, .RADIAN. ) );
#4257 = FILL_AREA_STYLE ('',( #3353 ) ) ;
#4258 = SURFACE_SIDE_STYLE ('',( #3284 ) ) ;
#4259 = EDGE_LOOP ( 'NONE', ( #2079, #3475, #1201, #713, #2973, #87, #679, #1085, #1181, #1360, #275, #2606, #2356, #3376 ) ) ;
#4260 = EDGE_CURVE ( 'NONE', #927, #931, #148, .T. ) ;
#4261 = CARTESIAN_POINT ( 'NONE',  ( 0.4749999999999319211, -0.1645950378226359589, 0.06000000000000001860 ) ) ;
#4262 = DIRECTION ( 'NONE',  ( 0.0000000000000000000, 1.000000000000000000, -1.224646799146999699E-16 ) ) ;
#4263 = AXIS2_PLACEMENT_3D ( 'NONE', #104, #3081, #3061 ) ;
#4264 = EDGE_CURVE ( 'NONE', #4272, #2365, #3316, .T. ) ;
#4265 = DIRECTION ( 'NONE',  ( 0.0000000000000000000, 1.224646799146999945E-16, -1.000000000000000000 ) ) ;
#4266 = ORIENTED_EDGE ( 'NONE', *, *, #2347, .F. ) ;
#4267 = EDGE_CURVE ( 'NONE', #461, #2065, #3880, .T. ) ;
#4268 = FACE_OUTER_BOUND ( 'NONE', #3226, .T. ) ;
#4269 = LINE ( 'NONE', #357, #1119 ) ;
#4270 =( LENGTH_UNIT ( ) NAMED_UNIT ( * ) SI_UNIT ( .MILLI., .METRE. ) );
#4271 = MECHANICAL_DESIGN_GEOMETRIC_PRESENTATION_REPRESENTATION (  '', ( #3089 ), #1568 ) ;
#4272 = VERTEX_POINT ( 'NONE', #232 ) ;
#4273 = DIRECTION ( 'NONE',  ( -0.0000000000000000000, -0.0000000000000000000, 1.000000000000000000 ) ) ;
#4274 = CARTESIAN_POINT ( 'NONE',  ( -0.2999999999999999889, -0.2999999999999999889, 0.0000000000000000000 ) ) ;
#4275 = AXIS2_PLACEMENT_3D ( 'NONE', #3085, #4001, #2988 ) ;
#4276 = DIRECTION ( 'NONE',  ( -1.000000000000000000, -0.0000000000000000000, 0.0000000000000000000 ) ) ;
#4277 = CIRCLE ( 'NONE', #2394, 0.2000000000000000111 ) ;
#4278 = VECTOR ( 'NONE', #3752, 1000.000000000000000 ) ;
#4279 = ORIENTED_EDGE ( 'NONE', *, *, #2690, .T. ) ;
#4280 = PLANE ( 'NONE',  #3103 ) ;
#4281 = AXIS2_PLACEMENT_3D ( 'NONE', #2620, #2355, #2309 ) ;
#4282 =( NAMED_UNIT ( * ) SI_UNIT ( $, .STERADIAN. ) SOLID_ANGLE_UNIT ( ) );
#4283 = COLOUR_RGB ( '',0.7803921568627451011, 0.5686274509803921351, 0.1137254901960784298 ) ;
#4284 = SURFACE_SIDE_STYLE ('',( #2910 ) ) ;
#4285 = ORIENTED_EDGE ( 'NONE', *, *, #1773, .F. ) ;
#4286 = STYLED_ITEM ( 'NONE', ( #863 ), #237 ) ;
#4287 = FILL_AREA_STYLE ('',( #687 ) ) ;
#4288 = COLOUR_RGB ( '',0.7803921568627451011, 0.5686274509803921351, 0.1137254901960784298 ) ;
#4289 = ADVANCED_FACE ( 'NONE', ( #2163 ), #2854, .T. ) ;
#4290 = VECTOR ( 'NONE', #1626, 1000.000000000000000 ) ;
#4291 = ORIENTED_EDGE ( 'NONE', *, *, #2631, .F. ) ;
#4292 = COLOUR_RGB ( '',0.0000000000000000000, 1.000000000000000000, 0.0000000000000000000 ) ;
#4293 = COLOUR_RGB ( '',0.8274509803921568096, 0.8274509803921568096, 0.8274509803921568096 ) ;
#4294 = DIRECTION ( 'NONE',  ( -1.000000000000000000, 0.0000000000000000000, 0.0000000000000000000 ) ) ;
#4295 = DIRECTION ( 'NONE',  ( 1.000000000000000000, 0.0000000000000000000, 0.0000000000000000000 ) ) ;
#4296 = LINE ( 'NONE', #27, #2217 ) ;
#4297 = EDGE_CURVE ( 'NONE', #1805, #3218, #3551, .T. ) ;
#4298 =( NAMED_UNIT ( * ) SI_UNIT ( $, .STERADIAN. ) SOLID_ANGLE_UNIT ( ) );
#4299 =( GEOMETRIC_REPRESENTATION_CONTEXT ( 3 ) GLOBAL_UNCERTAINTY_ASSIGNED_CONTEXT ( ( #2753 ) ) GLOBAL_UNIT_ASSIGNED_CONTEXT ( ( #4254, #1281, #633 ) ) REPRESENTATION_CONTEXT ( 'NONE', 'WORKASPACE' ) );
#4300 = DIRECTION ( 'NONE',  ( 0.0000000000000000000, 1.000000000000000000, -1.185846126156020475E-16 ) ) ;
#4301 = NEXT_ASSEMBLY_USAGE_OCCURRENCE ( 'NAUO1', ' ', ' ', #1880, #3231, $ ) ;
#4302 = NEXT_ASSEMBLY_USAGE_OCCURRENCE ( 'NAUO2', ' ', ' ', #1880, #3991, $ ) ;
#4303 = NEXT_ASSEMBLY_USAGE_OCCURRENCE ( 'NAUO3', ' ', ' ', #1880, #526, $ ) ;
#4304 = NEXT_ASSEMBLY_USAGE_OCCURRENCE ( 'NAUO4', ' ', ' ', #1880, #1290, $ ) ;
#4305 = NEXT_ASSEMBLY_USAGE_OCCURRENCE ( 'NAUO5', ' ', ' ', #1880, #2821, $ ) ;
ENDSEC;
END-ISO-10303-21;
